Word,Similarity
task,0.9709
model,0.9760
due difficulty formula,0.9715
interface,0.9704
system,0.9731
model firstly,0.9720
preference,0.9754
preference metal,0.9734
feedback,0.9738
specifically framework,0.9719
using,0.9718
task,0.9732
transform,0.9777
training,0.9706
method,0.9793
generation,0.9730
highlighting,0.9733
en learning,0.9727
encoding,0.9757
combining,0.9738
overlapping,0.9730
model,0.9710
using principle,0.9714
interface,0.9765
problem,0.9702
paradigm,0.9754
system,0.9714
model firstly,0.9712
principle,0.9763
preference,0.9708
process,0.9719
preference metal,0.9726
framework,0.9755
feedback,0.9779
task adapted metal,0.9713
ability,0.9706
task,0.9709
rating cold,0.9705
rating cold sequential,0.9713
typically,0.9702
system,0.9731
recommendation field due,0.9734
based,0.9711
task adapted,0.9700
preference,0.9754
rating without,0.9725
majority task,0.9717
recommendation,0.9700
feedback,0.9738
favorite,0.9704
task,0.9732
training,0.9706
meta,0.9766
typically,0.9705
function metal,0.9719
application,0.9766
evenly,0.9715
approach,0.9710
application conform,0.9712
capture,0.9703
experiment,0.9701
problem,0.9702
sequential recommendation,0.9704
system,0.9714
based,0.9740
tackle,0.9713
multiple,0.9713
approach emerged,0.9710
preference,0.9708
process,0.9719
framework,0.9755
recommendation,0.9744
feedback,0.9779
fundamental,0.9742
limitation,0.9726
recommendation learning,0.9743
system learning,0.9838
specific,0.9720
pattern,0.9725
cooling,0.9704
season proposed methodology,0.9752
downs sensor,0.9720
model,0.9760
system,0.9731
characteristic,0.9725
using,0.9718
energy,0.9705
fact thermal,0.9734
additionally combining,0.9726
specific,0.9773
adjusting,0.9748
training,0.9706
heating,0.9708
demand,0.9708
pattern,0.9783
cooling,0.9752
significant,0.9708
accurately,0.9702
measurement,0.9807
customized,0.9778
footprint,0.9766
memory,0.9722
energy specific,0.9757
interval,0.9709
approach given anticipated,0.9701
significantly,0.9725
combining,0.9738
thermal,0.9758
approach,0.9710
model,0.9710
requires,0.9727
device,0.9735
prediction,0.9808
sensor maximize,0.9704
experiment,0.9701
minimal,0.9707
specifically use,0.9723
sensor,0.9742
system,0.9714
representative thermal,0.9704
additionally combining multi,0.9733
temperature,0.9732
multi,0.9774
model substantial,0.9780
energy sharing,0.9702
micro,0.9712
training ml model,0.9719
model cluster model,0.9781
control ml model,0.9755
learning model,0.9744
ml model,0.9747
cluster model,0.9776
representative thermal model,0.9722
task,0.9709
diagnostic task gearbox,0.9747
based system,0.9718
task gearbox,0.9712
knowledge based,0.9712
condition,0.9700
bearing data,0.9756
system,0.9731
based,0.9711
data utilizing,0.9723
thereby limiting application,0.9713
method combine,0.9751
practice,0.9713
diagnosis,0.9738
analysis,0.9723
task,0.9732
utilizing,0.9730
fault dia knowledge,0.9704
diagnostic task gearbox,0.9719
limiting,0.9755
labeled,0.9759
catastrophic,0.9715
training,0.9706
application deep,0.9710
method,0.9793
utilizing den,0.9702
diagnostic,0.9707
method cross,0.9739
fault diagnosis,0.9701
utilizing den residual,0.9712
application,0.9766
bearing data diagnosis,0.9715
shrink,0.9734
approach,0.9710
residual,0.9764
device,0.9735
deep learning fault,0.9706
fault cross,0.9725
system,0.9714
based,0.9740
system shrink,0.9761
data utilizing,0.9729
society however,0.9740
task,0.9709
bench using,0.9701
perspective,0.9721
system,0.9731
preference,0.9754
recommendation,0.9700
decision,0.9717
using,0.9718
implication,0.9732
mechanism,0.9777
task,0.9732
shifting,0.9711
method,0.9793
meta,0.9766
approach opt,0.9726
struggle,0.9716
mechanism unlike,0.9704
significant,0.9708
boundary,0.9711
focus,0.9740
application,0.9766
approach,0.9710
framework devi,0.9719
prediction,0.9808
bench using,0.9722
capture,0.9703
experiment,0.9701
perspective,0.9766
system,0.9714
facial,0.9740
predicting,0.9774
preference,0.9708
framework,0.9755
method ac,0.9713
recommendation,0.9744
meta learning,1.0000
bench learning,0.9718
focus learning,0.9728
model,0.9760
based,0.9711
tuning,0.9728
task,0.9709
modulation,0.9716
based deep,0.9701
scaling,0.9777
meta,0.9766
sampling,0.9746
model,0.9710
based,0.9740
transfer,0.9737
problem modulation,0.9782
tuning,0.9731
deep neural,0.9743
task,0.9732
accurately,0.9702
offset,0.9723
labeled,0.9759
training,0.9706
problem,0.9702
finely,0.9707
neural,0.9757
modulation,0.9782
based deep,0.9713
sample model,0.9835
network model,0.9766
transfer learning,0.9757
meta learning,1.0000
learning deep neural,0.9705
need data,0.9703
system,0.9731
model,0.9760
collection suffers,0.9702
issue using,0.9737
system,0.9714
using,0.9718
approach,0.9710
model,0.9710
tackle,0.9713
multiple,0.9713
frequent,0.9706
due dynamic,0.9721
weighted,0.9760
positioning,0.9750
collection suffers,0.9725
issue using,0.9702
need data model,0.9726
data model,0.9781
ability,0.9706
task,0.9709
model,0.9760
system,0.9731
module,0.9702
task,0.9732
training,0.9706
natural,0.9713
method,0.9793
meta,0.9766
detection meanwhile proposed,0.9702
opt meta,0.9724
geometric,0.9713
relatively,0.9704
focus,0.9740
distinguish,0.9732
significantly,0.9725
approach,0.9710
model,0.9710
enabling,0.9755
precision,0.9771
detection meanwhile,0.9728
system,0.9714
algorithm fl significantly,0.9708
module,0.9760
licence,0.9701
difficult,0.9709
weight,0.9702
detection model,0.9760
efficient learning,0.9704
model learning task,0.9742
learning task,1.0000
unseen learning task,0.9722
ability,0.9706
task,0.9709
processing,0.9724
method following,0.9710
model,0.9760
task however,0.9701
system,0.9731
crucial,0.9753
analysis,0.9723
task,0.9732
training,0.9706
processing,0.9798
method,0.9793
research paradigm,0.9767
meta,0.9766
result integrated,0.9722
semi learning,0.9761
furthermore,0.9701
paradigm mainly,0.9744
batch,0.9702
model,0.9710
integrated,0.9716
result integrated recent,0.9724
experiment,0.9701
problem,0.9702
paradigm,0.9754
system,0.9714
problem recent,0.9755
learning model,0.9744
general learning,0.9729
performance learning,0.9715
task,0.9709
specific,0.9720
comparison,0.9779
network sub conditioned,0.9722
pattern,0.9725
inter comparison,0.9725
model,0.9760
condition,0.9700
factor,0.9727
system,0.9731
based,0.9711
alteration,0.9701
due deviation,0.9708
using,0.9718
context weight,0.9708
imaging,0.9774
analysis,0.9723
task,0.9732
causal,0.9779
specific,0.9773
comparison,0.9816
setting besides interpret,0.9708
catastrophic,0.9715
training,0.9706
method,0.9793
however robust,0.9703
context,0.9710
pattern,0.9783
inter comparison,0.9727
setting,0.9718
scala,0.9734
measurement,0.9807
tuna,0.9706
weighted,0.9760
magnetic,0.9718
furthermore,0.9701
conditioned,0.9709
input,0.9716
approach,0.9710
model,0.9710
analysis using,0.9741
network accelerated,0.9718
sequence,0.9712
resonance,0.9718
method cardiac,0.9702
capability,0.9705
method exhibit,0.9722
prediction,0.9808
method bench,0.9776
contrast,0.9753
factor,0.9740
system,0.9714
based,0.9740
multiple,0.9713
alteration,0.9743
process,0.9719
due deviation,0.9758
cardiac,0.9753
deep learning di,0.9710
neural,0.9757
weight,0.9702
factor model,0.9704
measure show model,0.9703
factor model,0.9826
relationship model,0.9743
measure show model,0.9760
acceleration factor model,0.9717
model pivotal,0.9716
model,0.9760
using arc,0.9724
factor,0.9727
based,0.9711
essentially,0.9736
using,0.9718
crucial,0.9753
zoning,0.9729
tool,0.9715
compare,0.9728
comprehensive landslide,0.9718
assessment,0.9766
meta,0.9766
frequent,0.9706
hazard,0.9707
model pivotal,0.9776
input,0.9716
approach,0.9710
model,0.9710
model reach,0.9722
landslide,0.9707
factor,0.9740
resulting,0.9707
based,0.9740
regression,1.0000
model landslide,0.9757
dimensional,0.9783
crucial mit,0.9715
logical,0.9726
pivotal,0.9733
evaluation model,0.9730
warning evaluation model,0.9752
evaluation model,0.9809
stack model,0.9786
forest stack model,0.9701
evaluation model pivotal,0.9720
meta learning,1.0000
model,0.9760
thus improving,0.9715
task,0.9709
combining,0.9738
using,0.9718
method,0.9793
adi,0.9714
approach,0.9710
crucial,0.9753
model,0.9710
adi approximate,0.9700
crucial application,0.9712
method offer,0.9711
task,0.9732
suitable,0.9746
significant,0.9708
however algorithm,0.9712
initial,0.9701
quantum,0.9719
problem,0.9702
application,0.9766
neural,0.9757
problem model,0.9743
ability,0.9706
investigating factor,0.9734
skill,0.9707
condition,0.9700
adjustment,0.9736
factor,0.9727
power,0.9723
feedback,0.9738
practice,0.9713
analysis,0.9723
important,0.9712
assessment,0.9766
method,0.9793
meta,0.9766
context,0.9710
investigating factor,0.9726
technological,0.9725
investigating,0.9700
context developed,0.9707
enabling,0.9755
collaboration,0.9731
adjustment,0.9759
factor,0.9740
schooling,0.9726
motivation,0.9761
investigating factor provide,0.9705
feedback,0.9779
search learning,0.9730
self learning,0.9713
task,0.9709
bias,0.9723
model,0.9760
involving fault,0.9725
condition,0.9700
system,0.9731
identifying,0.9714
based,0.9711
task relate,0.9720
diagnosis,0.9738
transfer,0.9737
rotating,0.9723
analysis,0.9723
problem involving,0.9721
task,0.9732
bias,0.9780
conflicting,0.9710
operation,0.9725
method,0.9793
meta,0.9766
gradient meta outer,0.9727
effective resolving,0.9720
fault diagnosis,0.9701
accurately,0.9702
encoding,0.9757
adjust,0.9750
combining,0.9738
model,0.9710
integrated,0.9716
deep learning fault,0.9706
prediction,0.9808
initial,0.9701
loop poor,0.9700
problem,0.9702
system,0.9714
identifying,0.9724
based,0.9740
resolving,0.9738
involving,0.9712
problem propose metal,0.9710
difficult,0.9709
fixed,0.9705
integrated outer,0.9737
weight,0.9702
transfer learning,0.9757
type,0.9710
model,0.9760
system,0.9731
performance reinforcement,0.9712
training,0.9706
dominating,0.9717
design closed,0.9716
meta,0.9766
sampling,0.9746
cluster metal optimal,0.9713
type,0.9749
metal optimal,0.9714
model,0.9710
experiment,0.9701
inaccurate,0.9715
instead random,0.9727
specifically design closed,0.9723
system,0.9714
reinforcement,0.9727
subsp performance model,0.9739
meta learning,1.0000
effective cross,0.9709
performance nap,0.9713
comparison,0.9779
category,0.9777
attention module need,0.9735
representation novel sample,0.9714
designed raise importance,0.9707
model however,0.9706
class scarce,0.9716
model,0.9760
module need,0.9728
global cross,0.9723
module,0.9702
interacting,0.9739
crucial,0.9753
mechanism,0.9777
effective cross,0.9724
transformation,0.9793
transform,0.9777
method increase,0.9731
diverse,0.9721
performance nap,0.9712
comparison,0.9816
labeled,0.9759
category,0.9753
method,0.9793
context,0.9710
result detection,0.9711
setting,0.9718
nap comparison,0.9706
accurately,0.9702
representation novel sample,0.9721
effectively,0.9727
model however,0.9703
class scarce,0.9718
cross module,0.9737
experimental setting,0.9705
model,0.9710
importance,0.9708
experiment,0.9701
certain,0.9732
regime,0.9733
global cross,0.9730
fusion,0.9739
overcome,0.9707
module,0.9760
imperfect,0.9712
neural,0.9757
task,0.9709
specific,0.9720
designation,0.9735
functional,0.9752
gap,0.9707
owing diversity designation,0.9719
owing diversity,0.9763
model,0.9760
among involved decision,0.9719
system,0.9731
based,0.9711
system integrating,0.9719
decision,0.9717
mechanism,0.9777
analysis,0.9723
task,0.9732
rule,0.9740
transformation,0.9793
specific,0.9773
designation,0.9732
functional,0.9785
empirical,0.9751
process although,0.9773
demand,0.9708
integrating,0.9786
validation,0.9739
approach,0.9710
model,0.9710
model associated,0.9767
system,0.9714
based,0.9740
solution,0.9740
process,0.9719
framework,0.9755
system integrating,0.9730
domain knowledge,0.9718
classification,1.0000
due scar data,0.9738
processing,0.9724
model,0.9760
system,0.9731
based,0.9711
using,0.9718
diagnosis,0.9738
transfer,0.9737
imaging,0.9774
tool,0.9715
uneven,0.9718
training,0.9706
labelled,0.9705
processing published,0.9743
processing,0.9798
important,0.9712
method,0.9793
significance,0.9727
meta,0.9766
algorithm medical,0.9722
problem limitation,0.9701
model,0.9710
size,0.9700
experiment,0.9701
problem,0.9702
system,0.9714
based,0.9740
process,0.9719
multi,0.9774
diversion,0.9732
limitation,0.9726
area model,0.9734
transfer learning,0.9757
general learning,0.9729
domain general learning,0.9754
meta learning,1.0000
learning transfer,0.9728
data diverse,0.9724
style,0.9725
gap,0.9707
roi recognition,0.9712
model,0.9760
sc recognition decides,0.9747
quantitative,0.9735
transfer,0.9737
data diverse,0.9701
diverse,0.9721
useful,0.9749
interest,0.9730
protocol cross,0.9724
style,0.9734
method,0.9793
meta,0.9766
inherently,0.9713
roi recognition,0.9720
model,0.9710
protocol,0.9751
recognition sc,0.9727
experiment,0.9701
problem,0.9702
compared,0.9725
data besides,0.9716
licence,0.9701
framework,0.9755
domain model,0.9704
target domain model,0.9720
guidance,0.9728
model,0.9760
based,0.9711
effective escape,0.9750
decision,0.9717
guidance,0.9744
method,0.9793
energy,0.9705
meta,0.9766
model,0.9710
based,0.9740
precise,0.9720
effective escape,0.9738
capability,0.9705
maneuver,0.9727
process,0.9719
multi,0.9774
prediction,0.9808
simulation,0.9750
training,0.9706
penetration,0.9723
response,0.9741
application,0.9766
integration,0.9721
consumption,0.9700
reinforcement,0.9727
decision model,0.9743
ability,0.9706
fault knowledge,0.9700
knowledge based,0.9712
utilized guide,0.9734
data owing,0.9703
model,0.9760
condition,0.9700
utilize learned,0.9703
based,0.9711
using,0.9718
bearing fault diagnosis,0.9715
varied,0.9721
diagnosis,0.9738
transfer,0.9737
analysis,0.9723
method bearing,0.9762
based metal,0.9717
training,0.9706
operating,0.9702
method,0.9793
diagnostic knowledge fault,0.9702
deficiency,0.9765
diagnostic,0.9707
fault diagnosis,0.9701
furthermore,0.9701
application,0.9766
approach,0.9710
model,0.9710
deep learning fault,0.9706
method exhibit,0.9722
utilize learned,0.9719
utilize,0.9766
problem,0.9702
p method bearing,0.9705
compared,0.9725
based,0.9740
method prior,0.9704
process,0.9719
neural,0.9757
self learning,0.9713
task,0.9709
bias,0.9723
functional,0.9752
pattern,0.9725
gap,0.9707
task adjusting,0.9704
model,0.9760
system,0.9731
due gap,0.9729
crucial,0.9753
transfer,0.9737
task,0.9732
bias,0.9780
adjusting,0.9748
functional,0.9785
training,0.9706
method,0.9793
meta,0.9766
pattern,0.9783
data spat,0.9701
significant,0.9708
model,0.9710
thus design,0.9732
semantic,0.9805
prediction,0.9808
initial,0.9701
experiment,0.9701
thus enhancing,0.9707
system,0.9714
however shared,0.9714
resulting,0.9707
multi,0.9774
method metal,0.9711
fixed,0.9705
prediction model,0.9710
meta model,0.9743
initial prediction model,0.9720
meta model meta,0.9747
parameter region,0.9713
model meta,0.9718
prediction model,0.9729
meta model,1.0000
model meta,0.9711
forecast learning,0.9752
cost learning,0.9713
learning forecast learning,0.9727
model,0.9760
based,0.9711
characteristic,0.9725
aspect,0.9724
mechanism,0.9777
cluster multiple applying,0.9715
problem polar,0.9734
consolidation,0.9704
meta,0.9766
accurately,0.9702
model,0.9710
capability,0.9705
capture,0.9703
experiment,0.9701
problem,0.9702
resulting,0.9707
based,0.9740
multiple,0.9713
solution,0.9740
framework,0.9755
weight,0.9702
general model,0.9804
cluster small model,0.9719
meta learning,1.0000
learning framework learning,0.9716
pattern,0.9725
type,0.9710
model,0.9760
une cross scenario,0.9715
model cross,0.9743
module,0.9702
transfer,0.9737
mechanism,0.9777
transferring,0.9727
labeled,0.9759
method,0.9793
however method,0.9717
meta,0.9766
novel model cross,0.9764
integrating,0.9786
pattern,0.9783
scenario cross,0.9708
effectively,0.9727
focus,0.9740
type,0.9749
model,0.9710
capture,0.9703
experiment,0.9701
model cross,0.9732
module,0.9760
multi,0.9774
fixed,0.9705
neural,0.9757
meta capture,0.9715
graph learning,0.9700
compound learning,0.9770
model recognize,0.9703
task,0.9709
limit,0.9728
task recognizing,0.9709
gap,0.9707
type,0.9710
model,0.9760
based,0.9711
module,0.9702
power,0.9723
model recognize,0.9746
analysis,0.9723
task,0.9732
transform,0.9777
based metal,0.9717
limit,0.9739
context,0.9710
data ci,0.9723
scale,0.9712
type,0.9749
model,0.9710
cap,0.9716
semantic,0.9805
besides limit,0.9702
experiment,0.9701
cal module,0.9728
paradigm,0.9754
based,0.9740
module,0.9760
multi,0.9774
recognizing,0.9709
transform bench,0.9723
eco model,0.9711
task,0.9709
pivotal step model,0.9716
model,0.9760
requirement,0.9703
system,0.9731
practice,0.9713
deep neural,0.9743
task,0.9732
training,0.9706
method,0.9793
meta,0.9766
method including,0.9733
model publicly,0.9719
focus,0.9740
model,0.9710
requirement,0.9742
extraction,0.9750
including state method,0.9709
metal model retrieval,0.9705
system,0.9714
model sharing,0.9709
suitable,0.9746
multi,0.9774
retrieval,0.9759
retrieve,0.9733
neural,0.9757
pivotal,0.9733
step model,0.9726
cost model,0.9748
multi model,0.9798
network model,0.9766
efficiency model,0.9767
user multi model,0.9717
requirement model,0.9701
step model,0.9835
step model model,0.9821
query learning,0.9752
task,0.9709
weight ultimately making,0.9729
model,0.9760
system,0.9731
data divided,0.9716
based,0.9711
module,0.9702
problem compared,0.9755
task,0.9732
training,0.9706
method,0.9793
model,0.9710
residual,0.9764
stimulation,0.9711
extraction,0.9750
indicator,0.9715
problem,0.9702
system,0.9714
compared,0.9725
based,0.9740
process,0.9719
module,0.9760
way model,0.9733
framework,0.9755
compression,0.9821
sub learning,0.9721
neural,0.9757
weight,0.9702
research make model,0.9755
metric learning,0.9741
network learning,0.9773
ability,0.9706
performance cold,0.9715
specific,0.9720
type,0.9710
model,0.9760
perspective,0.9721
particularly evident,0.9702
system,0.9731
based,0.9711
recommendation,0.9700
dependency,0.9802
analysis,0.9723
specific,0.9773
empirical,0.9751
meta,0.9766
particularly,0.9703
di cold recommendation,0.9719
furthermore,0.9701
type,0.9749
approach,0.9710
model,0.9710
evident,0.9754
prediction,0.9808
capture,0.9703
perspective,0.9766
problem,0.9702
distinguishing,0.9754
system,0.9714
based,0.9740
tackle,0.9713
process,0.9719
intention,0.9715
recommendation,0.9744
learning based model,0.9727
model meta,0.9718
model meta,0.9711
meta learning,1.0000
recommendation learning,0.9743
classification model,0.9741
classification,1.0000
specific,0.9720
based batch,0.9708
category,0.9777
model specific,0.9741
model,0.9760
system,0.9731
based,0.9711
module,0.9702
classification model,0.9715
specific,0.9773
based batch,0.9718
category,0.9753
model specific,0.9765
hybrid attention,0.9724
application,0.9766
batch,0.9702
model,0.9710
grain,0.9723
model increase,0.9706
experiment,0.9701
system,0.9714
based,0.9740
multiple,0.9713
model patch,0.9716
multi hybrid attention,0.9711
module,0.9760
multi,0.9774
licence,0.9701
behavioral,0.9731
experiment carried,0.9713
maxim classification model,0.9725
state model,0.9703
classification model,0.9728
performance state model,0.9791
maxim classification model,0.9770
application model,0.9777
constraint model,0.9776
industrial application model,0.9751
state model,0.9813
maxim learning,0.9703
application learning,0.9740
case concept,0.9732
criterion paper explains,0.9702
model,0.9760
multiple performance,0.9721
requirement,0.9703
system,0.9731
addressing,0.9701
characterized use multiple,0.9710
preference,0.9754
ml solution,0.9710
intuitive explained,0.9716
case concept,0.9717
concept recommend ml,0.9736
ml system,0.9711
ml solution considerably,0.9715
solution considerably,0.9750
model,0.9710
multiple performance,0.9719
requirement,0.9742
suitable ml,0.9711
system ml,0.9763
intuitive,0.9753
explains,0.9716
system machine,0.9723
problem,0.9702
system,0.9714
compared,0.9725
addressing,0.9752
multiple,0.9713
solution,0.9740
adoption,0.9702
suitable,0.9746
preference,0.9708
characterized,0.9715
criterion,0.9747
ml model,0.9747
system ml model,0.9713
task,0.9709
model combining,0.9750
model semi,0.9766
model,0.9760
identifying,0.9714
inherent training,0.9707
recommendation,0.9700
analysis,0.9723
task,0.9732
model combining,0.9795
training,0.9706
compare,0.9728
spanning,0.9727
important,0.9712
meta,0.9766
model semi,0.9743
context,0.9710
inference,0.9787
setting,0.9718
semi learning,0.9761
application,0.9766
combining,0.9738
approach,0.9710
model,0.9710
prediction,0.9808
predicted,0.9713
certain,0.9732
problem,0.9702
identifying,0.9724
framework,0.9755
recommendation,0.9744
prediction model,0.9710
bench model,0.9740
prediction model,0.9729
data cross,0.9719
data scar many,0.9712
especially deep learning,0.9704
model,0.9760
system,0.9731
based,0.9711
module,0.9702
characteristic,0.9725
aspect,0.9724
data cross,0.9723
flow,0.9768
transfer,0.9737
mechanism,0.9777
problem transfer,0.9746
important,0.9712
method,0.9793
model multiple,0.9732
encoding,0.9757
model,0.9710
extraction,0.9750
prediction,0.9808
initial,0.9701
experiment,0.9701
problem,0.9702
system,0.9714
based,0.9740
multiple,0.9713
module,0.9760
multi,0.9774
state model,0.9703
deep learning model,0.9706
result state model,0.9785
learning model,0.9744
state model,0.9813
transfer learning,0.9757
forecast learning,0.9752
learning forecast learning,0.9727
task,0.9709
comparison,0.9779
utilizing uniform,0.9738
model,0.9760
problem utilizing,0.9718
based,0.9711
module,0.9702
characteristic,0.9725
quantitative,0.9735
validity,0.9762
task,0.9732
utilizing,0.9730
comparison,0.9816
based metal,0.9717
training,0.9706
considered,0.9732
utilizing uniform,0.9715
method,0.9793
cascade ref,0.9714
ref metal,0.9716
furthermore,0.9701
adjust,0.9750
significantly,0.9725
input,0.9716
model,0.9710
problem utilizing,0.9749
distinctive,0.9731
experiment,0.9701
certain,0.9732
problem,0.9702
cascade module,0.9711
comparison ab,0.9714
based,0.9740
cascade,0.9727
module,0.9760
method quantitative,0.9713
method metal,0.9711
weight,0.9702
cascade model,0.9765
uniform model,0.9719
cascade model,0.9834
output model,0.9812
image learning,0.9742
self learning,0.9713
absence unified framework,0.9707
task,0.9709
specific,0.9720
model,0.9760
subject,0.9709
expanding,0.9708
producing,0.9700
varied,0.9721
task,0.9732
tool,0.9715
diverse,0.9721
specific,0.9773
training,0.9706
sampling,0.9746
significant,0.9708
lever,0.9737
application,0.9766
model,0.9710
importance,0.9708
capability,0.9705
architectural,0.9711
contrast,0.9753
requiring,0.9733
minimal,0.9707
rarely,0.9710
data sampling,0.9715
extend,0.9711
tackle,0.9713
solution across,0.9711
solution,0.9740
modular,0.9722
process,0.9719
subject,0.9760
framework,0.9755
neural,0.9757
self learning,0.9713
classification,1.0000
task,0.9709
detection novel class,0.9718
category,0.9777
category channel,0.9731
model,0.9760
based,0.9711
module,0.9702
detection novel,0.9719
using,0.9718
mechanism,0.9777
analysis,0.9723
task,0.9732
based metal,0.9717
category,0.9753
generation,0.9730
model,0.9710
residual,0.9764
semantic,0.9805
extraction,0.9750
mechanism module,0.9736
experiment,0.9701
problem,0.9702
based,0.9740
regression,1.0000
module residual,0.9710
module,0.9760
detection novel,0.9713
problem metal,0.9746
processed,0.9706
baseline model,0.9820
using data,0.9714
model,0.9760
classify,0.9730
based deep,0.9701
system,0.9731
based,0.9711
module,0.9702
scar training,0.9707
using,0.9718
labeled,0.9759
training,0.9706
abundant ann,0.9711
method,0.9793
meta,0.9766
vector strengthen,0.9716
scale,0.9712
model,0.9710
workshop,0.9720
prediction,0.9808
experiment,0.9701
classify,0.9775
based deep,0.9713
system,0.9714
based,0.9740
module,0.9760
multi,0.9774
framework,0.9755
difficult,0.9709
weight,0.9702
class feature,0.9708
meta learning,1.0000
application toward,0.9714
application toward issue,0.9722
task,0.9709
processing,0.9724
model,0.9760
testing,0.9720
module,0.9702
approach proto,0.9739
analysis,0.9723
task,0.9732
processing,0.9798
knowledge recent,0.9711
setting,0.9718
measurement,0.9807
metal proposing effective,0.9731
focus,0.9740
application,0.9766
alignment cross,0.9719
approach,0.9710
model,0.9710
capability,0.9705
demonstrates,0.9703
therefore feature,0.9701
problem,0.9702
proto,0.9722
testing,0.9763
solution,0.9740
effective dual,0.9723
module,0.9760
relation besides,0.9700
framework,0.9755
dual,0.9724
query space,0.9704
sample learning,0.9775
cross learning,0.9846
task,0.9709
comparison,0.9779
model,0.9760
task paper,0.9708
system,0.9731
leverage,0.9704
task,0.9732
diverse,0.9721
comparison,0.9816
method predominantly,0.9713
training,0.9706
hyper,0.9739
costly,0.9737
method,0.9793
meta,0.9766
setting,0.9718
method diverse,0.9748
approach,0.9710
model,0.9710
meta costly,0.9702
capability,0.9705
framework leverage,0.9723
utilize,0.9766
model un,0.9716
system,0.9714
compared,0.9725
yielding,0.9709
leverage,0.9770
process,0.9719
licence,0.9701
framework,0.9755
corresponding,0.9714
dual,0.9724
method metal,0.9711
genera capability model,0.9753
capability model,0.9785
hyper learning,0.9741
efficiency learning,0.9770
model initial,0.9705
choice,0.9764
model however,0.9706
model,0.9760
system,0.9731
leverage,0.9704
phase,0.9702
model initial,0.9726
analysis,0.9723
due complex,0.9723
utilizing,0.9730
reducing,0.9707
training,0.9706
method,0.9793
sampling,0.9746
due complex healthcare,0.9710
showcasing,0.9733
model however,0.9703
application,0.9766
algorithm focusing,0.9711
model,0.9710
initial,0.9701
experiment,0.9701
system,0.9714
resulting,0.9707
leverage,0.9770
solution,0.9740
process,0.9719
multi,0.9774
phase,0.9749
limitation,0.9726
scenario utilizing,0.9705
leverage model,0.9758
global model,0.9805
identifying,0.9714
identifying,0.9724
using,0.9718
solution,0.9740
diverse,0.9721
potential using,0.9740
application,0.9766
criterion,0.9747
proposal,0.9717
inclusion,0.9707
ability,0.9706
classification,1.0000
task dual,0.9719
task,0.9709
model,0.9760
perspective,0.9721
module,0.9702
characteristic,0.9725
using,0.9718
transfer,0.9737
analysis,0.9723
task,0.9732
understanding,0.9711
method commonly,0.9734
labeled,0.9759
method,0.9793
commonly focus,0.9708
focus,0.9740
significantly,0.9725
model,0.9710
facilitate,0.9725
semantic,0.9805
extraction,0.9750
commonly,0.9730
experiment,0.9701
perspective,0.9766
utilize,0.9766
novel hybrid semantic,0.9708
module,0.9760
dual,0.9724
sample ignoring,0.9703
neural,0.9757
ability model,0.9730
general ability model,0.9785
learning transfer,0.9728
visual learning,0.9784
classification,1.0000
task,0.9709
comparison,0.9779
based,0.9711
tuning,0.9728
transfer,0.9737
analysis,0.9723
task,0.9732
comparison,0.9816
based metal,0.9717
method,0.9793
method effectively,0.9706
setting,0.9718
effectively,0.9727
focus,0.9740
extraction,0.9750
consequently propose,0.9702
fusion strategy,0.9705
experiment,0.9701
problem,0.9702
fusion,0.9739
based,0.9740
tackle,0.9713
tuning,0.9731
framework,0.9755
transfer learning,0.9757
classification,1.0000
model rely,0.9721
comparison,0.9779
model many,0.9710
category,0.9777
model classify,0.9739
processing,0.9724
confuse category lead,0.9781
model focus,0.9732
allowing comprehensive fine,0.9702
model,0.9760
category lead,0.9812
classify,0.9730
system,0.9731
based,0.9711
model suffer,0.9715
confuse,0.9734
additionally catastrophic,0.9714
solution allowing,0.9707
directly,0.9718
transformation,0.9793
model rely,0.9771
comparison,0.9816
model many,0.9709
catastrophic,0.9715
training,0.9706
interest,0.9730
category,0.9753
model classify,0.9772
processing published,0.9743
processing,0.9798
method,0.9793
model focus,0.9725
focus,0.9740
approach,0.9710
model,0.9710
suppress,0.9738
precision,0.9771
extraction,0.9750
classify,0.9775
problem,0.9702
proposal,0.9717
system,0.9714
resulting,0.9707
coco,0.9720
based,0.9740
accurate roi meanwhile,0.9730
solution,0.9740
model suffer,0.9764
multi,0.9774
allowing,0.9746
rely,0.9709
processed,0.9706
fine comparison model,0.9745
comparison model,0.9723
fine comparison model,0.9770
sample model,0.9835
comparison model,0.9799
detection model,0.9760
sufficient sample model,0.9742
metric learning,0.9741
data learning,0.9768
task,0.9709
class enhancing,0.9749
factor,0.9727
leverage,0.9704
detection novel,0.9719
analysis,0.9723
task,0.9732
transform,0.9777
reducing,0.9707
prevalent,0.9703
method,0.9793
meta,0.9766
class enhancing,0.9738
significantly,0.9725
proposal prevalent detection,0.9722
extraction,0.9750
capture,0.9703
experiment,0.9701
paradigm,0.9754
factor,0.9740
inaccurate,0.9715
proposal,0.9717
constrained several,0.9725
incorporating,0.9746
leverage,0.9770
constrained,0.9744
multiple,0.9713
several factor,0.9724
detection novel,0.9713
framework,0.9755
limitation,0.9726
classification,1.0000
task,0.9709
appropriate mit many,0.9704
harm performance,0.9713
model,0.9760
task classical,0.9722
task seen,0.9701
balanced task,0.9757
analysis,0.9723
task,0.9732
evaluation however,0.9714
training,0.9706
compare,0.9728
overlooked,0.9718
natural,0.9713
expose,0.9709
method,0.9793
im approach,0.9733
meta,0.9766
harm performance,0.9713
batch,0.9702
approach,0.9710
model,0.9710
task classical,0.9722
commonly,0.9730
standard,0.9735
task seen,0.9712
compared,0.9725
reveal,0.9714
balanced,0.9734
regression,1.0000
frequency,0.9763
meta learning,1.0000
type,0.9710
system,0.9731
aspect,0.9724
validity,0.9762
using,0.9718
leap,0.9700
analysis,0.9723
intervention,0.9727
tool,0.9715
gesture,0.9701
similarity,0.9746
important,0.9712
meta,0.9766
repetition,0.9739
type,0.9749
device,0.9735
analysis seen,0.9715
system,0.9714
compared,0.9725
fusion,0.9739
constrained,0.9744
classification,1.0000
task,0.9709
model namely,0.9703
limit,0.9728
processing,0.9724
performance faced,0.9741
model,0.9760
system,0.9731
leverage,0.9704
classification classification,0.9867
task,0.9732
model namely,0.9744
limiting,0.9755
training,0.9706
limit,0.9739
processing,0.9798
method,0.9793
meta,0.9766
setting,0.9718
significant,0.9708
furthermore,0.9701
drift,0.9751
significantly,0.9725
input,0.9716
model,0.9710
experiment,0.9701
problem,0.9702
method meta,0.9718
system,0.9714
compared,0.9725
subsequently model,0.9713
leverage,0.9770
multi,0.9774
dual,0.9724
domain knowledge,0.9718
significant limit model,0.9702
baseline model,0.9820
limit model,0.9833
competitive baseline model,0.9754
general model,0.9804
model meta,0.9718
domain model,0.9704
proposed setting model,0.9711
significant limit model,0.9778
model meta,0.9711
domain learning,0.9812
information learning,0.9783
performance labeled training,0.9722
processing,0.9724
model,0.9760
system,0.9731
based,0.9711
deep neural,0.9743
deep model,0.9718
labeled,0.9759
training,0.9706
aperture,0.9700
processing,0.9798
method,0.9793
meta,0.9766
method residual,0.9768
synthetic,0.9750
significant,0.9708
furthermore,0.9701
model,0.9710
residual,0.9764
problem novel,0.9710
method sar,0.9747
initial,0.9701
experiment,0.9701
problem,0.9702
based res,0.9732
system,0.9714
compared,0.9725
based,0.9740
suitable,0.9746
framework,0.9755
method ac,0.9713
proper,0.9716
neural,0.9757
meta learning,1.0000
network learning,0.9773
task,0.9709
critical problem,0.9708
processing,0.9724
model,0.9760
model critical,0.9719
system large,0.9702
delivery,0.9702
system,0.9731
based,0.9711
recommendation,0.9700
system tailored,0.9735
task,0.9732
training,0.9706
core,0.9722
critical problem,0.9711
processing,0.9798
meta,0.9766
significantly,0.9725
model,0.9710
model critical,0.9778
dl model critical,0.9734
system large,0.9711
paradigm meta,0.9731
problem,0.9702
paradigm,0.9754
system shrinking,0.9737
delivery,0.9767
system,0.9714
tailored,0.9715
cluster conventional,0.9721
based,0.9740
conversion,0.9727
framework,0.9755
recommendation,0.9744
recommendation model,0.9760
parallel model,0.9708
data parallel model,0.9723
meta dl model,0.9850
paradigm meta learning,0.9718
meta learning,1.0000
deep meta learning,0.9744
system deep learning,0.9718
task,0.9709
task recent,0.9735
limit,0.9728
task recent study,0.9719
system,0.9731
based,0.9711
system metal,0.9719
preference,0.9754
recommendation,0.9700
characteristic,0.9725
task,0.9732
previous approach suffer,0.9729
transferring,0.9727
response,0.9741
hyper,0.9739
limit,0.9739
method,0.9793
meta,0.9766
approach suffer,0.9713
parameter cold,0.9701
addition argue,0.9752
opt initial,0.9731
distinguish,0.9732
approach,0.9710
task characteristic,0.9704
initial,0.9701
experiment,0.9701
problem,0.9702
system,0.9714
based,0.9740
system metal,0.9732
preference,0.9708
process,0.9719
assumption,0.9770
framework,0.9755
recommendation,0.9744
method metal,0.9711
recommendation learning,0.9743
problem learning,0.9733
knowledge task,0.9709
task,0.9709
task however,0.9701
system,0.9731
based,0.9711
task,0.9732
due complex,0.9723
classic,0.9710
hyper propose,0.9720
hyper,0.9739
method,0.9793
concept address,0.9715
struggle,0.9716
setting,0.9718
customized,0.9778
overlapping,0.9730
capture,0.9703
experiment,0.9701
paradigm,0.9754
system,0.9714
based,0.9740
flatly,0.9707
task adhere,0.9716
flexible,0.9744
hyper learning,0.9741
structure learning,0.9775
substantial challenge,0.9700
model,0.9760
system,0.9731
based,0.9711
using,0.9718
boost,0.9739
deep model,0.9718
based metal,0.9717
method,0.9793
system long,0.9713
significant,0.9708
furthermore,0.9701
method namely,0.9711
memory,0.9722
approach,0.9710
model,0.9710
device,0.9735
precision,0.9771
capability,0.9705
prediction,0.9808
system,0.9714
based,0.9740
subsequently identification,0.9706
regression,1.0000
principle,0.9763
multi,0.9774
data deep model,0.9736
data x model,0.9718
deep dl model,0.9742
learning model,0.9744
data deep model,0.9845
classification,1.0000
task,0.9709
pattern,0.9725
global level,0.9712
classification task,0.9741
system,0.9731
task specifically proposed,0.9735
specifically proposed method,0.9703
transfer,0.9737
method comprises,0.9726
task,0.9732
system transfer,0.9716
paradigm classification,0.9718
overlooked,0.9718
similarity,0.9746
method,0.9793
paradigm learning,0.9721
meta,0.9766
learning paradigm,0.9745
pattern,0.9783
inference,0.9787
specifically proposed,0.9716
consideration,0.9731
prediction,0.9808
experiment,0.9701
problem,0.9702
paradigm,0.9754
system,0.9714
require,0.9728
transfer learning,0.9757
learning paradigm learning,0.9728
task,0.9709
model difficult,0.9704
model,0.9760
system,0.9731
based,0.9711
energy,0.9705
objective multi,0.9710
task,0.9732
system paper,0.9713
method based,0.9701
based metal,0.9717
problem comprehensive,0.9717
important,0.9712
algorithm gas,0.9734
method,0.9793
emission,0.9718
accurately,0.9702
model difficult,0.9730
model,0.9710
prediction,0.9808
indicator,0.9715
initial,0.9701
experiment,0.9701
modeled,0.9745
problem,0.9702
system,0.9714
based,0.9740
multiple,0.9713
solution,0.9740
principle,0.9763
process,0.9719
multi,0.9774
difficult,0.9709
iron,0.9725
prediction model,0.9710
prediction model,0.9729
knowledge learning,0.9820
ability,0.9706
task,0.9709
specific,0.9720
effective fault,0.9717
model,0.9760
system,0.9731
based,0.9711
capability disc,0.9739
power,0.9723
incorporate,0.9737
task,0.9732
utilizing,0.9730
specific,0.9773
based metal,0.9717
training,0.9706
similarity,0.9746
method,0.9793
sampling,0.9746
system long,0.9713
setting,0.9718
lever,0.9737
effective fault,0.9773
data lia,0.9713
memory,0.9722
analyze,0.9748
approach,0.9710
model,0.9710
residual,0.9764
enabling,0.9755
extraction,0.9750
capability,0.9705
utilizing con,0.9724
prediction,0.9808
initial,0.9701
system,0.9714
compared,0.9725
based,0.9740
capability disc,0.9736
regression,1.0000
principle,0.9763
neural,0.9757
sampling model,0.9729
detection model,0.9760
sampling model,0.9821
sampling model trained,0.9700
concept model,0.9799
task,0.9709
model,0.9760
system,0.9731
leverage,0.9704
power,0.9723
forecast metal,0.9715
dependency,0.9802
analysis,0.9723
task,0.9732
transform,0.9777
training,0.9706
operation,0.9725
method,0.9793
meta,0.9766
demand,0.9708
method focus,0.9730
significant,0.9708
method consistently,0.9728
focus,0.9740
model,0.9710
importance,0.9708
consideration,0.9731
charging,0.9741
capture,0.9703
experiment,0.9701
system,0.9714
leverage,0.9770
extend,0.9711
framework,0.9755
penetration,0.9723
vehicle learning,0.9746
research fk specific,0.9708
model,0.9760
addressing,0.9701
model finally,0.9708
task,0.9709
advantage,0.9712
specific,0.9720
analyze,0.9748
characteristic,0.9725
method,0.9793
summarized,0.9736
model,0.9710
addressing,0.9752
task,0.9732
commonly,0.9730
definition,0.9750
subsequently summarized,0.9733
specific,0.9773
method metal,0.9711
problem,0.9702
neural,0.9757
temporal knowledge,0.9716
characteristic model,0.9766
unique characteristic model,0.9751
characteristic model,0.9851
unique characteristic model,0.9771
sample learning,0.9775
ability,0.9706
performance cold,0.9715
model intra,0.9752
model,0.9760
explanation,0.9728
system,0.9731
based,0.9711
preference,0.9754
recommendation,0.9700
analysis,0.9723
training,0.9706
considered,0.9732
important,0.9712
method,0.9793
model intra,0.9778
accurately,0.9702
weighted,0.9760
furthermore,0.9701
focus,0.9740
distinguish,0.9732
treated,0.9708
considering global,0.9710
important distinguish,0.9717
model,0.9710
importance,0.9708
independently,0.9753
prediction,0.9808
capture,0.9703
experiment,0.9701
explanation,0.9754
system,0.9714
curriculum,0.9729
based,0.9740
tackle,0.9713
preference,0.9708
process,0.9719
intention,0.9715
multi,0.9774
recommendation,0.9744
neural,0.9757
weight,0.9702
importance model,0.9724
uncertainty model,0.9737
importance model,0.9749
recommendation model,0.9760
guiding model,0.9753
cold recommendation model,0.9747
user model,0.9745
inter importance model,0.9710
uncertainty model,0.9770
learning model,0.9744
function learning,0.9770
learning task,1.0000
task,0.9709
system,0.9731
task labeled,0.9708
dependency,0.9802
mechanism,0.9777
analysis,0.9723
task,0.9732
approach oriented,0.9718
labeled,0.9759
similarity,0.9746
derived,0.9719
oriented,0.9762
method,0.9793
furthermore,0.9701
approach,0.9710
extraction,0.9750
capture,0.9703
experiment,0.9701
force stream,0.9707
system,0.9714
compared,0.9725
solution,0.9740
elaborate,0.9718
neural,0.9757
task learning,0.9801
task,0.9709
model,0.9760
especially problematic,0.9704
system,0.9731
task including,0.9711
testing,0.9720
feedback,0.9738
integrated prior superior,0.9719
expert,0.9727
analysis,0.9723
largest,0.9705
task,0.9732
method,0.9793
data especially,0.9719
model integrated prior,0.9708
photon deep,0.9701
se applied extensive,0.9702
problematic,0.9768
hypothesis,0.9774
furthermore,0.9701
fiber,0.9769
approach,0.9710
model,0.9710
integrated,0.9716
bio deep,0.9714
fiber decade,0.9710
prediction,0.9808
origin,0.9725
experiment,0.9701
feedback origin,0.9705
system,0.9714
resulting,0.9707
testing,0.9763
model integrated,0.9707
multi,0.9774
hypothesis extensive,0.9710
feedback,0.9779
fundamental,0.9742
integration,0.9721
neural,0.9757
objective knowledge,0.9800
multi learning,0.9757
deep learning learning,0.9727
classification,1.0000
task,0.9709
processing,0.9724
cu using classification,0.9704
using classification,0.9782
classification task,0.9741
explanation,0.9728
system,0.9731
classification classification,0.9867
task scale,0.9739
application unfortunately,0.9706
merging,0.9731
using,0.9718
practice,0.9713
crucial,0.9753
transfer,0.9737
task,0.9732
discussion,0.9704
tool,0.9715
diverse,0.9721
useful,0.9749
processing,0.9798
standardization,0.9740
demand,0.9708
learning paradigm,0.9745
myriad application unfortunately,0.9710
paradigm like,0.9722
scale,0.9712
application,0.9766
transparent,0.9760
showcase,0.9717
system machine,0.9723
explanation,0.9754
problem,0.9702
paradigm,0.9754
system,0.9714
framework,0.9755
processed,0.9706
application unfortunately,0.9769
data novel,0.9734
model,0.9760
leverage,0.9704
based,0.9711
module,0.9702
using,0.9718
incorporate,0.9737
data novel,0.9745
transfer,0.9737
transform,0.9777
without using temporal,0.9707
useful,0.9749
labeled,0.9759
insight,0.9762
method,0.9793
meta,0.9766
relation incorporates,0.9732
struggle,0.9716
method bench incorporate,0.9713
particularly,0.9703
focus,0.9740
alignment cross,0.9719
comparable,0.9719
model,0.9710
importance,0.9708
notably,0.9708
method leverage,0.9748
method bench,0.9776
experiment,0.9701
reveal,0.9714
leverage,0.9770
based,0.9740
tackle,0.9713
module,0.9760
model achieving,0.9716
meta learning,1.0000
processing,0.9724
pattern,0.9725
gap,0.9707
model,0.9760
superiority proposed method,0.9725
tuning,0.9728
method term,0.9705
power,0.9723
superiority proposed,0.9754
specifically framework,0.9719
practice,0.9713
method tend,0.9733
cycle,0.9724
function paper,0.9725
reducing,0.9707
loss function paper,0.9722
gap various,0.9702
empirical,0.9751
data gan,0.9725
training,0.9706
hyper,0.9739
processing,0.9798
method,0.9793
flex,0.9718
pattern,0.9783
synthetic,0.9750
setting,0.9718
lever,0.9737
resolution,0.9740
approach,0.9710
model,0.9710
contrast complicated,0.9714
assumption greatly,0.9746
multi gan straightforward,0.9707
indicator,0.9715
experiment,0.9701
contrast,0.9753
gan approach,0.9712
gap synthetic,0.9708
tuning,0.9731
degradation,0.9718
process,0.9719
resolving,0.9738
multi,0.9774
licence,0.9701
assumption,0.9770
framework,0.9755
method term,0.9789
restriction,0.9785
flexible,0.9744
weight,0.9702
help model,0.9700
classification model,0.9741
classification,1.0000
task,0.9709
task numerical,0.9751
specific,0.9720
gap,0.9707
model,0.9760
automatic selection,0.9712
perspective,0.9721
system,0.9731
classification model,0.9715
method synthetic,0.9705
task,0.9732
task numerical,0.9705
specific,0.9773
defining,0.9702
compare,0.9728
hyper,0.9739
method,0.9793
synthetic,0.9750
method utilize,0.9708
approach,0.9710
model,0.9710
facilitate,0.9725
semantic,0.9805
perspective,0.9766
utilize,0.9766
system,0.9714
licence,0.9701
fixed,0.9705
model penal,0.9786
baseline classification model,0.9700
classification model,0.9728
baseline classification model,0.9778
truth label model,0.9740
noise model,0.9714
distribution learning,0.9716
ability,0.9706
task,0.9709
data divided series,0.9736
based diagnostic,0.9707
model,0.9760
specifically order,0.9732
condition,0.9700
based deep,0.9701
data divided,0.9716
based,0.9711
module,0.9702
superiority proposed,0.9754
decision,0.9717
diagnosis,0.9738
transfer,0.9737
analysis,0.9723
task,0.9732
model acquire,0.9717
training,0.9706
especially sample,0.9709
operating,0.9702
method,0.9793
fusion learning,0.9717
data especially,0.9719
meta,0.9766
diagnostic,0.9707
based diagnostic,0.9736
method focus,0.9730
fault diagnosis,0.9701
encoding,0.9757
focus,0.9740
application,0.9766
model,0.9710
specifically order,0.9708
problem,0.9702
based deep,0.9713
fusion,0.9739
based,0.9740
decision module,0.9711
process,0.9719
module,0.9760
multi,0.9774
framework,0.9755
series meta secondly,0.9745
knowledge meta,0.9724
general performance model,0.9800
em guide model,0.9734
transfer learning,0.9757
cross learning,0.9846
meta learning,1.0000
configuration,0.9752
task,0.9709
bias,0.9723
capability across various,0.9700
model called,0.9707
modulation,0.9716
model,0.9760
capability across,0.9728
system,0.9731
model attempt,0.9768
based,0.9711
model furthermore metal,0.9724
model furthermore,0.9746
incorporate,0.9737
transfer,0.9737
imaging,0.9774
analysis,0.9723
configuration,0.9770
task,0.9732
kernel,0.9734
encompass,0.9700
bias,0.9780
diverse,0.9721
training,0.9706
operation,0.9725
hyper,0.9739
method,0.9793
model called,0.9737
context,0.9710
setting,0.9718
magnetic,0.9718
furthermore,0.9701
modulation,0.9782
model,0.9710
resonance,0.9718
capability,0.9705
initial,0.9701
contrast,0.9753
system,0.9714
model attempt,0.9767
based,0.9740
multiple,0.9713
multi,0.9774
model furthermore metal,0.9750
neural,0.9757
weight,0.9702
deep learning model,0.9706
learning model,0.9744
transfer learning,0.9757
data learning,0.9768
task learning,0.9801
deep learning learning,0.9727
ability,0.9706
task,0.9709
comparison,0.9779
typically,0.9702
skill,0.9707
model,0.9760
comparison state,0.9713
based,0.9711
boost,0.9739
task,0.9732
comparison,0.9816
limiting,0.9755
empirical,0.9751
training,0.9706
behavior based,0.9716
method,0.9793
hidden layer,0.9719
typically,0.9705
method mimic,0.9708
application,0.9766
model,0.9710
device,0.9735
facilitate,0.9725
comparison state,0.9701
behavior,0.9766
capture,0.9703
based,0.9740
method edge,0.9700
multiple,0.9713
process,0.9719
deep learning di,0.9710
empirical knowledge,0.9728
layer learning,0.9725
network learning,0.9773
system el,0.9701
ability,0.9706
transmission,0.9717
task,0.9709
bias,0.9723
processing,0.9724
type,0.9710
performance across,0.9714
system,0.9731
aspect,0.9724
using,0.9718
system el,0.9776
vary,0.9752
analysis,0.9723
transmission,0.9707
task,0.9732
bias,0.9780
cl cognitive radar,0.9741
diverse,0.9721
simulation,0.9750
similarity,0.9746
processing,0.9798
meta,0.9766
sampling,0.9746
problem strategically,0.9705
type,0.9749
performance across,0.9719
approach,0.9710
across tracking instance,0.9738
problem within,0.9703
problem,0.9702
system,0.9714
framework,0.9755
sample learning,0.9775
system learning,0.9838
impact using named,0.9723
system,0.9731
model,0.9760
based,0.9711
classification,1.0000
system,0.9714
using,0.9718
method,0.9793
approach,0.9710
meta,0.9766
diagnosis,0.9738
model,0.9710
analysis using,0.9741
based,0.9740
analysis,0.9723
project using,0.9700
extraction,0.9750
sentiment,0.9714
project,0.9737
based meta,0.9718
survey,0.9702
deep learning model,0.9706
learning model,0.9744
meta learning,1.0000
method learning,0.9784
task,0.9709
specific,0.9720
pattern,0.9725
condition,0.9700
advantage,0.9712
system,0.9731
based,0.9711
characteristic,0.9725
investigation,0.9721
practice,0.9713
diagnosis,0.9738
transfer,0.9737
imaging,0.9774
analysis,0.9723
deep neural,0.9743
task,0.9732
specific,0.9773
based metal,0.9717
rigorous,0.9746
core,0.9722
operating,0.9702
comparative experiment newly,0.9733
method,0.9793
diagnostic,0.9707
pattern,0.9783
system rare,0.9724
measurement,0.9807
lever,0.9737
experiment,0.9701
sensitivity,0.9727
regime,0.9733
system,0.9714
based,0.9740
screening,0.9785
operating characteristic,0.9706
multi,0.9774
framework,0.9755
system incorporates,0.9741
neural,0.9757
configuration,0.9752
task,0.9709
configuration characterized,0.9748
advantage operating,0.9718
advantage,0.9712
configuration specifically,0.9702
system,0.9731
power,0.9723
using,0.9718
method tend,0.9733
bay optimization,0.9711
transfer,0.9737
analysis,0.9723
configuration,0.9770
task,0.9732
directly,0.9718
insight,0.9762
operating,0.9702
natural,0.9713
costly,0.9737
method,0.9793
meta,0.9766
context,0.9710
configuration characterized,0.9739
topology,0.9721
advantage operating,0.9706
approach carry,0.9724
furthermore,0.9701
configuration specifically combine,0.9704
approach,0.9710
configuration specifically,0.9717
indicator,0.9715
experiment,0.9701
problem,0.9702
system,0.9714
via costly separate,0.9703
require,0.9728
solution,0.9740
multi,0.9774
characterized,0.9715
method bay,0.9779
method knowledge,0.9715
parameter system,0.9718
model,0.9760
based,0.9711
classification,1.0000
task,0.9709
design model,0.9708
skill,0.9707
using,0.9718
compared,0.9725
method,0.9793
proto,0.9722
approach,0.9710
meta,0.9766
model,0.9710
based,0.9740
transfer,0.9737
analysis,0.9723
using principle,0.9714
task,0.9732
suitable,0.9746
principle,0.9763
sentiment,0.9714
tool,0.9715
multi,0.9774
based meta,0.9718
analysis show,0.9716
compare,0.9728
hyper,0.9739
reinforcement,0.9727
transfer learning,0.9757
meta learning,1.0000
task meta learning,0.9774
multi learning,0.9757
method learning,0.9784
curse dimensional caused,0.9706
based,0.9711
decision,0.9717
pursuit,0.9733
using,0.9718
compared,0.9725
approach,0.9710
based,0.9740
dimensional caused,0.9735
framework,0.9755
corresponding,0.9714
dimensional,0.9783
training,0.9706
problem,0.9702
reinforcement,0.9727
ability,0.9706
classification,1.0000
task,0.9709
classified,0.9715
condition,0.9700
advantage,0.9712
testing,0.9720
case labeled training,0.9709
transfer,0.9737
task,0.9732
labeled,0.9759
training,0.9706
similarity,0.9746
method,0.9793
meta,0.9766
sampling,0.9746
bearing per,0.9713
thus testing,0.9728
problem,0.9702
testing,0.9763
solution,0.9740
process,0.9719
bearing sampling,0.9731
multi,0.9774
instead traditional,0.9719
method nanjing,0.9754
transfer learning,0.9757
meta learning,1.0000
parameter learning,0.9767
ph similar,0.9715
needing model,0.9751
task,0.9709
model specifically,0.9744
model needing,0.9750
model considered,0.9717
model,0.9760
based,0.9711
model motivated,0.9761
ph similar,0.9715
transfer,0.9737
task,0.9732
understanding,0.9711
algorithm approx,0.9701
training,0.9706
interest,0.9730
model specifically,0.9756
model needing,0.9732
considered,0.9732
algorithm seem,0.9723
method,0.9793
model considered,0.9738
population task,0.9743
approach,0.9710
model,0.9710
structural,0.9775
problem,0.9702
development model motivated,0.9730
require,0.9728
based,0.9740
model motivated,0.9746
problems,0.9714
process,0.9719
phenomenon whose,0.9719
difficult,0.9709
neural,0.9757
element model,0.9704
mo use model,0.9704
algorithm model,0.9759
work model,0.9708
data model,0.9781
scar data model,0.9706
development model,0.9760
transfer learning,0.9757
dynamic learning,0.9763
model,0.9760
ph utilize metal,0.9713
comparison,0.9779
typically,0.9702
connection,0.9704
observation,0.9740
validity,0.9762
using,0.9718
method,0.9793
energy,0.9705
approach,0.9710
model,0.9710
flex,0.9718
requires,0.9727
analysis,0.9723
ph utilize metal,0.9704
comparison extreme,0.9716
solution,0.9740
understanding,0.9711
demonstrates,0.9703
routinely,0.9723
licence,0.9701
assumption,0.9770
magnetic,0.9718
comparison,0.9816
method flex,0.9756
simulation,0.9750
typically,0.9705
allowing,0.9746
connection,0.9741
utilize,0.9766
application,0.9766
neural,0.9757
magnetic model,0.9753
model,0.9760
system,0.9731
descent,0.9731
method,0.9793
meta,0.9766
sampling,0.9746
hydrogen,0.9727
optic,0.9717
model,0.9710
opt quantum,0.9734
motivated hybrid quantum,0.9702
size,0.9700
evolutionary algorithm ground,0.9744
quantum,0.9719
problem,0.9702
system,0.9714
helium,0.9744
state model,0.9703
ground state model,0.9784
state model,0.9813
task,0.9709
pattern,0.9725
model,0.9760
based deep,0.9701
based,0.9711
module,0.9702
learning proposed small,0.9709
crucial,0.9753
mechanism,0.9777
deep neural,0.9743
task,0.9732
method called,0.9706
reducing,0.9707
labeled,0.9759
training,0.9706
similarity,0.9746
restrict,0.9758
method,0.9793
pattern,0.9783
model,0.9710
importance,0.9708
residual,0.9764
model dependence,0.9721
mechanism module,0.9736
based deep,0.9713
based,0.9740
dependence,0.9742
degradation,0.9718
module,0.9760
neural,0.9757
risk model,0.9777
current detection model,0.9700
detection model,0.9760
opt model,0.9705
metric learning,0.9741
ability,0.9706
classification,1.0000
model finally,0.9708
task,0.9709
case utilized prediction,0.9713
task oriented,0.9705
model,0.9760
condition,0.9700
based deep,0.9701
system,0.9731
based,0.9711
decision,0.9717
task,0.9732
method based,0.9701
training,0.9706
case utilized prediction,0.9771
oriented,0.9762
method,0.9793
task oriented,0.9749
analyzing,0.9721
input,0.9716
model,0.9710
prediction,0.9808
initial,0.9701
structural,0.9775
utilized prediction,0.9732
monitoring,0.9724
based deep,0.9713
case utilized,0.9715
system,0.9714
compared,0.9725
based,0.9740
multi,0.9774
definition,0.9750
corresponding,0.9714
prediction metal,0.9737
ins prediction metal,0.9711
parameter collected model,0.9715
task oriented model,0.9808
method learning,0.9784
structure learning,0.9775
deep learning learning,0.9727
task,0.9709
model,0.9760
model first,0.9701
system,0.9731
leverage,0.9704
based,0.9711
task recommend,0.9728
preference,0.9754
crucial task recommend,0.9726
crucial,0.9753
transfer,0.9737
mechanism,0.9777
task,0.9732
meta extensive,0.9702
prediction crucial,0.9717
meta,0.9766
system con,0.9732
furthermore,0.9701
model het,0.9702
model,0.9710
model reduces,0.9713
prediction,0.9808
capture,0.9703
experiment,0.9701
problem,0.9702
system,0.9714
leverage,0.9770
based,0.9740
preference,0.9708
licence,0.9701
leverage historical,0.9723
prediction metal,0.9737
prediction model,0.9710
prediction model,0.9729
problem model,0.9743
task,0.9709
due data,0.9751
including data,0.9712
including data fundamental,0.9705
model,0.9760
system,0.9731
based,0.9711
task,0.9732
data fundamental,0.9741
reducing,0.9707
based metal,0.9717
method,0.9793
meta,0.9766
method aerospace,0.9792
including data fundamental,0.9715
focus,0.9740
model,0.9710
size,0.9700
initial,0.9701
experiment,0.9701
problem,0.9702
system,0.9714
fusion,0.9739
based,0.9740
tackle,0.9713
difficult,0.9709
method metal,0.9711
fundamental,0.9742
data learning,0.9768
meta learning,1.0000
classification,1.0000
task,0.9709
system rely,0.9705
model,0.9760
resulted meta top,0.9727
system,0.9731
task recommend,0.9728
among task,0.9723
characteristic,0.9725
transfer,0.9737
boost,0.9739
task,0.9732
solution focus,0.9746
uneven,0.9718
core tactic,0.9706
system rely,0.9765
core,0.9722
derived,0.9719
system widely,0.9754
meta,0.9766
context,0.9710
accurately,0.9702
varies,0.9721
em layer,0.9710
focus,0.9740
input,0.9716
model,0.9710
capture,0.9703
tactic,0.9753
experiment,0.9701
system,0.9714
multiple,0.9713
system rely recommend,0.9711
solution,0.9740
instead implementing,0.9742
neglect,0.9706
multi,0.9774
implementing,0.9724
rely,0.9709
flexible,0.9744
consumption,0.9700
limitation,0.9726
practical model,0.9778
meta learning,1.0000
ac meta learning,0.9733
multi learning,0.9757
task,0.9709
choice,0.9764
position,0.9711
bias,0.9723
especially cot task,0.9719
additionally training,0.9720
correction,0.9741
type,0.9710
trail bias,0.9740
system,0.9731
recommendation,0.9700
using,0.9718
largest,0.9705
task,0.9732
bias,0.9780
filter,0.9780
training,0.9706
significant,0.9708
correction,0.9721
type,0.9749
rooted,0.9751
system sf recommendation,0.9714
sequence,0.9712
di regular mit,0.9714
unified multi,0.9711
system,0.9714
tackle,0.9713
multiple,0.9713
multi,0.9774
framework,0.9755
recommendation,0.9744
bias additionally training,0.9705
weight,0.9702
multi learning,0.9757
task,0.9709
category,0.9777
model,0.9760
category adopting ai,0.9753
condition,0.9700
system,0.9731
based,0.9711
category adopting,0.9774
diagnosis,0.9738
analysis,0.9723
task,0.9732
directly,0.9718
labeled,0.9759
training,0.9706
operating,0.9702
category,0.9753
method,0.9793
fault diagnosis,0.9701
validation,0.9739
setting,0.9718
ai fed,0.9705
application,0.9766
significantly,0.9725
approach,0.9710
model,0.9710
capability,0.9705
problem directly,0.9718
problem,0.9702
system,0.9714
based,0.9740
category adopting,0.9715
process,0.9719
ai significantly,0.9702
framework,0.9755
system adaptation model,0.9717
system adaptation model,0.9760
stability learning,0.9737
ability,0.9706
model,0.9760
based,0.9711
considering issue,0.9727
performance cross,0.9707
diagnosis,0.9738
simulation,0.9750
based metal,0.9717
training,0.9706
process considering,0.9727
meta,0.9766
deep detection metal,0.9701
generation,0.9730
forensic,0.9711
combining,0.9738
model,0.9710
algorithm diagnosis,0.9708
extraction,0.9750
demonstrates,0.9703
experiment,0.9701
problem,0.9702
based,0.9740
performance cross,0.9719
process,0.9719
multi,0.9774
framework,0.9755
compression,0.9821
difficult,0.9709
frequency,0.9763
weight,0.9702
including weak,0.9706
model,0.9760
condition,0.9700
factor,0.9727
system,0.9731
based,0.9711
flow,0.9768
problem lead,0.9705
coupling,0.9795
diverse,0.9721
method,0.9793
meta,0.9766
spat model,0.9705
model,0.9710
problem novel,0.9710
extraction,0.9750
consideration,0.9731
prediction,0.9808
grain,0.9723
experiment,0.9701
problem,0.9702
factor,0.9740
system,0.9714
based,0.9740
collaborative model,0.9713
forecast learning,0.9752
model,0.9760
scar labeled data,0.9714
model focusing,0.9754
feedback,0.9738
problem directly fine,0.9714
using,0.9718
transfer,0.9737
mechanism,0.9777
directly,0.9718
labeled,0.9759
variation scar labeled,0.9731
method,0.9793
meta,0.9766
semi learning,0.9761
comparable,0.9719
model,0.9710
facilitate,0.9725
problem directly,0.9718
experiment,0.9701
problem,0.9702
facial,0.9740
model focusing,0.9744
data large,0.9713
feedback,0.9779
alignment model,0.9725
meta learning,1.0000
learning task,1.0000
separate learning task,0.9701
semi learning task,0.9716
classification,1.0000
task,0.9709
bias,0.9723
data containing,0.9715
data specifically seeing,0.9703
based,0.9711
task learned weight,0.9704
characteristic,0.9725
method multiple,0.9707
analysis,0.9723
deep neural,0.9743
task,0.9732
directly,0.9718
bias,0.9780
based intrinsic,0.9713
biased,0.9763
training,0.9706
method,0.9793
meta,0.9766
semi learning,0.9761
significant,0.9708
measurement,0.9807
relatively,0.9704
method achieving,0.9724
input,0.9716
characteristic investigated,0.9760
extraction,0.9750
capability,0.9705
however require,0.9708
experiment,0.9701
problem,0.9702
require,0.9728
based,0.9740
method popularly,0.9720
multiple,0.9713
proper,0.9716
neural,0.9757
dependent,0.9760
weight,0.9702
meta learning,1.0000
deep learning learning,0.9727
task,0.9709
specific,0.9720
task specific,0.9750
limit,0.9728
system,0.9731
observation,0.9740
task,0.9732
specific,0.9773
influenced,0.9702
task specific,0.9724
training,0.9706
limit,0.9739
considered,0.9732
method,0.9793
neighbor,0.9701
meta,0.9766
transition,0.9810
application,0.9766
conditioned,0.9709
approach,0.9710
substantially,0.9701
experiment,0.9701
modeled,0.9745
problem,0.9702
system,0.9714
method substantially,0.9776
multiple,0.9713
multi,0.9774
reinforcement,0.9727
comparison,0.9779
conditioning,0.9716
model,0.9760
based,0.9711
observation,0.9740
analysis,0.9723
kernel,0.9734
comparison,0.9816
insight,0.9762
training,0.9706
precisely approach,0.9712
equivalent comparison two,0.9711
meta,0.9766
conditioning,0.9747
effectively,0.9727
memory,0.9722
significantly,0.9725
approach,0.9710
model,0.9710
sequence,0.9712
size,0.9700
prediction,0.9808
capture,0.9703
problem,0.9702
topic computer,0.9701
regime,0.9733
based,0.9740
regression,1.0000
precisely approach based,0.9727
predicting,0.9774
process,0.9719
dimensional,0.9783
equivalent comparison,0.9730
rely,0.9709
transforming,0.9713
movement,0.9751
model training model,0.9706
variable model,0.9724
function model,0.9877
meta learning,1.0000
state meta learning,0.9727
bias,0.9723
processing,0.9724
exploit novel,0.9716
model,0.9760
superiority rai,0.9711
based,0.9711
module,0.9702
observation,0.9740
mechanism,0.9777
boost,0.9739
approach previous,0.9714
bias,0.9780
filter,0.9780
training,0.9706
processing,0.9798
forge,0.9702
branch,0.9721
particular,0.9707
method,0.9793
meta,0.9766
usage,0.9720
exploit novel,0.9705
problem rai devised,0.9708
manipulation,0.9702
effectively,0.9727
focus,0.9740
method respectively,0.9721
forensic,0.9711
approach,0.9710
model,0.9710
importance,0.9708
experiment,0.9701
problem,0.9702
based,0.9740
facial,0.9740
module,0.9760
weight,0.9702
task,0.9709
calculation,0.9750
model,0.9760
condition,0.9700
based,0.9711
framework focusing,0.9708
function developed,0.9722
using,0.9718
task,0.9732
calculation,0.9770
diverse,0.9721
performance reinforcement,0.9712
based metal,0.9717
training,0.9706
important,0.9712
method,0.9793
meta,0.9766
measurement,0.9807
significantly,0.9725
model,0.9710
suppress,0.9738
initial,0.9701
experiment,0.9701
contrast,0.9753
utilize,0.9766
problem,0.9702
based,0.9740
licence,0.9701
framework,0.9755
case contrast,0.9718
framework focusing,0.9711
data reinforcement,0.9733
reinforcement,0.9727
model meta,0.9718
opt model,0.9705
model meta,0.9711
general learning,0.9729
novel meta learning,0.9764
meta learning,1.0000
deep learning learning,0.9727
task,0.9709
specific,0.9720
model,0.9760
requirement,0.9703
system,0.9731
recommendation,0.9700
boost,0.9739
task,0.9732
specific,0.9773
method,0.9793
model,0.9710
requirement,0.9742
experiment,0.9701
system,0.9714
method rely,0.9750
assumption,0.9770
rely,0.9709
recommendation,0.9744
neural,0.9757
representative metal model,0.9702
translation learning,0.9729
recommendation learning,0.9743
network learning,0.9773
ability,0.9706
task,0.9709
model,0.9760
system,0.9731
based single,0.9708
based,0.9711
validity,0.9762
process sharing,0.9702
using,0.9718
mechanism,0.9777
task,0.9732
training,0.9706
effectively solving,0.9710
exchange,0.9728
method,0.9793
meta,0.9766
activation,0.9733
method adopt,0.9735
vale activation,0.9778
effectively,0.9727
control using,0.9701
model,0.9710
sequence,0.9712
mechanism effectively,0.9733
capture,0.9703
problem,0.9702
system,0.9714
fusion,0.9739
based,0.9740
process,0.9719
multi,0.9774
learning model,0.9744
meta learning,1.0000
meta bi learning,0.9791
multi learning,0.9757
leverage,0.9704
data utilizing,0.9723
using,0.9718
crucial,0.9753
imaging,0.9774
analysis,0.9723
utilizing,0.9730
simulation,0.9750
training,0.9706
compare,0.9728
method,0.9793
additionally compare,0.9731
encoding,0.9757
furthermore,0.9701
application,0.9766
furthermore leverage,0.9728
approach,0.9710
enabling,0.9755
showcase,0.9717
initial,0.9701
tailored,0.9715
leverage,0.9770
multi,0.9774
utilizing coordinate,0.9744
compression,0.9821
data utilizing,0.9729
neural,0.9757
weight,0.9702
ability,0.9706
protection,0.9734
model,0.9760
ability radio,0.9727
system,0.9731
based,0.9711
power,0.9723
setting,0.9718
protection,0.9704
model,0.9710
device,0.9735
trade sensor,0.9708
showcase,0.9717
experiment,0.9701
sensor,0.9742
ability radio,0.9702
system,0.9714
compared,0.9725
based,0.9740
multiple,0.9713
framework,0.9755
frequency,0.9763
consumption,0.9700
state model,0.9703
sensor data model,0.9761
distribution model,0.9805
data model,0.9781
fashion use model,0.9713
state model,0.9813
social effect learning,0.9735
model,0.9760
system,0.9731
power,0.9723
energy,0.9705
deep neural,0.9743
operation,0.9725
method,0.9793
method fuse,0.9758
generation,0.9730
significant,0.9708
application,0.9766
approach,0.9710
model,0.9710
commonly,0.9730
prediction,0.9808
contrast,0.9753
system,0.9714
fusion,0.9739
multi,0.9774
neural,0.9757
deep learning model,0.9706
learning model,0.9744
data deep learning,0.9731
network learning,0.9773
model,0.9760
addressing,0.9701
using,0.9718
compared,0.9725
method,0.9793
require,0.9728
model furthermore,0.9746
meta,0.9766
model,0.9710
addressing,0.9752
motivation,0.9761
evident,0.9754
multi,0.9774
prediction,0.9808
framework,0.9755
useful,0.9749
difficult,0.9709
labeled,0.9759
furthermore,0.9701
problem,0.9702
framework addressing,0.9713
application,0.9766
meta model,0.9743
meta model furthermore,0.9703
meta model,1.0000
data model,0.9781
task,0.9709
expertise,0.9733
model,0.9760
particularly efficiency,0.9717
based,0.9711
recommendation,0.9700
task,0.9732
na approach,0.9710
typical reinforcement,0.9742
directly,0.9718
expertise,0.9715
based metal,0.9717
specifically design neural,0.9713
meta,0.9766
inherently,0.9713
particularly,0.9703
significant,0.9708
approach,0.9710
model,0.9710
particularly efficiency,0.9733
prediction,0.9808
problem,0.9702
paradigm,0.9754
based,0.9740
retrieval,0.9759
data term,0.9764
filtering,0.9771
recommendation,0.9744
approach dubbed,0.9759
neural,0.9757
reinforcement,0.9727
network model,0.9766
category,0.9777
limit,0.9728
model,0.9760
testing,0.9720
module,0.9702
category ft,0.9742
using,0.9718
transformation,0.9793
transform,0.9777
transforms,0.9769
labeled,0.9759
training,0.9706
category,0.9753
limit,0.9739
particular,0.9707
method,0.9793
method ones,0.9738
inference,0.9787
setting,0.9718
cutting,0.9773
application,0.9766
model,0.9710
model cutting,0.9740
semantic,0.9805
experiment,0.9701
testing,0.9763
process,0.9719
module,0.9760
category ft,0.9715
