Word,Similarity
deep data,0.9726
distance,0.9712
cross performance,0.9734
system,0.9731
testing,0.9720
phase,0.9702
lever domain,0.9738
training,0.9706
framework deep,0.9702
forge,0.9702
sigma integrate,0.9707
particular,0.9707
method,0.9793
meta,0.9766
lever,0.9737
weighted,0.9760
instead extract,0.9755
distance,0.9723
forensic,0.9711
standard,0.9735
particular cross,0.9702
experiment,0.9701
system,0.9714
multiple,0.9713
testing,0.9763
sigma,0.9703
phase,0.9749
framework,0.9755
weight,0.9702
domain knowledge,0.9718
method knowledge,0.9715
meta learning,1.0000
performance learning,0.9715
classification,1.0000
task,0.9709
bias,0.9723
effective classification,0.9776
classification mal family,0.9745
mal classification,0.9705
typically,0.9702
model,0.9760
coding,0.9744
model highly,0.9747
classify,0.9730
system,0.9731
classification mal,0.9858
using,0.9718
flow,0.9768
task,0.9732
bias,0.9780
training,0.9706
ns learning,0.9708
novel task siam,0.9701
method,0.9793
sampling,0.9746
accurately,0.9702
typically,0.9705
adjust,0.9750
input,0.9716
approach,0.9710
model,0.9710
method classify mal,0.9723
coding,0.9793
model highly,0.9746
method classify,0.9774
classify,0.9775
system,0.9714
compared,0.9725
resulting,0.9707
recognizing,0.9709
neural,0.9757
associated model,0.9703
image feature model,0.9758
associated model,0.9834
information learning,0.9783
ability,0.9706
task,0.9709
gap,0.9707
model,0.9760
system,0.9731
decision,0.9717
task,0.9732
directly,0.9718
interest,0.9730
framework deep,0.9702
natural,0.9713
method,0.9793
meta,0.9766
deco reasoning,0.9712
model,0.9710
initial,0.9701
problem,0.9702
system,0.9714
tackle,0.9713
multi,0.9774
licence,0.9701
retrieval,0.9759
framework,0.9755
allowing,0.9746
reinforcement,0.9727
reasoning knowledge,0.9742
baseline model,0.9820
problem evaluated model,0.9701
state baseline model,0.9783
meta learning,1.0000
deep learning learning,0.9727
task,0.9709
analyzed,0.9709
core model,0.9722
including scale,0.9736
method including scale,0.9729
type,0.9710
model,0.9760
advantage,0.9712
perspective,0.9721
based,0.9711
characteristic,0.9725
aspect,0.9724
summarized,0.9736
method summarized,0.9713
analysis,0.9723
task,0.9732
analyzed,0.9764
core model,0.9710
including scale,0.9748
core,0.9722
method,0.9793
meta,0.9766
method including scale,0.9731
method including,0.9733
model characteristic,0.9772
scale,0.9712
application,0.9766
type,0.9749
analyze,0.9748
model,0.9710
importance,0.9708
model core,0.9742
perspective model core,0.9710
perspective,0.9766
problem,0.9702
method meta,0.9718
based,0.9740
solution,0.9740
difficult,0.9709
corresponding,0.9714
perspective model,0.9748
method model,0.9716
method perspective model,0.9744
perspective model,0.9832
aspect model,0.9811
method model,0.9801
method perspective model,0.9794
perspective model core,0.9716
model core model,0.9713
meta learning,1.0000
method meta learning,0.9738
scale learning,0.9780
type,0.9710
model,0.9760
system,0.9731
based,0.9711
using,0.9718
prediction critical,0.9741
training,0.9706
meta,0.9766
particularly,0.9703
type,0.9749
approach,0.9710
model,0.9710
requires,0.9727
horizon,0.9712
prediction,0.9808
standard,0.9735
minimal,0.9707
system,0.9714
based,0.9740
diabetes,0.9715
pan,0.9727
deep learning model,0.9706
learning based model,0.9727
model population model,0.9717
learning model,0.9744
population model,0.9737
meta learning,1.0000
deep learning learning,0.9727
task,0.9709
comparison,0.9779
advantage design,0.9701
model,0.9760
advantage,0.9712
perspective,0.9721
system,0.9731
based,0.9711
aspect,0.9724
decision,0.9717
mechanism,0.9777
analysis,0.9723
task,0.9732
namely meta,0.9718
comparison,0.9816
model decision,0.9717
heating,0.9708
particular,0.9707
method,0.9793
meta,0.9766
inference,0.9787
split,0.9712
advantage design,0.9718
focus,0.9740
model,0.9710
sequence,0.9712
prediction,0.9808
analysis show,0.9716
experiment,0.9701
perspective,0.9766
system,0.9714
based,0.9740
process,0.9719
framework,0.9755
comparison interpret,0.9700
behavioral,0.9731
neural,0.9757
decision model,0.9743
behavior learning task,0.9752
learning task,1.0000
ability,0.9706
model,0.9760
task,0.9709
bias,0.9723
research propose key,0.9704
meta,0.9766
reveal,0.9714
model,0.9710
opt meta,0.9724
task,0.9732
process,0.9719
bias,0.9780
behavior,0.9766
capture,0.9703
meta hierarchical model,0.9779
hierarchical model,0.9815
efficient learning,0.9704
behavior learning,0.9837
learning task,1.0000
task,0.9709
method,0.9793
theory constrained,0.9700
approach,0.9710
high data paper,0.9719
constrained,0.9744
method bile,0.9774
task,0.9732
data large,0.9713
experiment,0.9701
dimensional,0.9783
problem,0.9702
descent,0.9731
hyper,0.9739
data large learning,0.9711
learning process task,0.9802
category may,0.9717
task,0.9709
category,0.9777
model,0.9760
superiority proposed method,0.9725
task seen,0.9701
system,0.9731
leverage,0.9704
based,0.9711
superiority proposed,0.9754
using,0.9718
task,0.9732
directly,0.9718
method called,0.9706
catastrophic,0.9715
training,0.9706
category,0.9753
sample whose,0.9735
using meta,0.9719
method,0.9793
however method,0.9717
meta,0.9766
flex,0.9718
accordingly paper,0.9707
setting,0.9718
method tackle,0.9769
approach,0.9710
model,0.9710
framework leverage,0.9723
standard,0.9735
experiment,0.9701
task seen,0.9712
system,0.9714
require,0.9728
leverage,0.9770
based,0.9740
tackle,0.9713
process,0.9719
recognizing,0.9709
framework,0.9755
method metal,0.9711
limitation,0.9726
task model,0.9716
task model,0.9833
process task model,0.9757
method learning,0.9784
classification,1.0000
category,0.9777
influence,0.9730
category proposed,0.9746
recognizable noisy label,0.9709
system,0.9731
classification long,0.9739
problem able,0.9739
method tend,0.9733
deep neural,0.9743
adjusting,0.9748
training,0.9706
category,0.9753
method,0.9793
meta,0.9766
frequent,0.9706
synthetic,0.9750
influence,0.9709
adjust,0.9750
focus,0.9740
problem,0.9702
reporting,0.9705
plagued,0.9719
system,0.9714
curriculum,0.9729
resulting,0.9707
process,0.9719
neural,0.9757
weight,0.9702
category proposed method,0.9705
meta feature,0.9809
network learning,0.9773
classification,1.0000
task,0.9709
class since classification,0.9728
importantly,0.9706
processing,0.9724
task cross,0.9736
classified,0.9715
classification task cross,0.9739
model,0.9760
classification task,0.9741
system,0.9731
since classification task,0.9747
especially testing,0.9705
testing,0.9720
module,0.9702
task,0.9732
transform,0.9777
importantly,0.9740
training,0.9706
processing,0.9798
pseudo,0.9712
method,0.9793
meta,0.9766
sampling,0.9746
struggle,0.9716
learning paradigm,0.9745
task cross,0.9706
setting,0.9718
model induce,0.9734
model,0.9710
experiment,0.9701
prosperity,0.9740
problem,0.9702
paradigm,0.9754
due prosperity,0.9703
system,0.9714
overcome,0.9707
testing,0.9763
process,0.9719
module,0.9760
retrieval,0.9759
viewpoint,0.9750
consumption,0.9700
general model,0.9804
meta cm model,0.9904
classification,1.0000
cal problem,0.9713
achieved classification,0.9795
model,0.9760
interface,0.9704
system,0.9731
subject,0.9709
pathway,0.9726
using,0.9718
transfer,0.9737
cal problem,0.9714
application labelled,0.9750
response,0.9741
paradigm tested,0.9709
labelled,0.9705
method subject,0.9734
method,0.9793
meta,0.9766
semi learning,0.9761
significant,0.9708
method subject cal,0.9709
application,0.9766
termed,0.9753
model,0.9710
device,0.9735
bc paradigm tested,0.9713
interface,0.9765
problem,0.9702
paradigm,0.9754
system,0.9714
subject,0.9760
bc application labelled,0.9710
method metal,0.9711
model meta,0.9718
model meta,0.9711
transfer learning,0.9757
meta learning,1.0000
semi meta learning,0.9703
system learning,0.9838
learning task,1.0000
task,0.9709
specific,0.9720
processing,0.9724
model,0.9760
system,0.9731
based,0.9711
phase,0.9702
superiority meta method,0.9739
decision,0.9717
mechanism,0.9777
analysis,0.9723
task,0.9732
specific,0.9773
training,0.9706
framework rather,0.9717
natural,0.9713
processing,0.9798
method,0.9793
meta,0.9766
sampling,0.9746
system multi,0.9713
method effectively,0.9706
method including,0.9733
effectively,0.9727
method reinforcement,0.9705
approach,0.9710
model,0.9710
contrast,0.9753
system,0.9714
based,0.9740
multiple,0.9713
system contrast,0.9765
process,0.9719
multi,0.9774
phase,0.9749
framework,0.9755
method multi,0.9735
reinforcement,0.9727
model meta,0.9718
model meta,0.9711
image learning,0.9742
meta learning,1.0000
system,0.9731
subject,0.9709
state method bench,0.9713
understanding,0.9711
method predominantly,0.9713
biased,0.9763
training,0.9706
method,0.9793
meta,0.9766
frequent,0.9706
generation,0.9730
focus,0.9740
analyze,0.9748
approach,0.9710
semantic,0.9805
method bench,0.9776
experiment,0.9701
problem,0.9702
system,0.9714
resulting,0.9707
multi,0.9774
subject,0.9760
recognizing,0.9709
framework,0.9755
frequency,0.9763
limitation,0.9726
descent warp remarkable,0.9711
task,0.9709
specific,0.9720
modulation,0.9716
model,0.9760
system,0.9731
ultimately extensive experiment,0.9704
based,0.9711
characteristic,0.9725
momentum,0.9736
descent warp remarkable,0.9727
warp remarkable,0.9707
task,0.9732
problem effectively use,0.9703
transformation,0.9793
specific,0.9773
descent,0.9731
warp,0.9745
method,0.9793
geometric,0.9713
setting,0.9718
significant,0.9708
effectively,0.9727
furthermore,0.9701
memory,0.9722
modulation,0.9782
model,0.9710
problem effectively,0.9743
initial,0.9701
experiment,0.9701
warped,0.9704
problem,0.9702
system,0.9714
based,0.9740
difficult,0.9709
method metal,0.9711
transforming,0.9713
method learning,0.9784
gradient learning,0.9790
task,0.9709
processing,0.9724
model,0.9760
task however,0.9701
system,0.9731
using,0.9718
task,0.9732
data fine,0.9731
transform,0.9777
vocabulary,0.9772
response,0.9741
spanning,0.9727
similarity,0.9746
natural,0.9713
processing,0.9798
generation,0.9730
significant,0.9708
model employ,0.9717
application,0.9766
input,0.9716
approach,0.9710
model,0.9710
semantic,0.9805
initial,0.9701
system,0.9714
rarely,0.9710
compared,0.9725
response generation model,0.9765
deep learning model,0.9706
language generation model,0.9743
learning model,0.9744
deep learning learning,0.9727
base category however,0.9742
task,0.9709
approach significantly,0.9705
category,0.9777
processing,0.9724
influence,0.9730
category however,0.9752
type,0.9710
category prior,0.9757
novel abundant base,0.9726
compensate,0.9740
removing,0.9731
task,0.9732
directly,0.9718
approach significantly,0.9781
category,0.9753
processing,0.9798
method,0.9793
method effectively,0.9706
significant,0.9708
influence,0.9709
effectively,0.9727
type,0.9749
significantly,0.9725
approach,0.9710
semantic,0.9805
problem,0.9702
proposal,0.9717
category prior,0.9717
incorporating,0.9746
coco,0.9720
novel abundant base,0.9704
framework,0.9755
weight,0.9702
scenario learning,0.9774
task,0.9709
influencing,0.9720
type,0.9710
model,0.9760
requirement,0.9703
coding,0.9744
condition,0.9700
factor,0.9727
characteristic,0.9725
transfer,0.9737
mechanism,0.9777
task,0.9732
due complex,0.9723
influencing,0.9734
transferring,0.9727
simulation,0.9750
operating,0.9702
assessment,0.9766
method,0.9793
context,0.9710
proposed learning,0.9701
application,0.9766
type,0.9749
combining,0.9738
model,0.9710
requirement,0.9742
coding,0.9793
capture,0.9703
problem,0.9702
method designed,0.9709
factor,0.9740
framework,0.9755
flexible,0.9744
neural,0.9757
numerical model,0.9727
learning numerical model,0.9705
network learning,0.9773
pattern,0.9725
typically,0.9702
factor,0.9727
based,0.9711
using,0.9718
transform,0.9777
training,0.9706
devi memory,0.9727
method,0.9793
meta,0.9766
inquiry,0.9730
method achieve,0.9722
pattern,0.9783
particularly,0.9703
due motion environmental,0.9752
component using,0.9737
typically,0.9705
memory,0.9722
comparable,0.9719
dense,0.9733
due motion,0.9735
factor,0.9740
resulting,0.9707
based,0.9740
multiple,0.9713
framework,0.9755
difficult,0.9709
implementing,0.9724
rely,0.9709
viewpoint however,0.9715
task,0.9709
regardless,0.9709
considered alleviate challenge,0.9703
alleviate challenge restricted,0.9711
based,0.9711
analysis,0.9723
task,0.9732
ib method,0.9705
viewing,0.9724
data metal,0.9750
empirical,0.9751
considered,0.9732
method,0.9793
opt optimization,0.9709
scala,0.9734
furthermore,0.9701
approach,0.9710
precision,0.9771
method broad,0.9744
relies gradient,0.9704
algorithm bay,0.9717
issue scala,0.9708
problem,0.9702
based,0.9740
data broad,0.9711
ib method broad,0.9718
viewpoint,0.9750
ability,0.9706
classification,1.0000
task,0.9709
regardless,0.9709
scar conventional machine,0.9703
pattern,0.9725
symmetry,0.9719
advantage,0.9712
system,0.9731
identifying,0.9714
system whose,0.9720
using,0.9718
task,0.9732
intervention,0.9727
scar demonstrate,0.9712
device scar,0.9720
training,0.9706
important,0.9712
branch,0.9721
particular,0.9707
meta,0.9766
automated,0.9730
pattern,0.9783
emission,0.9718
significant,0.9708
accurately,0.9702
application,0.9766
distinguish,0.9732
symmetry,0.9764
approach,0.9710
requires,0.9727
device,0.9735
regardless symmetry underlying,0.9708
resonance,0.9718
possibility using,0.9747
standard,0.9735
system general,0.9705
quantum,0.9719
certain,0.9732
problem,0.9702
system,0.9714
identifying,0.9724
system whose,0.9725
micro,0.9712
neural,0.9757
branch ph,0.9734
meta learning,1.0000
targeting,0.9702
model,0.9760
optic decision,0.9727
system,0.9731
based,0.9711
characteristic,0.9725
decision,0.9717
vary,0.9752
analysis,0.9723
partition,0.9703
transformation,0.9793
embedded,0.9767
transform,0.9777
due decrease,0.9750
training,0.9706
flex,0.9718
integrating,0.9786
optic,0.9717
effectively,0.9727
footprint,0.9766
scale,0.9712
input,0.9716
model,0.9710
substantially,0.9701
size,0.9700
scan,0.9754
prediction,0.9808
analysis address,0.9724
capture,0.9703
experiment,0.9701
monitoring,0.9724
problem,0.9702
system,0.9714
require,0.9728
based,0.9740
extend,0.9711
process,0.9719
multi,0.9774
licence,0.9701
framework,0.9755
difficult,0.9709
pan,0.9727
societal,0.9737
limitation,0.9726
deep learning model,0.9706
learning model,0.9744
model framework,0.9712
deep learning learning,0.9727
may seam model,0.9711
superiority ultimately,0.9775
generation examine metal,0.9711
model,0.9760
producing,0.9700
using,0.9718
boost,0.9739
incorporating semantic,0.9727
understanding,0.9711
diverse,0.9721
derived,0.9719
method,0.9793
significance,0.9727
generation,0.9730
manipulation,0.9702
generation model term,0.9769
approach,0.9710
model,0.9710
semantic,0.9805
seam,0.9739
incorporating,0.9746
solution,0.9740
process,0.9719
novel self method,0.9711
model term,0.9768
semantic image,0.9702
task,0.9709
system nearest,0.9705
model,0.9760
system,0.9731
based,0.9711
analysis,0.9723
task,0.9732
transform,0.9777
transforms,0.9769
based metal,0.9717
dominating,0.9717
neighbor,0.9701
meta,0.9766
fast fourier,0.9760
memory,0.9722
significantly,0.9725
model,0.9710
efficiency term,0.9704
prediction,0.9808
capture,0.9703
initial,0.9701
based prediction,0.9740
system,0.9714
based,0.9740
multi,0.9774
framework,0.9755
frequency,0.9763
proper,0.9716
weight,0.9702
learning model,0.9744
objective show,0.9715
model,0.9760
based,0.9711
mechanism,0.9777
rule,0.9740
labeling,0.9769
insight,0.9762
empirical,0.9751
training,0.9706
method,0.9793
validation,0.9739
analyze,0.9748
approach,0.9710
model,0.9710
experiment,0.9701
problem,0.9702
proposal,0.9717
based,0.9740
tackle,0.9713
insight mechanism,0.9726
principle,0.9763
criterion,0.9747
weight,0.9702
objective learning,0.9810
problem learning,0.9733
ability,0.9706
task,0.9709
category,0.9777
pattern,0.9725
model,0.9760
based,0.9711
prediction however,0.9743
task,0.9732
embedded,0.9767
method based,0.9701
based metal,0.9717
category,0.9753
hyper,0.9739
method,0.9793
meta,0.9766
pattern,0.9783
task science,0.9720
labor experiment,0.9717
model,0.9710
commonly,0.9730
prediction,0.9808
experiment,0.9701
plagued,0.9719
compared,0.9725
based,0.9740
method embedded,0.9744
prediction however,0.9746
prediction metal,0.9737
domain knowledge,0.9718
ml model propose,0.9732
learning model,0.9744
ml model,0.9747
forecast learning,0.9752
ability,0.9706
model,0.9760
investigation,0.9721
however lack failure,0.9718
diagnosis,0.9738
labeled,0.9759
vibration,0.9700
training,0.9706
spec vibration,0.9714
important,0.9712
method,0.9793
multi con neural,0.9708
meta,0.9766
diagnostic,0.9707
fault diagnosis,0.9701
parameter autonomous,0.9727
input,0.9716
approach,0.9710
model,0.9710
extraction,0.9750
utilize,0.9766
sensor,0.9742
method dia,0.9760
degradation,0.9718
multi,0.9774
neural,0.9757
diagnostic model,0.9743
feature learning,0.9733
model,0.9760
data lower,0.9702
task,0.9709
advantage,0.9712
model,0.9710
task,0.9732
significant,0.9708
model lead,0.9708
contrary experiment,0.9707
model lead significant,0.9741
experiment,0.9701
empirical,0.9751
data model,0.9781
ability,0.9706
task,0.9709
comparison,0.9779
including problem,0.9703
detector novel,0.9706
merit,0.9719
type,0.9710
model,0.9760
perspective,0.9721
tackled recent deep,0.9704
system,0.9731
based,0.9711
class however,0.9733
transfer,0.9737
deep neural,0.9743
task,0.9732
discussion,0.9704
comparison,0.9816
survey,0.9702
labeled,0.9759
insight,0.9762
tackled,0.9716
training,0.9706
compare,0.9728
including problem,0.9742
method,0.9793
sampling,0.9746
avalanche,0.9702
flourishing,0.9725
furthermore,0.9701
type,0.9749
analyze,0.9748
model,0.9710
method contrast,0.9754
protocol,0.9751
contrast,0.9753
perspective,0.9766
problem,0.9702
system,0.9714
especially research,0.9704
based,0.9740
definition,0.9750
neural,0.9757
object knowledge,0.9747
data model,0.9781
ability learning,0.9751
network learning,0.9773
task,0.9709
task chinese,0.9704
combining,0.9738
method,0.9793
proto,0.9722
approach,0.9710
transfer,0.9737
context,0.9710
extraction,0.9750
task,0.9732
due domain,0.9734
useful,0.9749
method combining,0.9744
experiment,0.9701
encoding,0.9757
task chinese,0.9730
problem,0.9702
ability,0.9706
system,0.9731
diverse,0.9721
natural,0.9713
method,0.9793
meta,0.9766
method achieve,0.9722
experiment,0.9701
problem,0.9702
system,0.9714
recognizing,0.9709
problem metal,0.9746
method learning,0.9784
data learning,0.9768
meta learning,1.0000
ability learning,0.9751
system,0.9731
model,0.9760
model surrounding,0.9704
important,0.9712
system,0.9714
expert,0.9727
particular,0.9707
problem meta,0.9725
approach,0.9710
meta,0.9766
model,0.9710
replica,0.9745
multiple,0.9713
understanding,0.9711
lever,0.9737
prediction,0.9808
problem,0.9702
fundamental,0.9742
neural,0.9757
model surrounding,0.9735
meta learning,1.0000
system learning,0.9838
task,0.9709
validity,0.9762
organic,0.9700
analysis,0.9723
task,0.9732
labeling,0.9769
utilizing,0.9730
transferring,0.9727
cyclic,0.9809
operation,0.9725
method,0.9793
meta,0.9766
sequence,0.9712
extraction,0.9750
capability,0.9705
semi regime,0.9741
experiment,0.9701
problem,0.9702
focused,0.9710
regime,0.9733
graph con failing,0.9718
process,0.9719
framework,0.9755
neural,0.9757
method learning,0.9784
meta learning,1.0000
task meta learning,0.9774
module leverage,0.9747
leverage,0.9704
module,0.9702
decision,0.9717
problem extensive,0.9748
detect novel,0.9701
similarity,0.9746
branch,0.9721
method,0.9793
method achieve,0.9722
context,0.9710
boundary,0.9711
form wells decision,0.9716
dense,0.9733
module leverage,0.9772
capture,0.9703
experiment,0.9701
contrast,0.9753
problem,0.9702
paradigm,0.9754
proto,0.9722
leverage,0.9770
module,0.9760
licence,0.9701
dual,0.9724
neural,0.9757
classification,1.0000
task,0.9709
significantly across,0.9709
four classification task,0.9704
classification task,0.9741
significantly across scenario,0.9732
system,0.9731
based,0.9711
module,0.9702
phase,0.9702
extract trained,0.9722
task,0.9732
method based,0.9701
labeled,0.9759
training,0.9706
method,0.9793
meta,0.9766
effectively,0.9727
application,0.9766
significantly,0.9725
requires,0.9727
behavior,0.9766
effectively extracted,0.9723
experiment,0.9701
system,0.9714
resulting,0.9707
based,0.9740
module,0.9760
phase,0.9749
processed,0.9706
neural,0.9757
method learning,0.9784
based learning,0.9701
fitting best disc,0.9707
influence,0.9730
type,0.9710
model,0.9760
leverage,0.9704
power,0.9723
recommendation,0.9700
characteristic,0.9725
decision,0.9717
expert,0.9727
analysis,0.9723
particular,0.9707
anomaly,0.9749
influence,0.9709
encoding,0.9757
type,0.9749
approach,0.9710
model,0.9710
capability,0.9705
behavior,0.9766
experiment,0.9701
requiring,0.9733
focusing mit phenomenon,0.9706
leverage,0.9770
suitable,0.9746
process,0.9719
recommendation,0.9744
environment reference model,0.9714
reference model,0.9879
specific representative prototype,0.9704
specific,0.9720
based,0.9711
module,0.9702
coupling,0.9795
detect novel,0.9701
specific,0.9773
useful,0.9749
branch,0.9721
method,0.9793
method achieve,0.9722
setting,0.9718
detection per,0.9724
adjust,0.9750
treated,0.9708
strengthening,0.9735
weight,0.9702
tailored,0.9715
resulting,0.9707
coco,0.9720
based,0.9740
module,0.9760
method metal,0.9711
specific representative,0.9712
perspective,0.9721
correction,0.9741
neighbor,0.9701
integrated,0.9716
overcome,0.9707
integrating,0.9786
validation,0.9739
process,0.9719
prediction,0.9808
transform,0.9777
structural,0.9775
perspective,0.9766
correction,0.9721
proposal,0.9717
limitation,0.9726
standalone,0.9713
neighbor learning,0.9712
task,0.9709
regardless,0.9709
functional,0.9752
requirement,0.9703
system,0.9731
characteristic,0.9725
using,0.9718
analysis,0.9723
task,0.9732
functional,0.9785
meta,0.9766
split,0.9712
scala,0.9734
effectively,0.9727
furthermore,0.9701
requirement,0.9742
experiment,0.9701
system,0.9714
compared,0.9725
tailored,0.9715
framework,0.9755
reinforcement,0.9727
ability,0.9706
classification,1.0000
bias,0.9723
based system,0.9718
classification gained,0.9816
knowledge based,0.9712
type,0.9710
model,0.9760
problem utilizing,0.9718
superiority proposal,0.9721
system event classification,0.9743
system,0.9731
based,0.9711
tuning,0.9728
module,0.9702
alleviate classification,0.9840
module incorporate,0.9720
using,0.9718
incorporate,0.9737
method suffer,0.9770
utilizing,0.9730
bias,0.9780
method,0.9793
context,0.9710
generation,0.9730
focus,0.9740
type,0.9749
input,0.9716
model,0.9710
requires,0.9727
problem utilizing,0.9749
extraction,0.9750
initial,0.9701
experiment,0.9701
problem,0.9702
proposal,0.9717
system,0.9714
compared,0.9725
based,0.9740
overcome,0.9707
tuning,0.9731
ignorance,0.9703
module,0.9760
framework,0.9755
corresponding,0.9714
language model,0.9784
extraction language model,0.9756
knowledge learning,0.9820
system learning,0.9838
task,0.9709
model,0.9760
system,0.9731
model suffer,0.9715
using,0.9718
practice,0.9713
diagnosis,0.9738
analysis,0.9723
task,0.9732
bay hierarchical,0.9707
method,0.9793
demand,0.9708
beta,0.9704
inference,0.9787
encoding,0.9757
furthermore,0.9701
approach,0.9710
model,0.9710
framework beta,0.9709
improper,0.9721
system,0.9714
model suffer,0.9764
framework,0.9755
distribution indicating model,0.9747
classification,1.0000
bias,0.9723
biased due nest,0.9730
model,0.9760
based,0.9711
biased due,0.9712
early search diverse,0.9706
data dans,0.9733
bias,0.9780
diverse,0.9721
biased,0.9763
depending,0.9728
descent,0.9731
considered,0.9732
method,0.9793
relaxation metal,0.9703
input,0.9716
approach,0.9710
model,0.9710
behavior,0.9766
process biased,0.9745
problem,0.9702
data including ci,0.9707
based,0.9740
overcome,0.9707
multiple,0.9713
process,0.9719
including ci,0.9708
neural,0.9757
typically,0.9702
module,0.9702
fusion use,0.9739
specialized,0.9739
labeled,0.9759
training,0.9706
core,0.9722
exchange,0.9728
important,0.9712
branch,0.9721
method,0.9793
meta,0.9766
particularly,0.9703
setting,0.9718
typically,0.9705
application,0.9766
comparable,0.9719
requires,0.9727
extraction,0.9750
problem,0.9702
fusion,0.9739
deco multi,0.9735
suitable,0.9746
module,0.9760
multi,0.9774
recognizing,0.9709
framework,0.9755
performance author learning,0.9721
meta learning,1.0000
classification,1.0000
task,0.9709
regardless,0.9709
category,0.9777
regardless category,0.9734
performed classification branch,0.9751
model,0.9760
based,0.9711
task,0.9732
biased,0.9763
method significantly,0.9767
category,0.9753
branch,0.9721
method,0.9793
significantly,0.9725
model,0.9710
experiment,0.9701
coco,0.9720
based,0.9740
regression,1.0000
framework,0.9755
class feature,0.9708
ability,0.9706
based,0.9711
task multiple,0.9707
task,0.9709
module,0.9702
specific,0.9720
skill,0.9707
specific step,0.9739
novelty,0.9727
measurement right,0.9722
meta,0.9766
based,0.9740
multiple,0.9713
task,0.9732
module,0.9760
measurement,0.9807
framework,0.9755
specific,0.9773
simulation,0.9750
experiment,0.9701
training,0.9706
problem,0.9702
operation,0.9725
reinforcement,0.9727
meta learning,1.0000
classification,1.0000
gap,0.9707
model,0.9760
system,0.9731
identifying,0.9714
tuning,0.9728
class however,0.9733
using,0.9718
concept drift,0.9736
costly,0.9737
meta,0.9766
sampling,0.9746
drift,0.9751
approach,0.9710
model,0.9710
experiment,0.9701
process highly,0.9731
system,0.9714
identifying,0.9724
tuning,0.9731
suitable,0.9746
process,0.9719
concept drift using,0.9730
system attracts,0.9720
task leading,0.9754
task,0.9709
processing,0.9724
model,0.9760
system,0.9731
based,0.9711
testing,0.9720
design paradigm tackle,0.9702
system attracts,0.9759
transfer,0.9737
task,0.9732
classic,0.9710
training,0.9706
processing,0.9798
important,0.9712
method,0.9793
meta,0.9766
method achieve,0.9722
effectively,0.9727
domain carry,0.9714
method utilize,0.9708
model,0.9710
data ne,0.9708
tag scenario violate,0.9733
novel domain,0.9723
experiment,0.9701
utilize,0.9766
problem,0.9702
paradigm,0.9754
system,0.9714
based,0.9740
tackle,0.9713
testing,0.9763
based abundant,0.9705
principle,0.9763
procedure metal,0.9726
design paradigm,0.9704
rely,0.9709
information learning,0.9783
task,0.9709
several environment,0.9701
analyzed,0.9709
meta,0.9766
sequence,0.9712
horizon,0.9712
frequent,0.9706
task,0.9732
setting,0.9718
analyzed,0.9764
framework,0.9755
mere,0.9715
empirical,0.9751
problem,0.9702
analyzed setting,0.9710
general need prior,0.9702
particular image,0.9703
connection,0.9704
model bid,0.9703
data explain,0.9734
type,0.9710
model,0.9760
explanation,0.9728
type including,0.9719
system,0.9731
based,0.9711
using,0.9718
method reduces,0.9708
analysis,0.9723
model effectively,0.9728
diverse,0.9721
data metal,0.9750
labeled,0.9759
connection,0.9741
based metal,0.9717
operation,0.9725
particular,0.9707
method,0.9793
system long,0.9713
context,0.9710
model bid,0.9746
accurately,0.9702
data variety,0.9721
basis,0.9776
effectively,0.9727
data explain,0.9729
memory,0.9722
resolution,0.9740
bottom method reduces,0.9704
type,0.9749
approach,0.9710
model,0.9710
extraction,0.9750
effectively predicting,0.9728
explanation,0.9754
problem,0.9702
type including,0.9735
system,0.9714
compared,0.9725
based,0.9740
solution,0.9740
predicting,0.9774
multi,0.9774
licence,0.9701
problem metal,0.9746
limitation,0.9726
learning model,0.9744
method learning,0.9784
data learning,0.9768
object metal,0.9700
system subsequently reasoning,0.9736
model,0.9760
system,0.9731
recommendation,0.9700
incorporate,0.9737
method incorporate,0.9740
training,0.9706
method,0.9793
meta,0.9766
sampling,0.9746
system subsequently reasoning,0.9729
deficiency,0.9765
inherently,0.9713
inference,0.9787
setting,0.9718
application,0.9766
approach,0.9710
model,0.9710
semantic,0.9805
experiment,0.9701
system,0.9714
require,0.9728
difficult,0.9709
recommendation,0.9744
neural,0.9757
reasoning knowledge,0.9742
graph learning,0.9700
data learning,0.9768
ability,0.9706
task,0.9709
category,0.9777
processing,0.9724
progress using,0.9753
distance,0.9712
task significance,0.9774
model,0.9760
system,0.9731
task significance cable,0.9746
based,0.9711
significant progress using,0.9705
using,0.9718
sample around,0.9708
analysis,0.9723
task,0.9732
meta utilized,0.9730
directly,0.9718
training,0.9706
response,0.9741
core,0.9722
similarity,0.9746
category,0.9753
processing,0.9798
orientation,0.9730
data including concrete,0.9707
significance,0.9727
meta,0.9766
sampling,0.9746
learning paradigm,0.9745
generation,0.9730
synthetic,0.9750
significant,0.9708
progress using,0.9702
distance,0.9723
task significance,0.9722
model,0.9710
cluster synthetic,0.9719
task metal paradigm,0.9708
semantic,0.9805
paradigm using,0.9712
structural,0.9775
paradigm,0.9754
instead random,0.9727
system,0.9714
task significance cable,0.9709
based,0.9740
necessity,0.9718
multi,0.9774
fatigue,0.9719
framework,0.9755
dual,0.9724
semantic segment model,0.9717
deep learning learning,0.9727
classification,1.0000
task,0.9709
although deep learning,0.9713
type,0.9710
model,0.9760
task paper,0.9708
condition,0.9700
system,0.9731
using,0.9718
task,0.9732
method called,0.9706
va using,0.9707
series anomaly,0.9724
method,0.9793
anomaly effective,0.9727
anomaly,0.9749
data tend,0.9713
method achieving,0.9724
encoding,0.9757
type,0.9749
data critical,0.9738
model,0.9710
device,0.9735
prediction,0.9808
experiment,0.9701
problem,0.9702
sensor,0.9742
system,0.9714
compared,0.9725
deep learning model,0.9706
effective model,0.9791
anomaly effective model,0.9736
learning model,0.9744
detection model,0.9760
deep learning learning,0.9727
task,0.9709
database however,0.9709
system,0.9731
identifying,0.9714
based,0.9711
module,0.9702
synthesized forge,0.9706
boost,0.9739
task,0.9732
training,0.9706
forge,0.9702
method,0.9793
meta,0.9766
method including,0.9733
application,0.9766
requires,0.9727
prediction,0.9808
experiment,0.9701
system,0.9714
identifying,0.9724
based,0.9740
facial,0.9740
technique dubbed,0.9723
module,0.9760
method ac,0.9713
meta learning,1.0000
system learning,0.9838
however certain limit,0.9709
task,0.9709
bias,0.9723
limit,0.9728
regulation,0.9747
ms utilize labeled,0.9715
model,0.9760
selection indo,0.9731
system,0.9731
balancing,0.9712
aspect,0.9724
analysis,0.9723
system propose,0.9716
task,0.9732
utilizing,0.9730
bias,0.9780
pseudo generation,0.9758
labeled,0.9759
limit,0.9739
pseudo,0.9712
method,0.9793
meta,0.9766
utilize labeled,0.9702
generation,0.9730
ms utilize labeled,0.9700
focus,0.9740
portable,0.9747
comparable,0.9719
model,0.9710
selection indo,0.9729
experiment,0.9701
certain,0.9732
utilize,0.9766
method meta,0.9718
system,0.9714
sentiment,0.9714
multi,0.9774
indo,0.9705
sub learning,0.9721
balancing,0.9766
neural,0.9757
weight,0.9702
domain knowledge,0.9718
state model,0.9703
result state model,0.9785
general model,0.9804
state model,0.9813
meta learning,1.0000
multi learning,0.9757
including deep reinforcement,0.9706
judgment,0.9727
condition,0.9700
advantage,0.9712
weakness,0.9721
system,0.9731
preference,0.9754
decision,0.9717
expert,0.9727
rule customized,0.9725
deep neural,0.9743
rule,0.9740
utilizing,0.9730
simulation,0.9750
assessment help,0.9703
insight,0.9762
assessment,0.9766
method,0.9793
suggested,0.9718
expert behaviour,0.9702
customized,0.9778
basis,0.9776
cutting,0.9773
judgment,0.9726
approach,0.9710
assessed,0.9728
experiment,0.9701
algorithm including,0.9705
system,0.9714
process involves na,0.9741
preference,0.9708
process,0.9719
intention,0.9715
framework,0.9755
rely,0.9709
fundamental,0.9742
experiment carried,0.9713
neural,0.9757
limitation,0.9726
reinforcement,0.9727
decision learning,0.9730
classification,1.0000
task,0.9709
current classification task,0.9761
comparison,0.9779
model,0.9760
classification task,0.9741
current classification,0.9751
module,0.9702
infancy,0.9712
task,0.9732
comparison,0.9816
method,0.9793
supervision,0.9727
meta,0.9766
fused,0.9737
significantly,0.9725
model,0.9710
importance,0.9708
sub em,0.9715
according pair,0.9702
method experienced,0.9713
experiment,0.9701
problem,0.9702
fusion,0.9739
vector fused,0.9731
module,0.9760
multi,0.9774
neural,0.9757
representation model,0.9790
data learning,0.9768
relation learning,0.9721
meta learning task,0.9708
learning task,1.0000
learning task target,0.9719
ability,0.9706
task,0.9709
model,0.9760
system,0.9731
based,0.9711
task multiple,0.9707
transfer,0.9737
task,0.9732
transformation,0.9793
transform,0.9777
method significantly,0.9767
empirical,0.9751
training,0.9706
method,0.9793
meta,0.9766
customized,0.9778
md multi,0.9728
significantly,0.9725
approach,0.9710
model,0.9710
multi adaptation paper,0.9708
experiment,0.9701
problem,0.9702
system,0.9714
based,0.9740
multiple,0.9713
solution,0.9740
multi,0.9774
neural,0.9757
network g model,0.9709
network model,0.9766
meta learning,1.0000
classification,1.0000
task,0.9709
task extensive,0.9709
classification labeled,0.9801
model,0.9760
therefore critical utilize,0.9705
classification task,0.9741
classification requires,0.9719
system,0.9731
identifying,0.9714
module,0.9702
crypt,0.9744
flow,0.9768
boost,0.9739
task,0.9732
labeling,0.9769
data metal,0.9750
labeled,0.9759
training,0.9706
method,0.9793
meta,0.9766
utilize labeled,0.9702
suitable en,0.9752
classification labeled,0.9724
model,0.9710
requires,0.9727
initial,0.9701
utilize,0.9766
problem,0.9702
program,0.9703
system,0.9714
identifying,0.9724
method cope,0.9734
solution,0.9740
suitable,0.9746
module,0.9760
multi,0.9774
module combine,0.9708
model meta,0.9718
model meta,0.9711
data learning,0.9768
task,0.9709
bias,0.9723
model however,0.9706
model,0.9760
system,0.9731
task,0.9732
tool,0.9715
bias,0.9780
empirical,0.9751
effectively,0.9727
model however,0.9703
furthermore,0.9701
algorithm alike,0.9744
distinguish,0.9732
affect,0.9746
input,0.9716
model ind,0.9745
approach,0.9710
model,0.9710
sequence,0.9712
system,0.9714
extend,0.9711
multi,0.9774
model however teaching,0.9700
framework,0.9755
indo,0.9705
fixed,0.9705
objective learning,0.9810
task,0.9709
model enhancing,0.9719
type,0.9710
model,0.9760
based,0.9711
power,0.9723
task,0.9732
labeled,0.9759
training,0.9706
model enhancing,0.9719
approach meta,0.9737
meta,0.9766
context,0.9710
based approach meta,0.9701
also en,0.9710
effectively,0.9727
focus,0.9740
type,0.9749
significantly,0.9725
approach,0.9710
model,0.9710
extraction,0.9750
structural,0.9775
experiment,0.9701
fusion,0.9739
based,0.9740
solution,0.9740
multi,0.9774
mi solution,0.9714
meta knowledge,1.0000
learning model,0.9744
meta learning,1.0000
multi learning,0.9757
object metal,0.9700
task,0.9709
calculation,0.9750
model,0.9760
condition,0.9700
system,0.9731
based,0.9711
function developed,0.9722
using,0.9718
task,0.9732
calculation,0.9770
diverse,0.9721
based metal,0.9717
training,0.9706
assessment,0.9766
method,0.9793
meta,0.9766
measurement,0.9807
model,0.9710
distortion,0.9738
standard,0.9735
initial,0.9701
experiment,0.9701
contrast,0.9753
utilize,0.9766
method meta,0.9718
system,0.9714
based,0.9740
licence,0.9701
case contrast,0.9718
reinforcement,0.9727
model meta,0.9718
opt model,0.9705
model meta,0.9711
general learning,0.9729
nature meta learning,0.9716
meta learning,1.0000
among competing mu,0.9719
task,0.9709
processing,0.9724
global system,0.9730
system edge,0.9704
system,0.9731
observation,0.9740
expanding,0.9708
decision,0.9717
analysis,0.9723
task,0.9732
md metal,0.9705
equilibrium,0.9729
derived,0.9719
processing,0.9798
spectrum,0.9736
meta,0.9766
due constrained,0.9727
demand,0.9708
system multi,0.9713
system edge,0.9736
device,0.9735
experiment,0.9701
problem,0.9702
system,0.9714
algorithm mobile,0.9720
constrained,0.9744
observation multi,0.9700
process,0.9719
multi,0.9774
corresponding,0.9714
reinforcement,0.9727
ability,0.9706
task,0.9709
expertise,0.9733
processing,0.9724
model,0.9760
condition,0.9700
system,0.9731
task,0.9732
expertise,0.9715
useful,0.9749
training,0.9706
similarity,0.9746
processing,0.9798
pseudo,0.9712
method,0.9793
system achieve,0.9709
context,0.9710
similarity machinery,0.9732
model,0.9710
sequence,0.9712
prediction,0.9808
initial,0.9701
experiment,0.9701
system,0.9714
rarely,0.9710
require,0.9728
extend,0.9711
suitable,0.9746
licence,0.9701
difficult,0.9709
ability model,0.9730
paper employ model,0.9706
general ability model,0.9785
task,0.9709
aspect,0.9724
transfer,0.9737
analysis,0.9723
deep neural,0.9743
task,0.9732
labeling,0.9769
task facial,0.9701
training,0.9706
method,0.9793
meta,0.9766
relatively,0.9704
however labeling au,0.9719
suppress,0.9738
semantic,0.9805
method mal,0.9745
compared,0.9725
facial,0.9740
multi,0.9774
iron,0.9725
method metal,0.9711
neural,0.9757
weight,0.9702
sample learning,0.9775
meta auxiliary learning,0.9743
learning deep neural,0.9705
meta learning,1.0000
ability,0.9706
task,0.9709
specific,0.9720
type,0.9710
model,0.9760
system,0.9731
crucial,0.9753
task,0.9732
specific,0.9773
approach significant,0.9765
training,0.9706
approach result,0.9743
meta,0.9766
approach result demonstrate,0.9720
essential applying machine,0.9730
significant,0.9708
essential applying,0.9702
type,0.9749
input,0.9716
approach,0.9710
model,0.9710
enabling,0.9755
crucial modeling,0.9762
experiment,0.9701
problem,0.9702
data multi,0.9733
system,0.9714
modeling address,0.9727
multi,0.9774
unified model,0.9801
modeling learning,0.9730
meta learning,1.0000
meta meta learning,0.9796
task learning,0.9801
classification,1.0000
data called,0.9718
classification feature,0.9792
recognition railroad,0.9715
typically,0.9702
correction,0.9741
model,0.9760
additionally central,0.9711
system,0.9731
based,0.9711
mechanism center,0.9738
using,0.9718
based fine,0.9728
mechanism,0.9777
clearance,0.9713
method based,0.9701
data called,0.9719
training,0.9706
method,0.9793
meta,0.9766
railroad attention mechanism,0.9706
setting,0.9718
typically,0.9705
correction,0.9721
model,0.9710
precision,0.9771
experiment,0.9701
problem,0.9702
system,0.9714
require,0.9728
based,0.9740
difficult,0.9709
learning model,0.9744
meta learning,1.0000
intrusion learning,0.9725
classification model,0.9741
classification,1.0000
paradigm training,0.9706
due data,0.9751
correction,0.9741
model,0.9760
clients,0.9725
using label,0.9716
system,0.9731
method nec use,0.9707
using,0.9718
classification model,0.9715
mechanism,0.9777
correction along,0.9738
directly,0.9718
reducing,0.9707
training,0.9706
paradigm training,0.9703
method,0.9793
however method,0.9717
meta,0.9766
sampling,0.9746
effectively,0.9727
problem formally,0.9704
correction,0.9721
model,0.9710
device,0.9735
mechanism effectively,0.9733
using label,0.9715
experiment,0.9701
requiring,0.9733
problem,0.9702
paradigm,0.9754
system,0.9714
data sampling,0.9715
technique reduce,0.9739
solution,0.9740
process,0.9719
method nec,0.9752
data cause model,0.9730
data cause model,0.9835
classification model,0.9728
intelligent model,0.9803
sample model,0.9835
cause model,0.9784
local model,0.9732
mis sample model,0.9733
e classification model,0.9818
global model,0.9805
correction model,0.9700
end global model,0.9718
meta learning,1.0000
task,0.9709
limit,0.9728
leverage,0.9704
problem incompatible,0.9743
incompatible,0.9746
task,0.9732
defining,0.9702
training,0.9706
limit,0.9739
method,0.9793
furthermore,0.9701
bench multi,0.9723
drug,0.9708
approach,0.9710
prediction,0.9808
experiment,0.9701
problem,0.9702
require,0.9728
leverage,0.9770
multiple,0.9713
multi,0.9774
framework,0.9755
data problem drug,0.9701
neural,0.9757
pivotal,0.9733
method knowledge,0.9715
network learning,0.9773
advantage proposed,0.9724
task,0.9709
pattern,0.9725
gap,0.9707
model,0.9760
advantage,0.9712
superiority proposed framework,0.9739
system,0.9731
superiority proposed,0.9754
advantage proposed,0.9706
task,0.9732
diverse,0.9721
transforms,0.9769
method,0.9793
meta,0.9766
pattern,0.9783
significant,0.9708
application,0.9766
model corresponding,0.9761
model,0.9710
experiment,0.9701
monitoring,0.9724
system,0.9714
framework,0.9755
difficult,0.9709
corresponding,0.9714
rely,0.9709
societal,0.9737
meta model,0.9743
promise model,0.9757
formulation model,0.9741
metal meta model,0.9769
independent model,0.9739
meta model,1.0000
meta learning,1.0000
model,0.9760
condition,0.9700
advantage,0.9712
based,0.9711
power,0.9723
deep neural,0.9743
training,0.9706
operation,0.9725
method,0.9793
meta,0.9766
model reduce,0.9737
microscopic fuel,0.9715
model,0.9710
facilitate,0.9725
prediction,0.9808
experiment,0.9701
connected,0.9702
compared,0.9725
based,0.9740
modeling closed,0.9727
method newly,0.9771
based cv,0.9713
neural,0.9757
consumption,0.9700
term model,0.9733
model representation,0.9709
performance term model,0.9803
consumption model,0.9738
term model,0.9840
network model,0.9766
support model,0.9780
general model,0.9804
model representation,0.9709
modeling support model,0.9736
configuration,0.9752
type,0.9710
model,0.9760
model considering,0.9764
based,0.9711
significantly affect,0.9705
crucial,0.9753
transfer,0.9737
configuration,0.9770
method based,0.9701
training,0.9706
crucial machine,0.9704
method,0.9793
sampling,0.9746
approach widely,0.9722
setting,0.9718
anomaly,0.9749
affect,0.9746
type,0.9749
significantly,0.9725
approach,0.9710
model,0.9710
model considering,0.9753
problem,0.9702
based,0.9740
plan,0.9751
method model,0.9716
sample model,0.9835
method model,0.9801
addition model,0.9710
transfer learning,0.9757
learning task,1.0000
data learning task,0.9700
task aiming alleviate,0.9722
task,0.9709
model,0.9760
based deep,0.9701
based,0.9711
application area like,0.9721
aspect,0.9724
imaging,0.9774
deep neural,0.9743
task,0.9732
tool,0.9715
method,0.9793
supervision,0.9727
method including,0.9733
application,0.9766
approach,0.9710
model,0.9710
semantic,0.9805
refined,0.9755
including segment method,0.9719
problem,0.9702
like medical,0.9701
based deep,0.9713
require,0.9728
semantic segment difficult,0.9726
based,0.9740
extend,0.9711
solution,0.9740
difficult,0.9709
neural,0.9757
data learning,0.9768
visual learning,0.9784
based,0.9711
tuning,0.9728
choice,0.9764
depends design,0.9709
metal optimal,0.9714
method,0.9793
opt optimization,0.9709
approach,0.9710
based,0.9740
mechanism,0.9777
device,0.9735
tuning,0.9731
tuna,0.9706
difficult,0.9709
loop tuna,0.9720
problem,0.9702
task,0.9709
model,0.9760
model gradually,0.9707
leverage,0.9704
based,0.9711
prediction however,0.9743
task,0.9732
kernel,0.9734
transformation,0.9793
problem che,0.9749
however natural deficiency,0.9722
natural,0.9713
method,0.9793
meta,0.9766
deficiency,0.9765
bench drug,0.9754
drug,0.9708
approach,0.9710
model,0.9710
model gradually,0.9743
structured,0.9766
prediction,0.9808
algorithm bench,0.9708
structural,0.9775
experiment,0.9701
problem,0.9702
leverage,0.9770
based,0.9740
multiple,0.9713
process,0.9719
framework,0.9755
prediction however,0.9746
method scar,0.9728
fundamental,0.9742
neural,0.9757
method knowledge,0.9715
structural knowledge,0.9718
meta knowledge,1.0000
effective predict model,0.9705
network based model,0.9754
structured learning,0.9733
meta learning,1.0000
self learning,0.9713
ability,0.9706
task,0.9709
processing,0.9724
test set,0.9724
task paper,0.9708
system,0.9731
sampled current training,0.9706
crucial,0.9753
transfer,0.9737
task,0.9732
catastrophic,0.9715
training,0.9706
processing,0.9798
particular,0.9707
method,0.9793
method mit,0.9736
meta,0.9766
sampling,0.9746
generation,0.9730
focus,0.9740
memory,0.9722
approach,0.9710
experiment,0.9701
system,0.9714
tailored,0.9715
balanced,0.9734
process,0.9719
system knowledge,0.9729
set learning,0.9722
meta learning,1.0000
learning task,1.0000
approach learning task,0.9715
task,0.9709
analyzed,0.9709
processing,0.9724
model,0.9760
system,0.9731
dependency,0.9802
task,0.9732
analyzed,0.9764
survey,0.9702
empirical,0.9751
natural,0.9713
processing,0.9798
method,0.9793
paradigm learning,0.9721
learning paradigm,0.9745
inference,0.9787
setting,0.9718
application bench,0.9724
application,0.9766
graph incapable,0.9749
approach,0.9710
model,0.9710
problem,0.9702
paradigm,0.9754
system,0.9714
suitable,0.9746
licence,0.9701
neural,0.9757
logical,0.9726
building g model,0.9713
graph learning,0.9700
method learning,0.9784
learning paradigm learning,0.9728
anti per training,0.9712
influence,0.9730
model,0.9760
system,0.9731
varied,0.9721
deep neural,0.9743
im learning,0.9712
training,0.9706
meta,0.9766
technique noisy,0.9763
influence,0.9709
basis,0.9776
model,0.9710
standard,0.9735
experiment,0.9701
weight,0.9702
system,0.9714
compared,0.9725
theoretically,0.9733
utilized opt,0.9715
typical learning,0.9717
model term,0.9768
neural,0.9757
deep learning model,0.9706
learning model,0.9744
general learning,0.9729
scenario learning,0.9774
objective learning,0.9810
meta learning,1.0000
task,0.9709
system suffer,0.9726
syn change,0.9717
nm system,0.9708
hind practical trust,0.9715
model,0.9760
nm system suffer,0.9711
factor,0.9727
system,0.9731
system metal,0.9719
producing,0.9700
task,0.9732
diverse,0.9721
system suffer,0.9717
derived,0.9719
meta,0.9766
struggle,0.9716
syn change,0.9741
effectively,0.9727
input,0.9716
problem contributing,0.9714
model,0.9710
semantic,0.9805
experiment,0.9701
problem,0.9702
paradigm,0.9754
factor,0.9740
system,0.9714
resulting,0.9707
system metal,0.9732
framework,0.9755
allowing,0.9746
neural,0.9757
limitation,0.9726
translation model,0.9707
framework derived model,0.9780
derived model,0.9737
problem nm model,0.9794
translation model,0.9797
classification,1.0000
task,0.9709
model classify,0.9739
model newly,0.9706
multi mal classification,0.9704
mal classification,0.9705
type,0.9710
model,0.9760
using traffic,0.9722
model first,0.9701
classification task,0.9741
classify,0.9730
system,0.9731
leverage,0.9704
based,0.9711
module,0.9702
concern using,0.9716
classification mal,0.9858
using,0.9718
flow,0.9768
deep neural,0.9743
task,0.9732
directly,0.9718
model mal,0.9752
deep model,0.9718
transform,0.9777
using ci,0.9718
model classify,0.9772
method,0.9793
privacy technique,0.9706
meta,0.9766
multi mal classification,0.9748
type,0.9749
input,0.9716
model,0.9710
residual,0.9764
protocol,0.9751
sequence,0.9712
multi mal,0.9712
extraction,0.9750
classify,0.9775
system,0.9714
successful mal traffic,0.9720
leverage,0.9770
based,0.9740
overcome,0.9707
input without,0.9705
module,0.9760
multi,0.9774
neural,0.9757
limitation,0.9726
domain knowledge,0.9718
state model,0.9703
method state model,0.9738
data general model,0.9833
general model,0.9804
module deep model,0.9733
state model,0.9813
meta learning,1.0000
pattern,0.9725
model,0.9760
system,0.9731
method synthetic,0.9705
transform,0.9777
empirical,0.9751
method,0.9793
pattern,0.9783
synthetic,0.9750
lever,0.9737
lever evolving,0.9742
application,0.9766
approach,0.9710
data empirical,0.9724
model,0.9710
problem evolving,0.9702
along domain,0.9704
problem,0.9702
system,0.9714
general model,0.9804
domain general model,0.9816
classification,1.0000
task,0.9709
novel task however,0.9714
bias,0.9723
model,0.9760
task however,0.9701
classification task,0.9741
factor,0.9727
system,0.9731
task,0.9732
toy,0.9702
causal,0.9779
novel task however,0.9700
bias,0.9780
training,0.9706
method,0.9793
meta,0.9766
context,0.9710
furthermore,0.9701
approach,0.9710
model,0.9710
structural,0.9775
problem,0.9702
factor,0.9740
system,0.9714
problem meta,0.9725
meta knowledge,1.0000
structural causal model,0.9769
causal model,0.9783
structural causal model,0.9727
causal model,0.9802
code symbol learning,0.9730
data characteristic,0.9703
characteristic failing,0.9747
metadata employed,0.9711
characteristic,0.9725
transfer,0.9737
analysis,0.9723
obvious,0.9711
directly,0.9718
un learning weighted,0.9718
data characteristic,0.9780
method,0.9793
meta,0.9766
weighted,0.9760
effectively,0.9727
adjust,0.9750
significantly,0.9725
characteristic failing,0.9732
often design,0.9712
experiment,0.9701
method rely,0.9750
multiple,0.9713
solution,0.9740
process,0.9719
rely,0.9709
criterion,0.9747
weight,0.9702
meta learning,1.0000
learning transfer,0.9728
task,0.9709
model,0.9760
advantage,0.9712
factor,0.9727
strategy metal pump,0.9704
system,0.9731
data circle,0.9702
connecting,0.9706
critical component,0.9719
pump anomaly,0.9708
mechanism,0.9777
task,0.9732
simulation,0.9750
training,0.9706
operating,0.9702
application diffusion,0.9731
method,0.9793
circle,0.9721
meta,0.9766
synthetic,0.9750
anomaly,0.9749
application,0.9766
model,0.9710
requires,0.9727
capability,0.9705
demonstrates,0.9703
experiment,0.9701
diffusion,0.9812
problem,0.9702
factor,0.9740
system ordinary,0.9751
system,0.9714
compared,0.9725
data circle,0.9712
connecting,0.9712
strategy model,0.9707
state model,0.9703
metal strategy model,0.9747
strategy model,0.9799
state model,0.9813
diffusion learning,0.9712
meta learning,1.0000
specific,0.9720
domain fall,0.9731
model specific,0.9741
gap,0.9707
type,0.9710
model,0.9760
based single,0.9708
based,0.9711
module,0.9702
adaptive crowd counting,0.9727
specific,0.9773
domain fall,0.9703
method,0.9793
model specific,0.9765
memory,0.9722
divide,0.9737
type,0.9749
approach,0.9710
model,0.9710
standard,0.9735
refined,0.9755
experiment,0.9701
certain,0.9732
based,0.9740
multiple,0.9713
module,0.9760
framework,0.9755
scheme divide,0.9711
dependent,0.9760
counting model,0.9780
system,0.9731
system monte,0.9708
model,0.9760
notion general application,0.9716
task,0.9709
carlo accelerate training,0.9725
system,0.9714
method,0.9793
energy,0.9705
approach,0.9710
meta,0.9766
system monte,0.9759
model,0.9710
resulting,0.9707
carlo disorder propose,0.9735
analogy,0.9743
task,0.9732
notion,0.9753
optic,0.9717
licence,0.9701
spin,0.9701
elaborate,0.9718
experiment,0.9701
quantum,0.9719
problem metal,0.9746
training,0.9706
problem,0.9702
determination,0.9705
application,0.9766
neural,0.9757
proposal,0.9717
reinforcement,0.9727
meta agent model,0.9722
general learning,0.9729
meta learning,1.0000
meta learning task,0.9708
learning task,1.0000
task,0.9709
connection,0.9704
besides order enhance,0.9708
task adjusted,0.9747
based,0.9711
priority,0.9758
dependency,0.9802
decision,0.9717
analysis,0.9723
task,0.9732
effectively scheduling,0.9702
intensive,0.9739
connection,0.9741
training,0.9706
descent,0.9731
important,0.9712
algorithm gas,0.9734
meta,0.9766
sampling,0.9746
effectively,0.9727
therefore task,0.9729
initial,0.9701
modeled,0.9745
problem,0.9702
algorithm mobile,0.9720
task adjusted,0.9711
based,0.9740
effectively computational,0.9721
multiple,0.9713
priority,0.9729
process,0.9719
neural,0.9757
reinforcement,0.9727
meta learning,1.0000
system,0.9731
identifying,0.9714
based,0.9711
characteristic,0.9725
using,0.9718
simulation,0.9750
training,0.9706
interest,0.9730
meta,0.9766
system multi,0.9713
measurement,0.9807
basis,0.9776
angle,0.9717
furthermore,0.9701
furthermore exploit,0.9707
memory,0.9722
capability,0.9705
quantum,0.9719
system,0.9714
identifying,0.9724
based,0.9740
theoretically,0.9733
multi,0.9774
era practical,0.9704
allowing,0.9746
neural,0.9757
reinforcement,0.9727
meta learning,1.0000
task,0.9709
task differential,0.9746
protection,0.9734
model introducing,0.9719
model,0.9760
system,0.9731
model lower,0.9705
power,0.9723
application compared,0.9701
power learning,0.9717
task,0.9732
reducing,0.9707
auto thereby reducing,0.9709
simulation,0.9750
adjusting,0.9748
ml approach,0.9742
method,0.9793
privacy technique,0.9706
meta,0.9766
flex,0.9718
task differential,0.9755
generation,0.9730
method flex,0.9756
protection,0.9704
application,0.9766
model introducing,0.9708
approach,0.9710
model,0.9710
paradigm suitable,0.9757
size,0.9700
experiment,0.9701
paradigm,0.9754
system,0.9714
compared,0.9725
ml paradigm,0.9739
suitable,0.9746
technique auto,0.9717
protection model,0.9737
local model,0.9732
challenge model,0.9746
global local model,0.9790
meta learning,1.0000
ability,0.9706
classification,1.0000
domain using,0.9714
task,0.9709
system,0.9731
testing,0.9720
phase,0.9702
using,0.9718
transfer,0.9737
domain using,0.9704
task,0.9732
training,0.9706
descent,0.9731
aperture,0.9700
method,0.9793
meta,0.9766
opt meta,0.9724
synthetic,0.9750
weighted,0.9760
approach,0.9710
experiment,0.9701
requiring,0.9733
problem,0.9702
system,0.9714
testing,0.9763
solution,0.9740
multi,0.9774
phase,0.9749
weight,0.9702
method knowledge,0.9715
transfer learning,0.9757
novel meta learning,0.9764
deep learning gradient,0.9717
data deep learning,0.9731
data learning,0.9768
meta learning,1.0000
learning transfer,0.9728
based divide,0.9721
based,0.9711
classification,1.0000
type,0.9710
knowledge based,0.9712
based divide,0.9734
aspect,0.9724
sampling,0.9746
demand,0.9708
based,0.9740
transfer,0.9737
analysis,0.9723
coping,0.9729
obvious,0.9711
type,0.9749
process,0.9719
definition,0.9750
licence,0.9701
case reinforcement,0.9745
difficult,0.9709
data metal,0.9750
problem,0.9702
application,0.9766
reinforcement,0.9727
divide,0.9737
process knowledge,0.9779
transfer learning,0.9757
learning transfer,0.9728
problem learning,0.9733
node despite remarkable,0.9720
classification,1.0000
bias,0.9723
type,0.9710
owing capability capturing,0.9706
based manifold,0.9730
classification long,0.9739
based,0.9711
transfer,0.9737
analysis,0.9723
node despite,0.9716
bias,0.9780
training,0.9706
cal method prom,0.9759
method,0.9793
proxy,0.9756
method prom,0.9732
analysis illustrate,0.9702
sub compromise,0.9702
type,0.9749
based manifold,0.9730
cal method,0.9784
approach,0.9710
capability,0.9705
thus preventing,0.9712
data structural,0.9733
structural,0.9775
paradigm,0.9754
based,0.9740
prefer,0.9717
degradation,0.9718
prefer paradigm,0.9719
ability,0.9706
transmission,0.9717
task,0.9709
model,0.9760
system,0.9731
method highs,0.9703
characteristic,0.9725
data huge,0.9702
transmission,0.9707
task,0.9732
simulation,0.9750
training,0.9706
method,0.9793
system chinese,0.9717
input,0.9716
model,0.9710
problem,0.9702
system,0.9714
overcome,0.9707
multiple,0.9713
suitable,0.9746
problem metal,0.9746
frequency,0.9763
method highs,0.9748
paper model,0.9702
estimation learning,0.9704
data characteristic,0.9703
automatically according,0.9705
model,0.9760
advantage,0.9712
system,0.9731
based,0.9711
however limitation data,0.9721
characteristic,0.9725
collaborating,0.9712
useful,0.9749
training,0.9706
similarity,0.9746
data characteristic,0.9780
method,0.9793
learning paradigm,0.9745
setting,0.9718
facilitated,0.9742
application,0.9766
analyze,0.9748
approach,0.9710
model,0.9710
collaboration,0.9731
intuitive,0.9753
experiment,0.9701
paradigm,0.9754
system,0.9714
based,0.9740
process,0.9719
framework,0.9755
limitation,0.9726
system learning,0.9838
task,0.9709
calculation,0.9750
significantly first,0.9703
significantly,0.9725
method,0.9793
approach,0.9710
context,0.9710
framework recognize,0.9715
boost,0.9739
learning paradigm,0.9745
task,0.9732
embedded,0.9767
lever,0.9737
transform,0.9777
specifically spatial,0.9724
frame,0.9702
calculation,0.9770
framework,0.9755
labeled,0.9759
experiment,0.9701
encoding,0.9757
paradigm,0.9754
similarity,0.9746
learning framework learning,0.9716
method learning,0.9784
feature learning,0.9733
task,0.9709
comparison,0.9779
task although scar,0.9705
category,0.9777
limit,0.9728
system cross,0.9753
task although,0.9744
method transfer,0.9712
model,0.9760
system,0.9731
based,0.9711
testing,0.9720
gear,0.9743
cross data aug,0.9716
decision,0.9717
using,0.9718
diagnosis,0.9738
transfer,0.9737
analysis,0.9723
task,0.9732
transformation,0.9793
comparison,0.9816
labeled,0.9759
category,0.9753
hyper,0.9739
limit,0.9739
considered,0.9732
system cross,0.9761
method,0.9793
meta,0.9766
fault diagnosis,0.9701
effectively,0.9727
boundary,0.9711
furthermore,0.9701
application,0.9766
ab comparison,0.9705
method transfer,0.9773
model,0.9710
deep learning fault,0.9706
experiment,0.9701
problem,0.9702
method meta,0.9718
system,0.9714
rarely,0.9710
proto,0.9722
based,0.9740
tackle,0.9713
testing,0.9763
process,0.9719
multi,0.9774
issue cross,0.9711
transfer learning,0.9757
scenario learning,0.9774
feature learning,0.9733
multi learning,0.9757
model initial,0.9705
classification,1.0000
task,0.9709
category,0.9777
style,0.9725
model,0.9760
category based,0.9754
system,0.9731
based,0.9711
additionally model,0.9714
model initial,0.9726
quantitative,0.9735
analysis,0.9723
task,0.9732
training,0.9706
category,0.9753
style,0.9734
method,0.9793
method ones,0.9738
generation,0.9730
guide model initial,0.9729
based qu,0.9714
encoded,0.9701
model,0.9710
training address,0.9701
notably,0.9708
method tends,0.9708
initial,0.9701
problem,0.9702
system,0.9714
proto,0.9722
based,0.9740
overcome,0.9707
multiple,0.9713
problem notably,0.9782
additionally model,0.9719
style en,0.9724
limitation,0.9726
en guide model,0.9742
model,0.9760
based,0.9711
phase,0.9702
dependency,0.9802
imaging,0.9774
method phase,0.9739
method clearer,0.9716
simulation,0.9750
training,0.9706
labelled,0.9705
important,0.9712
method,0.9793
meta,0.9766
method achieve,0.9722
measurement,0.9807
furthermore,0.9701
model,0.9710
initial,0.9701
ph model,0.9754
problem,0.9702
model un,0.9716
thus enhancing,0.9707
compared,0.9725
based,0.9740
process,0.9719
phase,0.9749
neural,0.9757
sensing model,0.9705
sensing model,0.9787
meta learning,1.0000
task,0.9709
connection,0.9704
pattern,0.9725
model,0.9760
using,0.9718
transfer,0.9737
analysis,0.9723
task,0.9732
labeling,0.9769
connection,0.9741
training,0.9706
method,0.9793
however method,0.9717
meta,0.9766
pattern,0.9783
relationship using,0.9711
setting,0.9718
model,0.9710
prediction,0.9808
standard,0.9735
model sub,0.9726
require,0.9728
process,0.9719
relationship triple,0.9716
ability,0.9706
gap,0.9707
ability required,0.9718
model recent,0.9775
skill,0.9707
model,0.9760
requirement,0.9703
study ultimately allowing,0.9713
characteristic,0.9725
aspect,0.9724
expert,0.9727
using,0.9718
practice,0.9713
analysis,0.9723
important,0.9712
method,0.9793
model recent,0.9766
focus,0.9740
application,0.9766
analyze,0.9748
model,0.9710
requirement,0.9742
process,0.9719
framework,0.9755
allowing,0.9746
framework model,0.9763
development model,0.9760
system,0.9731
model,0.9760
based,0.9711
requirement,0.9703
power,0.9723
processing,0.9724
system,0.9714
however approach,0.9701
compared,0.9725
require,0.9728
approach,0.9710
model,0.9710
based,0.9740
device,0.9735
requirement,0.9742
deep neural,0.9743
solution,0.9740
simulation,0.9750
corresponding,0.9714
experiment,0.9701
training,0.9706
application,0.9766
neural,0.9757
processing,0.9798
solution learning,0.9810
