Word,Similarity
system,0.9731
model,0.9760
using training,0.9761
advantage,0.9712
category,0.9777
classify,0.9730
system,0.9714
characteristic,0.9725
limitation finally,0.9718
model,0.9710
presenting,0.9719
training,0.9706
descent,0.9731
approach,0.9710
using training,0.9720
using,0.9718
emphasis,0.9761
method,0.9793
category,0.9753
limitation,0.9726
discussion,0.9704
classify,0.9775
typical characteristic,0.9710
approach model,0.9782
classify model,0.9747
deep learning gradient,0.9717
deep learning learning,0.9727
method learning,0.9784
gradient method,0.9721
model additionally,0.9719
model,0.9760
series using,0.9713
model additionally,0.9724
state model additionally,0.9700
model,0.9710
series using,0.9747
series multi,0.9726
framework,0.9755
training,0.9706
diffusion,0.9812
compared,0.9725
approach,0.9710
using,0.9718
multi,0.9774
state model,0.9703
state model,0.9813
shift considers,0.9707
based,0.9711
bearing data,0.9756
ability,0.9706
label propagation metal,0.9703
system,0.9731
model,0.9760
perspective,0.9721
adaptation ud method,0.9713
mode sk,0.9709
focus,0.9740
fault diagnosis,0.9701
joint,0.9700
shift considers,0.9729
empirical,0.9751
using,0.9718
assumption,0.9770
method bile,0.9774
process,0.9719
sampling,0.9746
adjust,0.9750
propagation metal,0.9707
based,0.9740
method offer,0.9711
supervision,0.9727
using joint,0.9715
compared,0.9725
analysis,0.9723
label propagation metal,0.9705
multiple,0.9713
system,0.9714
model,0.9710
perspective,0.9766
adaptation ud method,0.9715
diagnosis,0.9738
method label,0.9749
licence,0.9701
rotating,0.9723
method,0.9793
propagation model,0.9705
focus learning,0.9728
accuracy proposed method,0.9701
alignment method,0.9756
adaptation ud method,0.9756
system,0.9731
task,0.9709
model,0.9760
bearing data,0.9756
condition,0.9700
based,0.9711
data bearing,0.9725
neural,0.9757
fault diagnosis,0.9701
multiple,0.9713
based meta,0.9718
system,0.9714
task,0.9732
rely,0.9709
model,0.9710
framework,0.9755
training,0.9706
compared,0.9725
diagnosis,0.9738
meta,0.9766
data metal,0.9750
method,0.9793
analysis,0.9723
based,0.9740
data bearing,0.9751
reliability model,0.9788
meta learning,1.0000
reliability model,0.9745
learning task,1.0000
gap,0.9707
family pre,0.9701
task,0.9709
model,0.9760
condition,0.9700
inner recent study,0.9715
overcome,0.9707
standard,0.9735
family pre,0.9722
initial,0.9701
task,0.9732
model,0.9710
process,0.9719
weight,0.9702
descent,0.9731
beneficial,0.9727
transfer,0.9737
algorithm bile,0.9744
experiment,0.9701
meta,0.9766
metal algorithm bile,0.9713
dependent,0.9760
limitation,0.9726
learning transfer,0.9728
meta long learning,0.9780
even evaluated,0.9706
type,0.9710
based,0.9711
data characterized,0.9710
model prevented,0.9755
perspective considering,0.9736
tuning,0.9728
model taking,0.9779
model,0.9760
perspective,0.9721
problem metal,0.9746
problem,0.9702
using,0.9718
model adequately,0.9748
data sur,0.9700
prediction,0.9808
characterized,0.9715
tackle,0.9713
coarse,0.9707
loop labeling,0.9732
capability,0.9705
type,0.9749
using mix,0.9701
based,0.9740
properly,0.9720
model prevented,0.9734
labeling,0.9769
compared,0.9725
tuning,0.9731
pseudo,0.9712
model taking,0.9760
behavior,0.9766
spur,0.9704
biased,0.9763
model,0.9710
training,0.9706
proved,0.9716
perspective,0.9766
considered,0.9732
synthetic,0.9750
method,0.9793
data model,0.9781
classification,1.0000
requirement,0.9703
performance utilize,0.9762
based,0.9711
selection classification,0.9700
preference,0.9754
system,0.9731
model,0.9760
analyzed,0.9709
problem,0.9702
opt compared,0.9743
experiment,0.9701
based metal,0.9717
analyzed multi,0.9718
requirement,0.9742
performance utilize,0.9747
meta selection metal,0.9721
method based,0.9701
difficult,0.9709
mechanism,0.9777
based,0.9740
system multi,0.9713
utilize,0.9766
problem selective,0.9742
selection metal,0.9726
opt selective,0.9703
compared,0.9725
meta,0.9766
preference,0.9708
system,0.9714
objective multi,0.9710
model,0.9710
multi,0.9774
sensitivity,0.9727
method,0.9793
analyzed,0.9764
selection model,0.9751
opt model,0.9705
data meta,0.9738
comparative method,0.9763
effectiveness superiority method,0.9746
algorithm comparative method,0.9707
selection method,0.9713
sensitivity method,0.9833
distance,0.9712
technique proved,0.9709
leverage,0.9704
based,0.9711
joint,0.9700
framework,0.9755
proved,0.9716
automated,0.9730
tool,0.9715
distance,0.9723
problem,0.9702
technique proved,0.9763
approach,0.9710
anomaly,0.9749
setting,0.9718
based metal,0.9717
metal optimal,0.9714
leverage,0.9770
based,0.9740
tool approach,0.9702
system bench,0.9717
recommendation,0.9700
specific,0.9720
system,0.9731
model,0.9760
additionally training,0.9720
circumstance additionally training,0.9703
leverage,0.9704
system bench,0.9759
framework,0.9755
problem,0.9702
experiment,0.9701
recommendation,0.9744
diverse,0.9721
demand,0.9708
specific,0.9773
application,0.9766
specialist,0.9723
ag learning bench,0.9712
scala,0.9734
system,0.9714
model,0.9710
training,0.9706
scale,0.9712
domain attracted,0.9730
multi,0.9774
method,0.9793
leverage,0.9770
general model,0.9804
applied model,0.9758
software learning,0.9763
parameter learning,0.9767
domain learning,0.9812
multi learning,0.9757
task weight,0.9736
based,0.9711
pattern,0.9725
task,0.9709
system,0.9731
recognition utilized auxiliary,0.9732
lab,0.9714
task weight,0.9712
frequency,0.9763
experiment,0.9701
based analysis,0.9702
prediction,0.9808
furthermore,0.9701
adjust,0.9750
based,0.9740
pattern,0.9783
task,0.9732
facial,0.9740
meta,0.9766
analysis,0.9723
database facial,0.9706
system,0.9714
weight,0.9702
topology,0.9721
affect,0.9746
based analysis propose,0.9703
refined,0.9755
multi,0.9774
method,0.9793
multi learning,0.9757
database learning,0.9799
meta multi learning,0.9711
especially application require,0.9707
system,0.9731
model,0.9760
beam,0.9720
framework,0.9755
problem,0.9702
size,0.9700
require,0.9728
tailored,0.9715
om metal learning,0.9706
simulation,0.9750
response,0.9741
especially application,0.9734
setting,0.9718
application,0.9766
reflecting,0.9707
compared,0.9725
especially application require,0.9709
system,0.9714
model,0.9710
solution,0.9740
reinforcement,0.9727
multi,0.9774
method,0.9793
learning model,0.9744
bench method,0.9734
based,0.9711
model,0.9760
neural,0.9757
require,0.9728
approach,0.9710
dimensional,0.9783
extend,0.9711
rely,0.9709
directly,0.9718
based,0.9740
function metal,0.9719
generation,0.9730
requires,0.9727
multiple,0.9713
model,0.9710
function based neural,0.9700
superiority proposed,0.9754
specific,0.9720
task,0.9709
model,0.9760
specifically series,0.9708
framework,0.9755
tailored,0.9715
experiment,0.9701
inaccurate,0.9715
method designed,0.9709
activation,0.9733
furthermore,0.9701
inference,0.9787
specific,0.9773
flow,0.9768
application,0.9766
natural,0.9713
task,0.9732
resulting,0.9707
labeled,0.9759
termed,0.9753
analysis,0.9723
standard,0.9735
model,0.9710
understanding,0.9711
semantic,0.9805
setup,0.9754
method,0.9793
detection method,0.9740
task predicted feeding,0.9728
model however,0.9706
model swiftly adapted,0.9712
adapted task predicted,0.9730
based,0.9711
pattern,0.9725
task,0.9709
task building,0.9725
circumstance small training,0.9731
system,0.9731
model,0.9760
neural,0.9757
model however,0.9703
framework,0.9755
problem,0.9702
approach,0.9710
experiment,0.9701
instead directly,0.9701
data fashion,0.9704
cluster learned,0.9708
efficiency address,0.9720
native,0.9716
ml approach,0.9742
prediction,0.9808
characteristic,0.9725
rely,0.9709
process,0.9719
capability,0.9705
directly,0.9718
capture,0.9703
application,0.9766
based,0.9740
instead directly fitting,0.9724
pattern,0.9783
task,0.9732
meta,0.9766
compare,0.9728
analysis,0.9723
flexible,0.9744
multiple,0.9713
system,0.9714
model,0.9710
training,0.9706
predicted,0.9713
fundamental,0.9742
extraction,0.9750
corresponding,0.9714
algorithm ml,0.9717
pattern model,0.9708
meta model,0.9743
ml model,0.9747
pattern model,0.9851
ground meta model,0.9778
sub pattern model,0.9835
learning meta model,0.9759
meta c model,0.9743
meta model,1.0000
general ml model,0.9779
data deep learning,0.9731
structure learning,0.9775
graph learning,0.9700
knowledge task,0.9709
task,0.9709
factor,0.9727
indicating proposed,0.9703
carrying knowledge transfer,0.9723
comparison,0.9779
neural,0.9757
multiple,0.9713
task,0.9732
pseudo multiple,0.9701
treating,0.9706
framework,0.9755
training,0.9706
transfer,0.9737
factor,0.9740
fundamental,0.9742
method prior,0.9704
meta,0.9766
pseudo,0.9712
carrying knowledge transfer,0.9708
comparison,0.9816
method,0.9793
hypothesis,0.9774
knowledge knowledge,0.9718
factor knowledge knowledge,0.9767
method learning,0.9784
knowledge learning,0.9820
comparison method,0.9765
comparison method prior,0.9733
via meta training,0.9710
task,0.9709
measuring,0.9721
model,0.9760
neural,0.9757
framework,0.9755
problem,0.9702
precise,0.9720
empirical,0.9751
experiment,0.9701
compressed,0.9739
process,0.9719
lever,0.9737
task,0.9732
significance,0.9727
compared,0.9725
bending,0.9737
measuring,0.9738
meta,0.9766
inversion,0.9753
method lever,0.9740
multiple,0.9713
measurement,0.9807
model,0.9710
training,0.9706
method via,0.9726
sensitivity,0.9727
method,0.9793
task model,0.9716
task model,0.9833
problem learning,0.9733
module,0.9702
joint,0.9700
framework,0.9755
problem,0.9702
experiment,0.9701
prediction,0.9808
process,0.9719
sampling,0.9746
effectively,0.9727
method roc,0.9713
important,0.9712
module,0.9760
contrast,0.9753
utilize,0.9766
effectively utilize,0.9702
commonly,0.9730
process contrast,0.9710
considered,0.9732
method,0.9793
bias,0.9723
domain via hand,0.9710
specific,0.9720
module,0.9702
task,0.9709
task extensive,0.9709
balancing,0.9712
model,0.9760
perspective,0.9721
frequency,0.9763
spectrum,0.9736
bias,0.9780
framework,0.9755
problem,0.9702
experiment,0.9701
model multiple,0.9732
specific,0.9773
transformation,0.9793
module,0.9760
overlooked,0.9718
task,0.9732
ml model novel,0.9748
meta,0.9766
analysis,0.9723
balancing,0.9766
multiple,0.9713
model,0.9710
weight,0.9702
perspective,0.9766
method,0.9793
transform,0.9777
method achieve,0.9722
ml model,0.9747
bias ml model,0.9734
meta learning,1.0000
problem learning,0.9733
bench method,0.9734
bench method achieve,0.9703
classification,1.0000
classification provided chapter,0.9752
pattern,0.9725
model,0.9760
advantage,0.9712
ability,0.9706
neural,0.9757
particularly,0.9703
pattern,0.9783
model,0.9710
training,0.9706
transfer,0.9737
problem,0.9702
context,0.9710
problem specifically,0.9721
data glaring,0.9721
crucial,0.9753
observation,0.9740
relatively,0.9704
application,0.9766
transfer learning,0.9757
sample learning,0.9775
based,0.9711
ability,0.9706
perspective,0.9721
advantage,0.9712
neural,0.9757
frequency,0.9763
order scale,0.9704
based wave,0.9712
dependence,0.9742
experiment,0.9701
obvious,0.9711
based,0.9740
data trained,0.9718
analysis,0.9723
energy,0.9705
perspective,0.9766
scale,0.9712
multi,0.9774
similarity,0.9746
extraction,0.9750
sensitivity,0.9727
method,0.9793
module,0.9702
based,0.9711
task,0.9709
model,0.9760
victim,0.9720
problem,0.9702
significantly,0.9725
prem strategy,0.9703
capability,0.9705
effectively,0.9727
setting,0.9718
method effectively,0.9706
module,0.9760
input,0.9716
based,0.9740
natural,0.9713
task,0.9732
orbital,0.9751
facial,0.9740
blending,0.9732
compared,0.9725
generation,0.9730
analysis,0.9723
recognition genera,0.9702
based fine,0.9728
model,0.9710
multi,0.9774
similarity,0.9746
accurately,0.9702
method,0.9793
evaluation method,0.9740
model choice,0.9759
consolidated learning,0.9704
specific,0.9720
based,0.9711
due compatibility,0.9720
task,0.9709
tuning,0.9728
model,0.9760
task paper,0.9708
configuration,0.9752
choice,0.9764
focus,0.9740
algorithm newly,0.9736
transfer,0.9737
problem,0.9702
approach,0.9710
model choice,0.9746
empirical,0.9751
crucial,0.9753
hyper crucial,0.9730
consolidated learning,0.9724
rather tuning,0.9721
setting,0.9718
specific,0.9773
meta bench,0.9743
consolidated,0.9738
application,0.9766
based,0.9740
task,0.9732
tuning,0.9731
meta,0.9766
hyper,0.9739
model,0.9710
prevalent,0.9703
configuration,0.9770
learning model,0.9744
task named,0.9735
une paper first,0.9713
method significant,0.9702
task,0.9709
typically,0.9702
model,0.9760
inherently,0.9713
transfer,0.9737
problem,0.9702
approach,0.9710
experiment,0.9701
capability,0.9705
setting,0.9718
significant,0.9708
method significant,0.9775
task,0.9732
resulting,0.9707
labeling,0.9769
compared,0.9725
sequence,0.9712
recognition ne typically,0.9701
suitable,0.9746
fixed,0.9705
typically,0.9705
multiple,0.9713
model,0.9710
training,0.9706
descent,0.9731
framed,0.9700
method,0.9793
language model,0.9784
opt capability learning,0.9708
capability learning,0.9799
gradient method,0.9721
baseline method significant,0.9749
classification,1.0000
processing,0.9724
adjustment,0.9736
task,0.9709
task although,0.9744
although labelled data,0.9716
data need,0.9710
system,0.9731
model,0.9760
model decrease,0.9738
data without,0.9715
processing,0.9798
joint,0.9700
require,0.9728
approach,0.9710
diverse,0.9721
process,0.9719
setting,0.9718
adjustment,0.9759
natural,0.9713
task,0.9732
labelled,0.9705
compared,0.9725
suitable,0.9746
particularly,0.9703
system,0.9714
model,0.9710
method diverse,0.9748
training,0.9706
model decrease,0.9770
data without,0.9736
method,0.9793
language model,0.9784
information learning,0.9783
comprehension meta metal,0.9729
model suffer notable,0.9728
based,0.9711
model suffer,0.9715
system,0.9731
model,0.9760
large data ad,0.9700
framework,0.9755
transfer,0.9737
empirical,0.9751
experiment,0.9701
comprehension,0.9732
furthermore,0.9701
data ad,0.9721
mr model suffer,0.9721
based,0.9740
natural,0.9713
model suffer,0.9764
meta,0.9766
system,0.9714
model,0.9710
understanding,0.9711
training,0.9706
domain investigate,0.9719
multi,0.9774
method,0.9793
framework based model,0.9795
meta learning,1.0000
domain learning,0.9812
system,0.9731
model,0.9760
argument,0.9711
system,0.9714
system linear,0.9772
prediction,0.9808
regression,1.0000
model,0.9710
framework,0.9755
precise,0.9720
approach,0.9710
compare,0.9728
technique model,0.9739
performance learning,0.9715
technique model,0.9737
module,0.9702
system,0.9731
model,0.9760
useful critical module,0.9705
perspective,0.9721
neural,0.9757
problem,0.9702
experiment,0.9701
limitation,0.9726
inference,0.9787
system feasible,0.9725
module,0.9760
application,0.9766
essential module,0.9714
system moreover,0.9711
meta,0.9766
perspective essential,0.9701
critical module,0.9719
hyper,0.9739
system employing,0.9706
system,0.9714
useful,0.9749
model,0.9710
training,0.9706
perspective,0.9766
problem widely,0.9758
method,0.9793
resource model,0.9710
scenario model,0.9712
computing resource model,0.9771
resource model,0.9827
human resource model,0.9743
scenario model,0.9813
meta learning,1.0000
based,0.9711
influence,0.9730
task,0.9709
system,0.9731
particular issue,0.9723
model,0.9760
based cross,0.9714
cycle,0.9724
effective ai,0.9713
problem,0.9702
particular,0.9707
using,0.9718
implementing,0.9724
process critical,0.9726
characteristic,0.9725
process,0.9719
using crisp,0.9707
based,0.9740
influence,0.9709
task,0.9732
method crisp,0.9784
method cross,0.9739
based characteristic,0.9717
standard,0.9735
particularly,0.9703
system,0.9714
model,0.9710
based cross,0.9719
solution,0.9740
practice,0.9713
method,0.9793
characteristic model,0.9766
problem model,0.9743
characteristic model,0.9851
ai model,0.9760
process model recommend,0.9704
process model,0.9844
critical path method,0.9780
task,0.9709
competition multi,0.9746
est trade trees,0.9705
analyze,0.9748
computational need,0.9732
joint,0.9700
using,0.9718
experiment,0.9701
limitation,0.9726
extend,0.9711
setting,0.9718
demand,0.9708
important,0.9712
significant,0.9708
transform see,0.9728
criterion,0.9747
task,0.9732
theoretically,0.9733
function metal,0.9719
hyper,0.9739
multiple,0.9713
competition multi,0.9708
objective multi,0.9710
multi,0.9774
similarity,0.9746
est trade trees,0.9728
method,0.9793
transform,0.9777
performance method,0.9726
classification,1.0000
model,0.9760
using data,0.9714
model,0.9710
joint,0.9700
classification robotic,0.9722
using,0.9718
synthetic,0.9750
information large,0.9714
method,0.9793
object model,0.9745
modeling learning,0.9730
object learning,0.9737
method learning,0.9784
classification,1.0000
classification receives,0.9821
predicted particular,0.9706
based,0.9711
system,0.9731
model,0.9760
belief,0.9723
neural,0.9757
approach fill,0.9717
productivity,0.9747
boost,0.9739
approach,0.9710
distributed term cc,0.9708
particular,0.9707
unaware,0.9732
cultivation deep neural,0.9701
crucial,0.9753
prediction,0.9808
process,0.9719
predicting,0.9774
deep neural,0.9743
predicted particular,0.9705
transformation,0.9793
input,0.9716
based,0.9740
properly,0.9720
rotation,0.9785
suggested process utilizes,0.9708
meta,0.9766
termed,0.9753
system,0.9714
model,0.9710
algorithm nutrient,0.9722
suggested,0.9718
predicted,0.9713
thus designed,0.9714
method,0.9793
belief,0.9715
learning model,0.9744
meta learning,1.0000
forecast learning,0.9752
classification,1.0000
bias,0.9723
classification h,0.9739
power,0.9723
specific,0.9720
module,0.9702
task,0.9709
system,0.9731
protection,0.9734
model,0.9760
intra prototype,0.9702
neural,0.9757
fault diagnosis,0.9701
strengthening,0.9735
bias,0.9780
boundary,0.9711
using,0.9718
reveal,0.9714
using prototype,0.9704
specific,0.9773
capture,0.9703
module,0.9760
difficult,0.9709
task,0.9732
proto,0.9722
analysis,0.9723
system,0.9714
protection,0.9704
model,0.9710
operation,0.9725
diagnosis,0.9738
diagnostic,0.9707
extraction,0.9750
timing,0.9713
transform,0.9777
restrict,0.9758
task,0.9709
method series,0.9765
based,0.9711
neural,0.9757
hyper,0.9739
approximation throughout,0.9704
instability,0.9811
task,0.9732
method series,0.9767
comparable,0.9719
tackle,0.9713
method bile,0.9774
operation,0.9725
problem,0.9702
compared,0.9725
approach,0.9710
using,0.9718
experiment,0.9701
method consistently,0.9728
meta,0.9766
numerical method bile,0.9726
method,0.9793
based,0.9740
meta learning,1.0000
numerical method,0.9715
gradient method,0.9721
recommendation,0.9700
classification,1.0000
task,0.9709
model,0.9760
reg approach,0.9702
model recommendation,0.9717
recommendation,0.9744
task,0.9732
prediction,0.9808
model,0.9710
via reg approach,0.9705
framework,0.9755
training,0.9706
automated,0.9730
inference via,0.9722
approach,0.9710
incorporated model,0.9722
inference,0.9787
incorporated model recommendation,0.9725
reg approach,0.9722
extraction,0.9750
model recommendation,0.9737
learning model,0.9744
gap,0.9707
type,0.9710
task,0.9709
thus improving,0.9715
recovery,0.9719
system,0.9731
framework show superior,0.9701
steering,0.9725
framework,0.9755
fork,0.9701
decision,0.9717
crucial,0.9753
process,0.9719
inline,0.9706
complementary,0.9778
type,0.9749
transformation,0.9793
weighted,0.9760
task,0.9732
bowl,0.9733
specifically gradient,0.9703
supervision,0.9727
meta,0.9766
analysis,0.9723
recovery,0.9780
system,0.9714
training,0.9706
semantic,0.9805
reinforcement,0.9727
method,0.9793
observation,0.9740
meta learning,1.0000
classification,1.0000
processing,0.9724
distance,0.9712
classified,0.9715
model called,0.9707
module,0.9702
based,0.9711
classification however,0.9832
model,0.9760
condition,0.9700
processing,0.9798
residual,0.9764
distance,0.9723
problem,0.9702
using,0.9718
based metal,0.9717
minimal,0.9707
em module,0.9715
prediction,0.9808
certain,0.9732
method based,0.9701
effectively,0.9727
important,0.9712
method effectively,0.9706
model called,0.9737
module,0.9760
mechanism,0.9777
based,0.9740
resulting,0.9707
compared,0.9725
method reach,0.9716
traditional depth,0.9710
model,0.9710
training,0.9706
memory,0.9722
interfere,0.9704
method,0.9793
depth model,0.9782
class feature,0.9708
sample method un,0.9709
accuracy proposed method,0.9701
classification,1.0000
processing,0.9724
task,0.9709
tends fail,0.9714
system,0.9731
model,0.9760
classification model,0.9741
classification ts,0.9725
analyze,0.9748
processing,0.9798
joint,0.9700
derivation,0.9710
approach,0.9710
prediction,0.9808
sampling,0.9746
mechanism exploring,0.9753
application,0.9766
mechanism,0.9777
natural,0.9713
task,0.9732
theoretically,0.9733
meta,0.9766
pseudo,0.9712
gibbs,0.9701
system,0.9714
model,0.9710
domain gibbs,0.9750
classification model,0.9715
fundamental,0.9742
derivation involved metal,0.9716
label propose anne,0.9749
method,0.9793
pseudo model,0.9750
text classification model,0.9729
classification model,0.9728
classification model,0.9705
processing,0.9724
significantly joint,0.9708
task,0.9709
system,0.9731
model,0.9760
weighing,0.9712
logical,0.9726
processing,0.9798
joint,0.9700
significantly,0.9725
capability,0.9705
setting,0.9718
natural,0.9713
task,0.9732
analysis,0.9723
system,0.9714
useful,0.9749
model,0.9710
weighing,0.9737
training,0.9706
multi,0.9774
similarity,0.9746
multi model,0.9798
capability learning,0.9799
performance model,0.9717
gap,0.9707
feedback,0.9738
without access training,0.9716
task,0.9709
model,0.9760
testing,0.9720
curriculum,0.9729
framework,0.9755
transfer,0.9737
problem,0.9702
experiment,0.9701
data metal,0.9750
inversion ec,0.9746
model ec,0.9721
process,0.9719
feedback,0.9779
task,0.9732
framework dubbed,0.9733
sequence,0.9712
meta,0.9766
pseudo,0.9712
inversion,0.9753
useful,0.9749
model,0.9710
training,0.9706
ic meta,0.9727
scale,0.9712
testing,0.9763
inversion cal,0.9734
feedback meta model,0.9756
meta model,0.9743
feedback meta model,0.9827
meta model,1.0000
data pre model,0.9823
data meta,0.9738
meta long learning,0.9780
learning transfer,0.9728
system,0.9731
task,0.9709
model,0.9760
merit,0.9719
importantly,0.9706
task however,0.9701
merit proposed,0.9729
system,0.9714
task,0.9732
model,0.9710
understanding,0.9711
importantly,0.9740
boost,0.9739
importantly meta,0.9707
labeled,0.9759
adaptation domain,0.9702
approach,0.9710
experiment,0.9701
multi,0.9774
defining,0.9702
meta,0.9766
directly,0.9718
humane,0.9708
method,0.9793
input,0.9716
natural,0.9713
data language model,0.9728
data language model,0.9816
language model,0.9784
model meta,0.9718
model meta,0.9711
meta learning,1.0000
system,0.9731
task,0.9709
model,0.9760
method machine,0.9771
system,0.9714
task,0.9732
model,0.9710
reinforcement,0.9727
using,0.9718
meta,0.9766
prefer,0.9717
method,0.9793
behavior,0.9766
knowledge model,0.9709
prior knowledge model,0.9704
knowledge model,0.9808
model meta,0.9718
control world model,0.9751
prior knowledge model,0.9766
model meta,0.9711
behavior learning,0.9837
meta learning,1.0000
agent behavior learning,0.9744
learning method,0.9746
task recent,0.9735
performance owing characteristic,0.9719
task,0.9709
model,0.9760
advantage,0.9712
task recent study,0.9719
transfer,0.9737
approach,0.9710
analyzing medical,0.9714
data metal,0.9750
minimal,0.9707
imaging,0.9774
sophisticated,0.9718
characteristic,0.9725
effectively,0.9727
model corresponding,0.9761
natural,0.9713
performance owing characteristic,0.9726
task,0.9732
transferring searched,0.9721
analysis,0.9723
analyzing,0.9721
technique effectively transferred,0.9722
transferring,0.9727
model,0.9710
corresponding,0.9714
method,0.9793
state model,0.9703
state model,0.9813
transfer learning,0.9757
feedback,0.9738
based,0.9711
task,0.9709
ability,0.9706
model,0.9760
device,0.9735
intention,0.9715
transfer,0.9737
fused,0.9737
response,0.9741
feedback,0.9779
significant,0.9708
awareness known,0.9703
mechanism,0.9777
based,0.9740
reducing,0.9707
task,0.9732
penetration,0.9723
compared,0.9725
tactic,0.9753
model het,0.9702
context,0.9710
behavior,0.9766
requires,0.9727
multiple,0.9713
model,0.9710
multi,0.9774
domain knowledge,0.9718
knowledge knowledge,0.9718
domain knowledge knowledge,0.9732
practical defense model,0.9718
multiple model,0.9709
data adaptation,0.9712
gap,0.9707
task,0.9709
task extensive,0.9709
ability,0.9706
system,0.9731
limit,0.9728
comparison,0.9779
data adaptation,0.9706
framework,0.9755
experiment,0.9701
setting,0.9718
task,0.9732
context,0.9710
meta,0.9766
system,0.9714
limit,0.9739
encoding,0.9757
reinforcement,0.9727
comparison,0.9816
method,0.9793
quantitative,0.9735
meta learning,1.0000
system learning,0.9838
classification,1.0000
model,0.9760
using training,0.9761
type,0.9710
based,0.9711
prediction,0.9808
model,0.9710
training,0.9706
labeled,0.9759
expert,0.9727
require,0.9728
survey,0.9702
using training,0.9720
using,0.9718
based contrast,0.9728
type,0.9749
method,0.9793
analysis,0.9723
contrast,0.9753
based,0.9740
learning model,0.9744
deep learning model,0.9706
task despite success,0.9718
task despite,0.9705
task,0.9709
system,0.9731
model,0.9760
advantage,0.9712
problem,0.9702
approach,0.9710
initial,0.9701
flow,0.9768
task,0.9732
meta,0.9766
validation,0.9739
standard,0.9735
system,0.9714
model,0.9710
training,0.9706
descent,0.9731
synthetic,0.9750
method,0.9793
method learning,0.9784
meta learning,1.0000
gradient method,0.9721
learning task,1.0000
classification,1.0000
superiority proposed,0.9754
classification task,0.9741
superiority proposed method,0.9725
task,0.9709
model initial,0.9705
system,0.9731
model,0.9760
neural,0.9757
transfer,0.9737
using,0.9718
significantly,0.9725
initial,0.9701
diverse,0.9721
application,0.9766
task,0.9732
regression,1.0000
model initial,0.9726
compared,0.9725
meta,0.9766
multiple,0.9713
system,0.9714
model,0.9710
method diverse,0.9748
method metal,0.9711
training,0.9706
multi,0.9774
system transfer,0.9716
method,0.9793
network model,0.9766
multiple model,0.9709
transfer learning,0.9757
meta learning,1.0000
metal method benefit,0.9707
training model,0.9724
strategy suggested,0.9727
metal system,0.9708
way proceeding machine,0.9713
system,0.9731
regardless,0.9709
model,0.9760
transfer,0.9737
tailored,0.9715
prediction,0.9808
independently,0.9753
crafted,0.9719
setting,0.9718
hypothesis,0.9774
input,0.9716
allowing,0.9746
system machine,0.9723
metal system mit,0.9714
system,0.9714
model,0.9710
training,0.9706
suggested,0.9718
strategy model,0.9707
strategy model,0.9799
mis model,0.9733
target model,0.9709
learning target model,0.9764
system learning,0.9838
system,0.9731
pattern,0.9725
model,0.9760
codes,0.9719
interface,0.9704
based,0.9711
importance,0.9708
system,0.9714
pattern,0.9783
measurement,0.9807
model,0.9710
process,0.9719
codes,0.9772
assessment,0.9766
radiation,0.9743
diffuse,0.9705
intervention,0.9727
using,0.9718
portable,0.9747
interface,0.9765
thermal,0.9758
application perfect,0.9705
analysis,0.9723
application,0.9766
quantitative,0.9735
based,0.9740
classification,1.0000
based,0.9711
data whose,0.9701
ability,0.9706
framework,0.9755
viewed,0.9718
experiment,0.9701
based metal,0.9717
proposal,0.9717
interest,0.9730
process,0.9719
based,0.9740
labeling,0.9769
meta,0.9766
training,0.9706
solution,0.9740
multi,0.9774
meta learning,1.0000
process learning,0.9825
gap,0.9707
task,0.9709
model,0.9760
task hind progress,0.9713
addressing,0.9701
ability,0.9706
task,0.9732
however feature,0.9712
attracting,0.9727
model,0.9710
joint,0.9700
fusion via meta,0.9718
fusion,0.9739
semantic,0.9805
addressing,0.9752
experiment,0.9701
meta,0.9766
method,0.9793
core,0.9722
code model,0.9802
sim meta learning,0.9756
meta learning,1.0000
fusion detection learning,0.9708
effectiveness method,0.9733
projecting,0.9711
engineering require,0.9745
based,0.9711
system,0.9731
model,0.9760
condition,0.9700
neural,0.9757
trial manifold,0.9739
projecting,0.9725
due limitation,0.9719
problem,0.9702
boundary,0.9711
require,0.9728
experiment,0.9701
based metal,0.9717
limitation,0.9726
technique accelerate,0.9760
method exhibit,0.9722
struggle,0.9716
concept trial,0.9721
modelling reduced,0.9702
etc typical,0.9724
due limitation linear,0.9705
important,0.9712
based,0.9740
theoretically,0.9733
utilizing,0.9730
enabled,0.9716
meta,0.9766
generation,0.9730
linear utilizing,0.9776
system,0.9714
model,0.9710
solution,0.9740
method,0.9793
deep learning learning,0.9727
numerical method,0.9715
deep learning method,0.9712
learning method,0.9746
processing,0.9724
coding,0.9744
network weight,0.9710
module,0.9702
thus improving,0.9715
testing,0.9720
configuration,0.9752
neural,0.9757
customized,0.9778
filter including,0.9709
processing,0.9798
de filter,0.9723
suppress,0.9738
prediction,0.9808
diverse,0.9721
coding,0.9793
network weight,0.9747
module,0.9760
compression,0.9821
including de filter,0.9717
offset,0.9723
method called,0.9706
meta integrated,0.9722
integrated,0.9716
filtering,0.9771
essential module,0.9714
meta,0.9766
standard,0.9735
weight,0.9702
filter proposed,0.9741
integrated v,0.9713
testing,0.9763
filter,0.9780
configuration,0.9770
method,0.9793
grid experiencing,0.9730
power,0.9723
particularly considering many,0.9724
based,0.9711
information across,0.9720
system,0.9731
analyze,0.9748
transition,0.9810
solution rely,0.9736
approach,0.9710
experiment,0.9701
decision,0.9717
consumption,0.9700
simulation,0.9750
response,0.9741
diverse,0.9721
rely,0.9709
approach greatly,0.9738
based,0.9740
relies central,0.9701
meta,0.9766
particularly,0.9703
system,0.9714
sensor,0.9742
energy,0.9705
monitoring,0.9724
training,0.9706
solution,0.9740
reinforcement,0.9727
meta learning,1.0000
data learning,0.9768
classification,1.0000
model na,0.9724
h difficult model,0.9703
seeing result,0.9710
type,0.9710
based,0.9711
breaker metal,0.9715
system,0.9731
model,0.9760
condition,0.9700
neural,0.9757
fault diagnosis,0.9701
model na,0.9716
based metal,0.9717
basis,0.9776
process,0.9719
capability,0.9705
performance ml utilized,0.9710
type,0.9749
difficult,0.9709
based,0.9740
validity,0.9762
breaker metal,0.9721
analysis,0.9723
system,0.9714
model,0.9710
vibration,0.9700
solution,0.9740
diagnosis,0.9738
diagnostic,0.9707
timing,0.9713
method,0.9793
ml utilized,0.9703
network model,0.9766
requirement,0.9703
among task,0.9723
based,0.9711
task,0.9709
system,0.9731
model,0.9760
condition,0.9700
testing,0.9720
configuration,0.9752
interval,0.9709
configuration unfortunately,0.9742
simulation,0.9750
requirement,0.9742
prediction,0.9808
process,0.9719
configuration unfortunately study,0.9709
sensor metal,0.9703
based,0.9740
task,0.9732
compared,0.9725
standard,0.9735
system,0.9714
measurement,0.9807
sensor,0.9742
model,0.9710
testing,0.9763
configuration,0.9770
method,0.9793
configuration model,0.9784
classification,1.0000
system,0.9731
task,0.9709
segment comparable,0.9719
feedback,0.9738
classification task,0.9741
testing,0.9720
type,0.9710
based,0.9711
instead simply,0.9701
importance,0.9708
approach prostate,0.9715
interest,0.9730
system,0.9714
task,0.9732
comparable,0.9719
segment comparable,0.9710
feedback,0.9779
assessment,0.9766
furthermore,0.9701
require,0.9728
precise,0.9720
approach,0.9710
diagnosis,0.9738
testing,0.9763
meta,0.9766
type,0.9749
corresponding,0.9714
imaging,0.9774
based,0.9740
meta learning,1.0000
recovery,0.9719
gap,0.9707
task,0.9709
condition,0.9700
meta use,0.9724
analyze,0.9748
recovery,0.9780
suggesting,0.9741
incorporate,0.9737
expert hierarchy use,0.9711
interest,0.9730
task,0.9732
transition,0.9810
approach tract,0.9746
embedded,0.9767
embedded transition,0.9739
notion,0.9753
furthermore,0.9701
expert,0.9727
approach,0.9710
reinforcement,0.9727
recovered,0.9720
using,0.9718
meta,0.9766
modular,0.9722
setting,0.9718
practice,0.9713
important,0.9712
capture,0.9703
behavior,0.9766
analysis,0.9723
natural,0.9713
factor,0.9727
due complexity,0.9706
model,0.9760
neural,0.9757
device,0.9735
tiny application benefit,0.9717
however common global,0.9714
micro,0.9712
tiny use,0.9703
factor compared,0.9718
factor,0.9740
metal micro,0.9710
initial,0.9701
comparable,0.9719
however common,0.9713
significant,0.9708
application,0.9766
compared,0.9725
due complexity,0.9758
model,0.9710
training,0.9706
cortex,0.9787
learning global model,0.9703
global model,0.9805
task,0.9709
typically,0.9702
model,0.9760
framework,0.9755
using,0.9718
experiment,0.9701
core,0.9722
model typically,0.9700
trans multi meta,0.9703
diverse,0.9721
utilize,0.9766
task,0.9732
neighbor,0.9701
meta,0.9766
typically,0.9705
model,0.9710
model generally,0.9736
encoding,0.9757
multi,0.9774
tune,0.9714
model state fk,0.9728
corresponding,0.9714
method,0.9793
transform,0.9777
relation knowledge,0.9704
representation knowledge,0.9763
meta learning,1.0000
classification,1.0000
processing,0.9724
model however,0.9706
method transfer,0.9712
category equally issue,0.9752
feedback,0.9738
specific,0.9720
module,0.9702
category,0.9777
thereby improving,0.9702
task,0.9709
ability,0.9706
system,0.9731
model,0.9760
neural,0.9757
however fixed threshold,0.9704
processing,0.9798
model however,0.9703
neural snow,0.9703
transfer,0.9737
method transfer,0.9773
comprehension,0.9732
feedback,0.9779
due continuously,0.9708
demand,0.9708
specific,0.9773
module,0.9760
category,0.9753
natural,0.9713
task,0.9732
compared,0.9725
labeled,0.9759
meta,0.9766
generation,0.9730
practical challenge neural,0.9702
fixed,0.9705
system,0.9714
model,0.9710
extraction self un,0.9703
weight,0.9702
training,0.9706
treated,0.9708
extraction,0.9750
method,0.9793
catch,0.9701
ada model,0.9729
classification performance model,0.9739
meta learning,1.0000
modeling learning,0.9730
performance model,0.9717
classification performance model,0.9724
issue needing,0.9700
system,0.9731
model,0.9760
comparison,0.9779
identifying,0.9714
neural,0.9757
approach,0.9710
experiment,0.9701
demand,0.9708
difficult,0.9709
compared,0.9725
meta,0.9766
system,0.9714
model,0.9710
training,0.9706
comparison,0.9816
identifying,0.9724
detection model model,0.9755
data model,0.9781
detection model,0.9760
experiment model,0.9708
performance learning,0.9715
processing,0.9724
representation however,0.9750
type,0.9710
task significantly,0.9708
task,0.9709
tuning,0.9728
system,0.9731
model,0.9760
processing,0.9798
price,0.9740
workshop,0.9720
joint,0.9700
problem,0.9702
significantly,0.9725
prediction,0.9808
glue,0.9766
type,0.9749
task significantly,0.9713
natural,0.9713
data specialized,0.9716
task,0.9732
tuning,0.9731
method adapt,0.9712
multiple,0.9713
system,0.9714
model,0.9710
understanding,0.9711
specialized,0.9739
multi,0.9774
method,0.9793
method multiple,0.9707
data model,0.9781
tuning language model,0.9759
language model,0.9784
performance learning,0.9715
multi learning,0.9757
performance method,0.9726
classification,1.0000
processing,0.9724
classification classification,0.9867
model selection,0.9707
approach resulted,0.9701
given data research,0.9720
selection among,0.9734
ability,0.9706
system,0.9731
model,0.9760
processing,0.9798
approach,0.9710
tailored,0.9715
model selection,0.9766
comparable,0.9719
approach resulted,0.9704
specifically nl,0.9703
given data research,0.9718
significant,0.9708
natural,0.9713
automated,0.9730
tool,0.9715
plan,0.9751
system,0.9714
model,0.9710
resource tailored,0.9701
intervention,0.9727
method,0.9793
transform,0.9777
nl model,0.9761
information learning,0.9783
learning auxiliary task,0.9702
system,0.9731
task,0.9709
model however,0.9706
model,0.9760
data specific,0.9735
additionally learning,0.9725
specific,0.9720
across data,0.9707
specific head,0.9721
across data additionally,0.9701
classic,0.9710
system,0.9714
task,0.9732
model however,0.9703
model,0.9710
joint,0.9700
method metal,0.9711
system ad,0.9739
solution,0.9740
compared,0.9725
solution adapted,0.9703
data specific,0.9736
multi,0.9774
additionally learning,0.9712
meta,0.9766
specific,0.9773
specific head,0.9701
method,0.9793
observation,0.9740
data specific head,0.9700
input,0.9716
target data model,0.9788
data model,0.9781
task learning,0.9801
learning forecast learning,0.9727
meta learning,1.0000
forecast learning,0.9752
multi learning,0.9757
single task learning,0.9720
learning method,0.9746
method applicable paper,0.9729
learning method metal,0.9715
classification,1.0000
model compared,0.9715
different classification task,0.9734
classification task,0.9741
characteristic proposed,0.9719
module,0.9702
task proposed,0.9730
based,0.9711
task,0.9709
model percentage,0.9730
ability,0.9706
system,0.9731
model,0.9760
advantage,0.9712
paradigm,0.9754
model compared,0.9740
problem,0.9702
experiment,0.9701
integrating,0.9786
based metal,0.9717
characteristic,0.9725
mechanism attention,0.9701
certain,0.9732
capability,0.9705
different classification task,0.9700
characteristic proposed,0.9779
module,0.9760
mechanism,0.9777
based,0.9740
model combine,0.9740
task,0.9732
compared,0.9725
problem aiming,0.9724
paradigm proposed,0.9734
system,0.9714
mechanism deep,0.9714
model,0.9710
weight,0.9702
therefore research,0.9752
accurately,0.9702
corresponding,0.9714
ec module,0.9719
method,0.9793
integrating ec,0.9703
classification,1.0000
processing,0.9724
brain country using,0.9711
power,0.9723
classified,0.9715
position,0.9711
spectral,0.9714
based,0.9711
knowledge classified using,0.9734
classify,0.9730
model grounded,0.9714
going classify brain,0.9702
model,0.9760
neural,0.9757
processing,0.9798
framework,0.9755
using con,0.9709
using,0.9718
frame,0.9702
model knowledge former,0.9712
based metal,0.9717
process,0.9719
certain,0.9732
idea classify,0.9713
colorful,0.9722
spectral,0.9769
based,0.9740
indicator,0.9715
grounded con neural,0.9709
meta,0.9766
indicator bi,0.9724
classify,0.9775
model grounded,0.9775
dependency,0.9802
model,0.9710
monitoring,0.9724
memory,0.9722
scale,0.9712
level unconscious biomedical,0.9712
model knowledge,0.9747
spectral feature use,0.9704
model compared,0.9715
based,0.9711
task,0.9709
ability,0.9706
system,0.9731
model,0.9760
vehicle reid,0.9703
testing,0.9720
configuration,0.9752
device,0.9735
spectrum,0.9736
model compared,0.9740
approach,0.9710
using,0.9718
experiment,0.9701
thermal,0.9758
system easily,0.9715
system general,0.9705
imaging,0.9774
however main,0.9702
usage,0.9720
inference,0.9787
complementary,0.9778
setting,0.9718
important,0.9712
based,0.9740
task,0.9732
compared,0.9725
enabled,0.9716
multiple,0.9713
system,0.9714
model,0.9710
training,0.9706
multi,0.9774
testing,0.9763
configuration,0.9770
ability model,0.9730
spectral attention,0.9719
classification,1.0000
processing,0.9724
spectral,0.9714
module,0.9702
based,0.9711
ability,0.9706
model,0.9760
classification model,0.9741
neural,0.9757
processing,0.9798
problem,0.9702
model introduce,0.9701
experiment,0.9701
based singular,0.9734
based metal,0.9717
edge therefore design,0.9703
rely,0.9709
therefore design,0.9703
problem insufficient labeled,0.9705
furthermore,0.9701
method based,0.9701
spectral,0.9769
module,0.9760
mechanism,0.9777
based,0.9740
problem insufficient,0.9712
resulting,0.9707
labeled,0.9759
method rely,0.9750
hyper,0.9739
model,0.9710
weight,0.9702
classification model,0.9715
topology,0.9721
cross module,0.9737
extraction,0.9750
method,0.9793
spectral consistent,0.9703
cross classification model,0.9740
classification model,0.9728
class feature,0.9708
hs furthermore method,0.9712
classification model,0.9705
labor current method,0.9705
task,0.9709
module,0.9702
neural,0.9757
recent approach combine,0.9703
standard,0.9735
task,0.9732
data fine,0.9731
training,0.9706
transfer,0.9737
labeled,0.9759
approach,0.9710
multi,0.9774
method,0.9793
module,0.9760
method achieve,0.9722
object feature,0.9726
feature backbone,0.9709
task learning,0.9801
transfer learning,0.9757
cross task learning,0.9741
classification,1.0000
model however,0.9706
based,0.9711
task,0.9709
system,0.9731
model,0.9760
classification ts,0.9725
configuration,0.9752
method term,0.9705
method machine,0.9771
model however,0.9703
problem,0.9702
approach,0.9710
method recently,0.9724
algorithm industrial,0.9737
process,0.9719
experimental result illustrate,0.9708
adjust,0.9750
method based,0.9701
combined algorithm deep,0.9706
significant,0.9708
based,0.9740
method recently deep,0.9707
task,0.9732
filtering,0.9771
automated,0.9730
suitable,0.9746
based genetic,0.9710
hyper,0.9739
analyzing,0.9721
system,0.9714
intensive,0.9739
cash,0.9724
model,0.9710
reinforcement,0.9727
configuration,0.9770
method,0.9793
method term,0.9789
filtered,0.9730
learning model,0.9744
deep learning model,0.9706
learning method,0.9746
model,0.9760
superiority code,0.9722
splitting poisoned,0.9717
neural,0.9757
properly,0.9720
importance,0.9708
splitting,0.9749
multiple,0.9713
model,0.9710
altered,0.9711
split,0.9712
framework,0.9755
training,0.9706
thus malicious,0.9716
deep neural,0.9743
experiment,0.9701
core,0.9722
bench data model,0.9762
data model,0.9781
delivery,0.9702
pattern,0.9725
interval,0.9709
device,0.9735
framework,0.9755
transfer,0.9737
approach,0.9710
delivery,0.9767
experiment,0.9701
request,0.9710
process unfortunately,0.9764
process,0.9719
capture,0.9703
pattern,0.9783
compared,0.9725
meta,0.9766
training,0.9706
solution,0.9740
considered,0.9732
reinforcement,0.9727
method,0.9793
classification,1.0000
classification task,0.9741
task inclusion,0.9711
task,0.9709
typically,0.9702
system,0.9731
model,0.9760
task distinct,0.9715
task distinct kind,0.9735
focus,0.9740
paradigm,0.9754
inclusion within mt,0.9704
delivering,0.9733
approach,0.9710
particular,0.9707
experiment,0.9701
integrating,0.9786
important,0.9712
contrast,0.9753
paradigm multi,0.9715
task,0.9732
regression,1.0000
kind contrast typically,0.9702
meta,0.9766
simultaneous,0.9704
pseudo,0.9712
typically,0.9705
multiple,0.9713
system,0.9714
system linear,0.9772
inclusion,0.9707
model,0.9710
learning paradigm,0.9745
semantic,0.9805
fundamental,0.9742
considered,0.9732
task distinct,0.9725
multi,0.9774
task distinct kind,0.9721
quantitative,0.9735
multi model,0.9798
task learning,0.9801
simultaneous learning,0.9738
meta learning,1.0000
single task learning,0.9720
multi learning,0.9757
classification,1.0000
module,0.9702
problem utilize,0.9713
ability,0.9706
system,0.9731
problem binary,0.9713
problem,0.9702
experiment,0.9701
reveal,0.9714
module ml,0.9710
module,0.9760
offset,0.9723
utilize,0.9766
module fe,0.9707
supervision,0.9727
manipulation,0.9702
compared,0.9725
problem utilize,0.9745
system,0.9714
training,0.9706
multi,0.9774
forge,0.9702
extraction,0.9750
method,0.9793
offset specifically,0.9719
domain knowledge,0.9718
domain learning,0.9812
general ability method,0.9734
detection method,0.9740
task,0.9709
condition,0.9700
leverage,0.9704
small approach,0.9703
task empirical,0.9702
task,0.9732
integration,0.9721
meta used,0.9729
tool,0.9715
assessment,0.9766
approach,0.9710
empirical,0.9751
meta,0.9766
setting,0.9718
similarity,0.9746
data metal,0.9750
significant,0.9708
leverage,0.9770
analysis,0.9723
meta learning,1.0000
performance learning,0.9715
task,0.9709
model,0.9760
advantage,0.9712
leverage,0.9704
joint,0.9700
problem,0.9702
degradation,0.9718
assessment,0.9766
model effectively,0.9728
demonstrates,0.9703
imaging,0.9774
tackle,0.9713
effectively,0.9727
focused,0.9710
mechanism,0.9777
lever,0.9737
task,0.9732
filtering,0.9771
effectively leverage,0.9724
meta,0.9766
model,0.9710
unrelated,0.9737
diagnosis,0.9738
practice,0.9713
method,0.9793
leverage,0.9770
potential value model,0.9756
value model,0.9825
potential value model,0.9804
learning model,0.9744
deep learning model,0.9706
effectiveness general method,0.9720
classification,1.0000
gap,0.9707
task,0.9709
data need,0.9710
system,0.9731
model,0.9760
method machine,0.9771
yielding,0.9709
transfer,0.9737
problem,0.9702
using,0.9718
interest,0.9730
system en,0.9708
comparing,0.9738
adoption,0.9702
contrast,0.9753
coupled,0.9755
task,0.9732
tame,0.9722
labeled,0.9759
dependency,0.9802
system,0.9714
model,0.9710
method yielding,0.9777
method,0.9793
however tame dependency,0.9712
tree model,0.9769
transfer learning,0.9757
deep learning learning,0.9727
learning method,0.9746
processing,0.9724
including metal,0.9718
model selection,0.9707
test set,0.9724
based,0.9711
system,0.9731
model,0.9760
analyze,0.9748
device,0.9735
processing,0.9798
ic integrated,0.9709
require,0.9728
bay optimization,0.9711
thickness,0.9713
approach,0.9710
using,0.9718
crucial,0.9753
demonstrates,0.9703
model selection,0.9766
prediction,0.9808
process,0.9719
integration,0.9721
predicting,0.9774
input,0.9716
based,0.9740
integrated,0.9716
compared,0.9725
hyper,0.9739
determination,0.9705
system,0.9714
measurement,0.9807
system model,0.9713
model,0.9710
training,0.9706
multi,0.9774
extraction,0.9750
timing,0.9713
method,0.9793
prediction model,0.9710
prediction model,0.9729
data model,0.9781
effort model,0.9750
input data model,0.9741
system model,0.9748
intelligent learning,0.9814
circuit learning,0.9734
prediction result paper,0.9703
learning method,0.9746
training model,0.9724
likely memo task,0.9701
task specific,0.9750
specific,0.9720
based,0.9711
task,0.9709
across data,0.9707
model,0.9760
scar training,0.9707
identifying,0.9714
pairing,0.9722
flip,0.9705
problem,0.9702
comparing,0.9738
suggests,0.9712
task specific,0.9724
specific,0.9773
resembles,0.9737
based,0.9740
task,0.9732
context,0.9710
suitable,0.9746
meta,0.9766
sub em,0.9715
incorporating,0.9746
model,0.9710
training,0.9706
identifying,0.9724
state model,0.9703
general model,0.9804
model state model,0.9813
state model,0.9813
meta learning,1.0000
task meta learning,0.9774
system,0.9731
task,0.9709
model,0.9760
system large,0.9702
factor,0.9727
challenging due curse,0.9733
bay hierarchical,0.9707
flexible,0.9744
scala,0.9734
system,0.9714
task,0.9732
useful,0.9749
model,0.9710
framework,0.9755
system large,0.9711
utilizing,0.9730
factor,0.9740
solution,0.9740
problem,0.9702
sampling,0.9746
compared,0.9725
approach,0.9710
meta,0.9766
upon design,0.9719
structured,0.9766
method,0.9793
core,0.9722
model core,0.9742
analysis,0.9723
dimensional,0.9783
dimensional flexible model,0.9740
flexible model,0.9771
hierarchical model,0.9815
useful proposed method,0.9700
numerical method,0.9715
classification,1.0000
bias,0.9723
factor,0.9727
classification task,0.9741
spectral,0.9714
module,0.9702
category,0.9777
based,0.9711
task,0.9709
performance cross,0.9707
factor category,0.9716
model,0.9760
classification model,0.9741
category second,0.9772
leverage,0.9704
bias,0.9780
factor unrelated,0.9732
transfer,0.9737
factor,0.9740
integrating,0.9786
causal,0.9779
prediction,0.9808
method based,0.9701
spectral,0.9769
module,0.9760
category,0.9753
based,0.9740
task,0.9732
performance cross,0.9719
meta,0.9766
analysis,0.9723
hyper,0.9739
factor category,0.9729
inclusion,0.9707
model,0.9710
classification model,0.9715
unrelated,0.9737
treated,0.9708
extraction,0.9750
method,0.9793
transform,0.9777
leverage,0.9770
image knowledge,0.9719
domain knowledge,0.9718
numerical model,0.9727
learning numerical model,0.9705
classification model,0.9728
knowledge feature,0.9712
transfer learning,0.9757
meta learning,1.0000
causal learning,0.9784
classification model,0.9705
classification,1.0000
layer modeled,0.9711
model gaining,0.9736
classification task,0.9741
model significant,0.9726
specific,0.9720
task,0.9709
tuning,0.9728
ability,0.9706
classify,0.9730
system,0.9731
model,0.9760
model starting,0.9729
layer modeled,0.9734
integrating,0.9786
significant concord,0.9705
model gaining,0.9762
concord,0.9706
interest,0.9730
process,0.9719
introducing cognitive,0.9703
furthermore,0.9701
model significant,0.9783
specific,0.9773
significant,0.9708
contrast,0.9753
suggesting,0.9741
task,0.9732
parameter specific,0.9745
tuning,0.9731
modeled,0.9745
classify,0.9775
overcome,0.9707
system,0.9714
clip classify ci,0.9733
model,0.9710
foundation model starting,0.9731
solution,0.9740
model overcome,0.9769
model starting,0.9717
backbone model,0.9790
integrating foundation model,0.9709
classification,1.0000
model forefront,0.9726
model additionally,0.9719
resource demonstrate,0.9704
type,0.9710
specific,0.9720
domain using,0.9714
inspection task across,0.9700
task,0.9709
system,0.9731
model,0.9760
focus,0.9740
framework,0.9755
problem,0.9702
approach,0.9710
using,0.9718
significantly,0.9725
model forefront,0.9704
model additionally,0.9724
using bench,0.9722
type,0.9749
specific,0.9773
important,0.9712
domain using,0.9704
task,0.9732
automated,0.9730
labeled,0.9759
analysis,0.9723
forefront,0.9718
system,0.9714
model,0.9710
training,0.9706
anomaly,0.9749
framework finally,0.9701
backbone model,0.9790
learning model,0.9744
deep learning model,0.9706
baseline model additionally,0.9718
baseline model,0.9820
state baseline model,0.9783
task learning,0.9801
model however,0.9706
module,0.9702
based,0.9711
warning pattern,0.9708
pattern,0.9725
sal warning pattern,0.9717
protection,0.9734
model,0.9760
model specifically,0.9744
model however,0.9703
method disrupt,0.9728
process,0.9719
furthermore,0.9701
method based,0.9701
effectively,0.9727
distorted,0.9739
method effectively,0.9706
significant,0.9708
module,0.9760
application,0.9766
based,0.9740
pattern,0.9783
facial,0.9740
manipulation,0.9702
generation,0.9730
specifically proposed,0.9716
method lead,0.9700
application pose,0.9735
multiple,0.9713
protection,0.9704
model,0.9710
model specifically,0.9756
forge,0.9702
method,0.9793
however method,0.9717
disrupt,0.9701
hidden model,0.9712
model extensive,0.9718
even access,0.9714
module,0.9702
recovery,0.9719
model disruption,0.9703
system,0.9731
model,0.9760
victim,0.9720
framework,0.9755
model extensive,0.9765
module,0.9760
mechanism,0.9777
integrated,0.9716
data victim,0.9708
system machine,0.9723
recovery,0.9780
operating,0.9702
multiple,0.9713
model disruption,0.9800
system,0.9714
model,0.9710
training,0.9706
fundamental,0.9742
extraction,0.9750
method,0.9793
disrupt,0.9701
generic model,0.9762
learning model,0.9744
extraction model,0.9777
model suffer,0.9715
model,0.9760
model require,0.9739
comparison,0.9779
method machine,0.9771
model suffer,0.9764
intensive,0.9739
model,0.9710
training,0.9706
model require,0.9724
degradation,0.9718
data intensive,0.9736
require,0.9728
approach,0.9710
using,0.9718
comparison,0.9816
method,0.9793
typical intensive,0.9706
learning model suffer,0.9705
learning model,0.9744
learning method,0.9746
requirement,0.9703
based,0.9711
model within,0.9743
task,0.9709
tuning,0.9728
model newly,0.9706
ability,0.9706
system,0.9731
model,0.9760
focus,0.9740
requiring,0.9733
device,0.9735
system cans,0.9717
squared,0.9722
transfer,0.9737
approach,0.9710
using,0.9718
experiment,0.9701
epoch rely,0.9702
requirement,0.9742
prediction,0.9808
rely,0.9709
integration,0.9721
approach greatly,0.9738
using meta complex,0.9701
based,0.9740
model within,0.9736
reducing,0.9707
task,0.9732
using meta,0.9719
compared,0.9725
tuning,0.9731
integration metal,0.9719
meta,0.9766
allowing,0.9746
sited model,0.9732
requires,0.9727
system,0.9714
model,0.9710
training,0.9706
topology,0.9721
epoch model,0.9783
transfer learning,0.9757
deep learning learning,0.9727
focus learning,0.9728
based,0.9711
task,0.9709
ability,0.9706
condition,0.9700
horizon,0.9712
proficient,0.9718
framework,0.9755
though meta learning,0.9702
based,0.9740
powered,0.9718
task,0.9732
meta,0.9766
lighting,0.9717
operation,0.9725
reinforcement,0.9727
specialized,0.9739
meta learning,1.0000
learning framework learning,0.9716
deep learning learning,0.9727
gap,0.9707
explanation,0.9728
coding,0.9744
addressing,0.9701
capability despite,0.9728
phase,0.9702
model,0.9760
analyzed,0.9709
structural,0.9775
framework,0.9755
process beyond ml,0.9731
harvesting,0.9747
core,0.9722
limitation,0.9726
explanation,0.9754
coding,0.9793
process,0.9719
capability,0.9705
addressing,0.9752
transformation,0.9793
application,0.9766
core machine,0.9713
phase,0.9749
expert,0.9727
context,0.9710
application business need,0.9726
analysis,0.9723
model,0.9710
understanding,0.9711
operation,0.9725
remedy,0.9715
practice,0.9713
sensitivity,0.9727
analyzed,0.9764
ml process model,0.9793
process model,0.9844
performance coco,0.9725
tuning,0.9728
system,0.9731
recognition base,0.9705
problem,0.9702
approach,0.9710
using,0.9718
novel branch using,0.9729
difficult,0.9709
performance coco,0.9729
branch,0.9721
coco,0.9720
tuning,0.9731
separation,0.9750
system,0.9714
training,0.9706
method,0.9793
class feature,0.9708
model,0.9760
device,0.9735
paradigm,0.9754
multiple,0.9713
reducing,0.9707
access paradigm,0.9720
measurement,0.9807
model,0.9710
training,0.9706
scale,0.9712
require,0.9728
meta,0.9766
data metal,0.9750
due potential scale,0.9723
data metal model,0.9756
system,0.9731
system specialized,0.9713
model,0.9760
layer enables,0.9714
leverage recent advance,0.9703
leverage,0.9704
multiple,0.9713
system,0.9714
leverage recent,0.9717
prediction,0.9808
regression,1.0000
system specialized,0.9730
bay regression,0.9800
model,0.9710
method increasingly,0.9773
transfer,0.9737
approach leverage,0.9728
approach,0.9710
approach leverage recent,0.9722
specialized,0.9739
experiment,0.9701
method,0.9793
behavior,0.9766
leverage,0.9770
prediction model,0.9710
prediction model,0.9729
prediction method,0.9710
metal operational design,0.9710
classification,1.0000
given classification,0.9807
task depends,0.9710
model selection,0.9707
recommendation,0.9700
data based,0.9706
given classification task,0.9770
classification task,0.9741
model recommendation,0.9717
based,0.9711
expected classification,0.9747
task,0.9709
selection classification,0.9700
class given classification,0.9774
classification based,0.9748
ability,0.9706
preference,0.9754
system,0.9731
model,0.9760
based cross,0.9714
classification model,0.9741
choice,0.9764
data characteristic,0.9703
identifying,0.9714
system using,0.9727
model selection candidate,0.9718
ag automated ml,0.9736
empirical,0.9751
using,0.9718
dependent,0.9760
model selection,0.9766
recommendation,0.9744
performance using,0.9717
characteristic,0.9725
data based,0.9739
process,0.9719
traditionally model,0.9701
directly,0.9718
ml system,0.9711
model recommendation,0.9737
based,0.9740
task,0.9732
regression,1.0000
automated,0.9730
suitable,0.9746
method cross,0.9739
validation,0.9739
preference,0.9708
system,0.9714
model,0.9710
based cross,0.9719
classification model,0.9715
licence,0.9701
method,0.9793
data characteristic,0.9780
identifying,0.9724
system using,0.9728
selection candidate model,0.9742
cross validation model,0.9744
validation model,0.9702
selection candidate model,0.9776
choice model,0.9812
cross validation model,0.9761
empirical model,0.9803
candidate model,0.9791
reg candidate model,0.9754
classification model,0.9728
validation model,0.9770
classification based model,0.9743
model selection candidate,0.9705
performance using,0.9701
system method,0.9700
model selection method,0.9762
selection method,0.9713
classification model,0.9705
classification based model,0.9726
automated ml system,0.9711
based,0.9711
task,0.9709
task although,0.9744
performance require,0.9736
system,0.9731
task labeled,0.9708
detector adapted,0.9703
model,0.9760
neural,0.9757
problem,0.9702
require,0.9728
assumption,0.9770
opt solution,0.9711
prefer,0.9717
method anomaly,0.9751
method based,0.9701
directly,0.9718
based,0.9740
layer ae,0.9737
task,0.9732
en detection,0.9708
data ne,0.9708
labeled,0.9759
test anomaly,0.9703
system,0.9714
detector adapted,0.9729
model,0.9710
method metal,0.9711
solution,0.9740
anomaly,0.9749
practice,0.9713
method,0.9793
detector model,0.9788
data learning,0.9768
effectiveness method,0.9733
learning method metal,0.9715
performance method,0.9726
performance method metal,0.9752
learning method,0.9746
detector model,0.9708
position,0.9711
data across different,0.9705
data across,0.9724
system,0.9731
model,0.9760
soft robotics,0.9737
inherently,0.9713
problem,0.9702
interacting,0.9739
approach,0.9710
viable,0.9703
particular,0.9707
model prior,0.9727
approach soft,0.9735
tool,0.9715
flexible,0.9744
system,0.9714
model,0.9710
data pro model,0.9814
interaction learning,0.9825
environment learning,0.9733
desired performance approach,0.9718
module,0.9702
based,0.9711
ability proposed,0.9727
system bearing,0.9719
ability,0.9706
classify,0.9730
system,0.9731
model,0.9760
condition,0.9700
advantage,0.9712
leverage,0.9704
general ability meanwhile,0.9724
fault diagnosis,0.9701
transfer,0.9737
approach,0.9710
based metal,0.9717
bearing fault diagnosis,0.9715
based meta,0.9718
deep learning fault,0.9706
contrasted approach proposed,0.9720
capability,0.9705
module,0.9760
based,0.9740
ability proposed,0.9718
system bearing,0.9747
meta,0.9766
analysis,0.9723
classify,0.9775
overcome,0.9707
system,0.9714
model,0.9710
diagnosis,0.9738
accurately,0.9702
consequence,0.9770
method,0.9793
leverage,0.9770
general ability meanwhile,0.9704
network model,0.9766
transfer learning,0.9757
meta learning,1.0000
learning transfer,0.9728
learning method,0.9746
system,0.9731
problem,0.9702
interacting,0.9739
approach,0.9710
coverage,0.9700
experiment,0.9701
tackle,0.9713
effectively,0.9727
due increase,0.9708
scenario tackle,0.9706
flexible,0.9744
system,0.9714
reinforcement,0.9727
multi,0.9774
method,0.9793
method achieve,0.9722
classification,1.0000
bias,0.9723
based,0.9711
task,0.9709
structural,0.9775
bias,0.9780
using,0.9718
data metal,0.9750
structural sharpe isolated,0.9732
prediction,0.9808
vision transform,0.9704
isolated,0.9741
based,0.9740
task,0.9732
catastrophic,0.9715
automated,0.9730
context,0.9710
proto,0.9722
generation,0.9730
biased,0.9763
sensor,0.9742
racial,0.9707
training,0.9706
semantic,0.9805
multi,0.9774
synthetic,0.9750
transform,0.9777
information knowledge,0.9748
classification,1.0000
classification task,0.9741
task,0.9709
model,0.9760
neural,0.9757
structural,0.9775
frequency,0.9763
suppress,0.9738
using,0.9718
experiment,0.9701
embedded,0.9767
effectively,0.9727
method effectively,0.9706
transformation,0.9793
mechanism,0.9777
task,0.9732
labeled,0.9759
transforms,0.9769
model,0.9710
affect,0.9746
filter,0.9780
method,0.9793
transform,0.9777
noise model,0.9714
goal learning,0.9809
network learning,0.9773
