Word,Similarity
influence,0.9730
model,0.9760
avenue treatment,0.9737
system,0.9731
identifying,0.9714
investigation,0.9721
using,0.9718
hyper proposed,0.9728
treatment,0.9705
boost,0.9739
trait laying,0.9725
hyper,0.9739
pseudo,0.9712
important,0.9712
method,0.9793
meta,0.9766
trait,0.9768
particularly,0.9703
acid bio,0.9731
influence,0.9709
subsequently output,0.9702
anti property yielded,0.9708
encoding,0.9757
interpretation,0.9723
particularly case solid,0.9706
input,0.9716
drug,0.9708
approach,0.9710
tumor,0.9738
model,0.9710
therapeutic,0.9769
avenue treatment,0.9738
revealing,0.9730
method considerable,0.9758
prediction,0.9808
predicted,0.9713
particularly case,0.9712
experiment,0.9701
system,0.9714
identifying,0.9724
acid,0.9761
thereby creating,0.9702
boost amino,0.9716
framework,0.9755
ensemble model,0.9710
baseline model,0.9820
learning model,0.9744
ensemble model,0.9765
classification,1.0000
data diverse,0.9724
analyzed,0.9709
paradigm training,0.9706
model,0.9760
condition,0.9700
bearing data,0.9756
system,0.9731
addressing,0.9701
data focusing,0.9754
using,0.9718
bearing fault diagnosis,0.9715
diagnosis,0.9738
analysis,0.9723
data diverse,0.9701
analyzed,0.9764
diverse,0.9721
vibration,0.9700
training,0.9706
paradigm training,0.9703
method,0.9793
diagnostic,0.9707
precise,0.9720
fault diagnosis,0.9701
significant,0.9708
application,0.9766
system roller,0.9719
shrink,0.9734
approach,0.9710
model,0.9710
proximity,0.9702
residual,0.9764
enabling,0.9755
paradigm,0.9754
system,0.9714
compared,0.9725
proto,0.9722
tailored,0.9715
feature bearing,0.9703
addressing,0.9752
data focusing,0.9774
analyzed term,0.9735
method metal,0.9711
range working,0.9712
classification,1.0000
task,0.9709
analyzed,0.9709
style,0.9725
task single highly,0.9706
phase us,0.9729
task single,0.9705
model,0.9760
system,0.9731
paradigm adapted,0.9707
phase,0.9702
summarized,0.9736
distinct paradigm adapted,0.9715
method summarized,0.9713
imaging,0.9774
analysis,0.9723
fusion relevant,0.9754
task,0.9732
analyzed,0.9764
style,0.9734
assessment,0.9766
phase us metadata,0.9722
method,0.9793
meta,0.9766
task single highly,0.9720
magnetic,0.9718
approach,0.9710
model,0.9710
resonance,0.9718
analysis show,0.9716
experiment,0.9701
paradigm,0.9754
slice,0.9714
system,0.9714
compared,0.9725
fusion,0.9739
multiple,0.9713
reader,0.9722
phase,0.9749
framework,0.9755
general model,0.9804
general learning,0.9729
domain general learning,0.9754
metric learning,0.9741
classification model,0.9741
classification,1.0000
analyzed,0.9709
comparison,0.9779
processing,0.9724
classification class,0.9792
result show classification,0.9706
model,0.9760
well classification,0.9716
model realized,0.9744
system,0.9731
based,0.9711
diagnosis,0.9738
classification model,0.9715
analyzed,0.9764
suitable studying,0.9703
comparison,0.9816
processing,0.9798
meta,0.9766
model,0.9710
experiment,0.9701
model realized,0.9734
system,0.9714
based,0.9740
suitable,0.9746
framework,0.9755
classification model,0.9728
significantly guide,0.9706
expertise,0.9733
comparison,0.9779
gap,0.9707
across data,0.9707
application need,0.9709
including performance,0.9728
characteristic,0.9725
aspect,0.9724
decision,0.9717
expertise,0.9715
comparison,0.9816
recipe,0.9751
insight,0.9762
response,0.9741
demand,0.9708
automated,0.9730
insight significantly,0.9702
scale,0.9712
application,0.9766
comparison including,0.9719
significantly,0.9725
size,0.9700
aspect comparison,0.9737
reveal,0.9714
process,0.9719
framework,0.9755
gap,0.9707
influence,0.9730
model,0.9760
superiority proposed method,0.9725
superiority proposed,0.9754
data weight,0.9707
intensive,0.9739
training,0.9706
method,0.9793
via corresponding,0.9707
influence,0.9709
em coherent,0.9720
approach,0.9710
model,0.9710
notably,0.9708
grain,0.9723
fusion strategy,0.9705
experiment,0.9701
incorporating,0.9746
fusion,0.9739
coherent,0.9733
process,0.9719
framework,0.9755
corresponding,0.9714
weight,0.9702
framework reduce model,0.9721
model containing,0.9730
classification,1.0000
performance need,0.9727
model rely,0.9721
distance,0.9712
type,0.9710
model,0.9760
model zero,0.9721
system,0.9731
measuring,0.9721
based,0.9711
system metal,0.9719
module,0.9702
model containing,0.9742
transform combined,0.9724
mechanism,0.9777
performance need,0.9705
transform,0.9777
model rely,0.9771
based particle,0.9709
based metal,0.9717
training,0.9706
response,0.9741
natural,0.9713
method,0.9793
module combined,0.9701
inference,0.9787
generation,0.9730
mechanism multi,0.9728
effectively,0.9727
distance,0.9723
type,0.9749
traditional model zero,0.9718
model,0.9710
residual,0.9764
substantially,0.9701
experiment,0.9701
problem,0.9702
model zero,0.9740
system,0.9714
measuring,0.9738
based,0.9740
module among,0.9708
multiple,0.9713
system metal,0.9732
leaf,0.9754
mutation,0.9739
module,0.9760
multi,0.9774
framework,0.9755
difficult,0.9709
effectively feature,0.9702
rely,0.9709
model mapping,0.9700
detection model,0.9760
model mapping,0.9721
classification,1.0000
however accurately predicting,0.9736
influencing,0.9720
data based,0.9706
bias,0.9723
specific,0.9720
processing,0.9724
model,0.9760
boost decision,0.9737
coding,0.9744
factor,0.9727
leverage,0.9704
based,0.9711
mit bias,0.9703
decision,0.9717
diagnosis,0.9738
implication,0.9732
analysis,0.9723
boost,0.9739
influencing,0.9734
data based,0.9739
surgical,0.9710
bias,0.9780
specific,0.9773
insight,0.9762
processing,0.9798
important,0.9712
assessment,0.9766
meta,0.9766
furthermore clinical,0.9702
diagnostic,0.9707
effectively processing,0.9706
accurately,0.9702
surgical factor,0.9725
leverage sparse,0.9712
effectively,0.9727
furthermore,0.9701
shrink,0.9734
random forest naive,0.9736
approach,0.9710
model,0.9710
boost decision,0.9710
precision,0.9771
approach surpassed,0.9726
extraction,0.9750
coding,0.9793
prediction,0.9808
approach leverage,0.9728
indicator,0.9715
problem,0.9702
sensitivity,0.9727
minimal,0.9707
factor,0.9740
leverage,0.9770
based,0.9740
regression,1.0000
predicting,0.9774
multi,0.9774
framework,0.9755
meta learning,1.0000
classification model,0.9741
classification,1.0000
bias,0.9723
model specifically,0.9744
pattern,0.9725
additionally empirical,0.9702
model,0.9760
classify,0.9730
system,0.9731
leverage,0.9704
tuning,0.9728
using,0.9718
classification model,0.9715
transfer,0.9737
silicon,0.9785
mainly utilize,0.9702
bias,0.9780
empirical,0.9751
training,0.9706
model specifically,0.9756
problem transfer,0.9746
important,0.9712
classification layer,0.9709
method,0.9793
method widely,0.9764
pattern,0.9783
significant,0.9708
model reduce,0.9737
additionally empirical,0.9722
model specifically employ,0.9701
pattern using,0.9710
model,0.9710
device,0.9735
method leverage,0.9748
prediction,0.9808
experiment,0.9701
utilize,0.9766
classify,0.9775
problem,0.9702
system,0.9714
require,0.9728
leverage,0.9770
overcome,0.9707
multiple,0.9713
tuning,0.9731
information knowledge,0.9748
classification model,0.9728
component model,0.9813
pre classification model,0.9730
transfer learning,0.9757
map learning,0.9815
comparison,0.9779
model caused,0.9755
type,0.9710
model,0.9760
condition,0.9700
system,0.9731
based,0.9711
decision,0.9717
energy,0.9705
diagnosis,0.9738
transfer,0.9737
mechanism,0.9777
comparison,0.9816
based metal,0.9717
operation,0.9725
system ad,0.9739
method lithium,0.9755
model caused,0.9722
method,0.9793
diagnostic,0.9707
struggle,0.9716
measurement,0.9807
effectively,0.9727
boundary,0.9711
application,0.9766
type,0.9749
operation energy,0.9708
thermal,0.9758
model,0.9710
integrated,0.9716
algorithm model caused,0.9717
runaway,0.9747
system,0.9714
based,0.9740
multiple,0.9713
method energy,0.9702
multi,0.9774
integrated multi,0.9703
method multi,0.9735
algorithm model,0.9759
md model,0.9815
transfer learning,0.9757
sample learning,0.9775
ability,0.9706
model,0.9760
power,0.9723
using,0.9718
bay optimization,0.9711
simulation,0.9750
operation,0.9725
hyper,0.9739
method,0.9793
accurately,0.9702
relatively,0.9704
thermal,0.9758
model,0.9710
prediction,0.9808
experiment,0.9701
problem,0.9702
multi,0.9774
loop thermal,0.9724
framework,0.9755
neural,0.9757
opt thermal,0.9712
ability,0.9706
task,0.9709
leverage,0.9704
singled,0.9715
analysis,0.9723
task,0.9732
predict used,0.9704
significant,0.9708
extraction,0.9750
problem,0.9702
leverage,0.9770
multi,0.9774
neural,0.9757
consumption,0.9700
ability,0.9706
classification model,0.9741
classification,1.0000
task,0.9709
model,0.9760
superiority proposed method,0.9725
based,0.9711
module,0.9702
superiority proposed,0.9754
classification model,0.9715
transfer,0.9737
analysis,0.9723
task,0.9732
response tea,0.9715
method based,0.9701
labeled,0.9759
vibration,0.9700
training,0.9706
response,0.9741
important,0.9712
method,0.9793
spectrum,0.9736
meta,0.9766
synthetic,0.9750
spectra,0.9758
application,0.9766
input,0.9716
approach,0.9710
model,0.9710
requires,0.9727
prediction,0.9808
compared,0.9725
based,0.9740
scenario tea,0.9703
synthetic scenario tea,0.9743
tackle,0.9713
solution,0.9740
module,0.9760
difficult,0.9709
data wave,0.9710
classification model,0.9728
meta learning,1.0000
model,0.9760
condition,0.9700
bearing data,0.9756
system recent,0.9701
system,0.9731
leverage,0.9704
based,0.9711
practice,0.9713
diagnosis,0.9738
training,0.9706
considered,0.9732
method,0.9793
meta,0.9766
method machine,0.9771
method achieve,0.9722
fault diagnosis,0.9701
method furthermore,0.9737
furthermore,0.9701
approach,0.9710
model,0.9710
monitoring,0.9724
problem,0.9702
system recent,0.9729
system,0.9714
compared,0.9725
leverage,0.9770
based,0.9740
tackle,0.9713
sy,0.9717
learning model,0.9744
meta learning,1.0000
e learning,0.9723
learning task,1.0000
task,0.9709
specific,0.9720
comparison,0.9779
influence,0.9730
model,0.9760
utilizing interpret weight,0.9723
mechanism utilizing interpret,0.9702
characteristic,0.9725
using,0.9718
mechanism,0.9777
analysis,0.9723
task,0.9732
rule,0.9740
understanding,0.9711
utilizing,0.9730
specific,0.9773
comparison,0.9816
training,0.9706
model implemented,0.9736
derived,0.9719
method,0.9793
package,0.9705
particularly,0.9703
data corpus,0.9714
influence,0.9709
measurement,0.9807
characteristic fed,0.9717
furthermore,0.9701
application,0.9766
input,0.9716
approach,0.9710
model,0.9710
importance,0.9708
mode specific,0.9701
extraction,0.9750
utilizing interpret weight,0.9726
mechanism utilizing,0.9741
experiment,0.9701
focused,0.9710
model une,0.9768
regression,1.0000
mechanism utilizing interpret,0.9734
process,0.9719
tree anal,0.9715
framework,0.9755
typical learning,0.9717
utilizing interpret,0.9727
neural,0.9757
weight,0.9702
deep learning model,0.9706
learning model,0.9744
tree model,0.9769
task,0.9709
model,0.9760
facilitate locality tail,0.9706
based,0.9711
em approach,0.9723
mechanism,0.9777
analysis,0.9723
task,0.9732
em regression,0.9706
particular,0.9707
meta,0.9766
context,0.9710
approach,0.9710
model,0.9710
facilitate,0.9725
structural,0.9775
experiment,0.9701
problem,0.9702
based,0.9740
extend,0.9711
regression,1.0000
mechanism facilitate,0.9716
framework,0.9755
dual,0.9724
goal learning,0.9809
classification,1.0000
bias,0.9723
classification improvement,0.9785
specifically addressing,0.9701
effective fault,0.9717
specifically addressing challenging,0.9721
typically,0.9702
model,0.9760
capability especially,0.9717
condition,0.9700
result showcase classification,0.9740
addressing,0.9701
diagnosis,0.9738
analysis,0.9723
method comprises,0.9726
bias,0.9780
method,0.9793
fault diagnosis,0.9701
significant,0.9708
effective fault,0.9773
method typically,0.9738
typically,0.9705
data yielding,0.9725
significantly,0.9725
model,0.9710
capability,0.9705
showcase,0.9717
initial,0.9701
monitoring,0.9724
compared,0.9725
yielding,0.9709
incorporating,0.9746
method incorporating,0.9762
addressing,0.9752
novel fault diagnosis,0.9718
process,0.9719
faulty,0.9710
framework,0.9755
rely,0.9709
weight,0.9702
bias network model,0.9728
bias network model,0.9745
network model,0.9766
process learning,0.9825
sample affecting,0.9706
gen region using,0.9717
specific,0.9720
thereby addressing,0.9704
significantly across,0.9709
performance across,0.9714
region using,0.9721
addressing,0.9701
sample affecting,0.9722
using,0.9718
vary,0.9752
analysis,0.9723
reducing,0.9707
specific,0.9773
assessment,0.9766
method,0.9793
meta,0.9766
usage,0.9720
setting,0.9718
comparing,0.9738
highlighting,0.9733
analyzing,0.9721
significantly,0.9725
performance across,0.9719
approach,0.9710
tumor,0.9738
region using,0.9713
approach sequencing,0.9717
precision,0.9771
distinguishing,0.9754
framework distinguishing,0.9705
bio algorithm,0.9708
neo,0.9723
addressing,0.9752
mutation,0.9739
suitable,0.9746
process,0.9719
framework,0.9755
learning task,1.0000
ability,0.9706
task,0.9709
progress utilizing metal,0.9705
category,0.9777
task rotation,0.9739
model,0.9760
model comparable,0.9717
work proposes di,0.9706
phase,0.9702
training mechanism,0.9704
transfer,0.9737
mechanism,0.9777
task,0.9732
rotation,0.9785
utilizing,0.9730
training,0.9706
category,0.9753
task rotation,0.9705
method,0.9793
significance,0.9727
significant,0.9708
effectively,0.9727
comparable,0.9719
model,0.9710
model comparable,0.9757
capability,0.9705
prediction,0.9808
experiment,0.9701
licence,0.9701
phase,0.9749
mechanism combine,0.9778
simultaneous,0.9704
training mechanism,0.9745
capability knowledge,0.9723
ability model,0.9730
general ability model,0.9785
transfer learning,0.9757
task,0.9709
specific,0.9720
model subsequent,0.9737
pattern,0.9725
typically,0.9702
model,0.9760
tack cold problem,0.9701
system,0.9731
sense initial model,0.9711
phase,0.9702
recommendation,0.9700
using,0.9718
strict,0.9706
adaptive transition,0.9711
task,0.9732
sense initial,0.9704
specific,0.9773
transitional,0.9709
method,0.9793
meta,0.9766
model subsequent,0.9750
pattern,0.9783
effectively fit,0.9720
transition,0.9810
typically,0.9705
effectively,0.9727
approach,0.9710
model,0.9710
tune,0.9714
typically process,0.9716
behavior,0.9766
initial,0.9701
unseen recommendation task,0.9710
sophisticated,0.9718
task tune,0.9701
problem,0.9702
system,0.9714
process,0.9719
using transitional,0.9708
phase,0.9749
recommendation,0.9744
meta model,0.9743
effectively fit model,0.9709
meta model,1.0000
network using,0.9725
classification,1.0000
task,0.9709
pattern,0.9725
modulation,0.9716
model,0.9760
classification task,0.9741
classify,0.9730
using,0.9718
mechanism,0.9777
task,0.9732
metal micro,0.9710
gesture,0.9701
automated,0.9730
integrating,0.9786
pattern,0.9783
significant,0.9708
mechanism integrate,0.9707
function metal,0.9719
interval,0.9709
modulation,0.9782
approach,0.9710
model,0.9710
residual,0.9764
extraction,0.9750
capability,0.9705
monitoring,0.9724
classify,0.9775
mechanism residual,0.9707
mechanism micro,0.9765
data dia,0.9709
frequency,0.9763
processed,0.9706
automated pattern,0.9723
micro,0.9712
ability,0.9706
classification,1.0000
among fault,0.9721
position,0.9711
processing,0.9724
distance,0.9712
model,0.9760
data fine prototype,0.9701
system,0.9731
identifying,0.9714
diagnosis,0.9738
problem flexible,0.9767
analysis,0.9723
kernel,0.9734
data fine,0.9731
labeled,0.9759
operation hi,0.9710
operation,0.9725
similarity,0.9746
processing,0.9798
assessment,0.9766
method,0.9793
diagnostic,0.9707
fault diagnosis,0.9701
validation,0.9739
semi learning,0.9761
transition,0.9810
consequently fault,0.9717
distance,0.9723
model,0.9710
importance,0.9708
problem,0.9702
system,0.9714
identifying,0.9724
dual,0.9724
flexible,0.9744
harness,0.9730
pivotal,0.9733
data learning,0.9768
classification,1.0000
task,0.9709
data consisting,0.9710
type,0.9710
model,0.9760
task utilized,0.9750
classify,0.9730
system,0.9731
classification module,0.9703
based,0.9711
module,0.9702
diagnosis,0.9738
transfer,0.9737
task,0.9732
labeling,0.9769
labeled,0.9759
data consisting,0.9709
training,0.9706
prevalent,0.9703
similarity,0.9746
important,0.9712
method,0.9793
however method,0.9717
diagnostic,0.9707
setting,0.9718
based hierarchy,0.9718
type,0.9749
utilized fine,0.9724
metal optimal,0.9714
model,0.9710
scan,0.9754
experiment,0.9701
pneumonia,0.9758
classify,0.9775
system,0.9714
require,0.9728
based,0.9740
multiple,0.9713
module,0.9760
method metal,0.9711
domain knowledge,0.9718
knowledge guide model,0.9786
method learning,0.9784
cost learning,0.9713
knowledge learning,0.9820
classification,1.0000
influence,0.9730
model,0.9760
condition,0.9700
classify,0.9730
system,0.9731
based,0.9711
phase,0.9702
phase compared,0.9751
imaging,0.9774
diverse,0.9721
semantics ship,0.9705
based metal,0.9717
training,0.9706
descent,0.9731
pseudo,0.9712
novelty,0.9727
method,0.9793
supervision,0.9727
method novelty,0.9760
influence,0.9709
accurately,0.9702
stemming utilization distinct,0.9705
effectively,0.9727
scale,0.9712
model,0.9710
semantic,0.9805
extraction,0.9750
standard,0.9735
classify,0.9775
problem,0.9702
sensor,0.9742
system,0.9714
compared,0.9725
based,0.9740
reversal layer,0.9756
multi,0.9774
phase,0.9749
neural,0.9757
method novelty model,0.9708
deep learning model,0.9706
method novelty model,0.9764
learning model,0.9744
detection model,0.9760
imaging learning,0.9743
domain using,0.9714
task,0.9709
system cross,0.9753
pattern,0.9725
based cross,0.9714
performance across,0.9714
model,0.9760
nonetheless approach,0.9704
task however,0.9701
perspective,0.9721
system,0.9731
leverage,0.9704
based,0.9711
crucial need,0.9702
preference,0.9754
recommendation,0.9700
using,0.9718
crucial,0.9753
transfer,0.9737
model adapting,0.9712
mechanism,0.9777
domain using,0.9704
task,0.9732
understanding,0.9711
model transfer,0.9743
system transfer,0.9716
transforms,0.9769
labeled,0.9759
interest,0.9730
system cross,0.9761
method,0.9793
however method,0.9717
meta,0.9766
pattern,0.9783
system meta,0.9744
approach centered,0.9721
accurately,0.9702
based cross,0.9719
performance across,0.9719
approach,0.9710
model,0.9710
enabling,0.9755
extraction,0.9750
nonetheless approach,0.9704
behavior,0.9766
capture,0.9703
perspective,0.9766
certain,0.9732
method ama,0.9770
system,0.9714
leverage,0.9770
based,0.9740
multiple,0.9713
preference,0.9708
difficult,0.9709
behavioral,0.9731
recommendation,0.9744
limitation,0.9726
domain knowledge,0.9718
knowledge knowledge,0.9718
domain knowledge knowledge,0.9732
method assist model,0.9793
transfer learning,0.9757
meta learning,1.0000
specific,0.9720
due data,0.9751
model,0.9760
condition,0.9700
system,0.9731
based,0.9711
power,0.9723
system due,0.9722
forecast metal,0.9715
method based,0.9701
reducing,0.9707
specific,0.9773
data metal,0.9750
training,0.9706
similarity,0.9746
method,0.9793
method machine,0.9771
approach,0.9710
model,0.9710
intuitive,0.9753
experiment,0.9701
system,0.9714
fusion,0.9739
based,0.9740
deep learning model,0.9706
learning model,0.9744
deep learning learning,0.9727
analyzed,0.9709
meta leverage heart,0.9704
work demonstrated,0.9716
pattern,0.9725
across data,0.9707
model,0.9760
requirement,0.9703
screening believe,0.9711
leverage,0.9704
subject,0.9709
across data issue,0.9726
using,0.9718
varied,0.9721
mechanism,0.9777
treatment,0.9705
meta leverage,0.9735
intervention,0.9727
mechanism followed,0.9703
utilizing,0.9730
analyzed,0.9764
infected,0.9722
diverse,0.9721
reducing,0.9707
step data lowe,0.9747
method,0.9793
pattern notably,0.9720
meta,0.9766
pattern,0.9783
significant,0.9708
highlighting,0.9733
measurement,0.9807
relatively,0.9704
model,0.9710
requirement,0.9742
notably,0.9708
extraction,0.9750
prediction,0.9808
compared,0.9725
infectious,0.9730
leverage,0.9770
screening,0.9785
method predicting,0.9711
sy,0.9717
predicting,0.9774
model varying,0.9726
subject,0.9760
framework,0.9755
filtering,0.9771
pattern notably meta,0.9720
neural,0.9757
rhythm,0.9716
sensing model,0.9705
deep learning model,0.9706
deep sensing model,0.9703
network model,0.9766
learning model,0.9744
sensing model,0.9787
deep network learning,0.9735
meta learning,1.0000
network learning,0.9773
classification,1.0000
knowledge required,0.9713
specific,0.9720
including auto,0.9714
performance classification,0.9774
model might recommended,0.9703
model including,0.9705
model,0.9760
model tri,0.9750
conclusion,0.9713
factor,0.9727
based,0.9711
testing,0.9720
phase,0.9702
characteristic,0.9725
decision,0.9717
expert,0.9727
practice,0.9713
phase specific,0.9740
integrated moving,0.9706
transformation,0.9793
specific,0.9773
recovered,0.9720
training,0.9706
method,0.9793
meta,0.9766
moreover sensitivity,0.9719
manpower,0.9707
algorithm corona,0.9744
approach,0.9710
specific moreover sensitivity,0.9708
model,0.9710
integrated,0.9716
model tri,0.9732
squared,0.9722
sophisticated,0.9718
ari exponential smoothing,0.9766
sensitivity,0.9727
factor,0.9740
algorithm including,0.9705
algorithm although,0.9705
tri,0.9720
based,0.9740
testing,0.9763
phase,0.9749
approach able predict,0.9751
difficult,0.9709
criterion,0.9747
neural,0.9757
states model tri,0.9719
knowledge learning,0.9820
task,0.9709
ste performance,0.9709
distance,0.9712
model,0.9760
factor,0.9727
based,0.9711
testing,0.9720
vary,0.9752
task,0.9732
method based,0.9701
model effectively,0.9728
diverse,0.9721
training,0.9706
similarity,0.9746
method,0.9793
meta,0.9766
function metal,0.9719
effectively,0.9727
application,0.9766
distance,0.9723
significantly,0.9725
input,0.9716
model,0.9710
enabling,0.9755
independently,0.9753
experiment,0.9701
requiring,0.9733
factor,0.9740
compared,0.9725
proto,0.9722
reveal,0.9714
based,0.9740
testing,0.9763
multi,0.9774
distance sentence,0.9710
impact model,0.9726
distance enabling model,0.9711
ability,0.9706
perspective,0.9721
based,0.9711
module,0.9702
phase,0.9702
using,0.9718
mechanism,0.9777
analysis,0.9723
perspective identified,0.9709
genetics,0.9735
method based,0.9701
based metal,0.9717
overlooked,0.9718
treating,0.9706
method,0.9793
significance,0.9727
meta,0.9766
significant,0.9708
accurately,0.9702
relatively,0.9704
chi antigen,0.9707
effectively,0.9727
furthermore,0.9701
analyze,0.9748
approach,0.9710
furthermore based,0.9703
demonstrates,0.9703
prediction,0.9808
predicted,0.9713
capture,0.9703
perspective,0.9766
therapy,0.9710
based,0.9740
tackle,0.9713
small data pre,0.9729
predicting,0.9774
module,0.9760
multi,0.9774
phase,0.9749
neural,0.9757
pivotal,0.9733
classification model,0.9741
classification,1.0000
particularly number,0.9702
model,0.9760
model extensively,0.9704
system,0.9731
leverage,0.9704
based,0.9711
using,0.9718
classification model,0.9715
deep neural,0.9743
labeling,0.9769
particularly number,0.9724
labeled,0.9759
training,0.9706
descent,0.9731
method,0.9793
significance,0.9727
particularly,0.9703
validation,0.9739
instance importance,0.9716
approach,0.9710
model,0.9710
importance,0.9708
model extensively,0.9724
demonstrates,0.9703
data labeling,0.9729
focused,0.9710
metal model strategy,0.9718
system,0.9714
viable,0.9703
leverage,0.9770
based,0.9740
particularly number labeled,0.9706
neural,0.9757
gradient classification model,0.9762
classification model,0.9728
gradient classification model,0.9761
network model,0.9766
learning model,0.9744
neural learning,0.9719
variation learning,0.9717
superiority proposed model,0.9708
category,0.9777
model,0.9760
recognition however,0.9720
module,0.9702
superiority proposed,0.9754
characteristic,0.9725
using,0.9718
crucial,0.9753
subtle,0.9719
crucial spatial,0.9726
useful,0.9749
labeled,0.9759
category,0.9753
method,0.9793
effectively,0.9727
em module,0.9715
model,0.9710
commonly,0.9730
due characteristic,0.9764
grain,0.9723
differentiate,0.9742
experiment,0.9701
cal module,0.9728
problem,0.9702
resulting,0.9707
module,0.9760
behavioral,0.9731
method learning,0.9784
data based,0.9706
model,0.9760
based,0.9711
network employed base,0.9735
power,0.9723
especially target fault,0.9715
diagnosis,0.9738
analysis,0.9723
data based,0.9739
simulation,0.9750
data metal,0.9750
training,0.9706
fused data metal,0.9705
fused,0.9737
fault diagnosis,0.9701
furthermore,0.9701
analyze,0.9748
utilized fine,0.9724
approach,0.9710
model,0.9710
problem novel,0.9710
utilize,0.9766
problem,0.9702
fusion,0.9739
based,0.9740
solution,0.9740
process,0.9719
multi,0.9774
especially target fault,0.9717
neural,0.9757
training model model,0.9761
ability,0.9706
task,0.9709
based dense,0.9711
additionally research,0.9708
performance across,0.9714
model,0.9760
condition,0.9700
advantage,0.9712
instruction,0.9728
system,0.9731
based,0.9711
characteristic,0.9725
method combine,0.9751
crucial,0.9753
hardest,0.9706
mechanism,0.9777
task,0.9732
tool,0.9715
based dense,0.9711
adjusting,0.9748
method,0.9793
mach,0.9705
comparing,0.9738
significant,0.9708
additionally research,0.9703
cutting,0.9773
showcasing,0.9733
boundary,0.9711
application,0.9766
combining,0.9738
mach crucial,0.9714
performance across,0.9719
approach,0.9710
model,0.9710
dense,0.9733
capability,0.9705
instruction,0.9706
experiment,0.9701
monitoring,0.9724
system,0.9714
based,0.9740
multiple,0.9713
characteristic multiple,0.9736
process,0.9719
multi,0.9774
self mechanism,0.9729
decline,0.9717
neural,0.9757
weight,0.9702
tool learning,0.9854
multi learning,0.9757
heavy data,0.9704
task,0.9709
considering sensitivity,0.9711
task single,0.9705
model,0.9760
practice,0.9713
incompatible,0.9746
task,0.9732
training,0.9706
method,0.9793
meta,0.9766
sampling,0.9746
opt fed,0.9710
integrating,0.9786
practice however,0.9705
application,0.9766
model,0.9710
experiment,0.9701
utilize,0.9766
exchanging,0.9751
sensitivity,0.9727
diversified,0.9700
data sampling,0.9715
data besides,0.9716
multi,0.9774
framework,0.9755
considering sensitivity learning,0.9712
reinforcement,0.9727
integrating model,0.9782
framework integrating model,0.9765
global model,0.9805
sensitivity learning,0.9718
task,0.9709
importantly,0.9706
modification,0.9710
processing,0.9724
model,0.9760
requirement,0.9703
problem among scholar,0.9712
system,0.9731
decision,0.9717
using,0.9718
task,0.9732
using rouge,0.9718
insight,0.9762
importantly,0.9740
training,0.9706
compare,0.9728
modification,0.9742
natural,0.9713
model decision,0.9717
processing,0.9798
method,0.9793
system long,0.9713
problem among,0.9708
insight model,0.9705
memory,0.9722
input,0.9716
approach,0.9710
model,0.9710
insight model decision,0.9740
requirement,0.9742
problem,0.9702
system,0.9714
tackle,0.9713
multiple,0.9713
regression,1.0000
solution,0.9740
process,0.9719
framework,0.9755
limitation,0.9726
insight model,0.9702
processing model,0.9721
deep learning model,0.9706
gain insight model,0.9729
insight model,0.9774
learning model,0.9744
processing model,0.9777
data learning,0.9768
task,0.9709
specific,0.9720
skill,0.9707
model,0.9760
requirement,0.9703
system,0.9731
analysis,0.9723
task,0.9732
surgical,0.9710
diverse,0.9721
specific,0.9773
simulation,0.9750
data metal,0.9750
training,0.9706
assessment,0.9766
setting,0.9718
measurement,0.9807
transition,0.9810
lap clinical,0.9707
adaptation domain,0.9702
application,0.9766
model,0.9710
residual,0.9764
requirement,0.9742
extraction,0.9750
delivering,0.9733
system,0.9714
neural,0.9757
learning model,0.9744
lap learning,0.9723
task,0.9709
various degree using,0.9704
model,0.9760
system,0.9731
leverage,0.9704
using,0.9718
transfer,0.9737
task,0.9732
compare,0.9728
method,0.9793
context,0.9710
various degree using,0.9715
inherently,0.9713
setting,0.9718
significantly,0.9725
approach,0.9710
model,0.9710
structural,0.9775
experiment,0.9701
diffusion,0.9812
system,0.9714
leverage,0.9770
context opt,0.9705
cascade,0.9727
framework,0.9755
sub learning,0.9721
context opt model,0.9729
opt model,0.9705
graph learning,0.9700
knowledge learning,0.9820
task,0.9709
processing,0.9724
model,0.9760
approach ranked within,0.9750
mission,0.9721
system,0.9731
task,0.9732
deep model,0.9718
compressed,0.9739
classic,0.9710
useful,0.9749
processing,0.9798
method,0.9793
inference,0.9787
memory,0.9722
approach,0.9710
model,0.9710
residual,0.9764
approach ranked,0.9722
device,0.9735
deliver,0.9708
capability,0.9705
commonly,0.9730
experiment,0.9701
compact une,0.9709
system,0.9714
solution across,0.9711
solution,0.9740
multi,0.9774
framework,0.9755
compression,0.9821
elaborate,0.9718
index thousand,0.9723
pivotal,0.9733
method model,0.9716
method model,0.9801
sensor due,0.9736
task,0.9709
data based,0.9706
expertise,0.9733
system,0.9731
based,0.9711
due sensor data,0.9715
due sensor,0.9727
characteristic,0.9725
decision,0.9717
sensor due,0.9718
sensor metal,0.9703
task,0.9732
utilizing,0.9730
data based,0.9739
expertise,0.9715
method,0.9793
method achieve,0.9722
weighted,0.9760
fold,0.9751
fold cross,0.9736
input,0.9716
approach,0.9710
demonstrates,0.9703
problem,0.9702
fold cross approach,0.9705
data based le,0.9735
sensor,0.9742
method marine,0.9783
vessel,0.9744
system,0.9714
resulting,0.9707
based,0.9740
assumption,0.9770
assumption stake,0.9717
due sensor,0.9733
error learning,0.9767
ability,0.9706
classification,1.0000
downs model,0.9709
category,0.9777
model,0.9760
condition,0.9700
diagnosis rolling bearing,0.9718
based deep,0.9701
system,0.9731
based,0.9711
based downs model,0.9771
bearing fault diagnosis,0.9715
diagnosis,0.9738
method reduces,0.9708
crucial,0.9753
analysis,0.9723
method based,0.9701
training,0.9706
category,0.9753
important,0.9712
method,0.9793
meta,0.9766
sampling,0.9746
fault diagnosis,0.9701
focus,0.9740
memory,0.9722
affect,0.9746
system roller,0.9719
input,0.9716
model,0.9710
model enabling,0.9723
enabling,0.9755
size,0.9700
initial,0.9701
problem,0.9702
based deep,0.9713
system,0.9714
based,0.9740
based downs model,0.9707
finally extracted,0.9719
process,0.9719
recognizing,0.9709
framework,0.9755
method metal,0.9711
criterion,0.9747
meta trained model,0.9714
framework model,0.9763
meta trained model,0.9828
method learning,0.9784
algorithm emphasized,0.9737
task,0.9709
connection,0.9704
model,0.9760
observation,0.9740
algorithm emphasized,0.9768
task,0.9732
connection,0.9741
method,0.9793
meta,0.9766
algorithm comprising,0.9712
setting,0.9718
model,0.9710
initial,0.9701
contrary learning,0.9713
licence,0.9701
dual,0.9724
neural,0.9757
gradient update model,0.9722
meta feature,0.9809
ability,0.9706
task,0.9709
task although,0.9744
model,0.9760
system,0.9731
transfer,0.9737
analysis,0.9723
task,0.9732
reducing,0.9707
labeled,0.9759
method,0.9793
approach,0.9710
model,0.9710
demonstrates,0.9703
moreover compared,0.9703
prediction,0.9808
requiring,0.9733
certain,0.9732
system,0.9714
compared,0.9725
versatile approach sur,0.9719
limitation,0.9726
adaptation knowledge,0.9721
data learning,0.9768
classification model,0.9741
classification,1.0000
task,0.9709
pattern,0.9725
correction,0.9741
model,0.9760
model inner,0.9715
system,0.9731
classification model,0.9715
task,0.9732
labeling,0.9769
data metal,0.9750
method,0.9793
meta,0.9766
pattern,0.9783
correction,0.9721
affect,0.9746
model,0.9710
horizon,0.9712
adaptive labeling,0.9744
model inner,0.9761
prediction,0.9808
problem,0.9702
system,0.9714
multi,0.9774
framework,0.9755
neural,0.9757
classification model,0.9728
classification model multi,0.9708
affect model,0.9737
pre classification model,0.9730
correction model,0.9700
outer loop model,0.9728
loop model,0.9842
multi learning,0.9757
type,0.9710
data ye,0.9706
model,0.9760
condition,0.9700
system,0.9731
recommendation,0.9700
transfer,0.9737
mechanism,0.9777
paradigm neural,0.9705
method,0.9793
meta,0.9766
comparing,0.9738
encoding,0.9757
distinguish,0.9732
type,0.9749
data ye,0.9711
model,0.9710
importance,0.9708
semantic,0.9805
behavior,0.9766
traditional recommendation,0.9720
experiment,0.9701
paradigm,0.9754
data ye ml,0.9718
system,0.9714
process,0.9719
multi,0.9774
framework,0.9755
recommendation,0.9744
model nc,0.9738
neural,0.9757
baseline model,0.9820
classification backbone,0.9791
classification,1.0000
task,0.9709
classification task,0.9741
leverage,0.9704
power,0.9723
method overcome,0.9745
using,0.9718
diagnosis,0.9738
suppression,0.9736
trans metal,0.9705
task,0.9732
surgical,0.9710
diverse,0.9721
labeled,0.9759
interest,0.9730
opt dense,0.9712
similarity,0.9746
method,0.9793
inference,0.9787
significant,0.9708
effectively,0.9727
using trans,0.9711
approach,0.9710
residual,0.9764
dense,0.9733
semantic,0.9805
resulting rich,0.9726
prediction,0.9808
approach leverage,0.9728
experiment,0.9701
problem,0.9702
minimal,0.9707
bench diagnosis,0.9710
resulting,0.9707
coco,0.9720
leverage,0.9770
overcome,0.9707
specifically using res,0.9718
neural,0.9757
model,0.9760
based,0.9711
pattern,0.9725
task,0.9709
superiority proposed,0.9754
superiority proposed approach,0.9714
expert,0.9727
variant thousand,0.9732
approach,0.9710
model,0.9710
based,0.9740
motivation,0.9761
tackle,0.9713
multiple,0.9713
pattern,0.9783
task,0.9732
setting,0.9718
framework,0.9755
training,0.9706
problem,0.9702
dependent,0.9760
calculation,0.9750
processing,0.9724
model,0.9760
requirement,0.9703
based grid minimum,0.9705
factor,0.9727
system,0.9731
based,0.9711
analysis,0.9723
method paper,0.9716
partition,0.9703
tool,0.9715
calculation,0.9770
method based,0.9701
operating,0.9702
coarse,0.9707
oriented,0.9762
processing,0.9798
contrast plan,0.9714
method,0.9793
neighbor,0.9701
significance,0.9727
inference,0.9787
accurately,0.9702
measurement,0.9807
application,0.9766
input,0.9716
model wide,0.9705
model,0.9710
sequence,0.9712
requirement,0.9742
prediction,0.9808
grid combined inference,0.9704
experiment,0.9701
contrast,0.9753
certain,0.9732
problem,0.9702
inference least,0.9705
factor,0.9740
uncertainty caused,0.9725
system,0.9714
based,0.9740
multiple,0.9713
plan,0.9751
sy,0.9717
solution,0.9740
assumption,0.9770
spaced,0.9722
measurement model,0.9723
measurement model,0.9806
operating measurement model,0.9740
engine learning,0.9744
classification,1.0000
factor offer,0.9712
coding,0.9744
condition,0.9700
classification encoded,0.9763
factor,0.9727
based,0.9711
testing,0.9720
diagnosis,0.9738
transfer,0.9737
mechanism,0.9777
analysis,0.9723
utilizing,0.9730
involving unstable,0.9701
vibration,0.9700
method,0.9793
context,0.9710
fault diagnosis,0.9701
encoding,0.9757
focus,0.9740
analyze,0.9748
encoded,0.9701
approach,0.9710
utilizing elastic,0.9705
demonstrates,0.9703
consideration,0.9731
coding,0.9793
classification encoded,0.9706
elastic,0.9791
factor,0.9740
incorporating,0.9746
proto,0.9722
based,0.9740
testing,0.9763
neglect,0.9706
involving,0.9712
characterized,0.9715
en devised incorporating,0.9726
flexible,0.9744
reinforcement,0.9727
task,0.9709
bias,0.9723
model,0.9760
overall decomposition,0.9714
system,0.9731
based,0.9711
power,0.9723
characteristic,0.9725
using,0.9718
energy,0.9705
task,0.9732
bias,0.9780
method based,0.9701
method,0.9793
system multi,0.9713
connected layer,0.9707
memory,0.9722
input,0.9716
model,0.9710
integrated,0.9716
sequence,0.9712
sliding,0.9717
system press,0.9704
prediction,0.9808
sequence divided,0.9704
problem,0.9702
sensitivity,0.9727
connected,0.9702
system,0.9714
based,0.9740
multiple,0.9713
multi,0.9774
forecast learning,0.9752
system,0.9731
improvement z,0.9708
model,0.9760
data contrast,0.9709
testing,0.9720
task,0.9709
phase,0.9702
perspective,0.9721
model ignoring,0.9720
system,0.9714
improvement z,0.9710
meta,0.9766
model,0.9710
model enabling,0.9723
enabling,0.9755
data contrast,0.9772
testing,0.9763
task,0.9732
generation,0.9730
phase,0.9749
framework,0.9755
perspective,0.9766
contrast,0.9753
model ignoring,0.9767
utilize,0.9766
data aug metal,0.9705
data model perspective,0.9740
model perspective,0.9737
general model,0.9804
use generation model,0.9715
task data model,0.9781
data model,0.9781
meta learning,1.0000
classification,1.0000
task,0.9709
task highly,0.9731
model activation,0.9700
conditioning,0.9716
model,0.9760
classification task,0.9741
system,0.9731
practice,0.9713
possibility incorporating,0.9711
transfer,0.9737
task,0.9732
diverse,0.9721
specialized,0.9739
training,0.9706
method,0.9793
activation,0.9733
model activation,0.9733
conditioning,0.9747
struggle,0.9716
setting,0.9718
effective adaptation,0.9728
model multiple,0.9732
model,0.9710
system,0.9714
incorporating,0.9746
resulting,0.9707
multiple,0.9713
regression,1.0000
multi,0.9774
framework,0.9755
method metal,0.9711
information model,0.9702
tasks information model,0.9719
em mod model,0.9730
information model,0.9819
mod model,0.9756
transfer learning,0.9757
learning transfer,0.9728
classification,1.0000
investigation revolutionary,0.9704
gap,0.9707
specifically addressing,0.9701
across data,0.9707
model,0.9760
investigation revolutionary model,0.9753
diagnostic specifically addressing,0.9707
particularly evident,0.9702
data across,0.9724
system,0.9731
addressing,0.9701
model tackle,0.9702
diagnosis turning point,0.9713
investigation,0.9721
diagnosis turning,0.9737
groundbreaking,0.9752
diagnosis,0.9738
labeled,0.9759
data particularly,0.9709
response,0.9741
method,0.9793
diagnostic,0.9707
particularly,0.9703
diagnostic metal,0.9713
approach,0.9710
model,0.9710
importance,0.9708
evident,0.9754
structured,0.9766
system,0.9714
addressing,0.9752
model tackle,0.9728
tackle,0.9713
limitation,0.9726
structured knowledge,0.9732
state model,0.9703
learning model,0.9744
model state model,0.9813
state model,0.9813
structured knowledge,0.9750
point learning,0.9790
data learning,0.9768
transmission,0.9717
task,0.9709
calculation,0.9750
model,0.9760
requirement,0.9703
system,0.9731
based,0.9711
transmission,0.9707
task,0.9732
calculation,0.9770
method,0.9793
meta,0.9766
sampling,0.9746
precise,0.9720
generation,0.9730
effectively,0.9727
certain situation digital,0.9733
model,0.9710
requirement,0.9742
certain,0.9732
sensitivity,0.9727
system,0.9714
based,0.9740
dependence,0.9742
task model,0.9716
task model,0.9833
across task model,0.9707
virtual model,0.9761
switch learning,0.9737
expanding,0.9708
flow,0.9768
transfer,0.9737
mechanism,0.9777
prediction handle,0.9709
ind prediction emphasizing,0.9747
focus,0.9740
approach,0.9710
importance,0.9708
semantic,0.9805
prediction,0.9808
predicted,0.9713
experiment,0.9701
contrast,0.9753
strengthening,0.9735
distinguishing,0.9754
approach neglect,0.9721
neglect,0.9706
framework,0.9755
emphasizing,0.9701
prediction metal,0.9737
ability,0.9706
particularly classification emerged,0.9760
classification,1.0000
task,0.9709
category,0.9777
classification remains,0.9764
particularly classification,0.9727
model promise,0.9725
classification emerged,0.9835
model,0.9760
classification code,0.9721
classification late,0.9819
interacting,0.9739
particularly classification emerged,0.9709
task,0.9732
approach greatly,0.9738
category,0.9753
tier ci,0.9717
particularly classification,0.9720
inference,0.9787
particularly,0.9703
model promise,0.9772
significant,0.9708
approach extensively,0.9715
ts approach,0.9736
classification emerged,0.9705
approach,0.9710
model,0.9710
enabling,0.9755
semantic,0.9805
experiment,0.9701
effective separation,0.9731
data mini,0.9719
separation,0.9750
framework,0.9755
information model,0.9702
image information model,0.9703
information model,0.9819
classification,1.0000
task,0.9709
specific,0.9720
model specific,0.9741
model,0.9760
task paper,0.9708
task however,0.9701
classification cross,0.9705
system,0.9731
based,0.9711
thus promoting,0.9718
among task,0.9723
task significant,0.9751
model prior,0.9727
method reduces,0.9708
analysis,0.9723
task,0.9732
alignment specifically,0.9737
specific,0.9773
training,0.9706
similarity,0.9746
method,0.9793
model specific,0.9765
significant,0.9708
furthermore,0.9701
adjust,0.9750
batch,0.9702
model,0.9710
experiment,0.9701
certain,0.9732
system,0.9714
based,0.9740
thus promoting,0.9723
process,0.9719
task significant,0.9712
alignment learning,0.9705
task learning,0.9801
representation however,0.9750
effective cross,0.9709
category,0.9777
model,0.9760
based,0.9711
module,0.9702
useful category,0.9711
mechanism,0.9777
lever semantic,0.9746
effective cross,0.9724
useful,0.9749
filter,0.9780
based metal,0.9717
catastrophic,0.9715
training,0.9706
category,0.9753
method,0.9793
lever,0.9737
focus,0.9740
approach,0.9710
model,0.9710
semantic,0.9805
experiment,0.9701
problem,0.9702
knowledge extract,0.9718
compared,0.9725
based,0.9740
module,0.9760
licence,0.9701
filtering,0.9771
useful category,0.9738
additionally filter,0.9725
category knowledge,0.9726
semantic image,0.9702
opt model,0.9705
knowledge learning,0.9820
problem learning,0.9733
classification,1.0000
branch en,0.9705
gap,0.9707
model,0.9760
classification label,0.9729
challenging distinguish feature,0.9708
characteristic,0.9725
mechanism,0.9777
fusion propagation,0.9717
branch en,0.9727
characteristic making,0.9744
empirical,0.9751
similarity,0.9746
pseudo,0.9712
branch,0.9721
method,0.9793
significant,0.9708
distinguish,0.9732
approach,0.9710
model,0.9710
initial,0.9701
experiment,0.9701
fusion,0.9739
classification label,0.9704
dual,0.9724
neural,0.9757
space learning,0.9793
classification,1.0000
classification serving,0.9716
issue forgetting,0.9701
gap,0.9707
margin classification serving,0.9780
based,0.9711
observation,0.9740
based nc theory,0.9708
collapse,0.9735
empirical,0.9751
method,0.9793
meta,0.9766
issue forgetting,0.9719
margin classification serving,0.9709
basis,0.9776
function metal,0.9719
data sequential,0.9747
method meta,0.9718
balanced,0.9734
based,0.9740
theoretically,0.9733
multiple,0.9713
based empirical,0.9706
neural,0.9757
bias,0.9723
research addressed problem,0.9727
research addressed,0.9704
test set,0.9724
condition,0.9700
weakness,0.9721
system,0.9731
power,0.9723
method overcome,0.9745
energy,0.9705
crucial,0.9753
bias,0.9780
filter,0.9780
labeled,0.9759
depending,0.9728
insight,0.9762
training,0.9706
hyper,0.9739
method,0.9793
context,0.9710
automated,0.9730
solution lever,0.9722
particularly,0.9703
envelope para,0.9716
lever,0.9737
research addressed,0.9706
furthermore,0.9701
solar,0.9707
problem limitation,0.9701
combining,0.9738
thermal,0.9758
approach,0.9710
problem,0.9702
particularly context,0.9707
proposal,0.9717
system,0.9714
overcome,0.9707
tube,0.9739
case approach sur,0.9710
problem rely,0.9749
solution,0.9740
system lu,0.9744
rely,0.9709
approach combining,0.9721
neural,0.9757
limitation,0.9726
basis however,0.9708
requirement,0.9703
system,0.9731
leverage,0.9704
rule,0.9740
training,0.9706
particular,0.9707
anomaly,0.9749
basis,0.9776
approach,0.9710
requirement,0.9742
capability,0.9705
behavior,0.9766
paradigm,0.9754
regime,0.9733
system,0.9714
leverage,0.9770
constrained,0.9744
framework,0.9755
reasoning paradigm,0.9726
neural,0.9757
regime learning,0.9715
data regime learning,0.9756
task,0.9709
distance,0.9712
model,0.9760
condition,0.9700
perspective,0.9721
system,0.9731
system metal,0.9719
preference,0.9754
task proposed,0.9730
metal promising strategy,0.9706
system due,0.9722
effective approach,0.9711
bearing fault diagnosis,0.9715
diagnosis,0.9738
mechanism,0.9777
analysis,0.9723
task,0.9732
diverse,0.9721
training,0.9706
core,0.9722
similarity,0.9746
natural,0.9713
method,0.9793
meta,0.9766
generation,0.9730
fault diagnosis,0.9701
measurement,0.9807
proved,0.9716
adaptation domain,0.9702
application,0.9766
distance,0.9723
approach,0.9710
model,0.9710
extraction,0.9750
commonly,0.9730
perspective,0.9766
problem,0.9702
system,0.9714
compared,0.9725
concept maximum,0.9729
system metal,0.9732
solution,0.9740
preference,0.9708
metal task generation,0.9703
problem metal,0.9746
weight,0.9702
ability,0.9706
choice,0.9764
pattern,0.9725
model,0.9760
system,0.9731
based,0.9711
despite decade,0.9703
using,0.9718
coverage,0.9700
directly,0.9718
training,0.9706
interest,0.9730
derived,0.9719
prevalence,0.9718
method,0.9793
meta,0.9766
pattern,0.9783
model deep di,0.9704
validation,0.9739
method including,0.9733
inversion,0.9753
method reinforcement,0.9705
approach,0.9710
model,0.9710
substantially,0.9701
behavior,0.9766
model increase,0.9706
capture,0.9703
structural,0.9775
positioning,0.9750
problem,0.9702
visitation,0.9712
inaccurate,0.9715
system,0.9714
compared,0.9725
system linear,0.9772
based,0.9740
overcome,0.9707
process,0.9719
frequency,0.9763
rely,0.9709
reinforcement,0.9727
meta model,0.9743
learning meta model,0.9759
log model,0.9821
test model,0.9854
meta model,1.0000
system learning,0.9838
ability,0.9706
task,0.9709
system cross,0.9753
pattern,0.9725
model,0.9760
task however,0.9701
system,0.9731
using,0.9718
singled,0.9715
crucial,0.9753
boost,0.9739
task,0.9732
understanding,0.9711
suggests,0.9712
method especially,0.9772
empirical,0.9751
core,0.9722
system cross,0.9761
method,0.9793
meta,0.9766
learning paradigm,0.9745
pattern,0.9783
system cross empirical,0.9703
significantly,0.9725
combining,0.9738
model,0.9710
model fusion,0.9734
prediction,0.9808
indicator,0.9715
problem,0.9702
paradigm,0.9754
used learning paradigm,0.9701
system,0.9714
fusion,0.9739
temperature,0.9732
predicting,0.9774
framework,0.9755
flexible,0.9744
neural,0.9757
domain knowledge,0.9718
knowledge knowledge,0.9718
knowledge domains model,0.9725
prediction model,0.9710
domains model,0.9732
potential sim model,0.9707
knowledge domains model,0.9732
sim model,0.9772
prediction model,0.9729
meta learning,1.0000
network learning,0.9773
control despite con,0.9755
despite con,0.9702
regulation,0.9747
model,0.9760
system,0.9731
regulation however,0.9738
imaging,0.9774
mechanism,0.9777
insight,0.9762
response,0.9741
interest,0.9730
meta,0.9766
mechanism author,0.9704
scala,0.9734
interpretation,0.9723
drug,0.9708
model,0.9710
requires,0.9727
prediction,0.9808
logic,0.9790
system,0.9714
derivative opt trained,0.9702
tackle,0.9713
predicting,0.9774
process,0.9719
neural,0.9757
logical,0.9726
reinforcement,0.9727
prediction model,0.9710
network model,0.9766
logical network model,0.9746
prediction model,0.9729
theoretical model,0.9718
meta learning,1.0000
ability,0.9706
domain using,0.9714
task,0.9709
limit,0.9728
processing,0.9724
performance due,0.9747
model,0.9760
perspective,0.9721
based,0.9711
characteristic,0.9725
expert,0.9727
using,0.9718
practice,0.9713
transfer,0.9737
imaging,0.9774
analysis,0.9723
domain using,0.9704
task,0.9732
transform,0.9777
training,0.9706
limit,0.9739
processing,0.9798
method,0.9793
diagnostic,0.9707
setting,0.9718
weighted,0.9760
magnetic,0.9718
effectively,0.9727
approach,0.9710
tumor,0.9738
model,0.9710
resonance,0.9718
capability,0.9705
demonstrates,0.9703
perspective tackle,0.9711
perspective,0.9766
contrast,0.9753
problem,0.9702
incorporating,0.9746
based,0.9740
neo,0.9723
tackle,0.9713
solution,0.9740
mi method evidently,0.9707
approach based frequency,0.9736
frequency,0.9763
ability model,0.9730
general ability model,0.9785
transfer learning,0.9757
superiority model,0.9727
model,0.9760
due spa,0.9711
data demonstrate superiority,0.9710
preference,0.9754
recommendation,0.9700
using,0.9718
incorporate,0.9737
understanding,0.9711
utilizing,0.9730
cluster method cold,0.9708
method,0.9793
meta,0.9766
method achieve,0.9722
memory,0.9722
due varying,0.9722
model,0.9710
prediction,0.9808
refined,0.9755
initial,0.9701
experiment,0.9701
problem,0.9702
utilizing cluster,0.9712
tackle,0.9713
opt metal,0.9722
predicting,0.9774
preference,0.9708
process,0.9719
licence,0.9701
recommendation,0.9744
meta model,0.9743
opt model,0.9705
meta model,1.0000
meta learning soft,0.9716
meta learning,1.0000
via simulation,0.9716
processing,0.9724
spectral,0.9714
system,0.9731
subject,0.9709
phase,0.9702
power,0.9723
problem mo,0.9717
energy,0.9705
beam,0.9720
via simulation,0.9742
classic,0.9710
simulation,0.9750
power splitting,0.9704
processing,0.9798
spectrum,0.9736
spectral,0.9769
meta,0.9766
system multi,0.9713
algorithm term,0.9734
splitting,0.9749
phase shift,0.9700
approach,0.9710
problem,0.9702
system,0.9714
tackle,0.9713
solution,0.9740
mo propose meta,0.9739
multi,0.9774
subject,0.9760
phase,0.9749
reflecting,0.9707
task leading,0.9754
task,0.9709
task tend,0.9710
task however,0.9701
system,0.9731
flow,0.9768
analysis,0.9723
task,0.9732
diverse,0.9721
task tend,0.9743
meta,0.9766
lever,0.9737
transition,0.9810
furthermore,0.9701
focus,0.9740
approach,0.9710
subsequently introduce,0.9710
capability,0.9705
integration genera,0.9713
analysis show,0.9716
experiment,0.9701
system,0.9714
solution,0.9740
multi,0.9774
integration,0.9721
reinforcement,0.9727
meta learning,1.0000
system,0.9731
model,0.9760
addressing,0.9701
discipline,0.9727
processing,0.9724
task,0.9709
modification,0.9710
limit,0.9728
spectral,0.9714
observation,0.9740
system,0.9714
approach,0.9710
meta,0.9766
model,0.9710
flow,0.9768
addressing,0.9752
analysis,0.9723
processing,0.9798
task,0.9732
isolation,0.9737
training,0.9706
problem,0.9702
modification,0.9742
resolution,0.9740
limit,0.9739
spectral,0.9769
task,0.9709
choice,0.9764
relative task,0.9708
explanation,0.9728
classify,0.9730
preference,0.9754
analysis,0.9723
suitable fuzzy,0.9749
task,0.9732
metal algorithm un,0.9704
fuzzy,0.9728
stat explain ai,0.9744
interest,0.9730
compare,0.9728
particular,0.9707
anomaly,0.9749
stat explain,0.9747
commonly,0.9730
explanation,0.9754
certain,0.9732
classify,0.9775
suitable,0.9746
preference,0.9708
weight,0.9702
delivery,0.9702
model,0.9760
based,0.9711
preference,0.9754
input,0.9716
delivery,0.9767
approach,0.9710
model,0.9710
implication,0.9732
based,0.9740
integration metal,0.9719
capability,0.9705
preference,0.9708
process,0.9719
framework,0.9755
defining,0.9702
series practical,0.9748
framework primarily,0.9705
focus,0.9740
application,0.9766
program,0.9703
integration,0.9721
considered,0.9732
model framework,0.9712
task,0.9709
pattern,0.9725
model,0.9760
perspective,0.9721
task proposed,0.9730
using,0.9718
analysis,0.9723
deep neural,0.9743
task,0.9732
parameter tackle,0.9714
particular,0.9707
method,0.9793
approach tackle,0.9718
spatial bay,0.9704
pattern,0.9783
inference,0.9787
approach,0.9710
model,0.9710
extraction,0.9750
behavior,0.9766
prediction,0.9808
capture,0.9703
perspective,0.9766
problem,0.9702
compared,0.9725
tackle,0.9713
behavioral,0.9731
neural,0.9757
algorithm model,0.9759
task,0.9709
model,0.9760
transfer,0.9737
learning term,0.9728
task,0.9732
training,0.9706
important,0.9712
meta effectively alleviate,0.9706
method,0.9793
meta,0.9766
effectively,0.9727
significantly,0.9725
drug,0.9708
approach,0.9710
model,0.9710
prediction,0.9808
experiment,0.9701
contrast,0.9753
effectively alleviate,0.9705
problem,0.9702
method alleviate,0.9753
predicting,0.9774
multi,0.9774
framework,0.9755
data meta,0.9738
novel meta learning,0.9764
meta learning,1.0000
multi learning,0.9757
style,0.9725
model,0.9760
factor,0.9727
system,0.9731
based,0.9711
factor paper,0.9743
eyed data,0.9712
subject,0.9709
despite progress method,0.9740
selection deep,0.9721
using,0.9718
mechanism,0.9777
directly,0.9718
training,0.9706
style,0.9734
system ad,0.9739
method,0.9793
inference,0.9787
furthermore,0.9701
attracting,0.9727
model,0.9710
res subset subject,0.9713
experiment,0.9701
factor,0.9740
system,0.9714
based,0.9740
factor paper,0.9734
subject,0.9760
image involving,0.9752
involving,0.9712
framework,0.9755
selection deep,0.9762
deep learning learning,0.9727
model,0.9760
classification,1.0000
model overs class,0.9741
task,0.9709
module,0.9702
model overs,0.9703
particular design,0.9726
specific,0.9720
overs class,0.9756
perspective,0.9721
task particular,0.9723
style,0.9725
task particular design,0.9721
module strategically,0.9743
aspect,0.9724
particular,0.9707
incorporate,0.9737
model,0.9710
context,0.9710
task,0.9732
module,0.9760
model overs,0.9749
particular design,0.9707
licence,0.9701
tc module strategically,0.9700
specific,0.9773
experiment,0.9701
perspective,0.9766
equilibrium,0.9729
task particular,0.9706
furthermore,0.9701
problem,0.9702
operation,0.9725
style,0.9734
aspect overs,0.9732
module strategically,0.9742
representation model,0.9790
general model,0.9804
problem model,0.9743
cross learning,0.9846
ability,0.9706
classification,1.0000
task,0.9709
rely metal,0.9730
limitation need,0.9744
model,0.9760
data includes,0.9708
system,0.9731
tuning,0.9728
module,0.9702
class however,0.9733
method primarily,0.9752
task,0.9732
reducing,0.9707
rely metal,0.9715
specifically parameter,0.9713
limitation need,0.9710
method,0.9793
however method,0.9717
method achieve,0.9722
model,0.9710
initial,0.9701
system,0.9714
compared,0.9725
multiple,0.9713
tuning,0.9731
module,0.9760
multi,0.9774
rely,0.9709
limitation,0.9726
graph learning,0.9700
metric learning,0.9741
cost learning,0.9713
task,0.9709
specific,0.9720
system cross,0.9753
model,0.9760
gearbox intelligent diagnosis,0.9708
condition,0.9700
system,0.9731
based,0.9711
specific firstly sub,0.9742
gear,0.9743
scattering,0.9700
diagnosis,0.9738
transfer,0.9737
analysis,0.9723
utilized explore,0.9714
task,0.9732
based meta,0.9718
specific,0.9773
descent,0.9731
system cross,0.9761
important,0.9712
method,0.9793
meta,0.9766
geometric,0.9713
particularly,0.9703
fault diagnosis,0.9701
measurement,0.9807
adjust,0.9750
approach supported experimental,0.9702
approach,0.9710
model,0.9710
specific firstly,0.9726
fault metal,0.9727
system,0.9714
based,0.9740
specific firstly sub,0.9701
scattering,0.9750
data meta,0.9738
transfer learning,0.9757
method learning,0.9784
meta learning,1.0000
learning transfer,0.9728
additionally discovering,0.9701
model extensive,0.9718
model,0.9760
system,0.9731
utilizes learned,0.9713
based,0.9711
especially diverse,0.9709
system diverse,0.9766
directly,0.9718
model identify,0.9709
transform,0.9777
diverse,0.9721
based metal,0.9717
training,0.9706
network model least,0.9724
method,0.9793
meta,0.9766
synthetic,0.9750
particularly,0.9703
accurately,0.9702
customized,0.9778
effectively,0.9727
model extensive,0.9765
furthermore,0.9701
comparative method large,0.9752
scale,0.9712
approach,0.9710
model,0.9710
model utilizes learned,0.9705
capture,0.9703
structural,0.9775
experiment,0.9701
problem,0.9702
system,0.9714
based,0.9740
theoretically,0.9733
solution,0.9740
instead directly,0.9701
neural,0.9757
network model,0.9766
learning model,0.9744
model meta,0.9718
model meta,0.9711
data learning,0.9768
problem learning,0.9733
task,0.9709
task showcasing,0.9723
comparison,0.9779
task showcasing superior,0.9734
metal system,0.9708
result demonstrate system,0.9732
model,0.9760
instruction,0.9728
system,0.9731
energy,0.9705
transfer,0.9737
task,0.9732
comparison,0.9816
simulation,0.9750
method,0.9793
lever intelligent,0.9735
lever,0.9737
showcasing,0.9733
mit capturing intricate,0.9702
combining,0.9738
approach,0.9710
model,0.9710
system employ,0.9744
instruction,0.9706
sophisticated,0.9718
standalone,0.9713
system,0.9714
method energy,0.9702
solution,0.9740
framework,0.9755
effective mit,0.9708
approach combining,0.9721
mathematical framework model,0.9743
framework model,0.9763
transfer learning,0.9757
task,0.9709
model specifically,0.9744
approach significantly,0.9705
adaptation crowd counting,0.9704
pattern,0.9725
model,0.9760
based,0.9711
task positioned,0.9729
layer main crowd,0.9709
using,0.9718
boost,0.9739
layer main,0.9747
task,0.9732
model effectively,0.9728
training,0.9706
model specifically,0.9756
approach significantly,0.9781
method,0.9793
meta,0.9766
learning paradigm,0.9745
pattern,0.9783
effectively,0.9727
application,0.9766
significantly,0.9725
batch,0.9702
approach,0.9710
model,0.9710
task metal paradigm,0.9708
facilitate,0.9725
experiment,0.9701
paradigm meta,0.9731
problem,0.9702
paradigm,0.9754
based,0.9740
tackle,0.9713
thereby creating,0.9702
solution,0.9740
flexible,0.9744
engineering counting model,0.9733
counting model,0.9780
test model,0.9854
novel meta learning,0.9764
paradigm meta learning,0.9718
meta learning,1.0000
task,0.9709
expertise,0.9733
bias,0.9723
pattern,0.9725
gap,0.9707
vital task clinical,0.9714
data huge,0.9702
core method,0.9727
task,0.9732
labeling,0.9769
expertise,0.9715
bias,0.9780
controlled context,0.9701
method synth vascular,0.9724
core,0.9722
method,0.9793
meta,0.9766
context,0.9710
pattern,0.9783
topology,0.9721
lever,0.9737
vascular,0.9721
function metal,0.9719
effectively,0.9727
application,0.9766
approach,0.9710
novel tubular loss,0.9723
vital task clinical,0.9700
method tubular,0.9735
standard,0.9735
und bias deep,0.9718
experiment,0.9701
problem,0.9702
suitable topological,0.9703
vessel,0.9744
method synth,0.9717
solution,0.9740
core method tubular,0.9727
suitable,0.9746
data large,0.9713
allowing,0.9746
task,0.9709
system,0.9731
based,0.9711
addressing,0.9701
mechanism alleviate,0.9703
module,0.9702
characteristic,0.9725
mechanism,0.9777
task,0.9732
labeled,0.9759
mechanism attention,0.9701
method addressing,0.9725
pseudo,0.9712
method,0.9793
mechanism backbone,0.9718
significance,0.9727
context,0.9710
experiment,0.9701
problem,0.9702
system,0.9714
based,0.9740
addressing,0.9752
mechanism alleviate,0.9754
module,0.9760
self mechanism,0.9729
corresponding,0.9714
method metal,0.9711
metric learning,0.9741
class significance learning,0.9704
network learning,0.9773
prototype learning,0.9798
task,0.9709
system cross,0.9753
type,0.9710
adjustment,0.9736
system,0.9731
based,0.9711
adjustment across,0.9704
crucial,0.9753
analysis,0.9723
task,0.9732
method called,0.9706
transferring,0.9727
training,0.9706
system cross,0.9761
method,0.9793
meta,0.9766
method achieve,0.9722
learning paradigm,0.9745
effectively,0.9727
furthermore,0.9701
type,0.9749
enabling,0.9755
facilitate,0.9725
poly,0.9718
analysis show,0.9716
promising paradigm,0.9722
experiment,0.9701
adjustment,0.9759
paradigm meta,0.9731
paradigm,0.9754
system,0.9714
tailored,0.9715
based,0.9740
task tailored,0.9714
multi,0.9774
neural,0.9757
meta crucial,0.9733
alignment learning,0.9705
paradigm meta learning,0.9718
meta learning,1.0000
function learning,0.9770
classification,1.0000
task,0.9709
specific,0.9720
classification initial,0.9743
model,0.9760
requirement,0.9703
classification task,0.9741
system,0.9731
based,0.9711
task recommend,0.9728
evaluated metal,0.9728
using,0.9718
crucial,0.9753
flow,0.9768
analysis,0.9723
deep neural,0.9743
task,0.9732
deep model,0.9718
specific,0.9773
based metal,0.9717
training,0.9706
model implemented,0.9736
considered,0.9732
meta,0.9766
furthermore,0.9701
analyze,0.9748
paradigm prior,0.9715
model,0.9710
requirement,0.9742
initial,0.9701
problem,0.9702
paradigm,0.9754
system,0.9714
based,0.9740
paradigm dividing,0.9708
problems,0.9714
process,0.9719
licence,0.9701
neural,0.9757
meta model,0.9743
learning model,0.9744
un learning model,0.9736
meta model,1.0000
parameter learning,0.9767
task learning,0.9801
task,0.9709
specific,0.9720
cooling,0.9704
model,0.9760
system,0.9731
leverage,0.9704
data required prediction,0.9713
task,0.9732
turbine learning,0.9728
specific,0.9773
important,0.9712
method,0.9793
meta,0.9766
demand,0.9708
precise,0.9720
cooling,0.9752
method fulfill,0.9710
thermal,0.9758
model,0.9710
fourier neural,0.9725
prediction,0.9808
task fourier,0.9748
system,0.9714
leverage,0.9770
temperature,0.9732
multi,0.9774
leverage historical,0.9723
method metal,0.9711
neural,0.9757
prediction model,0.9710
multi model,0.9798
prediction model,0.9729
data meta,0.9738
data learning,0.9768
meta learning,1.0000
bias,0.9723
controlled system,0.9707
system,0.9731
preference,0.9754
recommendation,0.9700
bias,0.9780
important,0.9712
however common,0.9713
method,0.9793
meta,0.9766
generation,0.9730
significant,0.9708
method enhance,0.9715
significantly,0.9725
recommendation deep,0.9745
approach,0.9710
experiment,0.9701
problem,0.9702
system,0.9714
meta generation,0.9704
preference,0.9708
framework,0.9755
recommendation,0.9744
system first,0.9714
model lack,0.9724
model,0.9760
system,0.9731
based,0.9711
method term,0.9705
recommendation,0.9700
training,0.9706
hyper,0.9739
method,0.9793
sampling,0.9746
cluster fed,0.9703
application,0.9766
model lack,0.9721
model,0.9710
tune,0.9714
device,0.9735
advanced method term,0.9707
problem,0.9702
exchanging,0.9751
system,0.9714
based,0.9740
suitable,0.9746
method term,0.9789
recommendation,0.9744
weight,0.9702
local model,0.9732
local data model,0.9804
data distribution model,0.9791
distribution model,0.9805
data model,0.9781
cluster learning,0.9771
efficiency learning,0.9770
ability,0.9706
task,0.9709
task crucial factor,0.9755
task diverse,0.9709
type,0.9710
model,0.9760
factor,0.9727
system,0.9731
crucial factor,0.9739
based,0.9711
task crucial,0.9749
crucial,0.9753
mcc method,0.9703
task,0.9732
understanding,0.9711
diverse,0.9721
labeled,0.9759
method,0.9793
meta,0.9766
task diverse,0.9713
type,0.9749
model,0.9710
problem,0.9702
factor,0.9740
method meta,0.9718
system,0.9714
compared,0.9725
crucial factor,0.9700
based,0.9740
extend,0.9711
multiple,0.9713
multi,0.9774
knowledge assist model,0.9757
ability learning,0.9751
general ability learning,0.9759
system,0.9731
based,0.9711
classification,1.0000
specific,0.9720
knowledge based,0.9712
based system,0.9718
recommendation,0.9700
res technique,0.9744
res technique considered,0.9732
system,0.9714
method,0.9793
comparable,0.9719
approach,0.9710
meta,0.9766
method machine,0.9771
based,0.9740
numerous res learning,0.9706
automated,0.9730
method combination nonetheless,0.9725
solution,0.9740
suitable,0.9746
comparing,0.9738
res method classification,0.9754
specific,0.9773
res method machine,0.9735
recommendation,0.9744
res learning,0.9726
application,0.9766
proper,0.9716
considered,0.9732
information knowledge,0.9748
data meta,0.9738
task,0.9709
specific,0.9720
pattern,0.9725
task involves,0.9700
model need,0.9727
model,0.9760
recovery,0.9719
task facilitated,0.9706
addressing,0.9701
module,0.9702
phase,0.9702
task,0.9732
data trained,0.9718
specific,0.9773
rigorous,0.9746
training,0.9706
method,0.9793
pattern,0.9783
module spat,0.9729
coupled,0.9755
facilitated,0.9742
encoding,0.9757
task rigorous,0.9710
cornerstone,0.9707
furthermore,0.9701
comparable,0.9719
model need,0.9766
em module,0.9715
model,0.9710
recovery,0.9780
sequence,0.9712
extraction,0.9750
capability,0.9705
en coupled intuitive,0.9718
intuitive,0.9753
capture,0.9703
experiment,0.9701
reveal,0.9714
fusion,0.9739
addressing,0.9752
regression,1.0000
module,0.9760
phase,0.9749
framework,0.9755
neural,0.9757
data forcing model,0.9709
improvement classification,0.9797
model,0.9760
classification model,0.9741
based,0.9711
classification,1.0000
performance class,0.9713
classification however,0.9832
classification classification,0.9867
classification joint,0.9745
framework compared,0.9702
compared,0.9725
method,0.9793
meta,0.9766
model,0.9710
classification model,0.9715
requires,0.9727
based,0.9740
imaging,0.9774
deep neural,0.9743
significant,0.9708
accurately,0.9702
commonly,0.9730
framework,0.9755
framework compared,0.9701
labeled,0.9759
problem,0.9702
application,0.9766
neural,0.9757
hyper,0.9739
affect,0.9746
classification model,0.9728
meta learning,1.0000
model,0.9760
bearing subway,0.9713
classification,1.0000
condition,0.9700
comparison,0.9779
diagnosis train bearing,0.9703
diagnosis metric metal,0.9703
method,0.9793
bearing fault diagnosis,0.9715
incorporating,0.9746
approach,0.9710
diagnosis,0.9738
crucial,0.9753
model,0.9710
importance,0.9708
mechanism,0.9777
diagnostic,0.9707
analysis,0.9723
train bearing firstly,0.9719
traction,0.9744
fault diagnosis,0.9701
due complex,0.9723
setting,0.9718
significant,0.9708
effectively extract,0.9704
mechanism effectively,0.9733
coupled,0.9755
framework,0.9755
comparison,0.9816
condition coupled,0.9731
effectively,0.9727
operation,0.9725
incorporating ada,0.9734
pivotal,0.9733
algorithm model,0.9759
model framework,0.9712
perspective,0.9721
feature using,0.9701
power,0.9723
using,0.9718
crucial,0.9753
analysis,0.9723
method precisely,0.9718
training,0.9706
experimental method precisely,0.9706
costly,0.9737
method,0.9793
meta,0.9766
meta exploited,0.9706
accurately,0.9702
crucial molecular,0.9728
therapeutic,0.9769
sequence,0.9712
prediction,0.9808
perspective,0.9766
method meta,0.9718
crucial interaction,0.9718
analysis na narrow,0.9711
multiple,0.9713
exploited,0.9719
knowledge meta,0.9724
task,0.9709
framework compared,0.9702
method transfer,0.9712
model,0.9760
connectivity due,0.9703
system,0.9731
connectivity due complex,0.9765
testing,0.9720
wavelength,0.9753
using,0.9718
transfer,0.9737
task,0.9732
rule,0.9740
data fine,0.9731
due complex,0.9723
using ml,0.9735
training,0.9706
method,0.9793
meta,0.9766
scar main,0.9701
optic,0.9717
framework compared,0.9701
bench approach,0.9754
fiber,0.9769
significantly,0.9725
method transfer,0.9773
approach,0.9710
model,0.9710
enabling,0.9755
intra soft,0.9706
problem,0.9702
system,0.9714
compared,0.9725
connectivity due complex,0.9705
overcome,0.9707
multiple,0.9713
testing,0.9763
solution,0.9740
using ml soft,0.9705
framework,0.9755
flexible,0.9744
neural,0.9757
compared rule,0.9711
data meta,0.9738
data shoe,0.9729
specific,0.9720
finding demonstrate potential,0.9729
index demonstrate,0.9710
model,0.9760
requirement,0.9703
data using,0.9718
using,0.9718
data shoe,0.9719
specific,0.9773
defining,0.9702
insight,0.9762
method,0.9793
meta,0.9766
particularly,0.9703
index demonstrate,0.9730
approach,0.9710
model,0.9710
pressures,0.9734
requirement,0.9742
prediction,0.9808
standard,0.9735
sensor,0.9742
compared,0.9725
require,0.9728
resulting,0.9707
multi,0.9774
difficult,0.9709
data using,0.9714
difficult extract,0.9728
neural,0.9757
prediction model,0.9710
ml model,0.9747
prediction model,0.9729
meta learning,1.0000
classification,1.0000
task,0.9709
task striking,0.9723
protection,0.9734
model,0.9760
classification task,0.9741
adjustment,0.9736
based,0.9711
investigation dia,0.9723
classification task striking,0.9740
task especially,0.9701
significant bench,0.9707
investigation,0.9721
diagnosis,0.9738
algorithm offer,0.9705
boost,0.9739
task,0.9732
embedded,0.9767
task striking,0.9709
hyper,0.9739
meta,0.9766
generation,0.9730
significant,0.9708
protection,0.9704
model,0.9710
distinctive,0.9731
initial,0.9701
experiment,0.9701
adjustment,0.9759
focused,0.9710
regression metal,0.9770
based,0.9740
regression,1.0000
solution,0.9740
significant bench,0.9714
framework,0.9755
pivotal,0.9733
weight,0.9702
significant bench model,0.9702
bench model,0.9740
generation learning,0.9811
classification interpret learning,0.9726
data cross,0.9719
system aim classify,0.9726
model however,0.9706
type,0.9710
model,0.9760
classify,0.9730
system,0.9731
leverage,0.9704
crucial,0.9753
data cross,0.9723
system aim classify,0.9724
filter,0.9780
labeled,0.9759
method,0.9793
method achieve,0.9722
significant,0.9708
boundary,0.9711
model however,0.9703
type,0.9749
model,0.9710
sequence,0.9712
experiment,0.9701
contrast,0.9753
classify,0.9775
system,0.9714
proto,0.9722
leverage,0.9770
language model,0.9784
entity learning,0.9833
classification model,0.9741
classification,1.0000
branch particularly,0.9712
method across,0.9710
performance classification,0.9774
significantly de,0.9700
system classification,0.9817
model,0.9760
classify,0.9730
system,0.9731
based,0.9711
characteristic,0.9725
using,0.9718
classification model,0.9715
feasibility using,0.9712
directly,0.9718
data metal,0.9750
derived,0.9719
sample whose,0.9735
branch,0.9721
method,0.9793
meta,0.9766
method across,0.9719
particularly,0.9703
comparing,0.9738
based genetic,0.9710
significantly de,0.9730
furthermore,0.9701
affect,0.9746
significantly,0.9725
analyze,0.9748
system classification,0.9736
model,0.9710
capability,0.9705
experiment,0.9701
classify,0.9775
problem,0.9702
minimal,0.9707
system,0.9714
based,0.9740
tackle,0.9713
process,0.9719
framework,0.9755
classification model,0.9728
performance classification model,0.9762
system classification model,0.9735
information learning,0.9783
