Word,Similarity
transmission,0.9717
category,0.9777
category notably deep,0.9743
system,0.9731
category notably,0.9761
device,0.9735
transfer,0.9737
assessment,0.9766
removing,0.9731
transmission,0.9707
crucial,0.9753
imaging,0.9774
algorithm grouped,0.9737
category,0.9753
compression,0.9821
screening,0.9785
notably,0.9708
derived,0.9719
system,0.9714
understanding,0.9711
grouped,0.9762
blurred image database,0.9706
transfer learning,0.9757
self learning,0.9713
system deep learning,0.9718
system,0.9731
possessing,0.9712
problem metal,0.9746
problem,0.9702
require,0.9728
system bile,0.9726
comparable,0.9719
setting,0.9718
directly,0.9718
important,0.9712
natural,0.9713
meta,0.9766
requires,0.9727
hyper,0.9739
system,0.9714
training,0.9706
reinforcement,0.9727
exact hess jacob,0.9709
method jacob,0.9711
method,0.9793
meta learning,1.0000
across classification task,0.9786
classification,1.0000
across classification,0.9810
task,0.9709
power,0.9723
model,0.9760
limit,0.9728
classification task,0.9741
classification across,0.9807
based,0.9711
general across classification,0.9782
horizon,0.9712
across classification task,0.9713
regime introduce,0.9719
extend,0.9711
regime differently,0.9700
principle,0.9763
initial,0.9701
task,0.9732
prediction,0.9808
model,0.9710
model reach,0.9722
res based,0.9719
limit,0.9739
compared,0.9725
size,0.9700
task res,0.9713
approach,0.9710
using,0.9718
meta,0.9766
regime,0.9733
based,0.9740
meta learning,1.0000
protection,0.9734
model,0.9760
due data,0.9751
bottle performance,0.9720
due performance,0.9722
protection,0.9704
model,0.9710
due data het,0.9706
degradation,0.9718
approach,0.9710
meta,0.9766
bottle performance,0.9716
meta learning,1.0000
pattern,0.9725
system,0.9731
model,0.9760
condition,0.9700
embodied,0.9716
assessment,0.9766
model multiple,0.9732
prediction,0.9808
process,0.9719
important,0.9712
flow,0.9768
significant,0.9708
difficult,0.9709
ph metal,0.9723
pattern,0.9783
tool,0.9715
meta,0.9766
model ph,0.9772
climatic,0.9721
multiple,0.9713
system,0.9714
model,0.9710
method metal,0.9711
training,0.9706
method able,0.9724
affect,0.9746
model moreover,0.9721
method,0.9793
localized,0.9729
ph guided meta,0.9749
process knowledge,0.9779
data model ph,0.9707
ml model,0.9747
data model,0.9781
cluster data model,0.9750
prediction base,0.9713
ml model moreover,0.9733
promise data model,0.9744
meta learning,1.0000
learning method metal,0.9715
learning method,0.9746
model however,0.9706
powerful fault diagnosis,0.9705
specific,0.9720
based,0.9711
task,0.9709
system,0.9731
model,0.9760
focus,0.9740
fault diagnosis,0.9701
model however,0.9703
problem metal,0.9746
powerful fault diagnosis,0.9718
problem,0.9702
size,0.9700
significantly,0.9725
deep learning fault,0.9706
method based,0.9701
specific,0.9773
important,0.9712
based,0.9740
thus affect,0.9709
task,0.9732
weakening,0.9741
meta,0.9766
analysis,0.9723
overcome,0.9707
system,0.9714
model,0.9710
weight,0.9702
training,0.9706
affect,0.9746
diagnosis,0.9738
method focus,0.9730
method,0.9793
meta model,0.9743
training meta model,0.9778
function meta model,0.9826
construction meta model,0.9729
meta model,1.0000
problem unreliable model,0.9729
deep learning method,0.9712
problem metal use,0.9701
accuracy method,0.9772
learning method,0.9746
result showcase efficiency,0.9704
penalty bile,0.9752
condition,0.9700
hyper,0.9739
focus,0.9740
scala,0.9734
constrained,0.9744
result showcase efficiency,0.9708
tackle,0.9713
method bile,0.9774
certain,0.9732
descent,0.9731
method hyper,0.9746
solution,0.9740
problem,0.9702
reinforcement,0.9727
method,0.9793
experimental result showcase,0.9709
difficult,0.9709
application,0.9766
showcase,0.9717
gradient method,0.9721
gradient method bile,0.9713
processing,0.9724
incorporating sentence,0.9711
specific,0.9720
strategy considering low,0.9715
task,0.9709
classify named,0.9740
classify,0.9730
system,0.9731
model,0.9760
critical task,0.9729
comparison,0.9779
identifying,0.9714
processing,0.9798
incorporating sentence,0.9713
critical task natural,0.9706
experiment,0.9701
process,0.9719
method expand,0.9734
furthermore,0.9701
method incorporating,0.9762
specific,0.9773
information large,0.9714
mechanism,0.9777
natural,0.9713
weighted,0.9760
task,0.9732
labelled,0.9705
classify named,0.9705
incorporating,0.9746
classify,0.9775
system,0.9714
model,0.9710
training,0.9706
semantic,0.9805
comparison,0.9816
method,0.9793
ne method trained,0.9705
identifying,0.9724
negative impact model,0.9711
impact model,0.9726
method comparison,0.9702
comparison method,0.9765
classification,1.0000
guidance,0.9728
task dams,0.9722
classification task,0.9741
module,0.9702
task,0.9709
although strategy effectively,0.9719
module suffers,0.9713
suffers training guidance,0.9737
model,0.9760
classification task dams,0.9734
neural,0.9757
framework,0.9755
guidance,0.9744
problem,0.9702
nearly association computational,0.9723
approach,0.9710
model although strategy,0.9737
importance,0.9708
initial,0.9701
prediction,0.9808
effectively,0.9727
sentiment,0.9714
important,0.9712
module,0.9760
task,0.9732
theoretically,0.9733
meta,0.9766
module suffers,0.9738
pseudo,0.9712
validation,0.9739
model,0.9710
training,0.9706
method,0.9793
confidence model,0.9702
confidence model,0.9805
learning auxiliary task,0.9702
classification,1.0000
processing,0.9724
module,0.9702
task,0.9709
improvement classification,0.9797
phase,0.9702
paradigm called,0.9702
tired data experimental,0.9710
model,0.9760
processing,0.9798
paradigm,0.9754
module,0.9760
contrast,0.9753
task,0.9732
phase,0.9749
meta,0.9766
training paradigm,0.9721
tired data experimental,0.9735
useful,0.9749
model,0.9710
training,0.9706
deep learning learning,0.9727
based deep,0.9701
skill,0.9707
based,0.9711
task,0.9709
ability,0.9706
system,0.9731
model,0.9760
based system,0.9718
device,0.9735
paradigm,0.9754
via numerical,0.9719
framework,0.9755
transfer,0.9737
based deep,0.9713
approach,0.9710
experiment,0.9701
based deep reinforcement,0.9718
simulation,0.9750
interest,0.9730
diverse,0.9721
embedded reinforcement,0.9728
embedded,0.9767
com approach,0.9702
directly,0.9718
based,0.9740
task,0.9732
catastrophic,0.9715
compared,0.9725
meta,0.9766
dependency,0.9802
fixed,0.9705
multiple,0.9713
system,0.9714
model,0.9710
reinforcement,0.9727
promising paradigm,0.9722
multi,0.9774
dr meta learning,0.9759
meta learning,1.0000
learning embedded reinforcement,0.9711
model na,0.9724
based deep,0.9701
requirement,0.9703
adjustment,0.9736
based,0.9711
system,0.9731
model,0.9760
condition,0.9700
due adjustment,0.9729
neural,0.9757
fault diagnosis,0.9701
model na,0.9716
based deep,0.9713
problem,0.9702
experiment,0.9701
limitation,0.9726
simulation,0.9750
requirement,0.9742
based meta,0.9718
basis,0.9776
deep learning fault,0.9706
process,0.9719
method based,0.9701
adjustment,0.9759
based,0.9740
meta,0.9766
analysis,0.9723
system,0.9714
model,0.9710
training,0.9706
diagnosis,0.9738
multi,0.9774
method,0.9793
network model,0.9766
meta learning,1.0000
learning ml neural,0.9719
numerical method,0.9715
training model,0.9724
classification,1.0000
classification classification,0.9867
method motivated,0.9731
module,0.9702
based,0.9711
typically,0.9702
system,0.9731
model,0.9760
classification feature,0.9792
comparison,0.9779
neural,0.9757
problem,0.9702
locking,0.9700
limitation,0.9726
imaging,0.9774
characteristic,0.9725
process,0.9719
method motivated,0.9717
transformation,0.9793
module,0.9760
mechanism,0.9777
based,0.9740
data extending,0.9706
typically,0.9705
aperture,0.9700
system,0.9714
model,0.9710
scale,0.9712
synthetic,0.9750
extraction,0.9750
comparison,0.9816
method,0.9793
deep method motivated,0.9725
comparison test,0.9710
current deep method,0.9753
classification,1.0000
classification task,0.9741
seven classification task,0.9733
based,0.9711
task,0.9709
ability,0.9706
system,0.9731
model,0.9760
perspective,0.9721
method improving,0.9710
requiring,0.9733
approach,0.9710
aug method labeled,0.9731
via weighted,0.9711
glue,0.9766
based,0.9740
method labeled,0.9730
weighted,0.9760
task,0.9732
labeled,0.9759
system machine,0.9723
system,0.9714
model,0.9710
weight,0.9702
training,0.9706
perspective,0.9766
synthetic,0.9750
tune,0.9714
method,0.9793
data language model,0.9728
data language model,0.9816
language model,0.9784
stability approach,0.9701
method improving method,0.9776
learning method,0.9746
factor,0.9727
sar deep learning,0.9704
result specialized moving,0.9709
based,0.9711
task,0.9709
ability,0.9706
model,0.9760
condition,0.9700
factor,0.9740
approach,0.9710
limitation,0.9726
imaging,0.9774
sar deep learning,0.9703
based meta,0.9718
initial,0.9701
model term,0.9768
effectively,0.9727
experimental result specialized,0.9723
mechanism,0.9777
based,0.9740
task,0.9732
resulting,0.9707
meta,0.9766
recognition model term,0.9704
analysis,0.9723
hyper,0.9739
multiple,0.9713
aperture,0.9700
instability,0.9811
model,0.9710
weight,0.9702
training,0.9706
descent,0.9731
limitation imaging,0.9744
memory,0.9722
specialized,0.9739
synthetic,0.9750
extraction,0.9750
parameter issue metal,0.9706
observation,0.9740
parameter learning,0.9767
hyper learning,0.9741
meta hyper learning,0.9713
limitation imaging environment,0.9701
system,0.9731
prom pro,0.9701
problem,0.9702
system bile,0.9726
constrained,0.9744
coupling,0.9795
significant,0.9708
due complex,0.9723
pro tracked,0.9706
technique toward,0.9715
problem multiple,0.9750
analysis,0.9723
problem multi,0.9724
multiple,0.9713
system,0.9714
fundamental,0.9742
problem safety,0.9723
reinforcement,0.9727
multi,0.9774
tracked,0.9704
multi learning,0.9757
model comb,0.9727
bias,0.9723
task,0.9709
model,0.9760
based scale,0.9731
specific,0.9720
based,0.9711
scala,0.9734
suggesting,0.9741
model comb,0.9782
bias,0.9780
task,0.9732
em subsequent,0.9703
specific instance sage,0.9700
model,0.9710
problem metal,0.9746
em specific,0.9749
based scale,0.9721
scale,0.9712
problem,0.9702
adjust,0.9750
approach,0.9710
reinforcement,0.9727
context,0.9710
significantly,0.9725
meta,0.9766
specific,0.9773
method,0.9793
transforms,0.9769
method significantly,0.9767
method adapt,0.9712
based,0.9740
learning model,0.9744
sage adjust model,0.9710
distance,0.9712
gap,0.9707
based,0.9711
data using,0.9718
system,0.9731
incorporate,0.9737
distance,0.9723
bench linear,0.9766
require,0.9728
approach,0.9710
using,0.9718
comparable,0.9719
proxy approach,0.9723
approach greatly,0.9738
sampling,0.9746
however require,0.9708
proxy incorporate,0.9740
method based,0.9701
significant,0.9708
difficult,0.9709
contrast,0.9753
based,0.9740
data using,0.9714
utilize,0.9766
labeled,0.9759
proxy,0.9756
system,0.9714
negative proxy incorporate,0.9728
method metal,0.9711
training,0.9706
similarity,0.9746
method,0.9793
protocol,0.9751
bench learning,0.9718
self learning,0.9713
approach method,0.9723
training method,0.9760
proxy approach,0.9710
learning method,0.9746
classification,1.0000
task indicated,0.9708
classification task,0.9741
task,0.9709
system,0.9731
model,0.9760
model semi,0.9766
task diverse,0.9709
phenomenon code,0.9743
contrast semi,0.9714
model word,0.9701
geometric,0.9713
using,0.9718
dimensional,0.9783
diverse,0.9721
semi learning,0.9761
model eventually,0.9701
effectively,0.9727
method effectively,0.9706
contrast,0.9753
task,0.9732
meta,0.9766
analysis,0.9723
system,0.9714
model,0.9710
training,0.9706
word phylogenetic,0.9701
model semi,0.9743
task diverse,0.9713
method,0.9793
tree pro model,0.9766
manifold pro model,0.9706
information learning,0.9783
learning method low,0.9707
learning method,0.9746
classification,1.0000
system,0.9731
bias,0.9723
task,0.9709
model,0.9760
data employed,0.9710
classification method author,0.9719
overcome,0.9707
process rich,0.9752
system,0.9714
bias,0.9780
task,0.9732
model,0.9710
process,0.9719
framework,0.9755
transfer,0.9737
semantic,0.9805
using,0.9718
experiment,0.9701
recognition zero,0.9712
classification method author,0.9729
method,0.9793
analysis,0.9723
quantitative,0.9735
model knowledge,0.9747
classification method author,0.9718
factor,0.9727
based deep,0.9701
intra able perform,0.9711
based meta three,0.9716
feedback,0.9738
module,0.9702
based,0.9711
specifically performance,0.9740
influence,0.9730
pattern,0.9725
task,0.9709
performance cross,0.9707
specifically performance cross,0.9701
ability,0.9706
system,0.9731
test cross,0.9715
model,0.9760
framework,0.9755
suppress,0.9738
factor,0.9740
based deep,0.9713
problem,0.9702
based meta,0.9718
semi learning,0.9761
process,0.9719
feedback,0.9779
problem insufficient labeled,0.9705
capability,0.9705
method based,0.9701
setting,0.9718
module,0.9760
difficult,0.9709
application,0.9766
based,0.9740
specifically performance,0.9710
influence,0.9709
pattern,0.9783
problem insufficient,0.9712
task,0.9732
performance cross,0.9719
branch,0.9721
compared,0.9725
labeled,0.9759
meta,0.9766
pseudo,0.9712
system,0.9714
based pattern,0.9746
test cross,0.9730
model,0.9710
training,0.9706
solution,0.9740
patch extract,0.9707
affect,0.9746
extraction,0.9750
method,0.9793
deep data,0.9726
specific,0.9720
based,0.9711
task,0.9709
correction,0.9741
motivated construction,0.9737
system,0.9731
model,0.9760
problem,0.9702
empirical,0.9751
crucial,0.9753
transform sur performance,0.9701
furthermore,0.9701
induction ol,0.9730
specific,0.9773
transformation,0.9793
mechanism,0.9777
based,0.9740
task,0.9732
regression,1.0000
context,0.9710
correction,0.9721
termed,0.9753
insight,0.9762
analysis,0.9723
system,0.9714
system linear,0.9772
model,0.9710
weight,0.9702
training,0.9706
descent,0.9731
induction,0.9796
similarity,0.9746
problem understand,0.9726
method,0.9793
transform,0.9777
method learning,0.9784
context learning,0.9832
gradient method,0.9721
classification,1.0000
particularly classification,0.9727
processing,0.9724
system classification,0.9817
classification task,0.9741
task,0.9709
tuning,0.9728
task extensive,0.9709
system,0.9731
model,0.9760
perspective,0.9721
configuration,0.9752
analyze,0.9748
particularly classification,0.9720
processing,0.9798
empirical,0.9751
experiment,0.9701
task empirical,0.9702
initial,0.9701
rely,0.9709
system classification,0.9736
setting,0.9718
significant,0.9708
natural,0.9713
task,0.9732
sequence,0.9712
tuning,0.9731
meta,0.9766
analysis,0.9723
em relevant,0.9712
particularly,0.9703
system,0.9714
model,0.9710
perspective,0.9766
multi,0.9774
similarity,0.9746
configuration,0.9770
tune,0.9714
language model,0.9784
meta learning,1.0000
performance learning,0.9715
multi learning,0.9757
thereby improving,0.9702
based,0.9711
task,0.9709
system,0.9731
task labeled,0.9708
model,0.9760
neural,0.9757
method furthermore,0.9737
method meta,0.9718
transfer,0.9737
problem,0.9702
task res,0.9713
approach,0.9710
using,0.9718
experiment,0.9701
based meta,0.9718
furthermore,0.9701
method based,0.9701
deep neural,0.9743
difficult,0.9709
based,0.9740
approach address,0.9718
task,0.9732
equilibrium,0.9729
labeled,0.9759
meta,0.9766
additionally propose,0.9721
system,0.9714
useful,0.9749
model,0.9710
weight,0.9702
im learning,0.9712
training,0.9706
deficiency,0.9765
system transfer,0.9716
method,0.9793
deficiency using,0.9725
meta meta learning,0.9796
transfer learning,0.9757
meta learning,1.0000
learning method,0.9746
module ol,0.9727
gap,0.9707
distance,0.9712
gap however,0.9701
network weight,0.9710
module,0.9702
module ol,0.9711
prediction,0.9808
characteristic,0.9725
weight,0.9702
distance,0.9723
transfer,0.9737
solution,0.9740
semantic,0.9805
experiment,0.9701
generation,0.9730
setting,0.9718
network weight,0.9747
metal superior,0.9723
method,0.9793
module,0.9760
difficult,0.9709
selection flash,0.9715
data overcome,0.9727
typically,0.9702
system,0.9731
model,0.9760
condition,0.9700
advantage,0.9712
beam,0.9720
framework,0.9755
initial,0.9701
selection metal,0.9726
selection flash,0.9702
compared,0.9725
context,0.9710
data overcome,0.9726
selection fine,0.9715
overcome,0.9707
typically,0.9705
system,0.9714
model,0.9710
training,0.9706
context autonomous,0.9710
data deep learning,0.9731
processing,0.9724
functionality,0.9757
based,0.9711
task,0.9709
tuning,0.9728
system,0.9731
model,0.9760
configuration,0.9752
choice,0.9764
leverage,0.9704
processing,0.9798
technique solve,0.9714
framework,0.9755
problem,0.9702
bay optimization,0.9711
empirical,0.9751
functionality,0.9764
process,0.9719
based,0.9740
task,0.9732
notably,0.9708
tuning,0.9731
generation,0.9730
spark,0.9706
multiple,0.9713
system,0.9714
model,0.9710
descent,0.9731
memory,0.9722
solution,0.9740
configuration,0.9770
tune,0.9714
method,0.9793
leverage,0.9770
method model,0.9716
method model,0.9801
performance learning,0.9715
gradient method,0.9721
data covering,0.9743
classification,1.0000
functional,0.9752
brain functional,0.9704
specific,0.9720
module,0.9702
based,0.9711
system,0.9731
model widely,0.9739
model,0.9760
perspective,0.9721
advantage,0.9712
comparison,0.9779
data covering,0.9727
framework,0.9755
transfer,0.9737
size,0.9700
require,0.9728
experiment,0.9701
crucial,0.9753
limitation,0.9726
imaging,0.9774
functional,0.9785
basis,0.9776
specific,0.9773
module,0.9760
application,0.9766
specifically use,0.9723
based,0.9740
magnetic,0.9718
meta alleviate,0.9703
meta,0.9766
crucial clinical,0.9703
derived,0.9719
multiple,0.9713
system,0.9714
model widely,0.9758
model,0.9710
method metal,0.9711
training,0.9706
perspective,0.9766
suggested,0.9718
diagnosis,0.9738
reinforcement,0.9727
multi,0.9774
comparison,0.9816
method,0.9793
resonance,0.9718
general model,0.9804
learning model,0.9744
deep learning model,0.9706
connectivity general model,0.9745
network learning,0.9773
learning method metal,0.9715
comparison method work,0.9744
framework advantage comparison,0.9708
comparison method,0.9765
learning method,0.9746
module,0.9702
based,0.9711
task,0.9709
issue significant,0.9724
system,0.9731
regardless,0.9709
model,0.9760
condition,0.9700
regardless task,0.9740
framework,0.9755
problem,0.9702
require,0.9728
significantly,0.9725
momentum,0.9736
prediction,0.9808
process,0.9719
beneficial,0.9727
capability,0.9705
significant,0.9708
module,0.9760
difficult,0.9709
based,0.9740
task,0.9732
data larger,0.9707
issue significant,0.9726
system machine,0.9723
system,0.9714
model,0.9710
weight,0.9702
training,0.9706
observation,0.9740
data complex model,0.9764
data learning,0.9768
momentum learning,0.9812
network learning,0.9773
processing,0.9724
task,0.9709
tuning,0.9728
system,0.9731
task labeled,0.9708
model,0.9760
processing,0.9798
structured prompting,0.9715
combining,0.9738
model ml,0.9765
ml causing,0.9717
data metal,0.9750
crucial,0.9753
verbal proceeding machine,0.9716
initial,0.9701
prediction,0.9808
directly,0.9718
prompting,0.9716
natural,0.9713
task,0.9732
labeled,0.9759
tuning,0.9731
meta,0.9766
structured,0.9766
requires,0.9727
system,0.9714
model,0.9710
training,0.9706
memory,0.9722
predicted,0.9713
tune,0.9714
prediction language model,0.9728
prediction language model,0.9772
language model,0.9784
classification,1.0000
system,0.9731
task,0.9709
classification demonstrating,0.9753
classification setting,0.9835
limit,0.9728
classification task,0.9741
classification task hope,0.9762
based,0.9711
focus,0.9740
ind setting broader,0.9725
additionally propose,0.9721
probing,0.9722
paradigm,0.9754
system,0.9714
task,0.9732
understanding,0.9711
neglect,0.9706
framework,0.9755
training,0.9706
limit,0.9739
approach,0.9710
tailored,0.9715
empirical,0.9751
meta,0.9766
setting,0.9718
approach specifically,0.9711
oversight,0.9723
method,0.9793
analysis,0.9723
limitation,0.9726
based,0.9740
data learning,0.9768
meta learning,1.0000
learning method,0.9746
classification,1.0000
bias,0.9723
model however,0.9706
task involving,0.9711
data measuring,0.9737
critical driver,0.9709
task,0.9709
measuring,0.9721
model,0.9760
task critical,0.9722
task requiring,0.9736
requiring,0.9733
bias,0.9780
model however,0.9703
require,0.9728
empirical,0.9751
data measuring,0.9735
decision,0.9717
dimensional,0.9783
sophisticated,0.9718
process,0.9719
capability,0.9705
intuitive,0.9753
hypothesis,0.9774
difficult,0.9709
involving,0.9712
task,0.9732
measuring,0.9738
compare,0.9728
model,0.9710
training,0.9706
scale,0.9712
intuitive expected,0.9712
reinforcement,0.9727
data scale,0.9720
resolution,0.9740
quantitative,0.9735
knowledge first model,0.9740
space model,0.9767
learning model,0.9744
module,0.9702
data use,0.9704
system,0.9731
model,0.9760
advantage,0.9712
neural,0.9757
approach drug,0.9726
transfer,0.9737
facilitate,0.9725
require,0.9728
approach,0.9710
particular,0.9707
experiment,0.9701
predicting,0.9774
sy transfer,0.9727
information large,0.9714
module,0.9760
screening,0.9785
sy,0.9717
utilize,0.9766
merging,0.9731
utilizing,0.9730
compare,0.9728
drug,0.9708
graph utilizing,0.9772
standard,0.9735
system,0.9714
measurement,0.9807
model,0.9710
training,0.9706
proper,0.9716
method,0.9793
network model,0.9766
transfer learning,0.9757
data learning,0.9768
network learning,0.9773
method standard,0.9702
bias,0.9723
module,0.9702
based,0.9711
segment specifically,0.9706
model,0.9760
leverage,0.9704
bias,0.9780
transfer,0.9737
problem,0.9702
experiment,0.9701
based metal,0.9717
however extracted knowledge,0.9702
prediction,0.9808
method based,0.9701
module combine,0.9708
effectively,0.9727
module,0.9760
based,0.9740
fusion,0.9739
effectively leverage,0.9724
coco,0.9720
extracted knowledge insufficient,0.9708
model,0.9710
training,0.9706
semantic,0.9805
multi,0.9774
similarity,0.9746
method,0.9793
leverage,0.9770
model first,0.9701
task,0.9709
system,0.9731
model,0.9760
methods,0.9794
using,0.9718
inference,0.9787
input,0.9716
scaling,0.9777
task,0.9732
fusion,0.9739
compared,0.9725
context,0.9710
meta,0.9766
system,0.9714
model,0.9710
methods early,0.9713
setup,0.9754
method,0.9793
selected fusion,0.9753
meta bs model,0.9795
system context learning,0.9705
context learning,0.9832
method context metal,0.9705
fusion method,0.9733
selected fusion method,0.9767
system,0.9731
task,0.9709
model,0.9760
task however,0.9701
based,0.9711
novel task however,0.9714
transferring,0.9727
method adopt,0.9735
paradigm,0.9754
system,0.9714
task,0.9732
diverse,0.9721
comparable,0.9719
model,0.9710
weight,0.9702
framework,0.9755
system achieve,0.9709
facilitate,0.9725
approach,0.9710
experiment,0.9701
multi,0.9774
meta,0.9766
method,0.9793
based,0.9740
novel task however,0.9700
task learning,0.9801
meta learning,1.0000
tc method adopt,0.9703
learning method,0.9746
learning method low,0.9707
classification,1.0000
requirement,0.9703
system,0.9731
task,0.9709
model,0.9760
classification model,0.9741
condition,0.9700
task requirement,0.9721
based,0.9711
frequency,0.9763
requirement,0.9742
system,0.9714
task,0.9732
characteristic,0.9725
model,0.9710
training,0.9706
sorting,0.9740
classification model,0.9715
problem,0.9702
radiation,0.9743
method based,0.9701
effectively,0.9727
meta,0.9766
based metal,0.9717
carrier,0.9722
practice,0.9713
method effectively,0.9706
method,0.9793
mechanism,0.9777
based,0.9740
general performance model,0.9800
classification model,0.9728
signal classification model,0.9730
information learning,0.9783
meta learning,1.0000
general performance model,0.9718
performance model,0.9717
classification model,0.9705
paper present method,0.9748
classification,1.0000
module,0.9702
category,0.9777
based,0.9711
ft thorough experiment,0.9737
system,0.9731
model,0.9760
perspective,0.9721
paradigm,0.9754
problem,0.9702
experiment,0.9701
diverse,0.9721
process,0.9719
adjust,0.9750
setting,0.9718
module,0.9760
category,0.9753
contrast,0.9753
based,0.9740
regression,1.0000
plate,0.9708
method multi,0.9735
meta,0.9766
training paradigm,0.9721
detect novel,0.9701
multiple,0.9713
system,0.9714
model,0.9710
weight,0.9702
training,0.9706
perspective,0.9766
paradigm dual,0.9736
multi,0.9774
especially defect,0.9711
accurately,0.9702
method,0.9793
dual,0.9724
iron,0.9725
meta learning,1.0000
data learning,0.9768
detection method,0.9740
strategy method,0.9741
task,0.9709
model,0.9760
idea using,0.9709
focus,0.9740
interest,0.9730
approach proceeding,0.9736
task,0.9732
model,0.9710
training,0.9706
problem,0.9702
sampling,0.9746
diffusion,0.9812
approach,0.9710
thompson sampling learned,0.9711
using,0.9718
problem specifically,0.9721
experiment,0.9701
decision,0.9717
capture,0.9703
observation,0.9740
idea using,0.9746
research based,0.9724
limitation second,0.9726
based,0.9711
model ultimately,0.9719
model inner,0.9715
task,0.9709
ability,0.9706
system,0.9731
model,0.9760
condition,0.9700
fault diagnosis,0.9701
frequency,0.9763
limitation,0.9726
activation,0.9733
novel fault diagnosis,0.9718
method overcome,0.9745
method based,0.9701
based,0.9740
model ultimately,0.9736
model inner,0.9761
task,0.9732
fusion,0.9739
meta,0.9766
analysis,0.9723
overcome,0.9707
system,0.9714
model,0.9710
training,0.9706
diagnosis,0.9738
diagnostic,0.9707
method,0.9793
strategy model,0.9707
training strategy model,0.9738
diagnostic model,0.9743
strategy model,0.9799
function model,0.9877
sample feature model,0.9810
learning model,0.9744
deep learning model,0.9706
loss function model,0.9811
performance diagnostic model,0.9740
meta learning,1.0000
allowing meta,0.9700
task,0.9709
model,0.9760
based evident theory,0.9708
based,0.9711
focus,0.9740
allowing meta,0.9726
premise associate,0.9704
method suffer,0.9770
task,0.9732
model,0.9710
meta proceeding machine,0.9705
adjust,0.9750
method based,0.9701
meta,0.9766
allowing,0.9746
filter,0.9780
assumption,0.9770
based evident,0.9718
method,0.9793
however method,0.9717
confirming,0.9730
evident,0.9754
based,0.9740
evident theory knowledge,0.9712
model meta,0.9718
model meta,0.9711
task,0.9709
modulation,0.9716
advantage,0.9712
neural,0.9757
batch,0.9702
require,0.9728
using,0.9718
diverse,0.9721
uncertainty caused,0.9725
idea use,0.9735
task,0.9732
modulation,0.9782
utilizing,0.9730
meta,0.9766
task modulation,0.9751
incorporating,0.9746
training,0.9706
treated,0.9708
method,0.9793
meta additionally,0.9713
meta mod feature,0.9725
method learning,0.9784
gap however,0.9701
gap,0.9707
based,0.9711
task,0.9709
tuning,0.9728
ability,0.9706
prior effort focused,0.9722
system,0.9731
picking transfer,0.9733
model,0.9760
neural,0.9757
transfer,0.9737
experiment,0.9701
crucial,0.9753
imaging,0.9774
deep neural,0.9743
focused,0.9710
application,0.9766
based,0.9740
task,0.9732
tuning,0.9731
analysis,0.9723
system,0.9714
model,0.9710
training,0.9706
tune,0.9714
method,0.9793
learning deep neural,0.9705
transfer learning,0.9757
method deep neural,0.9701
classification,1.0000
standard classification,0.9764
system,0.9731
task,0.9709
condition,0.9700
based,0.9711
coupled,0.9755
standard,0.9735
system,0.9714
task,0.9732
representation motivated,0.9731
regression,1.0000
tract dual,0.9709
understanding,0.9711
beneficial,0.9727
problem,0.9702
approach,0.9710
empirical,0.9751
context,0.9710
using,0.9718
coupled sparse,0.9723
multi,0.9774
context multi,0.9729
evidence di,0.9701
analysis,0.9723
dual,0.9724
based,0.9740
multi learning,0.9757
practical approach,0.9732
classification module,0.9703
classification,1.0000
system,0.9731
network weight,0.9710
module,0.9702
system,0.9714
therefore compared,0.9702
joint,0.9700
coarse,0.9707
weight,0.9702
transfer,0.9737
compared,0.9725
semantic,0.9805
using,0.9718
effectively,0.9727
extraction,0.9750
network weight,0.9747
module,0.9760
joint mi,0.9705
mechanism,0.9777
evaluation mechanism,0.9715
without access training,0.9716
task,0.9709
divers underlying task,0.9718
task extensive,0.9709
recovery,0.9719
model,0.9760
model specifically,0.9744
neglect,0.9706
framework,0.9755
transfer,0.9737
boundary,0.9711
experiment,0.9701
decision,0.9717
data metal,0.9750
inference,0.9787
setting,0.9718
task,0.9732
practical setting,0.9716
meta,0.9766
recovery,0.9780
model,0.9710
model specifically,0.9756
training,0.9706
memory,0.9722
scale,0.9712
meta knowledge,1.0000
general meta knowledge,0.9819
data meta knowledge,0.9746
meta knowledge di,0.9711
meta model,0.9743
meta model specifically,0.9742
meta model,1.0000
data meta,0.9738
efficient learning,0.9704
task however,0.9701
task adapted,0.9700
type,0.9710
module,0.9702
category,0.9777
based,0.9711
task,0.9709
recognition show,0.9724
ability,0.9706
classify,0.9730
novel task however,0.9714
typically,0.9702
system,0.9731
model,0.9760
training task adapted,0.9741
neural,0.9757
focus,0.9740
structural,0.9775
adjusting,0.9748
characteristic,0.9725
type,0.9749
module,0.9760
category,0.9753
based,0.9740
task,0.9732
modeled,0.9745
commonly,0.9730
model con,0.9748
analysis,0.9723
selection module,0.9724
classify,0.9775
novel task however,0.9700
flexible,0.9744
typically,0.9705
system,0.9714
model,0.9710
training,0.9706
training task adapted,0.9706
extraction,0.9750
method,0.9793
network learning,0.9773
interface,0.9704
functional,0.9752
type,0.9710
system,0.9731
configuration,0.9752
advantage,0.9712
series anomaly,0.9724
framework,0.9755
significantly,0.9725
harmonic,0.9812
interface,0.9765
experimentation,0.9749
functional,0.9785
method designed,0.9709
rely,0.9709
process,0.9719
type,0.9749
significant,0.9708
automated,0.9730
expert,0.9727
varies,0.9721
analysis,0.9723
hyper,0.9739
system,0.9714
sensor,0.9742
anomaly,0.9749
configuration,0.9770
method,0.9793
bias,0.9723
gap,0.9707
explanation,0.9728
system,0.9731
choice,0.9764
neural,0.9757
bias,0.9780
flex,0.9718
kernel,0.9734
explanation,0.9754
difficult,0.9709
regression,1.0000
resulting,0.9707
tool,0.9715
allowing,0.9746
analysis,0.9723
system,0.9714
useful,0.9749
understanding,0.9711
operation,0.9725
training,0.9706
ex window neuroscience,0.9717
timing,0.9713
observation,0.9740
interface,0.9704
advantage metal,0.9712
family proceeding machine,0.9733
model first,0.9701
gap,0.9707
specific,0.9720
shown advantage metal,0.9723
phase,0.9702
system,0.9731
model,0.9760
condition,0.9700
advantage,0.9712
choice,0.9764
neural,0.9757
problem,0.9702
approach,0.9710
interface,0.9765
family proceeding machine,0.9754
process,0.9719
sampling,0.9746
partition,0.9703
specific,0.9773
context multi,0.9729
phase,0.9749
context,0.9710
meta,0.9766
phase deter,0.9749
system,0.9714
model,0.9710
training,0.9706
multi,0.9774
suggestion,0.9767
phase enable,0.9705
meta learning,1.0000
bo flexibility performance,0.9701
classification,1.0000
based deep,0.9701
classification classification,0.9867
category based,0.9754
category based gan,0.9727
model classify current,0.9726
category,0.9777
based,0.9711
model classify,0.9739
classify current,0.9712
classification however,0.9832
classify,0.9730
disadvantage classification,0.9729
system,0.9731
model,0.9760
perspective,0.9721
classification model,0.9741
advantage,0.9712
transfer,0.9737
based deep,0.9713
problem,0.9702
method based,0.9701
transformation,0.9793
category,0.9753
method expanding,0.9754
based,0.9740
model classify,0.9772
summarized,0.9736
supervision,0.9727
survey,0.9702
classify,0.9775
model method divided,0.9752
system,0.9714
model,0.9710
expanding,0.9708
perspective,0.9766
classification model,0.9715
method,0.9793
method model,0.9716
data classification model,0.9723
transformation model,0.9725
parameter trained model,0.9765
method model,0.9801
model method model,0.9769
data classification model,0.9774
learning model,0.9744
transformation model,0.9850
classification model,0.9728
transfer learning,0.9757
information learning,0.9783
deep learning learning,0.9727
metric learning,0.9741
data aug method,0.9717
classification model,0.9705
feedback,0.9738
based,0.9711
task,0.9709
model,0.9760
leverage,0.9704
transfer,0.9737
approach,0.9710
particular,0.9707
experiment,0.9701
model multiple,0.9732
initial,0.9701
feedback,0.9779
based,0.9740
spreading,0.9710
substantially,0.9701
task,0.9732
meta,0.9766
meta leverage,0.9735
compare,0.9728
multiple,0.9713
model,0.9710
training,0.9706
similarity,0.9746
method,0.9793
leverage,0.9770
training address,0.9701
large language model,0.9705
detection model,0.9760
language model,0.9784
model meta,0.9718
large language model,0.9794
model meta,0.9711
meta meta learning,0.9796
meta learning,1.0000
effectiveness method,0.9733
efficiency effectiveness method,0.9747
task,0.9709
model,0.9760
perspective,0.9721
focus,0.9740
integrated,0.9716
multiple,0.9713
inherently,0.9713
task,0.9732
comparable,0.9719
model,0.9710
perspective,0.9766
automated,0.9730
empirical,0.9751
automated cross,0.9732
prevalence,0.9718
method,0.9793
method multiple,0.9707
analysis,0.9723
analysis show,0.9716
contrast,0.9753
state model,0.9703
state model,0.9813
er method work,0.9707
gap,0.9707
model,0.9760
method wear,0.9722
condition,0.9700
especially large,0.9704
mach,0.9705
process consisting,0.9759
small data various,0.9711
cutting,0.9773
initial,0.9701
prediction,0.9808
model,0.9710
process,0.9719
training,0.9706
predicting,0.9774
validity,0.9762
method wear,0.9735
tool,0.9715
due domain,0.9734
problem,0.9702
data mach,0.9719
require,0.9728
effectively,0.9727
accurately,0.9702
significant,0.9708
method,0.9793
parameter model,0.9767
data model,0.9781
method wear,0.9726
learning task,1.0000
learning learning task,0.9713
classification,1.0000
model compared,0.9715
system base,0.9729
module,0.9702
based,0.9711
task,0.9709
feature per classification,0.9737
per classification,0.9725
system,0.9731
model,0.9760
model compared,0.9740
process disc,0.9740
problem,0.9702
significantly,0.9725
experiment,0.9701
prediction,0.9808
tackle,0.9713
process,0.9719
system base,0.9725
setting,0.9718
demand,0.9708
capture,0.9703
module,0.9760
method called,0.9706
based,0.9740
task,0.9732
per ta,0.9707
compared,0.9725
meta,0.9766
system,0.9714
model,0.9710
method metal,0.9711
training,0.9706
similarity,0.9746
extraction,0.9750
method,0.9793
transform,0.9777
method significantly,0.9767
cross learning,0.9846
feature learning,0.9733
cross cross learning,0.9701
learning method metal,0.9715
learning method,0.9746
type,0.9710
based,0.9711
task,0.9709
framework,0.9755
problem,0.9702
project,0.9737
experiment,0.9701
moreover design,0.9705
type,0.9749
contrast,0.9753
based,0.9740
task,0.9732
meta,0.9766
training,0.9706
metal optimal,0.9714
method,0.9793
method achieve,0.9722
training address,0.9701
data meta,0.9738
class feature,0.9708
meta meta learning,0.9796
meta learning,1.0000
detection method,0.9740
system,0.9731
task,0.9709
type,0.9710
based,0.9711
neural,0.9757
transferring,0.9727
poly,0.9718
paradigm,0.9754
system,0.9714
task,0.9732
meta crucial,0.9733
training,0.9706
facilitate,0.9725
learning paradigm,0.9745
experiment,0.9701
promising paradigm,0.9722
multi,0.9774
meta,0.9766
type,0.9749
paradigm meta,0.9731
crucial,0.9753
significant,0.9708
method,0.9793
method called,0.9706
based,0.9740
function learning,0.9770
paradigm meta learning,0.9718
meta learning,1.0000
system learning,0.9838
network called,0.9744
processing,0.9724
factor,0.9727
technology despite,0.9718
module,0.9702
application across,0.9747
model,0.9760
factor like,0.9717
neural,0.9757
processing,0.9798
residual,0.9764
factor,0.9740
boost,0.9739
precise,0.9720
significantly,0.9725
technology despite,0.9711
kernel,0.9734
implementing,0.9724
limitation,0.9726
usage,0.9720
significant,0.9708
module,0.9760
application,0.9766
facial,0.9740
resulting,0.9707
application across,0.9732
model,0.9710
weight,0.9702
factor like,0.9715
extraction,0.9750
method,0.9793
model resulting,0.9729
modification,0.9710
influence,0.9730
system,0.9731
task,0.9709
modification metal,0.9733
model,0.9760
data superior,0.9704
task gran,0.9703
neural,0.9757
sample gran,0.9707
modification,0.9742
sophisticated,0.9718
influence,0.9709
system,0.9714
task,0.9732
model,0.9710
framework,0.9755
training,0.9706
task widely,0.9719
data superior,0.9725
experiment,0.9701
multi,0.9774
method,0.9793
structure knowledge,0.9765
multi learning,0.9757
gradient modification method,0.9726
modification method,0.9748
system,0.9731
delivery,0.9702
specific,0.9720
seam,0.9739
however meta design,0.9702
system,0.9714
usage,0.9720
delivery,0.9767
multi,0.9774
meta,0.9766
generation,0.9730
specific,0.9773
technique multi,0.9754
application,0.9766
object fed learning,0.9716
algorithm alongside,0.9720
ability,0.9706
system,0.9731
model,0.9760
condition,0.9700
series numerical,0.9725
problem metal,0.9746
problem,0.9702
facilitate,0.9725
experiment,0.9701
decision,0.9717
initial,0.9701
prediction,0.9808
problem proceeding machine,0.9703
model facilitate,0.9721
significant,0.9708
context,0.9710
meta,0.9766
analysis,0.9723
system,0.9714
inclusion,0.9707
model,0.9710
solution,0.9740
data level model,0.9827
level model,0.9777
differ metal,0.9711
model,0.9760
advantage,0.9712
based,0.9711
analyze,0.9748
theoretically,0.9733
model,0.9710
modifying,0.9722
framework,0.9755
training,0.9706
deterioration machine,0.9715
approach,0.9710
based metal,0.9717
method ubiquitous,0.9771
significant,0.9708
method,0.9793
application,0.9766
numerical method ubiquitous,0.9727
based,0.9740
method learning,0.9784
training method,0.9760
numerical method,0.9715
major choice,0.9713
model nearest,0.9753
task,0.9709
task overlap,0.9727
tuning,0.9728
system,0.9731
model,0.9760
advantage,0.9712
comparison,0.9779
choice,0.9764
neural,0.9757
empirical,0.9751
significantly,0.9725
experiment,0.9701
pr method several,0.9711
initial,0.9701
vision transform,0.9704
model nearest,0.9742
pr method significantly,0.9710
application,0.9766
pr iteration study,0.9742
method several,0.9744
task,0.9732
layer block inspired,0.9725
tuning,0.9731
meta,0.9766
model con,0.9748
system,0.9714
model,0.9710
investigating,0.9700
comparison,0.9816
system con,0.9732
method,0.9793
transform,0.9777
method significantly,0.9767
fine step model,0.9753
step model,0.9726
task pr model,0.9715
fine step model,0.9773
learning model,0.9744
step model,0.9835
meta learning,1.0000
network learning,0.9773
pr method several,0.9704
classification,1.0000
distance,0.9712
module,0.9702
based,0.9711
task,0.9709
correction,0.9741
typically,0.9702
model,0.9760
condition,0.9700
based semantic,0.9700
framework,0.9755
distance,0.9723
moreover imaging,0.9718
approach,0.9710
geometric,0.9713
ambiguous,0.9728
optic,0.9717
imaging,0.9774
rely,0.9709
embedded,0.9767
furthermore,0.9701
effectively,0.9727
sar task,0.9713
method effectively,0.9706
module,0.9760
mechanism,0.9777
based,0.9740
task,0.9732
self mechanism,0.9729
principle sar,0.9703
correction,0.9721
analysis,0.9723
algorithm heavily,0.9733
polar synthetic,0.9728
typically,0.9705
aperture,0.9700
principle,0.9763
model,0.9710
typically utilizes,0.9705
semantic,0.9805
synthetic,0.9750
method,0.9793
observation,0.9740
coherent,0.9733
data model,0.9781
mechanism method,0.9759
specific,0.9720
category,0.9777
category occurring,0.9756
method useful,0.9710
prototype weighted,0.9708
mechanism give,0.9748
useful baseline,0.9743
aspect,0.9724
specific,0.9773
category,0.9753
mechanism,0.9777
utilize,0.9766
weighted,0.9760
proto,0.9722
category occurring,0.9715
multiple,0.9713
aspect category,0.9726
useful,0.9749
weight,0.9702
multi,0.9774
method,0.9793
mit noise,0.9710
method useful,0.9753
multiple aspect category,0.9706
influence,0.9730
harm performance,0.9713
testing,0.9720
significantly influence,0.9728
victim,0.9720
project,0.9737
significantly,0.9725
minimal,0.9707
performance reinforcement,0.9712
constrained,0.9744
setting,0.9718
directly,0.9718
influence,0.9709
resulting,0.9707
insight,0.9762
useful,0.9749
training,0.9706
harm performance,0.9713
reinforcement,0.9727
testing,0.9763
observation,0.9740
system,0.9731
model,0.9760
specific,0.9720
model tend,0.9742
based,0.9711
system bert dense,0.9740
system,0.9714
system bert,0.9723
model,0.9710
training,0.9706
transfer,0.9737
specialized,0.9739
experiment,0.9701
based model low,0.9718
retrieval,0.9759
meta,0.9766
model acquire,0.9717
specific,0.9773
model tend,0.9775
model employ,0.9717
method,0.9793
dense,0.9733
method achieve,0.9722
based,0.9740
model representation,0.9709
model representation,0.9709
learning based model,0.9727
collection model,0.9763
data meta,0.9738
meta general,0.9700
task adapted,0.9700
system result emphasize,0.9742
task,0.9709
considering multiple,0.9720
ability,0.9706
system,0.9731
connection,0.9704
neural,0.9757
framework,0.9755
problem,0.9702
plastic,0.9755
resulting evolved,0.9734
importance,0.9708
typical learning,0.9717
response,0.9741
memory metal,0.9704
system result emphasize,0.9701
task,0.9732
reflex,0.9700
resulting,0.9707
processed,0.9706
context,0.9710
behavior,0.9766
framework resulting evolved,0.9734
flexible,0.9744
multiple,0.9713
system,0.9714
operation,0.9725
memory,0.9722
connection,0.9741
level learning,0.9749
response learning,0.9732
processing,0.9724
bias,0.9723
system,0.9731
model,0.9760
leverage,0.9704
neural,0.9757
processing,0.9798
bias,0.9780
approach,0.9710
viable,0.9703
limitation,0.9726
dimensional,0.9783
comparable,0.9719
architectural,0.9711
deep neural,0.9743
focused,0.9710
compression,0.9821
application,0.9766
spec code,0.9778
method leverage,0.9748
hyper,0.9739
system,0.9714
model,0.9710
training,0.9706
resolution,0.9740
method,0.9793
leverage,0.9770
state model,0.9703
comparable state model,0.9755
state model,0.9813
image model,0.9754
network learning,0.9773
classification,1.0000
based,0.9711
status classification,0.9726
based km,0.9701
model yielded,0.9714
model,0.9760
classification model,0.9741
approach,0.9710
using,0.9718
model effectively,0.9728
model furthermore,0.9746
precision,0.9771
furthermore,0.9701
disadvantaged,0.9738
effectively,0.9727
significant,0.9708
based,0.9740
compared,0.9725
meta,0.9766
meta technique base,0.9702
biased,0.9763
model yielded,0.9727
model,0.9710
training,0.9706
classification model,0.9715
classification model furthermore,0.9705
status classification model,0.9739
classification model,0.9728
meta technique base,0.9723
classification model,0.9705
model,0.9760
condition,0.9700
model including,0.9705
regime focus,0.9720
type,0.9710
neural,0.9757
switching,0.9720
focus,0.9740
inference late,0.9720
arguably capture,0.9710
prediction,0.9808
characteristic,0.9725
model,0.9710
including transform,0.9739
training,0.9706
memory,0.9722
model including transform,0.9704
sequence,0.9712
inference,0.9787
regime focus,0.9785
interpretation,0.9723
type,0.9749
accurately,0.9702
memory metal,0.9704
important,0.9712
capture,0.9703
regime,0.9733
transform,0.9777
arguably,0.9759
natural,0.9713
prediction model,0.9710
prediction model,0.9729
bias,0.9723
guidance,0.9728
tuning,0.9728
model,0.9760
leverage,0.9704
neural,0.9757
bias,0.9780
guidance,0.9744
transfer,0.9737
using,0.9718
imaging,0.9774
technique imaging,0.9730
prediction,0.9808
characteristic,0.9725
sampling,0.9746
deep neural,0.9743
tuning,0.9731
meta,0.9766
measurement,0.9807
model,0.9710
method,0.9793
leverage,0.9770
matrix modified model,0.9728
meta long learning,0.9780
learning transfer,0.9728
learning task,1.0000
learning model task,0.9734
meta learning task,0.9708
task weight,0.9736
factor,0.9727
task however,0.9701
based weighted training,0.9726
based,0.9711
influence,0.9730
task,0.9709
however kind method,0.9700
ability,0.9706
novel task however,0.9714
system,0.9731
model,0.9760
limit,0.9728
testing,0.9720
task weight,0.9712
factor,0.9740
problem,0.9702
approach,0.9710
empirical,0.9751
using,0.9718
significantly,0.9725
assumption,0.9770
importance,0.9708
task empirical,0.9702
using parameter specifically,0.9706
hypothesis,0.9774
based,0.9740
influence,0.9709
weighted,0.9760
task,0.9732
meta,0.9766
hypothesis significantly,0.9737
novel task however,0.9700
based weighted,0.9709
system,0.9714
model,0.9710
weight,0.9702
training,0.9706
meta task empirical,0.9708
limit,0.9739
meta assumption,0.9701
proper,0.9716
testing,0.9763
method,0.9793
learning model,0.9744
model meta,0.9718
model meta,0.9711
meta learning,1.0000
parameter learning,0.9767
pet method,0.9721
representation however,0.9750
model,0.9760
connection,0.9704
model,0.9710
algorithm investigating,0.9708
investigating,0.9700
effectively,0.9727
decor,0.9711
limitation,0.9726
discussion,0.9704
connection,0.9741
self learning,0.9713
factor,0.9727
based,0.9711
task,0.9709
system,0.9731
model,0.9760
limit,0.9728
leverage,0.9704
neural,0.9757
framework,0.9755
factor,0.9740
approach,0.9710
empirical,0.9751
significantly,0.9725
experiment,0.9701
task trained,0.9702
limitation,0.9726
diverse,0.9721
crafted,0.9719
usage,0.9720
based,0.9740
task,0.9732
meta,0.9766
system machine,0.9723
requires,0.9727
including ci,0.9708
system,0.9714
method significantly including,0.9719
model,0.9710
data including ci,0.9707
training,0.9706
limit,0.9739
method,0.9793
leverage,0.9770
method significantly,0.9767
ml model,0.9747
learning model,0.9744
meta learning,1.0000
training method,0.9760
ad training method,0.9729
classification,1.0000
processing,0.9724
task proposed approach,0.9728
gap,0.9707
performance classification,0.9774
classification task,0.9741
task proposed,0.9730
task,0.9709
improvement classification,0.9797
task heavily,0.9710
classification requires,0.9719
model,0.9760
classification model,0.9741
model contrast,0.9703
neural,0.9757
processing,0.9798
micro,0.9712
approach,0.9710
using,0.9718
task term micro,0.9713
putting,0.9705
linguistic cue,0.9720
rely,0.9709
sentiment,0.9714
setting,0.9718
capture,0.9703
significant,0.9708
contrast,0.9753
natural,0.9713
context enriched,0.9720
lever,0.9737
task,0.9732
significance,0.9727
expert,0.9727
context,0.9710
meta,0.9766
domain contrast,0.9734
analysis,0.9723
requires,0.9727
dependency,0.9802
task term,0.9723
model,0.9710
understanding,0.9711
classification model,0.9715
model contrast,0.9774
encoding,0.9757
semantic,0.9805
multi,0.9774
transform,0.9777
context model,0.9745
data classification model,0.9723
context model,0.9826
data classification model,0.9774
language model,0.9784
classification model,0.9728
meta learning,1.0000
technique using,0.9704
classification model,0.9705
especially clinical,0.9709
recommendation,0.9700
based,0.9711
model,0.9760
perspective,0.9721
especially clinical,0.9712
empirical,0.9751
transparent,0.9760
limitation,0.9726
analysis show,0.9716
recommendation,0.9744
prediction,0.9808
input,0.9716
based,0.9740
regression,1.0000
suitable,0.9746
model reduce,0.9737
analysis,0.9723
model,0.9710
perspective,0.9766
control clinical,0.9763
synthetic,0.9750
regime,0.9733
method,0.9793
clinical pro model,0.9723
suitable method,0.9703
limitation method,0.9768
terminology,0.9729
data divided sub,0.9715
data divided,0.9716
test set,0.9724
aligned sentence,0.9711
task,0.9709
system,0.9731
model,0.9760
method improving,0.9710
leverage,0.9704
model utilizing,0.9733
neural,0.9757
curriculum,0.9729
aligned,0.9747
yielding,0.9709
approach,0.9710
terminology,0.9807
consequently dim,0.9703
integrating,0.9786
model exceptional,0.9714
interest,0.9730
tackle,0.9713
model term,0.9768
partition,0.9703
aligned sentence,0.9706
nm model term,0.9738
utilize,0.9766
filter term,0.9753
task,0.9732
utilizing,0.9730
method multi,0.9735
compared,0.9725
corpus performance,0.9701
meta,0.9766
ultimately yielding translation,0.9703
multiple,0.9713
system,0.9714
model,0.9710
training,0.9706
multi,0.9774
similarity,0.9746
filter,0.9780
method,0.9793
leverage,0.9770
model utilizing,0.9740
translation model,0.9707
translation model,0.9797
model term domain,0.9706
meta learning,1.0000
pre fine method,0.9702
training method,0.9760
data proposed method,0.9707
distance,0.9712
network weight,0.9710
based,0.9711
data using,0.9718
neighbor metal,0.9733
system,0.9731
model,0.9760
testing,0.9720
meta using,0.9718
system nearest,0.9705
neural,0.9757
distance,0.9723
problem,0.9702
using,0.9718
significantly,0.9725
integrating,0.9786
assumption,0.9770
limitation,0.9726
method family,0.9755
method based,0.9701
using spatial,0.9714
network weight,0.9747
mechanism,0.9777
based,0.9740
data using,0.9714
weighted,0.9760
due complex,0.9723
namely meta,0.9718
compared,0.9725
neighbor,0.9701
meta,0.9766
system,0.9714
model,0.9710
weight,0.9702
method namely,0.9711
predicted,0.9713
testing,0.9763
meta using,0.9758
corresponding,0.9714
method,0.9793
method significantly,0.9767
integrating mechanism model,0.9735
integrating mechanism model,0.9783
mechanism model,0.9764
meta learning,1.0000
spatial inter method,0.9788
meta method utilized,0.9705
mechanism model,0.9712
model termed,0.9737
based,0.9711
task,0.9709
system,0.9731
model,0.9760
subject,0.9709
neural,0.9757
model based neural,0.9742
joint,0.9700
depending,0.9728
experiment,0.9701
model termed,0.9769
demonstrates,0.9703
tear,0.9707
prediction,0.9808
process,0.9719
setting,0.9718
based,0.9740
task,0.9732
compared,0.9725
termed,0.9753
system,0.9714
vary,0.9752
model,0.9710
subject,0.9760
method,0.9793
functional,0.9752
system,0.9731
task,0.9709
model,0.9760
task including,0.9711
neural,0.9757
hyper,0.9739
able incorporate,0.9702
functional,0.9785
including regression,0.9702
incorporate,0.9737
system,0.9714
task,0.9732
prediction,0.9808
regression,1.0000
model,0.9710
process,0.9719
exchange,0.9728
diffusion,0.9812
approach,0.9710
em behaviour,0.9706
empirical,0.9751
inference,0.9787
system den,0.9752
system den diffusion,0.9718
directly,0.9718
capture,0.9703
distance,0.9712
functional,0.9752
model bp,0.9707
system,0.9731
model,0.9760
primal,0.9704
distance,0.9723
problem,0.9702
functional constrained,0.9716
method augmented la,0.9710
experiment,0.9701
causal,0.9779
functional,0.9785
constrained,0.9744
model bp,0.9760
method bile,0.9774
inference,0.9787
important,0.9712
algorithm bench,0.9708
meta,0.9766
method augmented,0.9755
method al,0.9716
multiple,0.9713
system,0.9714
model,0.9710
model generally,0.9736
multi,0.9774
primal ham distance,0.9703
method,0.9793
causal model,0.9783
meta model,0.9743
causal model,0.9802
learning model,0.9744
meta model,1.0000
structure learning,0.9775
multi learning,0.9757
causal learning,0.9784
classification,1.0000
type,0.9710
based,0.9711
task,0.9709
model,0.9760
framework,0.9755
problem,0.9702
experiment,0.9701
integrating,0.9786
implementing,0.9724
method based,0.9701
type,0.9749
important,0.9712
based,0.9740
task,0.9732
performance integrating twin,0.9724
unable,0.9712
compare,0.9728
analysis,0.9723
model,0.9710
integrating twin,0.9758
multi,0.9774
model based large,0.9723
extraction,0.9750
based large,0.9703
method,0.9793
based learning,0.9701
metric learning,0.9741
task,0.9709
model,0.9760
skill,0.9707
leverage,0.9704
task,0.9732
model,0.9710
process,0.9719
framework,0.9755
transfer,0.9737
manipulation,0.9702
empirical,0.9751
meta,0.9766
decision,0.9717
leverage,0.9770
difficult,0.9709
meta combined,0.9716
hierarchical framework model,0.9769
framework model,0.9763
efficient learning,0.9704
specific,0.9720
based,0.9711
task,0.9709
phase,0.9702
system,0.9731
model,0.9760
perspective,0.9721
testing,0.9720
paradigm,0.9754
including supervised,0.9705
framework,0.9755
using,0.9718
ie freezing en,0.9735
diverse,0.9721
den learning,0.9720
specific,0.9773
based,0.9740
task,0.9732
framework low,0.9711
phase,0.9749
meta,0.9766
analysis,0.9723
hyper,0.9739
paradigm model,0.9716
multiple,0.9713
system,0.9714
model,0.9710
training,0.9706
perspective,0.9766
encoding,0.9757
licence,0.9701
testing,0.9763
remedy,0.9715
method,0.9793
paradigm model,0.9700
meta learning,1.0000
learning method,0.9746
method termed,0.9721
model,0.9760
perspective,0.9721
type,0.9710
specific,0.9720
ability,0.9706
based,0.9711
neural,0.9757
particularly,0.9703
criterion,0.9747
method termed,0.9752
model,0.9710
model based corresponding,0.9707
training,0.9706
perspective,0.9766
perspective extensive,0.9732
specific con,0.9723
degradation,0.9718
capability,0.9705
deep neural,0.9743
intervention,0.9727
distortion,0.9738
experiment,0.9701
type,0.9749
distorted,0.9739
termed,0.9753
specific,0.9773
dil back criterion,0.9715
corresponding,0.9714
method,0.9793
limitation,0.9726
modeling intervention,0.9720
causal,0.9779
based,0.9740
virtual model,0.9761
classification,1.0000
processing,0.9724
task,0.9709
data need,0.9710
model,0.9760
identifying,0.9714
connection,0.9704
processing,0.9798
neglect,0.9706
framework,0.9755
yielding,0.9709
problem,0.9702
approach,0.9710
limitation,0.9726
prediction,0.9808
tackle,0.9713
encompass,0.9700
significant,0.9708
charge,0.9749
task,0.9732
charge factual,0.9713
automated,0.9730
proto,0.9722
framework recent,0.9711
model,0.9710
factual,0.9759
component specifically,0.9711
charged,0.9719
including presence,0.9705
corresponding,0.9714
identifying,0.9724
connection,0.9741
learning model,0.9744
deep learning model,0.9706
classification interpret learning,0.9726
model termed,0.9737
connection,0.9704
specific,0.9720
task,0.9709
tuning,0.9728
model,0.9760
style,0.9725
residual,0.9764
framework,0.9755
transfer,0.9737
significantly,0.9725
experiment,0.9701
model termed,0.9769
control degree,0.9712
connection,0.9741
inference,0.9787
setting,0.9718
specific,0.9773
scaling,0.9777
task,0.9732
moreover task,0.9705
tuning,0.9731
meta,0.9766
generation,0.9730
connection prone,0.9746
termed,0.9753
stacked layer,0.9704
en layer,0.9715
model,0.9710
operation,0.9725
training,0.9706
distortion,0.9738
style,0.9734
multi,0.9774
similarity,0.9746
transform,0.9777
meta learning,1.0000
novel meta learning,0.9764
classification,1.0000
critical region,0.9721
task,0.9709
model focus,0.9732
model,0.9760
challenging address,0.9712
focus,0.9740
instead using,0.9707
joint,0.9700
boost,0.9739
problem,0.9702
using,0.9718
optic,0.9717
experimentation,0.9749
characteristic,0.9725
contrast,0.9753
mechanism,0.9777
task,0.9732
supervision,0.9727
model focus,0.9725
vertical,0.9731
analysis,0.9723
multiple,0.9713
model,0.9710
training,0.9706
network model focus,0.9706
extraction,0.9750
corresponding,0.9714
method,0.9793
method achieve,0.9722
pair model,0.9741
network model,0.9766
classification,1.0000
researching,0.9707
series classification improve,0.9710
task,0.9709
classification improve,0.9806
phase,0.9702
model,0.9760
framework,0.9755
transfer,0.9737
problem,0.9702
multi knowledge di,0.9700
significantly,0.9725
experiment,0.9701
researching,0.9747
demand,0.9708
plagued,0.9719
task,0.9732
catastrophic,0.9715
phase,0.9749
labeled,0.9759
meta,0.9766
compare,0.9728
analysis,0.9723
model,0.9710
training,0.9706
multi,0.9774
anomaly,0.9749
model meta,0.9718
meta general,0.9700
model meta,0.9711
transfer learning,0.9757
meta learning,1.0000
cv meta learning,0.9734
classification,1.0000
system supposed,0.9717
skill,0.9707
recognition however,0.9720
specific,0.9720
lip,0.9713
task,0.9709
method lip,0.9705
ability,0.9706
system,0.9731
model,0.9760
framework,0.9755
transfer,0.9737
experiment,0.9701
ambiguous,0.9728
prediction,0.9808
system supposed,0.9706
method considering,0.9718
complementary,0.9778
specific,0.9773
directly,0.9718
important,0.9712
contrast,0.9753
lip metal,0.9700
natural,0.9713
task,0.9732
method lip,0.9779
sequence,0.9712
meta,0.9766
multiple,0.9713
system,0.9714
model,0.9710
weight,0.9702
corresponding,0.9714
method,0.9793
transform,0.9777
domain learning,0.9812
development current method,0.9711
method lip metal,0.9719
learning method,0.9746
practice requires,0.9709
correction,0.9741
system,0.9731
model,0.9760
limit,0.9728
focus,0.9740
framework,0.9755
analysis however,0.9714
grace method,0.9701
experiment,0.9701
imaging,0.9774
technique domain,0.9716
effectively,0.9727
setting,0.9718
performance ignoring,0.9720
correction,0.9721
analysis,0.9723
requires,0.9727
system,0.9714
model,0.9710
training,0.9706
limit,0.9739
privacy technique,0.9706
practice,0.9713
method,0.9793
global model,0.9805
general learning,0.9729
correction grace method,0.9749
learning method,0.9746
privacy technique,0.9717
power,0.9723
reinforced transform deep,0.9701
system,0.9731
critical problem,0.9708
model,0.9760
method improving,0.9710
problem,0.9702
bay optimization,0.9711
approach,0.9710
rt approach,0.9731
kernel,0.9734
process,0.9719
application,0.9766
problem inherent,0.9708
mechanism,0.9777
system multi,0.9713
context,0.9710
incorporating,0.9746
system,0.9714
critical problem,0.9711
model,0.9710
reinforcement,0.9727
multi,0.9774
similarity,0.9746
method,0.9793
transform,0.9777
kernel learning,0.9773
deep kernel learning,0.9708
deep learning learning,0.9727
classification,1.0000
pattern,0.9725
classification classification,0.9867
neural,0.9757
spec transfer,0.9803
spec characteristic,0.9729
frequency,0.9763
operating,0.9702
pattern,0.9783
characteristic,0.9725
measurement,0.9807
transfer,0.9737
compared,0.9725
deep neural,0.9743
approach,0.9710
using,0.9718
significantly,0.9725
meta,0.9766
commonly,0.9730
discussion,0.9704
imaging,0.9774
transfer learning,0.9757
meta learning,1.0000
metric learning,0.9741
data based,0.9706
based,0.9711
mlb novel method,0.9723
specifically approach,0.9704
system,0.9731
segment specifically,0.9706
model,0.9760
model semi,0.9766
costly,0.9737
facilitate,0.9725
approach,0.9710
using,0.9718
imaging,0.9774
opt boots,0.9714
initial,0.9701
prediction,0.9808
data based,0.9739
semi learning,0.9761
process,0.9719
data opt,0.9707
input,0.9716
based,0.9740
mlb novel method,0.9722
burden semi,0.9713
using meta,0.9719
labeled,0.9759
using meta prior,0.9707
meta,0.9766
generation,0.9730
pseudo,0.9712
requires,0.9727
specifically approach,0.9729
multiple,0.9713
system,0.9714
model,0.9710
weight,0.9702
training,0.9706
solution,0.9740
pixel supervised,0.9701
model semi,0.9743
method,0.9793
method achieve,0.9722
method segment model,0.9781
quality model,0.9801
quality model,0.9704
distance,0.9712
data diverse,0.9724
requirement,0.9703
several data diverse,0.9702
task,0.9709
model,0.9760
task respective,0.9728
interval,0.9709
paradigm,0.9754
framework,0.9755
distance,0.9723
transfer,0.9737
notion,0.9753
approach,0.9710
method proceeding machine,0.9715
data diverse,0.9701
requirement,0.9742
diverse,0.9721
beneficial,0.9727
setting,0.9718
difficult,0.9709
task,0.9732
compared,0.9725
labeled,0.9759
model,0.9710
training,0.9706
method,0.9793
evident,0.9754
data underlying,0.9712
framework model,0.9763
specific approach,0.9706
modification,0.9710
model,0.9760
model specifically,0.9744
tuning,0.9728
specific,0.9720
choice,0.9764
certain modification,0.9742
analysis reveal,0.9706
specific approach,0.9722
using certain,0.9700
modification,0.9742
model,0.9710
method metal,0.9711
model specifically,0.9756
certain,0.9732
resulting,0.9707
transfer,0.9737
boost,0.9739
approach fine,0.9716
effective approach,0.9711
approach,0.9710
using,0.9718
complementary,0.9778
tuning,0.9731
specifically parameter,0.9713
setting,0.9718
consideration,0.9731
specific,0.9773
reveal,0.9714
crucial,0.9753
method,0.9793
technique dubbed,0.9723
certain modification,0.9733
analysis,0.9723
analysis reveal,0.9735
downstream fine approach,0.9702
downstream effective approach,0.9724
data across,0.9724
model,0.9760
data across edge,0.9703
advantage,0.9712
device,0.9735
paradigm,0.9754
growth fed metal,0.9712
degradation,0.9718
require,0.9728
tailored,0.9715
experiment,0.9701
integrating,0.9786
device rise,0.9715
data metal,0.9750
response,0.9741
furthermore,0.9701
setting,0.9718
paradigm fed,0.9701
resulting,0.9707
data wear,0.9738
model,0.9710
training,0.9706
solution,0.9740
blossom,0.9743
global model,0.9805
model greenfield,0.9714
model able,0.9731
utilized model,0.9713
model utilized,0.9716
additionally model,0.9714
prediction however,0.9743
system,0.9731
model providing,0.9743
model,0.9760
testing,0.9720
neural,0.9757
interval,0.9709
gasoline learning,0.9723
squared,0.9722
superior model term,0.9750
transfer,0.9737
model greenfield,0.9776
problem,0.9702
size,0.9700
approach,0.9710
using,0.9718
significantly,0.9725
decision,0.9717
prediction,0.9808
basis,0.9776
model able,0.9714
model term,0.9768
temperature,0.9732
input,0.9716
integrated,0.9716
model cutting,0.9740
resulting,0.9707
model utilized,0.9717
using meta,0.9719
fusion,0.9739
compared,0.9725
additionally model,0.9719
model able significantly,0.9722
meta,0.9766
conventional model term,0.9742
analysis,0.9723
prediction however,0.9746
overcome,0.9707
system,0.9714
cutting,0.9773
model providing,0.9713
algorithm oil,0.9707
useful,0.9749
model,0.9710
predicted,0.9713
integrated moving,0.9706
multi,0.9774
testing,0.9763
method,0.9793
transform,0.9777
uncertainty useful,0.9714
learning model,0.9744
deep learning model,0.9706
statistical model,0.9807
transfer learning,0.9757
meta learning,1.0000
data learning,0.9768
task single,0.9705
skill,0.9707
task,0.9709
model,0.9760
condition,0.9700
leverage,0.9704
framework,0.9755
problem,0.9702
tackle,0.9713
inference,0.9787
problem adopt,0.9743
imitation,0.9726
task,0.9732
extended multi,0.9744
compared,0.9725
sequence,0.9712
specifically leverage,0.9712
meta,0.9766
enabling ones,0.9711
vary,0.9752
model,0.9710
opt environmental,0.9722
semantic,0.9805
multi,0.9774
baseline proceeding machine,0.9714
leverage,0.9770
enabling,0.9755
vision model,0.9772
language model,0.9784
