Word,Similarity
task,0.9709
task drug,0.9706
essential task drug,0.9711
model,0.9760
identifying,0.9714
deep neural,0.9743
task,0.9732
transform,0.9777
method molecule,0.9775
ml approach,0.9742
profile effective,0.9702
particular,0.9707
however common,0.9713
method,0.9793
context,0.9710
essential task drug,0.9702
furthermore,0.9701
drug,0.9708
approach,0.9710
model,0.9710
network accelerated,0.9718
prediction,0.9808
data underlying,0.9712
experiment,0.9701
problem,0.9702
em preserving,0.9705
identifying,0.9724
compared,0.9725
require,0.9728
model long,0.9717
multiple,0.9713
dependence,0.9742
solution,0.9740
framework,0.9755
neural,0.9757
pivotal,0.9733
solution model,0.9863
framework update model,0.9707
label target,0.9705
classification,1.0000
task,0.9709
specific,0.9720
label novel class,0.9711
data demonstrate superiority,0.9710
addressing,0.9701
tuning,0.9728
module,0.9702
class however,0.9733
superiority proposed,0.9754
superiority proposed approach,0.9714
transfer,0.9737
task,0.9732
transform,0.9777
specific,0.9773
labeled,0.9759
innovative method dubbed,0.9708
training,0.9706
pseudo,0.9712
method,0.9793
em specific,0.9749
approach,0.9710
method dubbed,0.9732
structural,0.9775
incorporating,0.9746
addressing,0.9752
tackle,0.9713
tuning,0.9731
solution,0.9740
module,0.9760
neural,0.9757
opt label novel,0.9742
structural knowledge,0.9718
task,0.9709
due unified representation,0.9720
model however,0.9706
model,0.9760
task however,0.9701
system,0.9731
task multiple,0.9707
em using,0.9711
preference,0.9754
module,0.9702
recommendation,0.9700
using,0.9718
crucial,0.9753
transfer,0.9737
opt multi,0.9752
task,0.9732
transform,0.9777
method,0.9793
meta,0.9766
integrating,0.9786
varies,0.9721
model however,0.9703
focus,0.9740
model,0.9710
opt multiple,0.9759
prediction,0.9808
system make,0.9711
initial,0.9701
experiment,0.9701
problem,0.9702
system,0.9714
compared,0.9725
multiple,0.9713
em using,0.9711
preference,0.9708
conversion,0.9727
module,0.9760
multi,0.9774
framework,0.9755
method ac,0.9713
recommendation,0.9744
integration,0.9721
proper,0.9716
scenario unified model,0.9714
unified model,0.9801
network using,0.9725
choice,0.9764
expertise,0.9733
model,0.9760
system,0.9731
using,0.9718
bay optimization,0.9711
mechanism,0.9777
kernel,0.9734
expertise,0.9715
remedy,0.9715
diverse,0.9721
core,0.9722
data aka,0.9714
automated,0.9730
furthermore,0.9701
model,0.9710
process sur inside,0.9707
capture,0.9703
experiment,0.9701
system machine,0.9723
minimal,0.9707
setup,0.9754
system,0.9714
process,0.9719
en mechanism,0.9739
neural,0.9757
interaction component,0.9711
significantly differ,0.9726
task,0.9709
skill,0.9707
importance weight proposed,0.9717
condition,0.9700
sampled training,0.9706
based,0.9711
phase,0.9702
using,0.9718
analysis,0.9723
task,0.9732
empirical,0.9751
training,0.9706
method,0.9793
sampling,0.9746
context,0.9710
frequent,0.9706
setting,0.9718
parameter leading,0.9705
varies,0.9721
method reinforcement,0.9705
hazard,0.9707
significantly,0.9725
approach,0.9710
importance,0.9708
task empirical,0.9702
problem,0.9702
sensitivity,0.9727
technique domain,0.9716
based,0.9740
plan,0.9751
phase,0.9749
framework,0.9755
corresponding,0.9714
method metal,0.9711
reinforcement,0.9727
weight,0.9702
parameter learning,0.9767
classification,1.0000
model,0.9760
essential study,0.9717
scattering,0.9700
mechanism,0.9777
metal algorithm un,0.9704
effective dynamic,0.9710
simulation,0.9750
training,0.9706
operation,0.9725
hypothesis especially,0.9720
important,0.9712
method,0.9793
meta,0.9766
method inner,0.9744
hypothesis,0.9774
analyze,0.9748
combining,0.9738
model,0.9710
importance,0.9708
method combining,0.9744
initial,0.9701
problem,0.9702
seam,0.9739
compared,0.9725
speaking,0.9745
theoretically,0.9733
continuity,0.9751
essential study,0.9739
framework,0.9755
additionally theoretically,0.9709
neural,0.9757
scattering,0.9750
method combining model,0.9756
combining model,0.9719
ai model,0.9760
ability,0.9706
optimal review,0.9713
model,0.9760
eligibility trace,0.9715
advantage,0.9712
based advantage vet,0.9702
eligibility,0.9737
system,0.9731
based,0.9711
thus improving,0.9715
mechanism,0.9777
series resulting,0.9717
collected self vibration,0.9709
vibration,0.9700
training,0.9706
bearing variation eligibility,0.9721
hyper,0.9739
method,0.9793
meta,0.9766
encoding,0.9757
furthermore,0.9701
memory,0.9722
input,0.9716
model,0.9710
residual,0.9764
sequence,0.9712
prediction,0.9808
monitoring,0.9724
mechanism residual,0.9707
system,0.9714
compared,0.9725
fusion,0.9739
resulting,0.9707
based,0.9740
dependence,0.9742
degradation,0.9718
multi,0.9774
self vibration,0.9718
determination,0.9705
neural,0.9757
reinforcement,0.9727
prediction rolling bearing,0.9713
reliability model,0.9788
trace learning,0.9714
gradient learning,0.9790
categorized technology,0.9733
categorized technology machine,0.9720
system,0.9731
considering aspect survey,0.9724
power,0.9723
aspect,0.9724
algorithm wear,0.9777
hypothesis adopted,0.9725
coupling,0.9795
survey,0.9702
interest,0.9730
meta,0.9766
sensor emerging,0.9724
comparing,0.9738
categorized technology machine,0.9736
hypothesis,0.9774
problem warrant,0.9702
application,0.9766
analyze,0.9748
met discus learning,0.9704
survey zero,0.9722
problem,0.9702
sensor,0.9742
system,0.9714
considering aspect survey,0.9721
aspect survey,0.9734
categorized,0.9754
contrasting,0.9750
reinforcement,0.9727
meta learning,1.0000
ability,0.9706
classification,1.0000
task,0.9709
expertise,0.9733
model labeled,0.9768
model,0.9760
largely prevent,0.9702
beneficial machine,0.9727
system,0.9731
using,0.9718
mechanism,0.9777
task,0.9732
model rep,0.9750
expertise,0.9715
tool,0.9715
reducing,0.9707
model labeled,0.9727
labeled,0.9759
training,0.9706
control primary,0.9703
model reduced,0.9748
method,0.9793
precise,0.9720
usage,0.9720
lever,0.9737
approach,0.9710
model,0.9710
beneficial,0.9727
enabling,0.9755
beneficial machine,0.9705
experiment,0.9701
system machine,0.9723
problem,0.9702
paradigm,0.9754
system,0.9714
resulting,0.9707
dual,0.9724
self model,0.9760
harm model ability,0.9709
control foundation model,0.9728
ability,0.9706
model caused,0.9755
mechanism fourth,0.9723
model,0.9760
conclusion,0.9713
based,0.9711
module,0.9702
characteristic,0.9725
mechanism,0.9777
realized method aiming,0.9719
transformation,0.9793
method based,0.9701
detection model caused,0.9717
training,0.9706
model caused,0.9722
method,0.9793
memory,0.9722
mechanism fourth,0.9759
scattered,0.9714
model,0.9710
semantic,0.9805
precision,0.9771
extraction,0.9750
size,0.9700
detection head,0.9712
problem,0.9702
compared,0.9725
model pay,0.9707
fusion,0.9739
based,0.9740
method aiming,0.9723
module,0.9760
multi,0.9774
method metal,0.9711
detection result model,0.9744
detection model,0.9760
ability,0.9706
task,0.9709
specific,0.9720
expert system,0.9707
particularly beneficial,0.9710
specific course,0.9706
model,0.9760
system,0.9731
expert,0.9727
transfer,0.9737
imaging,0.9774
deep neural,0.9743
task,0.9732
project,0.9737
specific,0.9773
useful,0.9749
training,0.9706
particularly beneficial healthcare,0.9703
demand,0.9708
diagnostic,0.9707
particularly,0.9703
project specific,0.9721
application,0.9766
memory,0.9722
approach,0.9710
model,0.9710
beneficial,0.9727
framework imaging,0.9704
system,0.9714
task transfer,0.9717
framework,0.9755
fundamental,0.9742
neural,0.9757
limitation,0.9726
network learning,0.9773
transmission,0.9717
system requiring,0.9726
model,0.9760
factor,0.9727
system,0.9731
based,0.9711
model eliminate,0.9733
recommendation,0.9700
method inspired,0.9701
dependency,0.9802
transmission,0.9707
reducing,0.9707
training,0.9706
similarity,0.9746
method,0.9793
privacy technique,0.9706
inference,0.9787
significant,0.9708
furthermore,0.9701
model het,0.9702
model,0.9710
experiment,0.9701
requiring,0.9733
factor,0.9740
system,0.9714
based,0.9740
extend,0.9711
degradation,0.9718
het recommendation,0.9715
filtering,0.9771
model eliminate,0.9716
recommendation,0.9744
neural,0.9757
efficiency learning,0.9770
model,0.9760
task,0.9709
input,0.9716
method,0.9793
approach,0.9710
crucial,0.9753
model,0.9710
domain method tackle,0.9725
model enabling,0.9723
enabling,0.9755
facilitate,0.9725
tackle,0.9713
precision,0.9771
task,0.9732
process,0.9719
method tackle,0.9769
model en changing,0.9707
framework,0.9755
problem,0.9702
algorithm facilitate,0.9706
application,0.9766
considered,0.9732
parameter learning,0.9767
analyzed,0.9709
due scar data,0.9738
expo systematic study,0.9724
perspective,0.9721
classify,0.9730
system,0.9731
based,0.9711
diagnosis,0.9738
analysis,0.9723
analyzed,0.9764
based meta,0.9718
system de,0.9714
labeled,0.9759
training,0.9706
prevalent,0.9703
method,0.9793
meta,0.9766
demand,0.9708
furthermore,0.9701
application,0.9766
outline,0.9738
furthermore comparative,0.9708
application diagnosis,0.9711
method cardiac,0.9702
standard,0.9735
numerical method cardiac,0.9714
perspective,0.9766
catch,0.9701
classify,0.9775
problem,0.9702
system,0.9714
system linear,0.9772
based,0.9740
solution,0.9740
licence,0.9701
framework,0.9755
cardiac,0.9753
method learning,0.9784
data learning,0.9768
meta learning,1.0000
learning task,1.0000
task,0.9709
task extensive,0.9709
model cold,0.9742
model,0.9760
system,0.9731
based,0.9711
metal scarce training,0.9722
preference,0.9754
recommendation,0.9700
using,0.9718
analysis,0.9723
task,0.9732
meta effectively capture,0.9705
diverse,0.9721
training,0.9706
restrict,0.9758
method,0.9793
meta,0.9766
model cold,0.9703
scala,0.9734
measurement,0.9807
encompasses,0.9730
effectively,0.9727
model,0.9710
semantic,0.9805
collaboration,0.9731
capture,0.9703
experiment,0.9701
contrast,0.9753
problem,0.9702
system,0.9714
based,0.9740
preference,0.9708
involving,0.9712
framework,0.9755
recommendation,0.9744
neural,0.9757
entity knowledge,0.9741
knowledge meta,0.9724
graph learning,0.9700
meta learning,1.0000
task meta learning,0.9774
task,0.9709
specific,0.9720
general across testing,0.9706
type,0.9710
model,0.9760
advantage,0.9712
data demonstrate superiority,0.9710
based,0.9711
testing,0.9720
subject,0.9709
characteristic,0.9725
analysis,0.9723
deep neural,0.9743
task,0.9732
directly,0.9718
embedded,0.9767
specific,0.9773
general across testing,0.9712
based metal,0.9717
training,0.9706
meta,0.9766
flex,0.9718
generation,0.9730
across testing,0.9707
measurement,0.9807
algorithm posse,0.9717
application,0.9766
type,0.9749
approach,0.9710
model,0.9710
beneficial,0.9727
extraction,0.9750
capability,0.9705
well approach coined,0.9724
certain,0.9732
approach coined,0.9726
block embedded,0.9723
based,0.9740
testing,0.9763
cascade,0.9727
subject,0.9760
framework,0.9755
dual,0.9724
allowing,0.9746
instead directly,0.9701
flexible,0.9744
neural,0.9757
weight,0.9702
meta learning,1.0000
task backbone,0.9705
task,0.9709
processing,0.9724
model however,0.9706
utilized guide,0.9734
network called,0.9744
model,0.9760
coding,0.9744
system,0.9731
leverage,0.9704
using,0.9718
meta leverage,0.9735
task backbone,0.9722
task,0.9732
compressed,0.9739
transform,0.9777
classic,0.9710
training,0.9706
processing,0.9798
method,0.9793
method generally,0.9709
meta,0.9766
model however,0.9703
furthermore,0.9701
analyze,0.9748
input,0.9716
approach,0.9710
model,0.9710
distortion,0.9738
meta leverage metal,0.9712
coding,0.9793
costing,0.9738
capture,0.9703
system,0.9714
leverage,0.9770
neglect,0.9706
degradation,0.9718
post meta leverage,0.9726
process,0.9719
frame,0.9702
framework,0.9755
compression,0.9821
filtering,0.9771
neural,0.9757
weight,0.9702
backbone model,0.9790
guide backbone model,0.9709
low neural model,0.9702
data model,0.9781
metal assume training,0.9707
ability,0.9706
classification model,0.9741
classification,1.0000
task,0.9709
position,0.9711
comparison,0.9779
category,0.9777
samples outer,0.9712
model,0.9760
conclusion,0.9713
advantage,0.9712
regarded final classification,0.9738
advantage metal,0.9712
based,0.9711
testing,0.9720
phase,0.9702
models,0.9742
aspect,0.9724
using,0.9718
classification model,0.9715
transfer,0.9737
methods,0.9794
task,0.9732
advanced method experimental,0.9720
transformation,0.9793
compressed,0.9739
based meta,0.9718
method based,0.9701
classic,0.9710
comparison,0.9816
labeled,0.9759
based metal,0.9717
training,0.9706
compare,0.9728
similarity,0.9746
category,0.9753
natural,0.9713
settings,0.9755
method,0.9793
however method,0.9717
meta,0.9766
integrating,0.9786
validation,0.9739
setting,0.9718
significant,0.9708
basis,0.9776
effectively,0.9727
adjust,0.9750
model,0.9710
extraction,0.9750
prediction,0.9808
method roughly,0.9744
experiment,0.9701
compared,0.9725
meta used,0.9729
based,0.9740
data mini,0.9719
moreover effectiveness,0.9705
testing,0.9763
suitable,0.9746
problems,0.9714
process,0.9719
advantages,0.9720
model opt traditional,0.9702
phase,0.9749
models,0.9707
classification models,0.9774
validation model,0.9702
classification model,0.9728
deep learning model,0.9706
ability model,0.9730
extraction ability model,0.9754
learning proposed model,0.9723
image classification model,0.9798
classification models,0.9742
learning model,0.9744
validation model,0.9770
transfer learning,0.9757
cross learning,0.9846
objective learning,0.9810
metric learning,0.9741
meta learning,1.0000
learning transfer,0.9728
ability learning,0.9751
general ability learning,0.9759
task,0.9709
method significant,0.9702
pattern,0.9725
gap,0.9707
model,0.9760
system,0.9731
based,0.9711
module,0.9702
phase,0.9702
characteristic,0.9725
decision,0.9717
task,0.9732
understanding,0.9711
decision metal,0.9712
costly,0.9737
evolution trial,0.9721
particular,0.9707
method,0.9793
method significant,0.9775
pattern,0.9783
significant,0.9708
application,0.9766
drug,0.9708
spot,0.9715
model,0.9710
sequence,0.9712
precision,0.9771
data sequential,0.9747
consideration,0.9731
prediction,0.9808
capture,0.9703
minimal,0.9707
system,0.9714
based,0.9740
characteristic trial,0.9753
module,0.9760
multi,0.9774
trial essential,0.9711
phase,0.9749
prediction model,0.9710
prediction model,0.9729
sequential learning,0.9741
task,0.9709
processing,0.9724
task paper,0.9708
using,0.9718
strict,0.9706
deadline,0.9738
task,0.9732
operation,0.9725
processing,0.9798
meta,0.9766
approach suffer,0.9713
task strict,0.9712
synthetic,0.9750
particularly,0.9703
measurement,0.9807
due dynamic,0.9721
effectively,0.9727
focus,0.9740
approach,0.9710
solution,0.9740
multi,0.9774
approach deadline,0.9720
reinforcement,0.9727
meta learning,1.0000
communication bit,0.9720
transmission,0.9717
training illustrate proposed,0.9730
model however,0.9706
model,0.9760
based,0.9711
predict metal,0.9727
training mechanism,0.9704
communication bit,0.9717
mechanism,0.9777
transmission,0.9707
coded,0.9724
deep neural,0.9743
simulation,0.9750
training,0.9706
interest,0.9730
application deep,0.9710
method,0.9793
method applicable deep,0.9711
synthetic,0.9750
model however,0.9703
application,0.9766
approach,0.9710
model,0.9710
utilize,0.9766
require,0.9728
based,0.9740
predict metal,0.9706
applicable deep,0.9726
modular,0.9722
corresponding,0.9714
training mechanism,0.9745
neural,0.9757
deep learning model,0.9706
knowledge channel model,0.9775
channel model,0.9724
learning model,0.9744
classification model,0.9741
classification,1.0000
model widely,0.9739
category,0.9777
typically,0.9702
model,0.9760
application category discus,0.9707
system,0.9731
able benefit,0.9701
classification model,0.9715
model widely,0.9758
typically opt,0.9706
empirical,0.9751
model beyond,0.9715
interest,0.9730
descent,0.9731
category,0.9753
particular,0.9707
method,0.9793
method machine,0.9771
setting,0.9718
typically,0.9705
focus,0.9740
application,0.9766
attracting,0.9727
model,0.9710
facilitate,0.9725
standard,0.9735
problem,0.9702
problem typically,0.9720
system,0.9714
system bile,0.9726
recent advance distributed,0.9715
typical application category,0.9718
corresponding,0.9714
fundamental,0.9742
data classification model,0.9723
classification model,0.9728
learning model,0.9744
data classification model,0.9774
method learning task,0.9717
learning task,1.0000
classification,1.0000
task,0.9709
model focus,0.9732
model,0.9760
system,0.9731
leverage,0.9704
tier cal,0.9709
method explore,0.9710
task,0.9732
transformation,0.9793
labeled,0.9759
training,0.9706
similarity,0.9746
method,0.9793
sample meanwhile design,0.9707
model focus,0.9725
method enhance,0.9715
focus,0.9740
approach,0.9710
model,0.9710
consequently propose,0.9702
approach leverage,0.9728
experiment,0.9701
contrast,0.9753
system,0.9714
leverage,0.9770
system contrast,0.9765
method learning,0.9784
deep learning learning,0.9727
learning task,1.0000
task,0.9709
tuning,0.9728
scattering,0.9700
bay optimization,0.9711
method including para,0.9725
analysis,0.9723
task,0.9732
crossover,0.9749
performance reinforcement,0.9712
empirical,0.9751
hyper,0.9739
important,0.9712
method,0.9793
inference,0.9787
generation,0.9730
setting,0.9718
method including,0.9733
effectively,0.9727
significantly,0.9725
scaling,0.9777
tune,0.9714
initial,0.9701
problem,0.9702
tuning,0.9731
principle,0.9763
framework,0.9755
reinforcement,0.9727
scattering,0.9750
engine learning,0.9744
variation learning,0.9717
configuration,0.9752
typically,0.9702
specifically configuration,0.9727
model,0.9760
cal creating cascade,0.9716
cal geometry using,0.9722
based,0.9711
particular cal response,0.9721
data using,0.9718
using,0.9718
energy,0.9705
result simulation tuned,0.9731
analysis,0.9723
cal geometry,0.9711
configuration,0.9770
configuration metal,0.9730
method precisely,0.9718
simulation,0.9750
training,0.9706
response,0.9741
approach accelerate,0.9713
particular,0.9707
method,0.9793
meta,0.9766
simulation using,0.9713
inherently,0.9713
experiment cal,0.9734
multiple cal geometry,0.9702
typically,0.9705
specifically configuration metal,0.9737
furthermore,0.9701
specifically configuration,0.9725
application,0.9766
approach,0.9710
model,0.9710
precision,0.9771
cal response,0.9728
ph experiment,0.9730
experiment,0.9701
cal simulation,0.9731
require,0.9728
cal geometry using,0.9748
based,0.9740
constrained,0.9744
particular cal response,0.9715
multiple,0.9713
cascade,0.9727
process,0.9719
model typically,0.9700
data using,0.9714
simulation genera model,0.9728
learning based model,0.9727
simulation genera model,0.9733
simulation model,0.9749
model meta,0.9718
model meta,0.9711
meta learning,1.0000
task,0.9709
model rely,0.9721
category,0.9777
distance,0.9712
model,0.9760
requirement,0.9703
system,0.9731
based,0.9711
class however,0.9733
task,0.9732
diverse,0.9721
model rely,0.9771
training,0.9706
category,0.9753
considered,0.9732
generation,0.9730
furthermore effectiveness,0.9701
furthermore,0.9701
distance,0.9723
input,0.9716
batch,0.9702
model,0.9710
requirement,0.9742
differentiate,0.9742
experiment,0.9701
contrast,0.9753
system,0.9714
based,0.9740
system contrast,0.9765
licence,0.9701
framework,0.9755
rely,0.9709
sample model,0.9835
negative sample model,0.9765
type,0.9710
model,0.9760
condition,0.9700
fault labeled,0.9723
system,0.9731
based,0.9711
momentum,0.9736
diagnosis,0.9738
transfer,0.9737
analysis,0.9723
directly,0.9718
labeled,0.9759
training,0.9706
method,0.9793
method ones,0.9738
sampling,0.9746
diagnostic,0.9707
fault diagnosis,0.9701
application,0.9766
distinguish,0.9732
type,0.9749
model,0.9710
capture,0.9703
experiment,0.9701
contrast,0.9753
fault labeled,0.9701
problem,0.9702
paradigm,0.9754
system,0.9714
compared,0.9725
framework fu,0.9729
based,0.9740
framework,0.9755
learning model,0.9744
transfer learning,0.9757
self learning,0.9713
influence,0.9730
scale propose metal,0.9704
model,0.9760
observation,0.9740
using,0.9718
scale propose,0.9730
crucial enhancing,0.9716
crucial,0.9753
implication,0.9732
analysis,0.9723
understanding,0.9711
individual model term,0.9708
barrier,0.9737
insight,0.9762
assessment,0.9766
method,0.9793
method machine,0.9771
significant,0.9708
highlighting,0.9733
influence,0.9709
accurately,0.9702
scale propose metal,0.9703
furthermore,0.9701
scale,0.9712
significantly,0.9725
model,0.9710
thickness,0.9713
tropical,0.9703
insight feasibility,0.9709
predicting,0.9774
accurately est barrier,0.9709
model term,0.9768
ensemble model,0.9710
layer model,0.9755
mixed layer model,0.9719
ensemble model,0.9765
based,0.9711
decision,0.9717
practice,0.9713
understanding,0.9711
crisis,0.9732
behavior based,0.9716
important,0.9712
meta,0.9766
suggested,0.9718
context,0.9710
adjust,0.9750
approach,0.9710
behavior,0.9766
based,0.9740
accordingly metal,0.9718
process,0.9719
licence,0.9701
framework,0.9755
pattern,0.9725
model,0.9760
requirement,0.9703
particular simulation,0.9731
pattern due,0.9750
system cater,0.9718
system,0.9731
based,0.9711
aspect,0.9724
using,0.9718
tool,0.9715
simulation,0.9750
adjusting,0.9748
operation,0.9725
particular,0.9707
automated,0.9730
pattern,0.9783
setting,0.9718
model,0.9710
requirement,0.9742
particular simulation,0.9758
prediction,0.9808
pattern due,0.9703
experiment,0.9701
problem,0.9702
system cater,0.9735
system,0.9714
based,0.9740
process,0.9719
framework,0.9755
technique auto,0.9717
movement,0.9751
particular simulation model,0.9734
traffic model,0.9738
simulation model,0.9749
automated learning,0.9751
system learning,0.9838
decomposition finger,0.9725
system,0.9731
ability,0.9706
system palm,0.9720
based,0.9711
feature using,0.9701
system,0.9714
using,0.9718
method,0.9793
incorporating,0.9746
approach,0.9710
system palm,0.9738
residual,0.9764
using idea,0.9707
based,0.9740
vein recognition,0.9747
overcome,0.9707
fuzzy,0.9728
multi,0.9774
method based,0.9701
experiment,0.9701
based metal,0.9717
problem,0.9702
method metal,0.9711
system,0.9731
model,0.9760
based,0.9711
classification,1.0000
recognition remains,0.9715
investigation,0.9721
system,0.9714
method,0.9793
meta,0.9766
model,0.9710
fusion,0.9739
flow,0.9768
based,0.9740
fused,0.9737
model fusion,0.9734
metal micro,0.9710
model fusion deep,0.9704
suitable,0.9746
multi,0.9774
autism,0.9769
frame,0.9702
method based,0.9701
framework,0.9755
weighted,0.9760
training,0.9706
problem,0.9702
application,0.9766
micro,0.9712
applied micro,0.9761
learning suitable model,0.9748
task,0.9709
model,0.9760
model recommendation,0.9717
perspective,0.9721
system,0.9731
leverage,0.9704
preference,0.9754
recommendation,0.9700
analysis,0.9723
task,0.9732
training,0.9706
setting,0.9718
memory,0.9722
model,0.9710
semantic,0.9805
extraction,0.9750
capability,0.9705
behavior,0.9766
prediction,0.9808
capture,0.9703
model recommendation,0.9737
experiment,0.9701
perspective,0.9766
system,0.9714
proto,0.9722
leverage,0.9770
preference,0.9708
process,0.9719
sentiment,0.9714
framework,0.9755
recommendation,0.9744
state model,0.9703
framework model,0.9763
state model,0.9813
system,0.9731
model,0.9760
addressing,0.9701
recommendation,0.9700
system,0.9714
decision,0.9717
compared,0.9725
problem meta,0.9725
meta,0.9766
model,0.9710
constrained,0.9744
addressing,0.9752
integrated,0.9716
mc integrated,0.9716
precision,0.9771
extraction,0.9750
predicting,0.9774
multi,0.9774
project,0.9737
prediction,0.9808
data metal,0.9750
experiment,0.9701
recommendation,0.9744
problem,0.9702
sensitivity,0.9727
index experiment,0.9727
recommendation model,0.9760
model,0.9760
preference,0.9754
module,0.9702
recommendation,0.9700
category,0.9777
particular,0.9707
method,0.9793
incorporate,0.9737
model,0.9710
sequence brittle,0.9743
sequence,0.9712
incorporate po,0.9744
preference,0.9708
module,0.9760
brittle,0.9746
commonly,0.9730
multi,0.9774
furthermore incorporate po,0.9729
model comprehensive,0.9704
capture,0.9703
filter,0.9780
frequency,0.9763
rely,0.9709
recommendation,0.9744
furthermore,0.9701
category,0.9753
limitation,0.9726
incorporate po category,0.9717
particular proposed,0.9717
filter model,0.9741
specific,0.9720
correction,0.9741
model,0.9760
based,0.9711
characteristic,0.9725
quantitative,0.9735
imaging,0.9774
analysis,0.9723
research valid,0.9715
specific,0.9773
data metal,0.9750
lab,0.9714
training,0.9706
method,0.9793
suggested,0.9718
synthetic,0.9750
furthermore,0.9701
application,0.9766
correction,0.9721
model,0.9710
initial,0.9701
experiment,0.9701
contrast,0.9753
certain,0.9732
problem,0.9702
based,0.9740
multi,0.9774
difficult,0.9709
corresponding,0.9714
weight,0.9702
space learning,0.9793
based learning,0.9701
network learning,0.9773
learning task,1.0000
learning learning task,0.9713
classification,1.0000
task,0.9709
based dense,0.9711
connection,0.9704
mechanism combined,0.9714
model,0.9760
requirement,0.9703
classification res based,0.9765
condition,0.9700
based,0.9711
ways mini although,0.9711
characteristic,0.9725
mechanism,0.9777
task,0.9732
based dense,0.9711
res based,0.9719
classic,0.9710
connection,0.9741
meta,0.9766
mechanism combined,0.9763
comparing,0.9738
classification res,0.9701
model,0.9710
dense,0.9733
requirement,0.9742
res based dense,0.9708
problem,0.9702
compared,0.9725
based,0.9740
number model,0.9721
metric learning,0.9741
dense learning,0.9704
ability,0.9706
task,0.9709
specific,0.9720
guidance,0.9728
pattern,0.9725
type,0.9710
model,0.9760
system,0.9731
system metal,0.9719
mechanism sandwich spatial,0.9724
crucial,0.9753
mechanism,0.9777
task,0.9732
transform,0.9777
specific,0.9773
operation,0.9725
similarity,0.9746
guided multi,0.9706
prediction crucial,0.9717
guidance,0.9744
meta,0.9766
demand,0.9708
mechanism sandwich,0.9741
suggested,0.9718
pattern,0.9783
system meta,0.9744
topology,0.9721
effectively,0.9727
furthermore,0.9701
em layer,0.9710
type,0.9749
model,0.9710
enabling,0.9755
prediction,0.9808
nodes,0.9701
experiment,0.9701
system,0.9714
compared,0.9725
system metal,0.9732
multi,0.9774
state model,0.9703
state model,0.9813
meta learning,1.0000
temporal learning,0.9813
spatial learning,0.9736
ability,0.9706
di objective learned,0.9725
objective learned training,0.9743
di response,0.9706
model named,0.9701
model,0.9760
objective major hurdle,0.9702
analysis,0.9723
di objective learned,0.9713
kernel,0.9734
especially context,0.9708
intensive,0.9739
classic,0.9710
di problem closely,0.9711
empirical,0.9751
training,0.9706
response,0.9741
di response,0.9702
method,0.9793
regression metal objective,0.9704
context,0.9710
method adopt,0.9735
lit,0.9725
data di kidd,0.9724
solution di,0.9729
approach,0.9710
model,0.9710
data di,0.9734
tailored data di,0.9701
problem,0.9702
regression metal,0.9770
compared,0.9725
tailored,0.9715
hurdle,0.9736
regression,1.0000
solution,0.9740
process,0.9719
problem closely,0.9705
neural,0.9757
effective model,0.9791
ability,0.9706
data novel,0.9734
task,0.9709
model addressed,0.9733
regarding introduce member,0.9728
type,0.9710
model,0.9760
type including,0.9719
system,0.9731
strict,0.9706
crucial,0.9753
data novel,0.9745
analysis,0.9723
task,0.9732
encompass,0.9700
buffer alleviate,0.9703
model addressed,0.9729
cores,0.9772
data metal,0.9750
catastrophic,0.9715
method,0.9793
meta,0.9766
application,0.9766
memory,0.9722
type,0.9749
model,0.9710
process family,0.9709
facilitate,0.9725
rebound,0.9706
prediction,0.9808
certain,0.9732
type including,0.9735
system,0.9714
buffer,0.9719
multiple,0.9713
suitable,0.9746
predicting,0.9774
process,0.9719
pan,0.9727
neural,0.9757
meta learning,1.0000
ability,0.9706
influence,0.9730
deep model need,0.9722
model need,0.9727
model,0.9760
based deep,0.9701
system,0.9731
based,0.9711
module,0.9702
imaging,0.9774
weighted multi,0.9757
deep model,0.9718
based residual,0.9700
method based,0.9701
training,0.9706
aperture,0.9700
method,0.9793
fusion learning,0.9717
meta,0.9766
method residual,0.9768
synthetic,0.9750
influence,0.9709
weighted,0.9760
effectively,0.9727
scale,0.9712
deep model need,0.9729
model need,0.9766
model,0.9710
residual,0.9764
thus improve,0.9708
initial,0.9701
experiment,0.9701
contrast,0.9753
problem,0.9702
method designed,0.9709
based deep,0.9713
system,0.9714
fusion,0.9739
resulting,0.9707
based,0.9740
module,0.9760
multi,0.9774
model named,0.9701
system use,0.9705
data force,0.9708
model,0.9760
system,0.9731
treatment,0.9705
classic,0.9710
data metal,0.9750
labeled,0.9759
training,0.9706
especially develop,0.9715
effectively,0.9727
data force,0.9729
approach,0.9710
model,0.9710
device,0.9735
experiment,0.9701
model con,0.9748
system,0.9714
radically,0.9710
integration,0.9721
network model,0.9766
node model,0.9836
ai model,0.9760
ability,0.9706
specific,0.9720
condition,0.9700
advantage,0.9712
system,0.9731
based,0.9711
parameter specific,0.9745
aspect,0.9724
algorithm collectively,0.9728
ts problem,0.9738
specific,0.9773
filter,0.9780
based metal,0.9717
training,0.9706
including genetic,0.9734
method,0.9793
meta,0.9766
proper sub,0.9706
learning paradigm,0.9745
algorithm significantly,0.9741
significantly,0.9725
demonstrates,0.9703
prediction,0.9808
experiment,0.9701
paradigm demonstrates,0.9713
problem,0.9702
paradigm,0.9754
system,0.9714
compared,0.9725
based,0.9740
ho including genetic,0.9717
framework,0.9755
proper,0.9716
data characteristic,0.9703
model,0.9760
issue significantly,0.9707
system,0.9731
based,0.9711
recommendation,0.9700
characteristic,0.9725
decision,0.9717
using,0.9718
crucial,0.9753
analysis,0.9723
due distortion,0.9709
based meta,0.9718
particular meta,0.9720
biased,0.9763
analysis based,0.9725
common problem metal,0.9703
data characteristic,0.9780
particular,0.9707
method,0.9793
meta,0.9766
geometric,0.9713
boundary,0.9711
focus,0.9740
significantly,0.9725
overlapping,0.9730
model,0.9710
distortion,0.9738
prediction,0.9808
problem,0.9702
issue significantly,0.9725
system,0.9714
based,0.9740
motivation,0.9761
since learning,0.9703
problem metal,0.9746
recommendation,0.9744
hardness,0.9713
issue crucial,0.9712
reflecting,0.9707
performance learning,0.9715
modification,0.9710
network especially considering,0.9719
clearing result uncertainty,0.9705
model,0.9760
especially considering participation,0.9719
system,0.9731
based,0.9711
power,0.9723
carbon,0.9746
energy,0.9705
price,0.9740
analysis,0.9723
equilibrium,0.9729
operation,0.9725
modification,0.9742
metal based win,0.9700
assessment,0.9766
method,0.9793
emission,0.9718
model,0.9710
paradigm,0.9754
regime,0.9733
market,0.9717
system,0.9714
based,0.9740
multi,0.9774
reinforcement,0.9727
equilibrium model,0.9722
equilibrium model,0.9767
identifying,0.9714
model,0.9760
based,0.9711
classification,1.0000
model selection,0.9707
framework labelled,0.9717
using classification,0.9782
type,0.9710
series useful,0.9739
identifying,0.9724
using,0.9718
method,0.9793
model,0.9710
method explore,0.9710
based,0.9740
model selection,0.9766
series machine,0.9749
suitable,0.9746
series useful identifying,0.9707
framework,0.9755
useful,0.9749
problem,0.9702
framework labelled,0.9736
labelled,0.9705
type,0.9749
selection base,0.9739
meta using,0.9718
classification,1.0000
task,0.9709
processing,0.9724
classification con,0.9704
model,0.9760
advantage,0.9712
classification task,0.9741
system,0.9731
based,0.9711
model selection,0.9707
selected model,0.9704
using,0.9718
meta using,0.9758
transfer,0.9737
imaging,0.9774
analysis,0.9723
task,0.9732
kernel,0.9734
deep model,0.9718
data metal,0.9750
costly,0.9737
processing,0.9798
method,0.9793
meta,0.9766
learning metal implemented,0.9710
model overcome,0.9769
memory,0.9722
analysis used,0.9703
approach,0.9710
model,0.9710
residual,0.9764
leukemia,0.9713
extraction,0.9750
model selection base,0.9707
demonstrates,0.9703
using shade,0.9705
system,0.9714
bas,0.9722
balanced,0.9734
based,0.9740
metal implemented,0.9721
overcome,0.9707
model selection,0.9766
difficult,0.9709
neural,0.9757
data state model,0.9747
state model,0.9703
implementation deep model,0.9718
learning model,0.9744
model meta,0.9718
data state model,0.9837
state model,0.9813
model meta,0.9711
transfer learning,0.9757
data learning,0.9768
meta learning,1.0000
deep learning learning,0.9727
system,0.9731
leverage,0.9704
based,0.9711
automatic layer,0.9708
characteristic,0.9725
using,0.9718
imaging,0.9774
analysis,0.9723
specifically leverage,0.9712
advent using,0.9710
method based,0.9701
based metal,0.9717
method,0.9793
meta,0.9766
sample specifically leverage,0.9718
automated,0.9730
layer automated,0.9710
cardiovascular ivo,0.9707
contrast,0.9753
vessel,0.9744
system,0.9714
require,0.9728
leverage,0.9770
based,0.9740
automatic layer,0.9744
difficult,0.9709
data learning,0.9768
system,0.9731
model,0.9760
tuning,0.9728
task,0.9709
typically,0.9702
hind training,0.9738
system,0.9714
dependency,0.9802
using,0.9718
method,0.9793
model,0.9710
transfer,0.9737
analysis,0.9723
tuning,0.9731
task,0.9732
multi,0.9774
model combine,0.9740
task transfer,0.9717
method affect,0.9732
model typically,0.9700
typically,0.9705
control cross,0.9704
complementary,0.9778
training,0.9706
method metal,0.9711
affect,0.9746
multi language model,0.9726
affect model,0.9737
method affect model,0.9712
tuning language model,0.9759
language model,0.9784
multi language model,0.9810
transfer learning,0.9757
ability,0.9706
novel neighboring relation,0.9712
aspect,0.9724
transfer,0.9737
method commonly,0.9734
method,0.9793
however method,0.9717
inference,0.9787
pair neglect,0.9700
bench data term,0.9728
method utilize,0.9708
semantic,0.9805
commonly,0.9730
prediction,0.9808
experiment,0.9701
contrast,0.9753
utilize,0.9766
novel neighboring relation,0.9720
resulting,0.9707
neglect,0.9706
licence,0.9701
data term,0.9764
fixed,0.9705
prediction metal,0.9737
classification,1.0000
pattern,0.9725
influence,0.9730
model extensive,0.9718
model,0.9760
operation highlighted,0.9706
classify,0.9730
classification achieve,0.9822
additionally activity,0.9710
power,0.9723
using,0.9718
power learning,0.9717
mechanism,0.9777
biased,0.9763
labeled,0.9759
training,0.9706
operation,0.9725
meta,0.9766
pattern,0.9783
influence,0.9709
technology purpose,0.9706
basis,0.9776
model extensive,0.9765
furthermore,0.9701
model,0.9710
requires,0.9727
sequence,0.9712
experiment,0.9701
classify,0.9775
additionally activity,0.9706
proposal,0.9717
sensor,0.9742
compared,0.9725
proto,0.9722
basis combine,0.9712
meta general,0.9700
task,0.9709
processing,0.9724
typically,0.9702
model,0.9760
based,0.9711
based alternating mini,0.9702
using,0.9718
spur,0.9704
analysis,0.9723
task,0.9732
rule,0.9740
problem multiple,0.9750
labeled,0.9759
rule however,0.9707
processing,0.9798
method,0.9793
split,0.9712
typically,0.9705
based alternating,0.9707
approach,0.9710
model,0.9710
certain,0.9732
problem,0.9702
resulting,0.9707
based,0.9740
tackle,0.9713
multiple,0.9713
solution,0.9740
principle,0.9763
corresponding,0.9714
fixed,0.9705
neural,0.9757
method learning,0.9784
classification,1.0000
hot data,0.9710
model selection inspired,0.9738
model,0.9760
classify,0.9730
system,0.9731
model selection,0.9707
analysis,0.9723
transform,0.9777
empirical,0.9751
framework deep,0.9702
vision transform,0.9704
method,0.9793
meta,0.9766
data aug metal,0.9705
model,0.9710
sliding,0.9717
extraction,0.9750
data sliding,0.9748
classify,0.9775
problem,0.9702
system,0.9714
compared,0.9725
method rely,0.9750
model selection,0.9766
licence,0.9701
framework,0.9755
dimensional,0.9783
rely,0.9709
neural,0.9757
small data model,0.9727
framework better model,0.9715
rate model,0.9743
classification rate model,0.9758
series image model,0.9723
image model,0.9754
data model,0.9781
small data model,0.9830
meta learning,1.0000
model divided,0.9759
model,0.9760
model notably,0.9734
system,0.9731
power,0.9723
forecast metal,0.9715
model divided,0.9771
using,0.9718
undergo,0.9714
energy,0.9705
transfer,0.9737
directly,0.9718
deep model,0.9718
system transfer,0.9716
data metal,0.9750
training,0.9706
data integrating,0.9722
data ge utilized,0.9721
integrating,0.9786
solar,0.9707
approach,0.9710
model,0.9710
notably,0.9708
experiment,0.9701
model notably,0.9732
system,0.9714
dependence,0.9742
transfer learning,0.9757
forecast learning,0.9752
learning forecast learning,0.9727
model,0.9760
tuning,0.9728
module,0.9702
data containing,0.9715
method,0.9793
incorporate,0.9737
meta,0.9766
model,0.9710
constrained,0.9744
suggested,0.9718
fault science,0.9721
tuning,0.9731
extraction,0.9750
generation,0.9730
process,0.9719
module,0.9760
opt weight,0.9709
useful,0.9749
experiment,0.9701
dual,0.9724
training,0.9706
problem,0.9702
solar,0.9707
weight,0.9702
deep learning model,0.9706
learning model,0.9744
learning task,1.0000
task,0.9709
model,0.9760
analysis,0.9723
task,0.9732
training,0.9706
derived,0.9719
method,0.9793
meta,0.9766
flex,0.9718
extended multi,0.9744
method greatly,0.9780
approach,0.9710
model,0.9710
principle traveling,0.9745
approach flex,0.9717
experiment,0.9701
traveling,0.9727
problem multi,0.9724
method method greatly,0.9737
problem,0.9702
compared,0.9725
problem comb,0.9800
multiple,0.9713
solution,0.9740
accordingly compared,0.9728
principle,0.9763
multi,0.9774
difficult,0.9709
corresponding,0.9714
method multi,0.9735
reinforcement,0.9727
weight,0.9702
meta model,0.9743
learning meta model,0.9759
meta model,1.0000
method learning,0.9784
model,0.9760
domain due difficulty,0.9701
data stressed,0.9736
classify,0.9730
data across,0.9724
surpassing method target,0.9710
testing,0.9720
data across different,0.9705
crucial enhancing,0.9716
diagnosis,0.9738
crucial,0.9753
imaging,0.9774
analysis,0.9723
hyper data stressed,0.9743
anomaly crucial,0.9740
specialized,0.9739
training,0.9706
hyper,0.9739
method,0.9793
anomaly,0.9749
freeze,0.9727
properly,0.9720
significantly le,0.9709
significantly,0.9725
approach,0.9710
model,0.9710
requires,0.9727
precision,0.9771
demonstrates,0.9703
size,0.9700
data stressed,0.9723
experiment,0.9701
classify,0.9775
stressed,0.9721
image drought tomato,0.9703
drought,0.9752
foundation detection,0.9709
compared,0.9725
require,0.9728
pressure researcher,0.9735
testing,0.9763
limitation,0.9726
classification,1.0000
task,0.9709
category,0.9777
model distinguish,0.9727
model,0.9760
category confuse,0.9727
classification task,0.9741
confuse model,0.9736
system,0.9731
testing,0.9720
crucial distinguish,0.9701
category confuse model,0.9784
confuse,0.9734
crucial,0.9753
analysis,0.9723
subtle,0.9719
task,0.9732
training,0.9706
category,0.9753
model distinguish,0.9735
method,0.9793
focus,0.9740
distinguish,0.9732
approach,0.9710
model,0.9710
category confuse,0.9706
standard,0.9735
experiment,0.9701
contrast,0.9753
system,0.9714
proto,0.9722
testing,0.9763
crucial distinguish,0.9705
recognizing,0.9709
model bench,0.9703
pivotal,0.9733
task model,0.9716
system adaptation model,0.9717
task model,0.9833
system adaptation model,0.9760
relation learning,0.9721
novel relation learning,0.9771
model,0.9760
based,0.9711
classification,1.0000
configuration,0.9752
task,0.9709
task however,0.9701
category,0.9777
method,0.9793
approach,0.9710
meta,0.9766
model,0.9710
based,0.9740
configuration,0.9770
multiple,0.9713
framework suffers,0.9707
task,0.9732
significant,0.9708
multi,0.9774
lever,0.9737
prediction,0.9808
framework,0.9755
approach based recent,0.9703
training,0.9706
problem,0.9702
method multi,0.9735
category,0.9753
confidence model,0.9702
prediction lever model,0.9704
confidence model,0.9805
novel meta learning,0.9764
meta learning,1.0000
ability,0.9706
task,0.9709
limit,0.9728
model,0.9760
recovery,0.9719
advantage,0.9712
system,0.9731
power student,0.9717
power,0.9723
transfer,0.9737
task,0.9732
kernel,0.9734
directly,0.9718
transferring,0.9727
limit,0.9739
problem texture,0.9706
method,0.9793
supervision,0.9727
meta,0.9766
inference,0.9787
application,0.9766
memory,0.9722
resolution,0.9740
model,0.9710
accordance,0.9729
recovery,0.9780
beneficial,0.9727
experiment,0.9701
problem,0.9702
system,0.9714
power student,0.9707
opt metal,0.9722
resolving,0.9738
flexible,0.9744
knowledge meta,0.9724
meta knowledge di,0.9711
representation knowledge,0.9763
meta knowledge,1.0000
model meta,0.9718
model meta,0.9711
meta learning,1.0000
di meta learning,0.9800
system,0.9731
using,0.9718
crucial,0.9753
crucial treating,0.9706
boost,0.9739
using genetic,0.9701
specialized,0.9739
treating,0.9706
method,0.9793
system multi,0.9713
automated,0.9730
inference,0.9787
significant,0.9708
basis,0.9776
approach,0.9710
prediction,0.9808
system,0.9714
necessity,0.9718
predicting,0.9774
multi,0.9774
cardiac,0.9753
performance provided,0.9737
model,0.9760
system,0.9731
subject,0.9709
rather regression metal,0.9716
performance provided,0.9704
analysis,0.9723
simulation,0.9750
insight,0.9762
operating,0.9702
meta,0.9766
closed simulation,0.9704
rotor,0.9722
input,0.9716
model,0.9710
plan rotor,0.9708
system,0.9714
regression metal,0.9770
regression,1.0000
plan,0.9751
rotor subject,0.9756
subject,0.9760
difficult,0.9709
neural,0.9757
system controller learning,0.9750
controller learning,0.9752
including task,0.9721
model,0.9760
overview process,0.9708
task selection,0.9735
including task selection,0.9760
model critical,0.9719
task,0.9709
critical task,0.9729
model chapter,0.9702
meta,0.9766
model,0.9710
task selection,0.9710
overcome,0.9707
process including,0.9750
model critical,0.9778
task,0.9732
process,0.9719
scala,0.9734
training,0.9706
model suggest,0.9719
application,0.9766
hyper,0.9739
epic,0.9717
limitation,0.9726
task selection model,0.9729
model training model,0.9706
learning model,0.9744
selection model,0.9751
meta learning,1.0000
sensor without,0.9713
task,0.9709
pattern,0.9725
dem fault diagnosis,0.9701
fault present training,0.9712
type,0.9710
model,0.9760
condition,0.9700
problem cross,0.9712
based,0.9711
phase,0.9702
diagnosis,0.9738
analysis,0.9723
sensor without,0.9707
task,0.9732
based meta,0.9718
method based,0.9701
vibration,0.9700
training,0.9706
method,0.9793
fusion learning,0.9717
meta,0.9766
pattern,0.9783
fault diagnosis,0.9701
dem fault diagnosis,0.9709
fault multi,0.9722
type,0.9749
model,0.9710
model fusion,0.9734
problem cross,0.9759
experiment,0.9701
problem,0.9702
sensor,0.9742
require,0.9728
fusion,0.9739
based,0.9740
multiple,0.9713
multi,0.9774
phase,0.9749
faulty,0.9710
framework,0.9755
meta learning database,0.9782
learning database,0.9817
meta learning,1.0000
edge using,0.9712
model,0.9760
sal edge using,0.9718
due threshold,0.9722
model second,0.9756
phase,0.9702
power,0.9723
using,0.9718
kernel,0.9734
directly,0.9718
delay,0.9707
edge using,0.9716
training,0.9706
method,0.9793
meta,0.9766
inference,0.9787
generation,0.9730
lever,0.9737
avalanche,0.9702
scale,0.9712
resolution,0.9740
model,0.9710
capability,0.9705
due threshold,0.9716
initial,0.9701
model second,0.9730
require,0.9728
power statistical,0.9701
resolving,0.9738
multi,0.9774
phase,0.9749
framework,0.9755
putting,0.9705
meta model,0.9743
meta model,1.0000
image deep learning,0.9717
resolution learning,0.9735
task,0.9709
comparison,0.9779
model,0.9760
comparison state,0.9713
finding demonstrate model,0.9758
system,0.9731
based,0.9711
due complexity,0.9706
preference,0.9754
recommendation,0.9700
transfer,0.9737
task,0.9732
comparison,0.9816
interest,0.9730
similarity,0.9746
however approach,0.9701
method,0.9793
parameter incorporates,0.9724
significant,0.9708
di approach,0.9723
weighted,0.9760
encoding,0.9757
furthermore,0.9701
focus,0.9740
und weighted,0.9711
divide,0.9737
evenly,0.9715
approach,0.9710
model,0.9710
semantic,0.9805
comparison state,0.9701
initial,0.9701
experiment,0.9701
utilize,0.9766
system,0.9714
based,0.9740
multiple,0.9713
due complexity,0.9758
preference,0.9708
multi,0.9774
recommendation,0.9744
neural,0.9757
method knowledge,0.9715
recommendation model,0.9760
multi di model,0.9764
di model,0.9705
focus learning,0.9728
category,0.9777
typically,0.9702
model,0.9760
system,0.9731
testing,0.9720
recommendation,0.9700
practice,0.9713
transfer,0.9737
sam framework,0.9716
diverse,0.9721
category,0.9753
method,0.9793
framework especially,0.9717
meta,0.9766
typically,0.9705
focus,0.9740
model,0.9710
method extensive,0.9763
experiment,0.9701
problem,0.9702
paradigm,0.9754
system,0.9714
compared,0.9725
multiple,0.9713
testing,0.9763
without restriction model,0.9731
intention,0.9715
multi,0.9774
di paradigm,0.9700
framework,0.9755
restriction,0.9785
recommendation,0.9744
knowledge knowledge,0.9718
model knowledge,0.9747
scenario model,0.9712
restriction model,0.9709
scenario model,0.9813
restriction model,0.9795
model meta,0.9718
model meta di,0.9737
model meta,0.9711
meta learning,1.0000
di meta learning,0.9800
category current,0.9709
category,0.9777
emerged link type,0.9727
type,0.9710
model,0.9760
crucial research,0.9712
node crucial research,0.9733
system,0.9731
based,0.9711
recommendation,0.9700
crucial,0.9753
transfer,0.9737
analysis,0.9723
based metal,0.9717
category,0.9753
emerged link type,0.9726
meta,0.9766
link type research,0.9706
prediction metal newly,0.9710
type,0.9749
approach,0.9710
model,0.9710
crucial research,0.9715
prediction,0.9808
problem,0.9702
slice,0.9714
system,0.9714
based,0.9740
overcome,0.9707
multiple,0.9713
rely,0.9709
recommendation,0.9744
prediction metal,0.9737
state model,0.9703
state model,0.9813
learning task,1.0000
class learning task,0.9713
classification,1.0000
task,0.9709
specific,0.9720
task specific,0.9750
task however,0.9701
based,0.9711
due inter distribution,0.9765
module,0.9702
task proposed,0.9730
crucial,0.9753
transfer,0.9737
vary,0.9752
analysis,0.9723
deep neural,0.9743
task,0.9732
directly,0.9718
transform,0.9777
specific,0.9773
depending,0.9728
task specific,0.9724
training,0.9706
sampling,0.9746
mit problem,0.9731
setting,0.9718
scala,0.9734
focus,0.9740
approach,0.9710
em module,0.9715
facilitate,0.9725
semantic,0.9805
extraction,0.9750
problem,0.9702
rarely,0.9710
based,0.9740
due inter distribution,0.9742
module,0.9760
instead directly,0.9701
neural,0.9757
weight,0.9702
learning transfer,0.9728
focus learning,0.9728
network learning,0.9773
system,0.9731
gap,0.9707
perspective,0.9721
connection,0.9704
recommendation,0.9700
feedback,0.9738
analyze,0.9748
system,0.9714
method,0.9793
shift propose principle,0.9722
problem novel,0.9710
inference,0.9787
causal,0.9779
understanding,0.9711
principle,0.9763
multi,0.9774
behavior,0.9766
technique multi,0.9754
framework,0.9755
biased,0.9763
experiment,0.9701
perspective,0.9766
connection,0.9741
empirical,0.9751
recommendation,0.9744
training,0.9706
problem,0.9702
feedback,0.9779
perspective recent,0.9708
inference learning,0.9788
multi learning,0.9757
problem learning,0.9733
amc approach,0.9705
classification,1.0000
modulation,0.9716
dependency,0.9802
using,0.9718
method,0.9793
spectrum,0.9736
amc approach,0.9709
approach,0.9710
method inherent,0.9701
transformation metal,0.9717
analysis,0.9723
size,0.9700
transformation,0.9793
difficult,0.9709
simulation,0.9750
labeled,0.9759
experiment,0.9701
modulation,0.9782
task,0.9709
specific,0.9720
model specifically,0.9744
processing,0.9724
pattern,0.9725
gap,0.9707
model,0.9760
task paper,0.9708
system,0.9731
task multiple,0.9707
tuning,0.9728
application leading,0.9716
transfer,0.9737
incompatible,0.9746
task,0.9732
specific,0.9773
ann application,0.9715
gap various,0.9702
model specifically,0.9756
natural,0.9713
processing,0.9798
method,0.9793
pattern,0.9783
significant,0.9708
lever,0.9737
multi prompting,0.9735
prompting,0.9716
application,0.9766
model,0.9710
standard,0.9735
initial,0.9701
experiment,0.9701
problem,0.9702
lever prior,0.9713
seam,0.9739
system,0.9714
diversified,0.9700
motivation,0.9761
multiple,0.9713
tuning,0.9731
multi,0.9774
framework,0.9755
method ac,0.9713
neural,0.9757
gap pre model,0.9745
ability,0.9706
task,0.9709
processing,0.9724
influence,0.9730
model,0.9760
system,0.9731
based,0.9711
due prevalence,0.9700
incorporate,0.9737
mechanism,0.9777
task,0.9732
natural,0.9713
processing,0.9798
important,0.9712
prevalence,0.9718
method,0.9793
neighbor,0.9701
opt optimization,0.9709
meta,0.9766
influence,0.9709
focus,0.9740
model,0.9710
potential semantic,0.9724
semantic,0.9805
dar model,0.9717
prediction,0.9808
fusion strategy,0.9705
system,0.9714
model long,0.9717
fusion,0.9739
based,0.9740
data nell,0.9738
neighbor en incorporate,0.9704
framework,0.9755
due prevalence,0.9713
information meta knowledge,0.9750
meta knowledge,1.0000
state model,0.9703
learning model,0.9744
state model,0.9813
forecast learning,0.9752
graph learning,0.9700
relation learning,0.9721
task,0.9709
specific,0.9720
processing,0.9724
pattern,0.9725
model,0.9760
analysis,0.9723
task,0.9732
model combine,0.9740
specific,0.9773
data metal,0.9750
training,0.9706
processing,0.9798
particular,0.9707
meta,0.9766
pattern,0.9783
application,0.9766
approach,0.9710
model,0.9710
capture,0.9703
problem,0.9702
regression,1.0000
solution,0.9740
process,0.9719
particular zero,0.9715
difficult,0.9709
fundamental,0.9742
neural,0.9757
meta model,0.9743
meta model,1.0000
graph database,0.9723
data meta,0.9738
database learning,0.9799
connection,0.9704
system,0.9731
based,0.9711
preference,0.9754
module,0.9702
recommendation,0.9700
decision,0.9717
transform,0.9777
connection,0.9741
method,0.9793
meta,0.9766
approach,0.9710
facilitate,0.9725
experiment,0.9701
utilize,0.9766
inaccurate,0.9715
system,0.9714
based,0.9740
preference,0.9708
module,0.9760
multi,0.9774
framework,0.9755
recommendation,0.9744
reinforcement,0.9727
graph learning,0.9700
meta learning,1.0000
ability,0.9706
classification,1.0000
processing,0.9724
influence,0.9730
model,0.9760
diagnosis performance finally,0.9738
advantage,0.9712
system,0.9731
theoretical basis fault,0.9707
diagnosis,0.9738
weighted prototype,0.9766
analysis,0.9723
obvious,0.9711
data fine,0.9731
labeled,0.9759
processing,0.9798
method,0.9793
diagnostic,0.9707
fault diagnosis,0.9701
semi learning,0.9761
significant,0.9708
influence,0.9709
weighted,0.9760
basis,0.9776
furthermore,0.9701
scale,0.9712
model,0.9710
scale furthermore,0.9737
precision,0.9771
system,0.9714
compared,0.9725
proto,0.9722
resulting,0.9707
weighted proto,0.9759
effective dual,0.9723
process,0.9719
conversion,0.9727
difficult,0.9709
system significant,0.9701
dual,0.9724
issue semi weighted,0.9722
neural,0.9757
identification model,0.9754
classification,1.0000
task,0.9709
processing,0.9724
task extensive,0.9709
model superficial,0.9728
attributed model stability,0.9721
model,0.9760
classify,0.9730
system,0.9731
classification classification,0.9867
transfer,0.9737
mechanism,0.9777
task,0.9732
intervention,0.9727
causal,0.9779
training,0.9706
natural,0.9713
processing,0.9798
method,0.9793
model superficial,0.9746
method model superficial,0.9713
approach,0.9710
model,0.9710
structural,0.9775
classify,0.9775
problem,0.9702
system,0.9714
licence,0.9701
framework,0.9755
approach attributed,0.9744
fundamental,0.9742
logical,0.9726
structural causal model,0.9769
method model,0.9716
processing method model,0.9701
causal model,0.9783
structural causal model,0.9727
method model,0.9801
processing method model,0.9751
approach attributed model,0.9723
mainstream method model,0.9747
causal model,0.9802
causal learning,0.9784
deep learning learning,0.9727
task tackle,0.9746
classification,1.0000
task,0.9709
model,0.9760
classification via novel,0.9739
leverage,0.9704
task tackle,0.9711
transfer,0.9737
task,0.9732
labeled,0.9759
prevalent,0.9703
similarity,0.9746
significance,0.9727
supervision,0.9727
distinguish,0.9732
involving contrast,0.9757
model,0.9710
cosmic,0.9760
experiment,0.9701
contrast,0.9753
leverage,0.9770
generally leverage,0.9725
tackle,0.9713
essence,0.9703
involving,0.9712
framework,0.9755
neural,0.9757
general model,0.9804
model,0.9760
based,0.9711
metal task batch,0.9713
task,0.9709
module,0.9702
typically,0.9702
batch,0.9702
critical assumption,0.9731
however assumption,0.9730
approach,0.9710
meta,0.9766
sampling,0.9746
model,0.9710
typically meta,0.9721
based,0.9740
analysis,0.9723
integrated,0.9716
task,0.9732
module,0.9760
licence,0.9701
assumption,0.9770
standard,0.9735
typically,0.9705
insight operation author,0.9701
insight,0.9762
training,0.9706
meta however assumption,0.9758
operation,0.9725
critical assumption metal,0.9718
weight,0.9702
model,0.9760
model objective,0.9720
using,0.9718
method,0.9793
model,0.9710
infinite,0.9725
inference,0.9787
directly,0.9718
fuzzy,0.9728
labeled,0.9759
experiment,0.9701
model objective,0.9734
method metal,0.9711
neural,0.9757
cluster learning,0.9771
classification,1.0000
task,0.9709
key factor prototype,0.9728
key factor,0.9742
model,0.9760
factor,0.9727
state method bench,0.9713
effective approach,0.9711
using,0.9718
imaging,0.9774
task,0.9732
labeled,0.9759
inter separation,0.9709
similarity,0.9746
important,0.9712
method,0.9793
however method,0.9717
boundary,0.9711
approach,0.9710
model,0.9710
prototype boundary,0.9700
prediction,0.9808
standard,0.9735
method bench,0.9776
initial,0.9701
contrast,0.9753
approach address,0.9718
factor,0.9740
proto,0.9722
overcome,0.9707
separation,0.9750
framework,0.9755
author contrast learning,0.9705
limitation,0.9726
query model,0.9707
query model,0.9849
numerical model,0.9727
learning numerical model,0.9705
framework model,0.9763
targeting,0.9702
typically,0.9702
type,0.9710
targeting novel,0.9722
based,0.9711
using,0.9718
transfer,0.9737
prediction across,0.9740
toy,0.9702
het targeting,0.9706
labeled,0.9759
limitation labeled,0.9714
hyper,0.9739
method,0.9793
meta,0.9766
typically,0.9705
effectively,0.9727
focus,0.9740
type,0.9749
input,0.9716
targeting novel,0.9717
semantic,0.9805
prediction,0.9808
capture,0.9703
experiment,0.9701
problem,0.9702
require,0.9728
based,0.9740
multiple,0.9713
fixed,0.9705
neural,0.9757
limitation,0.9726
model poisoning,0.9731
servers using,0.9704
model,0.9760
clients,0.9725
model avoid,0.9707
system,0.9731
method consists,0.9707
using,0.9718
model poisoning,0.9778
crucial,0.9753
mechanism,0.9777
mechanism focus,0.9744
mechanism focused servers,0.9707
training,0.9706
method,0.9793
meta,0.9766
accurately,0.9702
method enhance,0.9715
focus,0.9740
model,0.9710
crucial technique,0.9731
model avoid,0.9738
focused,0.9710
system,0.9714
mechanism focused,0.9724
multiple,0.9713
process,0.9719
interfere,0.9704
flexible,0.9744
fed learning model,0.9710
local model,0.9732
global model,0.9805
learning model,0.9744
noise model,0.9714
meta learning,1.0000
structure learning,0.9775
di meta learning,0.9800
task,0.9709
system,0.9731
mechanism,0.9777
analysis,0.9723
boost,0.9739
task,0.9732
performance compensated overs,0.9704
catastrophic,0.9715
training,0.9706
meta,0.9766
sampling,0.9746
process base,0.9700
function metal,0.9719
memory,0.9722
approach,0.9710
problem,0.9702
system,0.9714
compared,0.9725
compensated overs,0.9725
compensated,0.9707
overcome,0.9707
process,0.9719
approach ag,0.9700
allowing,0.9746
compound learning,0.9770
efficient learning,0.9704
task learning,0.9801
model,0.9760
requirement,0.9703
task,0.9709
calculation,0.9750
compared,0.9725
method,0.9793
approach,0.9710
meta,0.9766
model,0.9710
resulting,0.9707
however requirement,0.9705
requirement,0.9742
general however requirement,0.9712
task,0.9732
suitable,0.9746
setting,0.9718
significant,0.9708
suitable learning,0.9723
calculation,0.9770
framework,0.9755
limiting,0.9755
memory,0.9722
general learning,0.9729
meta learning,1.0000
task,0.9709
pattern,0.9725
model,0.9760
model requires,0.9724
decision,0.9717
carbon,0.9746
energy,0.9705
transfer,0.9737
task,0.9732
tool,0.9715
diverse,0.9721
insight,0.9762
training,0.9706
privacy technique,0.9706
comparatively,0.9701
precise,0.9720
pattern,0.9783
emission,0.9718
analyze,0.9748
input,0.9716
comparable,0.9719
approach,0.9710
model,0.9710
requires,0.9727
prediction,0.9808
model requires,0.9706
market,0.9717
setup,0.9754
energy designer allowing,0.9704
designer allowing,0.9708
solution,0.9740
predicting,0.9774
allowing,0.9746
rely,0.9709
consumption,0.9700
transfer learning,0.9757
learning task,1.0000
self learning task,0.9762
task,0.9709
comparison,0.9779
model,0.9760
via comparison,0.9753
system,0.9731
task regarding,0.9766
recommendation,0.9700
task modeled,0.9706
using,0.9718
analysis,0.9723
favorite,0.9704
task,0.9732
comparison,0.9816
training,0.9706
method,0.9793
meta,0.9766
learning paradigm,0.9745
significant,0.9708
comparison using,0.9722
model,0.9710
facilitate,0.9725
modeled,0.9745
problem,0.9702
paradigm,0.9754
system,0.9714
compared,0.9725
framework,0.9755
method via,0.9726
recommendation,0.9744
task modeled,0.9717
recommendation model,0.9760
meta auxiliary learning,0.9743
meta learning,1.0000
self learning,0.9713
classification,1.0000
classified,0.9715
spectrum used training,0.9706
model,0.9760
classification based,0.9748
classification spec,0.9785
system,0.9731
based,0.9711
classification volatile,0.9753
spectral,0.9714
wavelength,0.9753
using,0.9718
organic,0.9700
transfer,0.9737
using transfer,0.9710
training,0.9706
spectrum,0.9736
activation,0.9733
emission,0.9718
generation,0.9730
spectra,0.9758
potential using,0.9740
homemade,0.9704
ann model,0.9705
model,0.9710
device,0.9735
using con,0.9709
using model trained,0.9705
behavior,0.9766
initial,0.9701
system,0.9714
based,0.9740
regression,1.0000
grouped,0.9762
spectrum used,0.9701
vo using,0.9703
plasma,0.9739
micro,0.9712
neural,0.9757
classification volatile,0.9725
spectral,0.9769
transfer learning,0.9757
deep learning learning,0.9727
category,0.9777
including set,0.9704
type,0.9710
method transfer,0.9712
perspective,0.9721
cutting research,0.9709
system,0.9731
prediction however,0.9743
aspect,0.9724
method multiple,0.9707
decision,0.9717
progress multi,0.9700
transfer,0.9737
understanding,0.9711
perspective scala,0.9735
category,0.9753
method,0.9793
meta,0.9766
induction,0.9796
scala,0.9734
cutting,0.9773
scale,0.9712
focus,0.9740
application,0.9766
type,0.9749
method transfer,0.9773
outlined,0.9712
behavior,0.9766
prediction,0.9808
perspective,0.9766
cutting research,0.9731
paradigm,0.9754
system,0.9714
multiple,0.9713
method systematically,0.9702
multi,0.9774
aspect bench,0.9766
prediction however,0.9746
dimensional,0.9783
system cutting,0.9731
neural,0.9757
reinforcement,0.9727
transfer learning,0.9757
meta learning,1.0000
multi learning,0.9757
model,0.9760
condition,0.9700
based,0.9711
diagnosis,0.9738
crucial,0.9753
analysis,0.9723
tackled,0.9716
method,0.9793
suggested,0.9718
significant,0.9708
accurately,0.9702
affect,0.9746
bacterial,0.9748
spot,0.9715
model,0.9710
requires,0.9727
precision,0.9771
deliver,0.9708
prosperous,0.9743
costing,0.9738
cash,0.9724
based,0.9740
leaf,0.9754
process,0.9719
task,0.9709
based anomaly,0.9708
distance,0.9712
model,0.9760
system,0.9731
based,0.9711
task multiple,0.9707
task,0.9732
based anomaly,0.9732
simulation,0.9750
training,0.9706
method,0.9793
meta,0.9766
anomaly,0.9749
effectively,0.9727
drift,0.9751
distance,0.9723
divide,0.9737
model,0.9710
utilize,0.9766
system,0.9714
based,0.9740
multiple,0.9713
framework anomaly,0.9737
framework,0.9755
difficult,0.9709
effectively difficult,0.9701
general feature learning,0.9744
meta learning,1.0000
feature learning,0.9733
ability,0.9706
model,0.9760
based,0.9711
module gum,0.9706
testing,0.9720
module,0.9702
classify,0.9730
pseudo,0.9712
compared,0.9725
method,0.9793
approach,0.9710
furthermore soft,0.9722
proving,0.9759
model,0.9710
ref module,0.9714
based,0.9740
pseudo based,0.9732
semantic,0.9805
module gum,0.9718
testing,0.9763
approach divide,0.9703
margin else,0.9723
degradation,0.9718
module,0.9760
prediction,0.9808
data large,0.9713
cross problem metal,0.9730
labeled,0.9759
experiment,0.9701
dual,0.9724
problem metal,0.9746
classify,0.9775
training,0.9706
furthermore,0.9701
problem,0.9702
current approach divide,0.9703
divide,0.9737
comparison,0.9779
processing,0.9724
model focus,0.9732
model,0.9760
specifically approach,0.9704
decision,0.9717
flow,0.9768
delay,0.9707
fuzzy,0.9728
outer model focus,0.9720
comparison,0.9816
simulation,0.9750
training,0.9706
processing,0.9798
meta,0.9766
significant,0.9708
scala,0.9734
model focus,0.9725
focus,0.9740
application,0.9766
approach,0.9710
model,0.9710
request,0.9710
logic,0.9790
initial,0.9701
problem,0.9702
multiple,0.9713
process,0.9719
multi,0.9774
determination,0.9705
specifically approach,0.9729
reinforcement,0.9727
decision outer model,0.9705
decision outer model,0.9730
meta learning,1.0000
focus learning,0.9728
model widely,0.9739
model,0.9760
advantage,0.9712
system,0.9731
series prevailing health,0.9760
observation,0.9740
analysis,0.9723
model widely,0.9758
useful,0.9749
method,0.9793
scala,0.9734
industrial case meanwhile,0.9704
model,0.9710
capability,0.9705
prediction,0.9808
system,0.9714
compared,0.9725
process,0.9719
neural,0.9757
data learning,0.9768
problem although,0.9707
using high racing,0.9716
system,0.9731
using,0.9718
problem incorporating,0.9763
simulation,0.9750
performance reinforcement,0.9712
derived,0.9719
operating,0.9702
method,0.9793
meta,0.9766
problem although,0.9728
method achieving,0.9724
effectively,0.9727
including phenomenon sparse,0.9724
approach,0.9710
notably,0.9708
phenomenon sparse,0.9724
phenomenon extensive,0.9719
nevertheless implementing,0.9707
problem,0.9702
approach address,0.9718
system,0.9714
compared,0.9725
incorporating,0.9746
fusion,0.9739
constrained,0.9744
overcome,0.9707
solution,0.9740
process,0.9719
implementing,0.9724
reinforcement,0.9727
meta learning,1.0000
ability,0.9706
classification,1.0000
task,0.9709
model rely,0.9721
tired result,0.9723
influence,0.9730
model,0.9760
classification task,0.9741
system,0.9731
based,0.9711
task,0.9732
technique named,0.9707
model rely,0.9771
labeled,0.9759
training,0.9706
method,0.9793
meta,0.9766
method achieve,0.9722
influence,0.9709
model,0.9710
initial,0.9701
problem,0.9702
system,0.9714
based,0.9740
licence,0.9701
rely,0.9709
ability model,0.9730
general ability model,0.9785
learning model,0.9744
metric learning,0.9741
self learning,0.9713
ability,0.9706
task,0.9709
task rare,0.9708
leverage,0.9704
based,0.9711
module,0.9702
diagnosis,0.9738
boost,0.9739
task,0.9732
empirical show ml,0.9707
method rare,0.9754
empirical,0.9751
module ml,0.9710
prevalence,0.9718
method,0.9793
meta,0.9766
synthetic,0.9750
comparing,0.9738
diagnosed,0.9736
data empirical,0.9724
data ml,0.9740
data synthetic,0.9738
prediction,0.9808
em use,0.9708
leverage,0.9770
based,0.9740
module,0.9760
weight,0.9702
meta learning,1.0000
ability,0.9706
classification,1.0000
task,0.9709
performance classification,0.9774
system classification,0.9817
model need,0.9727
model,0.9760
classification task,0.9741
classify,0.9730
classification code,0.9721
system,0.9731
classification previous,0.9798
based,0.9711
addressing,0.9701
based node,0.9703
using,0.9718
transfer,0.9737
task,0.9732
labeling,0.9769
diverse,0.9721
labeled,0.9759
training,0.9706
important,0.9712
method,0.9793
meta,0.9766
highlighting,0.9733
meta wide,0.9711
system classification,0.9736
approach,0.9710
model need,0.9766
model,0.9710
problem important,0.9708
experiment,0.9701
utilize,0.9766
classify,0.9775
problem,0.9702
minimal,0.9707
system,0.9714
incorporating,0.9746
based,0.9740
addressing,0.9752
framework,0.9755
difficult,0.9709
allowing,0.9746
model need classify,0.9724
neural,0.9757
graph learning,0.9700
based learning,0.9701
network learning,0.9773
classification,1.0000
task,0.9709
pattern,0.9725
method improving,0.9710
model,0.9760
classification task,0.9741
classify,0.9730
system,0.9731
tuning,0.9728
observation,0.9740
task,0.9732
task euros,0.9701
labeled,0.9759
empirical,0.9751
training,0.9706
method,0.9793
method achieve,0.9722
pattern,0.9783
significant,0.9708
accurately,0.9702
optic,0.9717
nearly image agriculture,0.9709
approach,0.9710
model,0.9710
semantic,0.9805
approach however,0.9705
contrast,0.9753
classify,0.9775
system,0.9714
compared,0.9725
tuning,0.9731
framework,0.9755
data large,0.9713
method learning,0.9784
data learning,0.9768
information learning,0.9783
