Word,Similarity
task requires,0.9714
task,0.9709
requires analysis,0.9718
process,0.9719
analysis,0.9723
meta,0.9766
requires,0.9727
nevertheless analytic,0.9712
analyzing,0.9721
task,0.9732
transfer,0.9737
task requires analysis,0.9707
logical,0.9726
therapy,0.9710
distinguish,0.9732
proto,0.9722
task requires analysis,0.9733
task requires,0.9736
requires analysis,0.9796
task requires analysis,0.9777
therapy,0.9701
higher logical level,0.9720
learning coordinated abstraction,0.9705
orders,0.9712
problem,0.9702
data metal,0.9750
relatively,0.9704
multiple,0.9713
approach,0.9710
compared,0.9725
memory,0.9722
problem main,0.9714
empirical,0.9751
importance,0.9708
prediction,0.9808
problems,0.9714
techniques,0.9762
partition,0.9703
data metal,0.9763
problem main,0.9707
comparative evaluation,0.9708
large data,0.9736
data,0.9753
evidence,0.9721
techniques,0.9739
systems,0.9719
data detail several,0.9703
classification,1.0000
techniques central automated,0.9715
metal strategies,0.9743
training,0.9706
using,0.9718
multiple,0.9713
approach,0.9710
analysis,0.9723
independently,0.9753
meta,0.9766
combining,0.9738
multi,0.9774
prediction,0.9808
sequence,0.9712
techniques,0.9762
automated,0.9730
resulting,0.9707
methods,0.9794
multi learning,0.9757
meta learning,1.0000
meta learning,0.9744
data detail several,0.9790
techniques central automated,0.9738
metal strategies,0.9759
classification,0.9741
algorithms improve,0.9712
hence approach,0.9746
systems hence,0.9737
techniques central,0.9735
systems hence approach,0.9753
strategies combining,0.9727
data,0.9753
techniques,0.9739
systems,0.9719
data detail,0.9707
methods,0.9773
classification,0.9750
multi learning,0.9773
meta learning,0.9841
meta learning,0.9733
multi learning learning,0.9723
meta learning,0.9733
type,0.9710
indicators,0.9739
assumptions,0.9730
complementary,0.9778
planners,0.9750
concepts,0.9761
useful,0.9749
expectations,0.9719
type,0.9749
theories,0.9758
technological,0.9725
product concept,0.9710
indicators,0.9774
used relate technology,0.9764
assumptions,0.9746
industry used,0.9703
product concept,0.9746
type,0.9711
indicators,0.9716
type,0.9704
models,0.9742
metal strategies,0.9743
meta,0.9766
models,0.9707
meta learning,1.0000
meta learning,0.9744
data proposed,0.9729
metal strategies,0.9759
data overlap,0.9772
models,0.9730
data,0.9753
available data would,0.9721
database,0.9726
database,0.9710
meta learning,0.9841
meta learning,0.9733
meta learning,0.9733
systemic,0.9760
process taylor,0.9780
investigation,0.9721
process,0.9719
interests,0.9721
analysis,0.9723
understanding,0.9711
curriculum,0.9729
patterns,0.9746
process taylor,0.9714
pathway,0.9726
significantly,0.9725
problem,0.9702
seeking,0.9702
significant,0.9708
process concept,0.9707
process,0.9719
tool,0.9715
answers,0.9707
concepts,0.9761
abilities,0.9702
concept mapping metal,0.9702
problems,0.9714
procedures,0.9731
process concept,0.9728
concept mapping,0.9712
process concept,0.9830
concept mapping,0.9773
cooperative individual concept,0.9739
implications findings research,0.9703
test,0.9727
concept mapping metal,0.9739
pathway,0.9701
procedures,0.9722
pathway,0.9717
concept mapping,0.9717
factor,0.9727
factor use,0.9735
instruction,0.9728
ability,0.9706
task,0.9709
feedback,0.9738
factor,0.9740
significantly,0.9725
embedded,0.9767
using,0.9718
instructional,0.9780
instruction,0.9706
tool,0.9715
analysis,0.9723
assessment,0.9766
treatment,0.9705
treatments,0.9736
task,0.9732
feedback,0.9779
allowing,0.9746
hyper,0.9739
sequence,0.9712
factor use,0.9746
factor use metal,0.9708
control sequence,0.9705
task study,0.9751
factor use,0.9794
factor use metal,0.9784
instructional,0.9700
also factor use,0.9701
instruction,0.9737
control sequence,0.9751
task study,0.9783
assessment,0.9728
treatment,0.9706
instrument indicated,0.9707
feedback,0.9743
may also factor,0.9701
assessment instrument indicated,0.9730
data,0.9753
control sequence,0.9705
task study,0.9717
capability offers way,0.9725
systems however,0.9707
expert system,0.9707
model,0.9760
task,0.9709
models,0.9742
system,0.9731
testing,0.9720
capability offers,0.9720
expert systems,0.9708
system evident,0.9767
generation,0.9730
techniques improve,0.9708
expert,0.9727
grip mathematical,0.9768
package,0.9705
multi,0.9774
capability,0.9705
model,0.9710
task,0.9732
models,0.9707
techniques,0.9762
system,0.9714
testing,0.9763
systems grip,0.9714
expert systems,0.9707
evident,0.9754
problems,0.9714
general learning,0.9729
multi learning,0.9757
knowledge learning,0.9820
techniques improve,0.9715
model use,0.9756
expert system,0.9774
expert systems,0.9736
multi learning model,0.9832
general learning model,0.9826
learning model,0.9890
learning model use,0.9752
system evident,0.9756
capability offers way,0.9706
systems however,0.9734
system evident complex,0.9774
techniques improve,0.9777
environment proposed model,0.9765
grip mathematical,0.9718
model use,0.9830
systems,0.9719
expert systems grip,0.9729
expert system,0.9806
model,0.9791
black systems,0.9716
selection implemented,0.9703
models,0.9730
techniques,0.9739
system,0.9758
testing,0.9705
capability offers,0.9718
systems grip,0.9747
expert systems,0.9818
task resource allocation,0.9734
hand example proposed,0.9704
expert system,0.9720
model,0.9705
system,0.9708
general learning,0.9878
multi learning,0.9773
knowledge learning,0.9707
learning black systems,0.9731
learning model,0.9721
robot learning,0.9740
general learning model,0.9711
specific,0.9720
conditions,0.9754
model,0.9760
task,0.9709
system,0.9731
expert systems,0.9708
aspect,0.9724
problem,0.9702
specific,0.9773
behavioral,0.9731
problem simulations,0.9737
memory,0.9722
simulations,0.9706
expert,0.9727
instructional,0.9780
integration,0.9721
empirical,0.9751
likewise retrieval,0.9724
conditions,0.9714
practice,0.9713
model,0.9710
using,0.9718
analysis,0.9723
task,0.9732
retrieval,0.9759
framework,0.9755
simulations self,0.9718
simulation,0.9750
system,0.9714
expert systems,0.9707
drill,0.9704
task simulations,0.9710
expert systems,0.9736
planning model,0.9734
instructional strategies model,0.9786
strategy planning model,0.9734
strategies model,0.9753
planning model,0.9795
problem simulations,0.9743
using metal theory,0.9708
model links,0.9718
strategies improve,0.9707
instructional,0.9700
strategies include,0.9751
integration,0.9706
conditions,0.9767
systems,0.9719
model,0.9791
framework,0.9765
expert systems provide,0.9736
system,0.9758
task simulations,0.9742
strategies model,0.9723
expert systems,0.9818
strategies include problem,0.9777
systems provide,0.9746
planning model,0.9752
model presented,0.9708
model,0.9705
system,0.9708
planning model,0.9751
planning model,0.9714
instruction,0.9728
instruction,0.9706
approach,0.9710
framework,0.9755
program,0.9703
curriculum,0.9729
instruction,0.9737
framework,0.9765
problem,0.9702
process,0.9719
resolution,0.9740
paradigm,0.9754
project,0.9737
interest,0.9730
process called,0.9737
outlines,0.9735
action learning,0.9728
negotiation alternative,0.9776
methodology team building,0.9729
collaborative process called,0.9708
methodology team building,0.9775
process called,0.9739
action learning,0.9727
model,0.9760
key concepts,0.9733
certain,0.9732
model,0.9710
concepts,0.9761
difficult,0.9709
density taught,0.9734
teachers found,0.9700
model,0.9791
ad model,0.9712
key concepts,0.9787
density taught,0.9731
model,0.9705
based,0.9711
typically,0.9702
processing,0.9724
approach,0.9710
memory,0.9722
commonly,0.9730
data scale,0.9720
based,0.9740
problems boost,0.9724
tree strategy,0.9742
crucial,0.9753
systems seek,0.9710
boost,0.9739
scaling,0.9777
scale,0.9712
important,0.9712
typically,0.9705
compare,0.9728
processing,0.9798
problems,0.9714
knowledge discoveries database,0.9739
related approach,0.9748
database knowledge,0.9809
related approach,0.9773
data,0.9753
data scale,0.9830
problems boost,0.9726
tree strategy,0.9764
topic advent wide,0.9743
systems seek,0.9724
systems,0.9719
crucial problems,0.9761
data reduction,0.9714
crucial problems study,0.9730
database,0.9726
processing,0.9709
data scale,0.9701
database,0.9710
behavior,0.9766
contrast,0.9753
training,0.9706
scales,0.9754
experiment,0.9701
meta,0.9766
reveal,0.9714
concepts,0.9761
administered,0.9712
claimed,0.9710
laboratory training argues,0.9739
model,0.9760
clients,0.9725
systemic,0.9760
method plural,0.9710
systemic plural,0.9713
context,0.9710
reflecting,0.9707
method,0.9793
model,0.9710
process,0.9719
dimensions,0.9730
ex theories informed,0.9706
useful,0.9749
inquiry,0.9730
theories,0.9758
problematic,0.9768
method,0.9768
pr encourages,0.9707
contingent methodology,0.9771
range method,0.9703
methodology seen,0.9708
learning method,0.9803
systemic plural method,0.9763
learning method,0.9710
development learning method,0.9732
learning method,0.9875
systemic plural,0.9709
context,0.9746
method,0.9789
model,0.9791
different theories reflecting,0.9724
fa consciousness compete,0.9711
pr encourages,0.9759
contingent methodology,0.9774
different theories,0.9739
methodology seen,0.9768
learning method,0.9713
consciousness compete,0.9701
systems,0.9719
systemic plural method,0.9756
method,0.9707
model,0.9705
