Word,Similarity
grading,0.9729
backdrop current study,0.9728
reporting,0.9705
backdrop,0.9716
grading,0.9769
certification,0.9743
isolation,0.9737
screening,0.9785
application,0.9766
meta,0.9766
scala,0.9734
outlined,0.9712
orientation,0.9730
implication,0.9732
model recent,0.9775
model,0.9760
model multiple,0.9732
lever,0.9737
multiple,0.9713
model recent,0.9766
model,0.9710
process,0.9719
batch,0.9702
framework,0.9755
training,0.9706
conditioned,0.9709
inference,0.9787
focused,0.9710
method,0.9793
analysis,0.9723
general model,0.9804
domain general model,0.9816
classification,1.0000
spectral,0.9714
category,0.9777
based,0.9711
ability,0.9706
system,0.9731
model,0.9760
condition,0.9700
spectrum,0.9736
joint,0.9700
transfer,0.9737
experiment,0.9701
fusion strategy,0.9705
dimensional,0.9783
useful hs,0.9715
experiment carried,0.9713
spectral,0.9769
category,0.9753
mechanism,0.9777
based,0.9740
fusion,0.9739
labeled,0.9759
hyper,0.9739
system,0.9714
useful,0.9749
model,0.9710
system transfer,0.9716
extraction,0.9750
sensitivity,0.9727
method,0.9793
method achieve,0.9722
transfer learning,0.9757
data learning,0.9768
system,0.9731
sensor cross,0.9741
model,0.9760
neural,0.9757
classic,0.9710
modeling low,0.9719
system,0.9714
initial,0.9701
regression,1.0000
measurement,0.9807
sensor cross,0.9761
sensor,0.9742
model,0.9710
cal cost learning,0.9706
using,0.9718
compensate,0.9740
sensitivity,0.9727
sensor metal,0.9703
temperature,0.9732
input,0.9716
cost learning,0.9713
classification di,0.9813
classification,1.0000
specific,0.9720
comprehensive investigate effectiveness,0.9727
system,0.9731
model,0.9760
model due,0.9748
choice,0.9764
analyze,0.9748
project,0.9737
comprehensive investigate,0.9705
approach,0.9710
data metal,0.9750
tackle,0.9713
specific,0.9773
temperature,0.9732
due domain,0.9734
labeled,0.9759
meta,0.9766
analysis,0.9723
ban approach,0.9727
overcome,0.9707
system,0.9714
model,0.9710
training,0.9706
multi,0.9774
setup,0.9754
contribution tackle,0.9702
quantitative,0.9735
baseline model achieve,0.9714
class baseline model,0.9731
performance baseline model,0.9727
baseline model,0.9820
multi learning,0.9757
classification,1.0000
processing,0.9724
data aug using,0.9728
uniquely control,0.9736
system,0.9731
model,0.9760
processing,0.9798
framework,0.9755
using,0.9718
constrained,0.9744
diverse,0.9721
sample around,0.9708
research control na,0.9710
important,0.9712
contrast,0.9753
natural,0.9713
generation,0.9730
pseudo,0.9712
strictly,0.9749
classic,0.9710
multiple,0.9713
system,0.9714
model,0.9710
proving,0.9759
transform,0.9777
ag control,0.9709
uniquely,0.9742
insertion model,0.9748
recognition bench,0.9711
type,0.9710
category,0.9777
task,0.9709
testing,0.9720
analyze,0.9748
transfer,0.9737
approach,0.9710
recognition bench,0.9702
architectural,0.9711
type,0.9749
general realization,0.9705
category,0.9753
contrast,0.9753
task,0.9732
survey,0.9702
meta,0.9766
commonly,0.9730
analysis,0.9723
requires,0.9727
training,0.9706
testing,0.9763
extraction,0.9750
eventually introduce,0.9703
protocol,0.9751
transfer learning,0.9757
meta learning,1.0000
learning transfer,0.9728
processing,0.9724
despite progress bring,0.9703
system,0.9731
frequency,0.9763
processing,0.9798
incorporate,0.9737
framework,0.9755
approach,0.9710
approach suffer,0.9713
application,0.9766
natural,0.9713
em approach,0.9723
context,0.9710
requires,0.9727
system,0.9714
training,0.9706
semantic,0.9805
multi,0.9774
method,0.9793
system knowledge,0.9729
function learning,0.9770
application learning,0.9740
system,0.9731
task,0.9709
putting,0.9705
scala,0.9734
system,0.9714
task,0.9732
transforming,0.9713
game induce,0.9707
process,0.9719
catastrophic,0.9715
training,0.9706
scale,0.9712
problem,0.9702
using,0.9718
process carried,0.9733
method,0.9793
su catastrophic forgetting,0.9720
method learning,0.9784
feature learning,0.9733
learning method,0.9746
scale method,0.9762
scale method putting,0.9709
process method,0.9722
ac method,0.9728
classification,1.0000
brain sequence,0.9701
type,0.9710
network weight,0.9710
task,0.9709
classification sequence,0.9703
ability,0.9706
testing,0.9720
analyzed,0.9709
neural,0.9757
using,0.9718
process,0.9719
type,0.9749
network weight,0.9747
selective mu,0.9760
application,0.9766
task,0.9732
sequence,0.9712
generation,0.9730
relatively,0.9704
particularly,0.9703
mutation,0.9739
principle,0.9763
parent,0.9701
weight,0.9702
training,0.9706
reinforcement,0.9727
testing,0.9763
regime,0.9733
analyzed,0.9764
classification,1.0000
bias,0.9723
spectral,0.9714
based,0.9711
task,0.9709
model,0.9760
neural,0.9757
focus,0.9740
curriculum,0.9729
bias,0.9780
aligned,0.9747
transfer,0.9737
approach,0.9710
based approach neural,0.9701
kernel,0.9734
proposal,0.9717
vision transform,0.9704
proposal contrast,0.9701
spectral,0.9769
hypothesis,0.9774
contrast,0.9753
based,0.9740
contrasting,0.9750
task,0.9732
filtering,0.9771
supervision,0.9727
pseudo,0.9712
model,0.9710
cluster reinforcement,0.9719
diffusion,0.9812
semantic,0.9805
reinforcement,0.9727
multi,0.9774
transform,0.9777
dual,0.9724
transfer learning,0.9757
kernel learning,0.9773
cross learning,0.9846
alignment learning,0.9705
cross cross learning,0.9701
classification,1.0000
task decision,0.9744
model selection,0.9707
classification task decision,0.9781
classification task,0.9741
task,0.9709
system,0.9731
model,0.9760
split,0.9712
facilitate,0.9725
empirical,0.9751
decision,0.9717
model selection,0.9766
prediction,0.9808
task,0.9732
behavior,0.9766
analyzing,0.9721
validation,0.9739
standard,0.9735
system,0.9714
model,0.9710
understanding,0.9711
training,0.9706
practice,0.9713
auto learning,0.9782
empirical learning,0.9776
classification,1.0000
task related,0.9735
recommendation,0.9700
gap,0.9707
task specific,0.9750
classification task,0.9741
specific,0.9720
module,0.9702
based,0.9711
task,0.9709
system,0.9731
model,0.9760
perspective,0.9721
neural,0.9757
problem metal,0.9746
problem,0.9702
approach,0.9710
experiment,0.9701
data metal,0.9750
recommendation,0.9744
effective attention,0.9708
capability,0.9705
deep neural,0.9743
task specific,0.9724
specific,0.9773
network proven,0.9702
module,0.9760
input,0.9716
mechanism,0.9777
based,0.9740
task,0.9732
system,0.9714
model,0.9710
weight,0.9702
training,0.9706
perspective,0.9766
unrelated,0.9737
method,0.9793
based massive,0.9710
disrupt,0.9701
novel attention method,0.9763
bench valid method,0.9710
attention method,0.9730
classification,1.0000
bias,0.9723
spectral,0.9714
based,0.9711
task,0.9709
model,0.9760
neural,0.9757
focus,0.9740
curriculum,0.9729
bias,0.9780
aligned,0.9747
transfer,0.9737
approach,0.9710
based approach neural,0.9701
kernel,0.9734
proposal,0.9717
vision transform,0.9704
proposal contrast,0.9701
spectral,0.9769
hypothesis,0.9774
contrast,0.9753
based,0.9740
contrasting,0.9750
task,0.9732
filtering,0.9771
supervision,0.9727
pseudo,0.9712
model,0.9710
cluster reinforcement,0.9719
diffusion,0.9812
semantic,0.9805
reinforcement,0.9727
multi,0.9774
transform,0.9777
dual,0.9724
transfer learning,0.9757
kernel learning,0.9773
cross learning,0.9846
alignment learning,0.9705
cross cross learning,0.9701
classification,1.0000
class however,0.9733
classification seen,0.9800
effective classification,0.9776
task proposed,0.9730
task,0.9709
classify,0.9730
system,0.9731
model,0.9760
metal task proposed,0.9722
problem,0.9702
experiment,0.9701
method sar,0.9747
effectively,0.9727
effective classify,0.9712
task,0.9732
analysis,0.9723
classify,0.9775
aperture,0.9700
system,0.9714
model,0.9710
method metal,0.9711
os synthetic,0.9720
effective classify seen,0.9704
solution,0.9740
distinguish,0.9732
system synthetic,0.9726
metal task proposed,0.9711
synthetic,0.9750
method,0.9793
transform,0.9777
loss help model,0.9758
help model,0.9700
class feature,0.9708
space learning,0.9793
effectiveness method,0.9733
learning method metal,0.9715
task proposed method,0.9728
sar method,0.9703
learning method,0.9746
based survey,0.9709
distance,0.9712
addressing,0.9701
based,0.9711
survey administered,0.9701
ability,0.9706
conclusion,0.9713
condition,0.9700
analyzed,0.9709
addressing explaining,0.9723
transition,0.9810
framework,0.9755
distance,0.9723
empirical,0.9751
pan,0.9727
basis,0.9776
sampling,0.9746
furthermore,0.9701
addressing,0.9752
important,0.9712
favor academic,0.9704
based,0.9740
administered,0.9712
survey,0.9702
survey administered,0.9712
insight,0.9762
flexible,0.9744
plan,0.9751
understanding,0.9711
transition full,0.9720
method,0.9793
analyzed,0.9764
designing learning,0.9715
self learning,0.9713
recommendation,0.9700
preference,0.9754
processing,0.9724
system,0.9731
model,0.9760
generally interaction,0.9715
recommendation,0.9744
preference,0.9708
processing,0.9798
combining,0.9738
system,0.9714
market,0.9717
model,0.9710
batch,0.9702
problem,0.9702
compared,0.9725
method bench,0.9776
using,0.9718
market using,0.9741
meta,0.9766
generally interaction,0.9721
method,0.9793
data hybrid,0.9748
cause model,0.9784
meta learning,1.0000
cm method recommend,0.9744
classification,1.0000
based deep,0.9701
system cp,0.9705
system classification,0.9817
position,0.9711
based,0.9711
system,0.9731
model,0.9760
neural,0.9757
focus,0.9740
method subway,0.9726
fault diagnosis,0.9701
combining,0.9738
framework,0.9755
transfer,0.9737
based deep,0.9713
surveillance,0.9701
approach,0.9710
based metal,0.9717
prediction,0.9808
system cp,0.9756
process,0.9719
integration,0.9721
predicting,0.9774
system classification,0.9736
method based,0.9701
temperature,0.9732
contrast,0.9753
mechanism,0.9777
based,0.9740
approach combining,0.9721
filtering,0.9771
overhaul,0.9718
enabled,0.9716
neighbor,0.9701
analysis,0.9723
analyzing,0.9721
operating,0.9702
system,0.9714
model,0.9710
monitoring,0.9724
diagnosis,0.9738
multi,0.9774
practice,0.9713
method,0.9793
dual,0.9724
detection method subway,0.9708
detection method,0.9740
classification,1.0000
classification task,0.9741
type,0.9710
based,0.9711
task,0.9709
selection classification,0.9700
model initial,0.9705
task consisting,0.9750
system,0.9731
model,0.9760
framework,0.9755
problem,0.9702
approach,0.9710
using,0.9718
integrating,0.9786
initial,0.9701
type,0.9749
difficult,0.9709
based,0.9740
task,0.9732
model initial,0.9726
validation,0.9739
system,0.9714
model,0.9710
crypt,0.9744
multi,0.9774
approach based model,0.9716
approach based model,0.9811
learning model,0.9744
deep learning model,0.9706
parameter model,0.9767
image model,0.9754
deep learning learning,0.9727
image learning,0.9742
classification,1.0000
distance,0.9712
global classification,0.9856
based,0.9711
task,0.9709
classify,0.9730
model,0.9760
comparison,0.9779
neural,0.9757
distance,0.9723
approach,0.9710
deep neural,0.9743
input,0.9716
application,0.9766
based,0.9740
task,0.9732
distinctive,0.9731
proto,0.9722
meta,0.9766
classify,0.9775
model,0.9710
training,0.9706
topology,0.9721
distinguish,0.9732
comparison,0.9816
method,0.9793
comparison model,0.9723
comparison model,0.9799
model vox data,0.9705
model comparison model,0.9793
classification,1.0000
work compared,0.9714
based,0.9711
phase,0.9702
system,0.9731
model,0.9760
genetic metal,0.9726
boost,0.9739
effectively using,0.9732
approach,0.9710
second phase deep,0.9714
using,0.9718
algorithm trained,0.9724
dimensional,0.9783
prediction,0.9808
precision,0.9771
effectively,0.9727
stroke,0.9732
based,0.9740
regression,1.0000
phase,0.9749
compared,0.9725
neighbor,0.9701
analysis,0.9723
hyper,0.9739
system,0.9714
model,0.9710
method,0.9793
opt model,0.9705
learning model,0.9744
deep learning learning,0.9727
model backbone,0.9704
matching across,0.9714
pattern,0.9725
ability,0.9706
system,0.9731
model,0.9760
choice,0.9764
leverage,0.9704
therefore lack,0.9723
degradation,0.9718
model backbone,0.9761
depending,0.9728
furthermore leverage,0.9728
importance,0.9708
rely,0.9709
coarse,0.9707
process,0.9719
furthermore,0.9701
effectively,0.9727
setting,0.9718
capture,0.9703
input,0.9716
mechanism,0.9777
pattern,0.9783
compared,0.9725
varies,0.9721
mechanism match scale,0.9720
fixed,0.9705
multiple,0.9713
system,0.9714
model,0.9710
weight,0.9702
scale,0.9712
multi,0.9774
transform,0.9777
localized,0.9729
leverage,0.9770
learning model,0.9744
index feature,0.9711
distance,0.9712
gap,0.9707
typically,0.9702
typically learning,0.9725
distance,0.9723
problem,0.9702
adjusting,0.9748
tackle,0.9713
effectively,0.9727
analysis mini,0.9727
retrieval,0.9759
data mini,0.9719
analysis,0.9723
typically,0.9705
typically learning,0.9725
method consistently,0.9728
method,0.9793
metric learning,0.9741
model extensive,0.9718
model able,0.9731
considering general,0.9715
model,0.9760
focus,0.9740
framework,0.9755
model extensive,0.9765
transfer,0.9737
problem,0.9702
experiment,0.9701
prediction,0.9808
effortlessly,0.9716
model able,0.9714
setting,0.9718
application,0.9766
integrated,0.9716
etc argue,0.9722
sequence,0.9712
meta,0.9766
usually focus,0.9704
multiple,0.9713
model,0.9710
multi,0.9774
prediction model,0.9710
multiple prediction model,0.9709
prediction model,0.9729
transfer learning,0.9757
meta learning,1.0000
cross meta learning,0.9794
meta learning trajectory,0.9720
social cue,0.9703
factor,0.9727
task requirement,0.9721
data contrast,0.9709
requirement,0.9703
model treat,0.9748
influence,0.9730
task,0.9709
sp model taking,0.9724
model taking,0.9779
system,0.9731
model hind,0.9703
model,0.9760
perspective,0.9721
condition,0.9700
model hind general,0.9762
spectrum,0.9736
factor,0.9740
interacting,0.9739
approach,0.9710
empirical,0.9751
assumption,0.9770
ag behavior,0.9723
crucial,0.9753
dependent,0.9760
data contrast,0.9772
evidence social,0.9714
requirement,0.9742
process,0.9719
predicting,0.9774
etc influence,0.9711
suggests,0.9712
model treat,0.9760
setting,0.9718
contrast,0.9753
influence,0.9709
overlooked,0.9718
task,0.9732
sp model taking,0.9718
sequence,0.9712
context,0.9710
model taking,0.9760
behavior,0.9766
system,0.9714
sp model treat,0.9702
model,0.9710
training,0.9706
perspective,0.9766
synthetic,0.9750
model hind general,0.9732
process sp model,0.9708
dynamic learning,0.9763
based,0.9711
model,0.9760
perimeter,0.9721
framework,0.9755
facilitate,0.9725
approach,0.9710
empirical,0.9751
using,0.9718
decision,0.9717
extend,0.9711
process,0.9719
adoption,0.9702
framework lead explain,0.9727
based,0.9740
behavioral,0.9731
evaluation however,0.9714
meta,0.9766
model,0.9710
understanding,0.9711
observation,0.9740
reality extend model,0.9714
meta learning,1.0000
type,0.9710
based,0.9711
task,0.9709
generalized across,0.9721
ability,0.9706
system,0.9731
model,0.9760
transfer,0.9737
data seldom,0.9708
initial,0.9701
type,0.9749
application,0.9766
based,0.9740
weighted,0.9760
task,0.9732
generalized across,0.9727
compared,0.9725
labeled,0.9759
meta,0.9766
commonly,0.9730
scala,0.9734
multiple,0.9713
system,0.9714
model,0.9710
considered,0.9732
method commonly,0.9734
method,0.9793
learning ability model,0.9712
ability model,0.9730
transfer learning,0.9757
data proposed method,0.9707
learning method,0.9746
problem whereas,0.9703
among task,0.9723
specific model,0.9709
position,0.9711
specific,0.9720
considering difficulty,0.9701
influence,0.9730
task,0.9709
considering difficulty collecting,0.9720
data without considering,0.9726
setting unfortunately,0.9700
model leading universal,0.9708
model leading,0.9765
system,0.9731
specific model leading,0.9734
model,0.9760
data without,0.9715
identifying,0.9714
framework,0.9755
problem,0.9702
experiment,0.9701
initial,0.9701
rely,0.9709
tackle,0.9713
problem whereas,0.9749
setting,0.9718
specific,0.9773
important,0.9712
application,0.9766
mechanism,0.9777
influence,0.9709
task,0.9732
setting unfortunately,0.9718
sequence,0.9712
method rely,0.9750
model leading universal,0.9751
framework tackle,0.9719
model leading,0.9771
system,0.9714
specific model leading,0.9727
model,0.9710
training,0.9706
solution,0.9740
setting unfortunately forcibly,0.9703
anomaly,0.9749
data without,0.9736
method,0.9793
identifying,0.9724
solution ni model,0.9740
l mechanism model,0.9724
mechanism model,0.9764
detection method network,0.9703
detection method,0.9740
mechanism model,0.9712
processing,0.9724
requirement,0.9703
power,0.9723
module utilizes,0.9706
module,0.9702
task,0.9709
model,0.9760
condition,0.9700
testing,0.9720
device,0.9735
processing,0.9798
task medical,0.9701
residual,0.9764
approach,0.9710
using,0.9718
imaging,0.9774
algorithm medical,0.9722
requirement,0.9742
prediction,0.9808
directly,0.9718
important,0.9712
module,0.9760
difficult,0.9709
task,0.9732
compared,0.9725
meta,0.9766
multiple,0.9713
model,0.9710
weight,0.9702
resolving,0.9738
scale,0.9712
compensate,0.9740
multi,0.9774
testing,0.9763
resolution,0.9740
meta learning,1.0000
feedback,0.9738
sensor,0.9742
feedback,0.9779
mechanism,0.9777
sensor learning,0.9772
based,0.9711
system,0.9731
model,0.9760
opt initial,0.9731
problem,0.9702
approach,0.9710
using,0.9718
experiment,0.9701
imaging,0.9774
initial,0.9701
effectively,0.9727
addition utilize,0.9719
important,0.9712
based,0.9740
magnetic,0.9718
utilize,0.9766
suitable,0.9746
data addition utilize,0.9763
system,0.9714
model,0.9710
training,0.9706
descent,0.9731
semantic,0.9805
method,0.9793
resonance,0.9718
af model,0.9718
method learning,0.9784
fast convergence learning,0.9731
convergence learning,0.9800
deep learning gradient,0.9717
problem learning,0.9733
gradient method,0.9721
learning method,0.9746
network proposed method,0.9747
classification,1.0000
processing,0.9724
based,0.9711
selected approach,0.9719
system,0.9731
focus,0.9740
processing,0.9798
costly,0.9737
method furthermore,0.9737
approach,0.9710
based principle,0.9750
using,0.9718
reveal,0.9714
aspect,0.9724
approach based principle,0.9713
furthermore,0.9701
sentiment,0.9714
important,0.9712
significant,0.9708
based,0.9740
natural,0.9713
significance,0.9727
expert,0.9727
data als,0.9745
analysis,0.9723
selected approach,0.9743
system,0.9714
principle,0.9763
method metal,0.9711
using bay,0.9711
test aspect,0.9761
method,0.9793
deep learning learning,0.9727
deep learning method,0.9712
learning method metal,0.9715
learning method,0.9746
method als base,0.9715
specific,0.9720
module,0.9702
pattern,0.9725
task,0.9709
system,0.9731
model,0.9760
advantage,0.9712
stock across,0.9705
framework,0.9755
problem,0.9702
objective fin,0.9713
experiment,0.9701
method treat,0.9720
prediction,0.9808
characteristic,0.9725
process,0.9719
furthermore,0.9701
specific,0.9773
module,0.9760
pattern,0.9783
task,0.9732
market,0.9717
specific characteristic,0.9736
analysis,0.9723
modeling specific,0.9735
system,0.9714
model,0.9710
scale,0.9712
fundamental,0.9742
data scale,0.9720
practice,0.9713
method,0.9793
dual,0.9724
om specific,0.9720
method model,0.9716
universal model,0.9748
method model,0.9801
framework method model,0.9778
baseline model,0.9820
framework method,0.9725
merit,0.9719
model,0.9760
condition,0.9700
advantage,0.9712
analyzed,0.9709
layered,0.9734
transfer,0.9737
approach,0.9710
using,0.9718
experiment,0.9701
decision,0.9717
reveal,0.9714
process,0.9719
capability,0.9705
sy,0.9717
meta,0.9766
model,0.9710
solution,0.9740
diagnosis,0.9738
method,0.9793
analyzed,0.9764
sy feature,0.9705
individual feature meta,0.9722
transfer learning,0.9757
performance model,0.9717
based,0.9711
assessed via confusion,0.9703
task,0.9709
model,0.9760
assessed,0.9728
facilitate,0.9725
tailored,0.9715
using,0.9718
model identify,0.9709
based normal,0.9735
setting,0.9718
based,0.9740
task,0.9732
automated,0.9730
meta,0.9766
hyper,0.9739
model,0.9710
training,0.9706
predicted,0.9713
anomaly,0.9749
detector using,0.9711
task,0.9709
merit,0.9719
model,0.9760
condition,0.9700
significant show,0.9717
transfer,0.9737
problem,0.9702
require,0.9728
approach,0.9710
assumption,0.9770
minimal,0.9707
extend,0.9711
interest,0.9730
diverse,0.9721
tackle,0.9713
setting,0.9718
partition,0.9703
significant,0.9708
input,0.9716
task,0.9732
labeled,0.9759
analysis,0.9723
standard,0.9735
fixed,0.9705
particularly,0.9703
operating,0.9702
aperture,0.9700
model,0.9710
training,0.9706
synthetic,0.9750
extraction,0.9750
method,0.9793
learning global model,0.9703
representation model,0.9790
numerical model,0.9727
global model,0.9805
learning numerical model,0.9705
global representation model,0.9700
self learning,0.9713
deep learning learning,0.9727
method standard,0.9702
task interest approach,0.9723
learning task,1.0000
model learning task,0.9742
classification,1.0000
type,0.9710
classification result propose,0.9705
task,0.9709
ability,0.9706
system,0.9731
model,0.9760
using training,0.9761
using,0.9718
imaging,0.9774
initial,0.9701
type,0.9749
important,0.9712
task,0.9732
meta,0.9766
analysis,0.9723
overcome,0.9707
system,0.9714
model,0.9710
training,0.9706
using training,0.9720
refined,0.9755
method,0.9793
task model,0.9716
meta model,0.9743
training task model,0.9702
task model,0.9833
learning model,0.9744
deep learning model,0.9706
meta model,1.0000
task meta model,0.9857
metal meta model,0.9769
deep learning method,0.9712
training task model,0.9721
learning method,0.9746
model require,0.9739
using data,0.9714
especially global,0.9703
recommendation,0.9700
task,0.9709
task involves recommendation,0.9713
model,0.9760
task involves,0.9700
model require,0.9724
require,0.9728
using,0.9718
market using,0.9741
experiment,0.9701
model consistently,0.9726
recommendation,0.9744
resource intensive,0.9727
setting,0.9718
directly,0.9718
task,0.9732
market,0.9717
using data richer,0.9720
efficiency model pair,0.9715
intensive,0.9739
model,0.9710
training,0.9706
method,0.9793
transform,0.9777
well global model,0.9730
global model,0.9805
efficiency model,0.9767
effectiveness efficiency model,0.9737
efficiency model,0.9725
processing,0.9724
based,0.9711
pattern,0.9725
ability,0.9706
classify,0.9730
system,0.9731
recognition mainly,0.9708
processing,0.9798
problem,0.9702
using,0.9718
problem classify,0.9747
using computational,0.9709
performance variant reinforcement,0.9702
pattern using,0.9710
application,0.9766
based,0.9740
natural,0.9713
pattern,0.9783
opt finally,0.9715
compare,0.9728
classify,0.9775
system,0.9714
solution,0.9740
reinforcement,0.9727
interpretation,0.9723
method,0.9793
classification,1.0000
biased due,0.9712
biased due scarce,0.9734
specific,0.9720
task,0.9709
cal prototype leverage,0.9731
leverage,0.9704
empirical prototype,0.9723
framework,0.9755
empirical,0.9751
experiment,0.9701
crucial,0.9753
balanced,0.9734
tackle,0.9713
cal empirical prototype,0.9735
specific,0.9773
significant,0.9708
contrast,0.9753
empirical prototype severely,0.9744
dominance,0.9701
task,0.9732
prototype leverage,0.9721
meta,0.9766
biased,0.9763
training,0.9706
predicted,0.9713
semantic,0.9805
predict targeted,0.9709
method,0.9793
leverage,0.9770
class feature,0.9708
effectiveness framework method,0.9711
framework method,0.9725
task,0.9709
system,0.9731
neural,0.9757
transfer,0.9737
problem,0.9702
hardest,0.9706
core,0.9722
meta use,0.9724
extend,0.9711
capability,0.9705
setting,0.9718
experimental setting,0.9705
mechanism,0.9777
technique deal evolving,0.9714
task,0.9732
self mechanism,0.9729
fusion,0.9739
meta,0.9766
system,0.9714
solution,0.9740
task opt,0.9701
objective maxim knowledge,0.9702
data learning,0.9768
processing,0.9724
distance,0.9712
based,0.9711
ability,0.9706
model,0.9760
style,0.9725
leverage,0.9704
processing,0.9798
distance,0.9723
sim mechanism,0.9711
problem,0.9702
facilitate,0.9725
approach,0.9710
experiment,0.9701
rely,0.9709
process,0.9719
beneficial,0.9727
technique named,0.9707
furthermore,0.9701
mechanism,0.9777
based,0.9740
meta,0.9766
generation,0.9730
unable,0.9712
requires,0.9727
mutation,0.9739
model,0.9710
training,0.9706
style,0.9734
multi,0.9774
leverage,0.9770
problem trained model,0.9790
ones meta learning,0.9711
meta learning,1.0000
self meta learning,0.9831
based aug technique,0.9715
classification,1.0000
system,0.9731
task,0.9709
model,0.9760
distance,0.9712
using training,0.9761
classification task,0.9741
classification initial,0.9743
particularly,0.9703
multiple,0.9713
system,0.9714
initial,0.9701
task,0.9732
model,0.9710
framework,0.9755
training,0.9706
distance,0.9723
problem,0.9702
using training,0.9720
using,0.9718
novel classification task,0.9708
method,0.9793
metric learning,0.9741
processing,0.9724
distance,0.9712
adjustment,0.9736
based,0.9711
task,0.9709
system,0.9731
model,0.9760
model need,0.9727
processing,0.9798
combining,0.9738
distance,0.9723
problem,0.9702
importance,0.9708
important,0.9712
adjustment,0.9759
based,0.9740
extraction model need,0.9710
task,0.9732
compared,0.9725
improper,0.9721
meta,0.9766
system,0.9714
model,0.9710
importance extract,0.9723
training,0.9706
extraction,0.9750
model need,0.9766
method,0.9793
extraction model,0.9777
network learning,0.9773
system,0.9731
task,0.9709
model,0.9760
transmission,0.9717
inaccurate,0.9715
simulation,0.9750
frequency,0.9763
system,0.9714
initial,0.9701
task,0.9732
characterized,0.9715
model,0.9710
weight,0.9702
training,0.9706
transfer,0.9737
require,0.9728
considered,0.9732
approach,0.9710
using,0.9718
transmission,0.9707
data training model,0.9722
transfer learning,0.9757
estimation learning,0.9704
training model,0.9724
classification,1.0000
specific,0.9720
module,0.9702
task,0.9709
ability,0.9706
system,0.9731
model,0.9760
scene learn metal,0.9703
framework,0.9755
problem,0.9702
using,0.9718
experiment,0.9701
detection head,0.9712
setting,0.9718
specific,0.9773
module,0.9760
input,0.9716
task,0.9732
labeled,0.9759
problem indoor,0.9724
meta,0.9766
system,0.9714
model,0.9710
training,0.9706
extraction,0.9750
relies labeled,0.9708
method,0.9793
object feature,0.9726
feature learning,0.9733
detection result,0.9704
training model,0.9724
model consisting,0.9741
based deep,0.9701
position however,0.9727
model able,0.9731
position,0.9711
based,0.9711
csi finger,0.9701
position however csi,0.9702
based positioning,0.9703
system,0.9731
model,0.9760
limit,0.9728
model consisting,0.9732
transfer,0.9737
based deep,0.9713
depending,0.9728
particular,0.9707
using,0.9718
positioning,0.9750
dl model trained,0.9706
dependent,0.9760
initial,0.9701
embedded,0.9767
model able,0.9714
generally limit,0.9707
effectively,0.9727
capture,0.9703
based,0.9740
compared,0.9725
particular propagation,0.9767
meta,0.9766
based positioning,0.9705
multiple,0.9713
system,0.9714
model,0.9710
training,0.9706
limit,0.9739
scheme able,0.9749
multi,0.9774
method,0.9793
learning model,0.9744
training dl model,0.9718
knowledge dl model,0.9710
model meta,0.9718
model meta,0.9711
transfer learning,0.9757
meta learning,1.0000
classification,1.0000
bias,0.9723
spectral,0.9714
based,0.9711
task,0.9709
model,0.9760
neural,0.9757
focus,0.9740
curriculum,0.9729
bias,0.9780
aligned,0.9747
transfer,0.9737
approach,0.9710
based approach neural,0.9701
kernel,0.9734
proposal,0.9717
vision transform,0.9704
proposal contrast,0.9701
spectral,0.9769
hypothesis,0.9774
contrast,0.9753
based,0.9740
contrasting,0.9750
task,0.9732
filtering,0.9771
supervision,0.9727
pseudo,0.9712
model,0.9710
cluster reinforcement,0.9719
diffusion,0.9812
semantic,0.9805
reinforcement,0.9727
multi,0.9774
transform,0.9777
dual,0.9724
transfer learning,0.9757
kernel learning,0.9773
cross learning,0.9846
alignment learning,0.9705
cross cross learning,0.9701
lip,0.9713
based,0.9711
landmark order synth,0.9730
movement,0.9751
facial,0.9740
process,0.9719
problem,0.9702
context based,0.9720
context,0.9710
using,0.9718
inference,0.9787
generation,0.9730
method,0.9793
transform,0.9777
landmark talking,0.9708
method including,0.9733
based,0.9740
landmark generation method,0.9725
generation method,0.9752
modulation,0.9716
frequency,0.9763
framework,0.9755
problem,0.9702
exploited,0.9719
domain overcome,0.9744
dimensional,0.9783
tackle,0.9713
effectively,0.9727
input,0.9716
encoded,0.9701
modulation,0.9782
divide,0.9737
meta,0.9766
delay,0.9707
analysis,0.9723
overcome,0.9707
multiple,0.9713
encoding,0.9757
multi,0.9774
sensitivity,0.9727
meta learning,1.0000
micro intra operation,0.9711
recommendation,0.9700
power,0.9723
recommendation cold,0.9710
shielding,0.9703
based,0.9711
influence,0.9730
modulation,0.9716
def based joint,0.9700
system,0.9731
neural,0.9757
fault diagnosis,0.9701
device,0.9735
frequency,0.9763
micro,0.9712
joint,0.9700
flux,0.9736
multi fusion face,0.9701
method modular,0.9710
thermal,0.9758
suppression,0.9736
recommendation,0.9744
coil,0.9759
recommendation cold,0.9723
isolated,0.9741
shielding,0.9716
application,0.9766
contrast,0.9753
based,0.9740
magnetic,0.9718
integrated,0.9716
cal fault diagnosis,0.9739
influence,0.9709
filtering,0.9771
modulation,0.9782
fusion,0.9739
analysis,0.9723
oriented,0.9762
modular,0.9722
system boiler,0.9736
based joint contrast,0.9711
system,0.9714
energy,0.9705
monitoring,0.9724
operation,0.9725
combustion,0.9769
topology,0.9721
diagnosis,0.9738
multi,0.9774
filter,0.9780
method,0.9793
model extensive,0.9718
model selection,0.9707
task,0.9709
following concept detection,0.9742
comparison state,0.9713
model,0.9760
subject,0.9709
comparison,0.9779
application therefore,0.9707
framework,0.9755
model extensive,0.9765
dependence,0.9742
approach,0.9710
empirical,0.9751
concept drift,0.9736
model selection,0.9766
model multiple,0.9732
universally,0.9707
drift,0.9751
significant,0.9708
input,0.9716
application,0.9766
task,0.9732
automated,0.9730
following concept detection,0.9737
analysis,0.9723
comparison state,0.9701
dependency,0.9802
method universally,0.9726
multiple,0.9713
model,0.9710
series multi,0.9726
series spat dependency,0.9729
multi,0.9774
namely spatial,0.9714
subject,0.9760
comparison,0.9816
method,0.9793
observation,0.9740
method achieve,0.9722
dependency model,0.9760
automated model,0.9799
dependency model,0.9825
ag automated model,0.9761
factor,0.9727
model,0.9760
analyzed,0.9709
analyze,0.9748
structural,0.9775
factor,0.9740
response,0.9741
survey,0.9702
analysis,0.9723
concept taking,0.9721
model,0.9710
multi,0.9774
method,0.9793
analyzed,0.9764
quantitative,0.9735
model,0.9760
feedback,0.9738
proposed knowledge di,0.9730
simulation,0.9750
model,0.9710
feedback,0.9779
training,0.9706
compared,0.9725
meta,0.9766
unable,0.9712
demand,0.9708
method,0.9793
incorporating,0.9746
model knowledge,0.9747
local model,0.9732
learning global model,0.9703
model meta,0.9718
unified model,0.9801
feedback local model,0.9708
global model,0.9805
model meta,0.9711
method learning,0.9784
meta learning,1.0000
system,0.9731
weakness,0.9721
comparison,0.9779
comparison provided,0.9703
aspect scala,0.9722
plan,0.9751
scala,0.9734
aspect,0.9724
system,0.9714
presenting,0.9719
problem,0.9702
fundamental,0.9742
capability,0.9705
reinforcement,0.9727
multi,0.9774
decision,0.9717
comparison,0.9816
insight,0.9762
analysis,0.9723
limitation,0.9726
multi learning,0.9757
learning task,1.0000
among task,0.9723
specific,0.9720
module,0.9702
task proposed,0.9730
based,0.9711
task,0.9709
knowledge based,0.9712
ability,0.9706
system,0.9731
model,0.9760
based system,0.9718
neural,0.9757
framework,0.9755
based metal,0.9717
module enhance,0.9704
furthermore,0.9701
deep neural,0.9743
effectively,0.9727
specific,0.9773
method effectively,0.9706
capture,0.9703
module,0.9760
mechanism,0.9777
based,0.9740
task,0.9732
self mechanism,0.9729
catastrophic,0.9715
compared,0.9725
sequence,0.9712
system,0.9714
model,0.9710
weight,0.9702
similarity,0.9746
extraction,0.9750
method,0.9793
learning model,0.9744
deep learning model,0.9706
method learning,0.9784
knowledge learning,0.9820
system,0.9731
model,0.9760
guidance,0.9728
considering multiple,0.9720
category developed,0.9716
category,0.9777
based,0.9711
simulation,0.9750
multiple,0.9713
system,0.9714
constrained,0.9744
method considering,0.9718
model,0.9710
guidance,0.9744
problem,0.9702
category developed,0.9718
method based,0.9701
using,0.9718
multi,0.9774
system constrained,0.9722
method,0.9793
category,0.9753
based,0.9740
control model,0.9756
deep learning learning,0.9727
based learning,0.9701
numerical method,0.9715
guidance method,0.9749
classification,1.0000
bias,0.9723
spectral,0.9714
based,0.9711
task,0.9709
model,0.9760
neural,0.9757
focus,0.9740
curriculum,0.9729
bias,0.9780
aligned,0.9747
transfer,0.9737
approach,0.9710
based approach neural,0.9701
kernel,0.9734
proposal,0.9717
vision transform,0.9704
proposal contrast,0.9701
spectral,0.9769
hypothesis,0.9774
contrast,0.9753
based,0.9740
contrasting,0.9750
task,0.9732
filtering,0.9771
supervision,0.9727
pseudo,0.9712
model,0.9710
cluster reinforcement,0.9719
diffusion,0.9812
semantic,0.9805
reinforcement,0.9727
multi,0.9774
transform,0.9777
dual,0.9724
transfer learning,0.9757
kernel learning,0.9773
cross learning,0.9846
alignment learning,0.9705
cross cross learning,0.9701
classification,1.0000
task considering recent,0.9736
processing,0.9724
task multiple,0.9707
task utilizing,0.9706
task,0.9709
task considering,0.9752
model,0.9760
perspective,0.9721
classification model,0.9741
campaign emphasizes,0.9729
focus,0.9740
processing,0.9798
transfer,0.9737
empirical,0.9751
task utilizing,0.9701
aspect,0.9724
setting,0.9718
cases cross,0.9716
aspect competing,0.9703
task,0.9732
utilizing,0.9730
compensated,0.9707
multiple,0.9713
useful,0.9749
model,0.9710
training,0.9706
perspective,0.9766
classification model,0.9715
representation classification model,0.9720
classification model,0.9728
transfer learning,0.9757
classification model,0.9705
classification,1.0000
bias,0.9723
spectral,0.9714
based,0.9711
task,0.9709
model,0.9760
neural,0.9757
focus,0.9740
curriculum,0.9729
bias,0.9780
aligned,0.9747
transfer,0.9737
approach,0.9710
based approach neural,0.9701
kernel,0.9734
proposal,0.9717
vision transform,0.9704
proposal contrast,0.9701
spectral,0.9769
hypothesis,0.9774
contrast,0.9753
based,0.9740
contrasting,0.9750
task,0.9732
filtering,0.9771
supervision,0.9727
pseudo,0.9712
model,0.9710
cluster reinforcement,0.9719
diffusion,0.9812
semantic,0.9805
reinforcement,0.9727
multi,0.9774
transform,0.9777
dual,0.9724
transfer learning,0.9757
kernel learning,0.9773
cross learning,0.9846
alignment learning,0.9705
cross cross learning,0.9701
model counterpart specifically,0.9730
guidance,0.9728
model counterpart,0.9768
model,0.9760
noisy region,0.9711
model counterpart specifically,0.9711
method meta,0.9718
guidance,0.9744
suppress,0.9738
highlighting,0.9733
experiment,0.9701
rely,0.9709
barrier,0.9737
capability,0.9705
setting,0.9718
model counterpart,0.9740
divide,0.9737
indicator,0.9715
meta,0.9766
pseudo,0.9712
model layer,0.9704
hyper,0.9739
layer divide,0.9734
measurement,0.9807
model,0.9710
weight,0.9702
training,0.9706
solution,0.9740
semantic,0.9805
model moreover,0.9721
method,0.9793
method achieve,0.9722
large segment model,0.9714
bias,0.9723
transfer noticed,0.9726
classified,0.9715
application need,0.9709
type,0.9710
based,0.9711
influence,0.9730
task,0.9709
system,0.9731
model,0.9760
choice,0.9764
neural,0.9757
bias,0.9780
detection bottle,0.9726
transfer,0.9737
experiment,0.9701
molded,0.9769
simulation,0.9750
interest,0.9730
basis,0.9776
transfer noticed,0.9752
type,0.9749
directly,0.9718
application,0.9766
mechanism,0.9777
based,0.9740
influence,0.9709
task,0.9732
data bench,0.9717
classified stain,0.9709
termed,0.9753
application need transfer,0.9700
multiple,0.9713
system,0.9714
model,0.9710
academia,0.9711
anomaly,0.9749
idea model,0.9824
detection model,0.9760
inspection model,0.9746
detection detection model,0.9711
defect type model,0.9828
visual detection model,0.9729
mechanism model,0.9764
transfer learning,0.9757
mechanism model,0.9712
classification,1.0000
using gut,0.9714
information across,0.9720
shown enhance classification,0.9722
model,0.9760
comparison,0.9779
interval,0.9709
micro,0.9712
transfer,0.9737
using gut,0.9729
using,0.9718
interest,0.9730
inference,0.9787
significant,0.9708
regression,1.0000
tool,0.9715
meta,0.9766
incorporating,0.9746
model,0.9710
multi,0.9774
comparison,0.9816
method,0.9793
transfer learning,0.9757
meta learning,1.0000
multi learning,0.9757
data target study,0.9734
data related study,0.9734
comparison method use,0.9728
accuracy comparison method,0.9765
data proposed method,0.9707
comparison method,0.9765
gap,0.9707
data based,0.9706
based,0.9711
tuning,0.9728
system,0.9731
method meta,0.9718
method illuminated theoretical,0.9720
problem,0.9702
data metal,0.9750
crucial,0.9753
criterion cooperate,0.9725
hyper crucial,0.9730
data based,0.9739
comparable,0.9719
process,0.9719
directly,0.9718
based,0.9740
criterion,0.9747
tuning,0.9731
meta,0.9766
well criterion,0.9736
analysis,0.9723
hyper,0.9739
validation,0.9739
system,0.9714
based simple,0.9724
training,0.9706
criterion study,0.9705
method illuminated,0.9742
method,0.9793
deep learning learning,0.9727
deep learning method,0.9712
learning method,0.9746
gap,0.9707
investigation bench,0.9719
task,0.9709
addressing,0.9701
exhaust empirical investigation,0.9717
requiring,0.9733
ml approach,0.9742
integrated,0.9716
investigation,0.9721
task,0.9732
theoretically,0.9733
method metal,0.9711
framework,0.9755
solution,0.9740
approach,0.9710
empirical,0.9751
addressing,0.9752
meta,0.9766
setting,0.9718
assumption,0.9770
trans requiring,0.9704
contrast propose,0.9744
method,0.9793
need related meta,0.9706
contrast,0.9753
task learning,0.9801
learning method,0.9746
learning method metal,0.9715
ml method,0.9706
metal ml method,0.9727
sensor sea,0.9727
specific,0.9720
pattern,0.9725
typically,0.9702
system,0.9731
model,0.9760
perspective,0.9721
appealing,0.9745
sensor sea,0.9726
problem metal,0.9746
problem,0.9702
approach,0.9710
experiment,0.9701
limitation,0.9726
imaging,0.9774
simulation,0.9750
sampling,0.9746
specific,0.9773
temperature,0.9732
contrast,0.9753
experiment os gulf,0.9711
involving,0.9712
pattern,0.9783
compared,0.9725
inversion,0.9753
typically,0.9705
system,0.9714
sensor,0.9742
model,0.9710
regime complex,0.9717
perspective,0.9766
scale,0.9712
multi,0.9774
regime,0.9733
observation,0.9740
variation model,0.9701
variation model,0.9753
task summary,0.9714
based,0.9711
task,0.9709
model,0.9760
paradigm low drug,0.9706
task drug,0.9706
based bile,0.9713
neural,0.9757
application deep,0.9710
paradigm,0.9754
transfer,0.9737
demonstrates,0.9703
prediction,0.9808
rely,0.9709
deep neural,0.9743
effectively,0.9727
important,0.9712
capture,0.9703
application,0.9766
mechanism,0.9777
based,0.9740
reducing,0.9707
task,0.9732
meta,0.9766
drug,0.9708
analysis,0.9723
technique rely,0.9719
model,0.9710
training,0.9706
learning paradigm,0.9745
proper,0.9716
meta knowledge,1.0000
opt predict model,0.9728
meta learning,1.0000
classification,1.0000
classification setting,0.9835
recommendation,0.9700
classification task,0.9741
based,0.9711
task,0.9709
system,0.9731
neural,0.9757
framework,0.9755
problem resort,0.9726
problem,0.9702
approach,0.9710
significantly,0.9725
experiment,0.9701
data cora,0.9734
framework significantly,0.9715
recommendation,0.9744
setting,0.9718
application,0.9766
contrast,0.9753
mechanism,0.9777
based,0.9740
task,0.9732
labeling,0.9769
labeled,0.9759
analysis,0.9723
standard,0.9735
system,0.9714
encoding,0.9757
fundamental,0.9742
multi,0.9774
method,0.9793
graph learning,0.9700
test set,0.9724
based,0.9711
model,0.9760
condition,0.9700
neural,0.9757
network explain,0.9708
experiment,0.9701
prediction,0.9808
stat learning,0.9718
partition,0.9703
contrast,0.9753
based,0.9740
facial,0.9740
compared,0.9725
function metal,0.9719
compare,0.9728
model,0.9710
training,0.9706
underlying cnn,0.9702
memory,0.9722
classification,1.0000
bias,0.9723
spectral,0.9714
based,0.9711
task,0.9709
model,0.9760
neural,0.9757
focus,0.9740
curriculum,0.9729
bias,0.9780
aligned,0.9747
transfer,0.9737
approach,0.9710
based approach neural,0.9701
kernel,0.9734
proposal,0.9717
vision transform,0.9704
proposal contrast,0.9701
spectral,0.9769
hypothesis,0.9774
contrast,0.9753
based,0.9740
contrasting,0.9750
task,0.9732
filtering,0.9771
supervision,0.9727
pseudo,0.9712
model,0.9710
cluster reinforcement,0.9719
diffusion,0.9812
semantic,0.9805
reinforcement,0.9727
multi,0.9774
transform,0.9777
dual,0.9724
transfer learning,0.9757
kernel learning,0.9773
cross learning,0.9846
alignment learning,0.9705
cross cross learning,0.9701
classification,1.0000
processing,0.9724
inter comparison,0.9725
module,0.9702
task,0.9709
model,0.9760
classification feature,0.9792
comparison,0.9779
classification allows clinic,0.9727
neural,0.9757
processing,0.9798
upon simple baseline,0.9742
problem,0.9702
deliver,0.9708
inter comparison,0.9727
experiment,0.9701
initial,0.9701
prediction,0.9808
process,0.9719
important,0.9712
module,0.9760
task,0.9732
regression,1.0000
compared,0.9725
proto,0.9722
analysis,0.9723
selection module,0.9724
investigation,0.9721
model,0.9710
atlas,0.9726
weight,0.9702
training,0.9706
typical problem,0.9706
intervention,0.9727
practice,0.9713
comparison,0.9816
unseen data model,0.9722
data model,0.9781
unseen data model,0.9806
baseline model,0.9820
applied model,0.9758
high goal study,0.9717
technique applied model,0.9708
task proposed approach,0.9728
module,0.9702
task proposed,0.9730
task,0.9709
task tackle,0.9746
batch,0.9702
problem,0.9702
interacting,0.9739
recognizing,0.9709
approach,0.9710
tackle,0.9713
module,0.9760
task,0.9732
branch,0.9721
generation,0.9730
analysis,0.9723
transferring,0.9727
problem comb,0.9800
training,0.9706
semantic,0.9805
similarity,0.9746
method,0.9793
task tackle,0.9711
dual,0.9724
generation method,0.9752
identification wii however,0.9705
model finally,0.9708
resource requires,0.9703
based,0.9711
task,0.9709
phase,0.9702
system,0.9731
model,0.9760
system using,0.9727
analyze,0.9748
device,0.9735
frequency,0.9763
approach,0.9710
using,0.9718
experiment,0.9701
model multiple,0.9732
frequency using,0.9716
setting,0.9718
based,0.9740
fast fourier,0.9760
task,0.9732
tool,0.9715
phase,0.9749
using meta,0.9719
meta,0.9766
compare,0.9728
transforms,0.9769
requires,0.9727
technology frequency,0.9717
multiple,0.9713
system,0.9714
model,0.9710
training,0.9706
transform,0.9777
system using,0.9728
learning based model,0.9727
phase model,0.9806
learning model,0.9744
deep learning model,0.9706
meta learning,1.0000
deep learning learning,0.9727
practical system,0.9727
training phase model,0.9700
classification,1.0000
processing,0.9724
bias,0.9723
performance across,0.9714
gap,0.9707
explanation,0.9728
based,0.9711
influence,0.9730
measuring,0.9721
symmetry,0.9719
system,0.9731
model,0.9760
neural,0.9757
focus,0.9740
processing,0.9798
rule,0.9740
bias,0.9780
price,0.9740
series anomaly,0.9724
framework,0.9755
transfer,0.9737
boundary,0.9711
approach,0.9710
using,0.9718
decision,0.9717
performance across,0.9719
concept drift,0.9736
characteristic,0.9725
diverse,0.9721
explanation,0.9754
drift,0.9751
sampling,0.9746
using che,0.9715
data labeling,0.9729
compression,0.9821
based,0.9740
influence,0.9709
movement,0.9751
automated,0.9730
labeling,0.9769
measuring,0.9738
neighbor,0.9701
data sampling,0.9715
analysis,0.9723
transferring,0.9727
symmetry,0.9764
multiple,0.9713
system,0.9714
investigation,0.9721
model,0.9710
scale,0.9712
reinforcement,0.9727
multi,0.9774
anomaly,0.9749
similarity,0.9746
transform,0.9777
general model,0.9804
transfer learning,0.9757
learning transfer,0.9728
metric learning,0.9741
distance,0.9712
based deep,0.9701
task however,0.9701
type,0.9710
based,0.9711
task,0.9709
tuning,0.9728
system,0.9731
condition distance,0.9718
model,0.9760
perspective,0.9721
limit,0.9728
condition,0.9700
transition,0.9810
due limitation,0.9719
distance,0.9723
transfer,0.9737
based deep,0.9713
limitation,0.9726
recognition based deep,0.9708
cal distribution,0.9753
domain fine,0.9728
type,0.9749
difficult,0.9709
based,0.9740
task,0.9732
fine method cal,0.9709
tuning,0.9731
pseudo,0.9712
system,0.9714
system model,0.9713
model,0.9710
perspective,0.9766
limit,0.9739
method paper,0.9716
resolution,0.9740
method,0.9793
method achieve,0.9722
method cal,0.9772
method built model,0.9733
domain fine model,0.9734
system model,0.9748
transfer learning,0.9757
deep learning learning,0.9727
show method paper,0.9727
method paper,0.9719
pseudo fine method,0.9702
l model requiring,0.9705
model require,0.9739
eliminating need,0.9715
based,0.9711
tuning,0.9728
data overcome,0.9727
system,0.9731
model,0.9760
model requiring,0.9765
testing,0.9720
neural,0.9757
requiring,0.9733
squared,0.9722
model require,0.9724
transfer,0.9737
problem,0.9702
require,0.9728
approach,0.9710
using,0.9718
limitation,0.9726
prediction,0.9808
basis,0.9776
comparing,0.9738
capability,0.9705
model long,0.9717
important,0.9712
capture,0.9703
input,0.9716
based,0.9740
using meta,0.9719
tuning,0.9731
data overcome,0.9726
meta,0.9766
analysis,0.9723
hyper,0.9739
overcome,0.9707
using deep meta,0.9718
system,0.9714
model,0.9710
training,0.9706
model requiring,0.9726
memory,0.9722
fluid,0.9739
multi,0.9774
testing,0.9763
model overcome,0.9769
approach l model,0.9776
data model,0.9781
learning model,0.9744
deep learning model,0.9706
prediction result model,0.9740
difference model,0.9746
transfer model,0.9740
parameter model,0.9767
meta learning,1.0000
data learning,0.9768
deep meta learning,0.9744
classification,1.0000
processing,0.9724
crucial foundation,0.9700
classification task,0.9741
intention classification,0.9725
category,0.9777
based,0.9711
task,0.9709
performance interested using,0.9717
comparison based,0.9712
system,0.9731
comparison,0.9779
crucial foundation study,0.9722
processing,0.9798
framework,0.9755
intention,0.9715
problem,0.9702
size,0.9700
empirical,0.9751
using,0.9718
significantly,0.9725
system huff,0.9715
crucial,0.9753
task empirical,0.9702
aspect,0.9724
capture,0.9703
category,0.9753
based,0.9740
natural,0.9713
task,0.9732
adaptive intention,0.9721
performance interested using,0.9729
novel adaptive cross,0.9705
system,0.9714
semantic,0.9805
comparison,0.9816
method,0.9793
crucial foundation study,0.9701
task learning,0.9801
performance learning,0.9715
superiority proposed,0.9754
position,0.9711
specific,0.9720
superiority proposed method,0.9725
pattern,0.9725
device,0.9735
approach,0.9710
characteristic,0.9725
process,0.9719
embedded,0.9767
specific,0.9773
capture,0.9703
application,0.9766
pattern,0.9783
movement,0.9751
compared,0.9725
context,0.9710
consideration,0.9731
structured,0.9766
requires,0.9727
dependency,0.9802
sensor,0.9742
solution,0.9740
multi,0.9774
method,0.9793
functional,0.9752
requirement,0.9703
model inner,0.9715
system,0.9731
task,0.9709
model,0.9760
based,0.9711
hyper,0.9739
functional,0.9785
requirement,0.9742
model inner,0.9761
system,0.9714
initial,0.9701
task,0.9732
model,0.9710
process,0.9719
training,0.9706
problem,0.9702
compared,0.9725
requires,0.9727
based,0.9740
problem model,0.9743
applied model,0.9758
hyper learning,0.9741
feature learning,0.9733
metal applied model,0.9727
classification,1.0000
bias,0.9723
spectral,0.9714
based,0.9711
task,0.9709
model,0.9760
neural,0.9757
focus,0.9740
curriculum,0.9729
bias,0.9780
aligned,0.9747
transfer,0.9737
approach,0.9710
based approach neural,0.9701
kernel,0.9734
proposal,0.9717
vision transform,0.9704
proposal contrast,0.9701
spectral,0.9769
hypothesis,0.9774
contrast,0.9753
based,0.9740
contrasting,0.9750
task,0.9732
filtering,0.9771
supervision,0.9727
pseudo,0.9712
model,0.9710
cluster reinforcement,0.9719
diffusion,0.9812
semantic,0.9805
reinforcement,0.9727
multi,0.9774
transform,0.9777
dual,0.9724
transfer learning,0.9757
kernel learning,0.9773
cross learning,0.9846
alignment learning,0.9705
cross cross learning,0.9701
recommendation,0.9700
based,0.9711
measuring,0.9721
ability,0.9706
preference,0.9754
system,0.9731
model,0.9760
transition,0.9810
transfer,0.9737
problem,0.9702
experiment,0.9701
based metal,0.9717
recommendation,0.9744
capture,0.9703
based,0.9740
compared,0.9725
measuring,0.9738
preference,0.9708
system,0.9714
model,0.9710
method paper,0.9716
accurately,0.9702
method,0.9793
method achieve,0.9722
recommendation learning,0.9743
point recommendation learning,0.9737
method paper,0.9719
classification,1.0000
bias,0.9723
spectral,0.9714
based,0.9711
task,0.9709
model,0.9760
neural,0.9757
focus,0.9740
curriculum,0.9729
bias,0.9780
aligned,0.9747
transfer,0.9737
approach,0.9710
based approach neural,0.9701
kernel,0.9734
proposal,0.9717
vision transform,0.9704
proposal contrast,0.9701
spectral,0.9769
hypothesis,0.9774
contrast,0.9753
based,0.9740
contrasting,0.9750
task,0.9732
filtering,0.9771
supervision,0.9727
pseudo,0.9712
model,0.9710
cluster reinforcement,0.9719
diffusion,0.9812
semantic,0.9805
reinforcement,0.9727
multi,0.9774
transform,0.9777
dual,0.9724
transfer learning,0.9757
kernel learning,0.9773
cross learning,0.9846
alignment learning,0.9705
cross cross learning,0.9701
model however,0.9706
recommendation,0.9700
course via,0.9707
task,0.9709
noisy enrolled course,0.9713
model,0.9760
instruction,0.9728
curriculum,0.9729
model however,0.9703
boost,0.9739
approach,0.9710
using,0.9718
experiment,0.9701
mechanism combine,0.9778
recommendation,0.9744
method adopt,0.9735
tackle,0.9713
furthermore,0.9701
demand,0.9708
significant,0.9708
application,0.9766
mechanism,0.9777
task,0.9732
compared,0.9725
meta,0.9766
model,0.9710
solution,0.9740
instruction,0.9706
reinforcement,0.9727
method,0.9793
learning model,0.9744
deep learning model,0.9706
baseline model,0.9820
meta learning,1.0000
learning task,1.0000
separate learning task,0.9701
system traveling,0.9725
task,0.9709
task extensive,0.9709
system,0.9731
model,0.9760
approach significantly,0.9705
leverage,0.9704
neural,0.9757
cap,0.9716
instead formal solving,0.9715
problem,0.9702
approach,0.9710
using,0.9718
significantly,0.9725
experiment,0.9701
characteristic,0.9725
certain,0.9732
deep neural,0.9743
focused,0.9710
traveling,0.9727
system traveling,0.9732
task,0.9732
system,0.9714
instead formal,0.9741
model,0.9710
model reach,0.9722
problem comb,0.9800
training,0.9706
synthetic,0.9750
method,0.9793
approach significantly,0.9781
leverage,0.9770
state model,0.9703
state model,0.9813
network method learning,0.9707
method learning,0.9784
general learning,0.9729
network superior decision,0.9752
system,0.9731
model,0.9760
resource performed incorporating,0.9719
hybrid algorithm term,0.9728
device,0.9735
frequency,0.9763
framework,0.9755
transfer,0.9737
boost,0.9739
problem,0.9702
approach,0.9710
decision,0.9717
simulation,0.9750
fading,0.9701
process,0.9719
capability,0.9705
algorithm term,0.9734
merging,0.9731
compared,0.9725
suitable learning,0.9723
suitable,0.9746
meta,0.9766
model employ,0.9717
network deter,0.9714
incorporating,0.9746
scala,0.9734
system,0.9714
model,0.9710
reinforcement,0.9727
licence,0.9701
method,0.9793
ra model employ,0.9704
capability cr model,0.9712
transfer learning,0.9757
meta learning,1.0000
learning transfer,0.9728
network learning,0.9773
metric learning,0.9741
system,0.9731
model,0.9760
model susceptible,0.9721
ability,0.9706
based,0.9711
neural,0.9757
model susceptible dealing,0.9722
system,0.9714
basis,0.9776
micro,0.9712
model,0.9710
data classical,0.9723
method paper,0.9716
model susceptible,0.9787
using,0.9718
experiment,0.9701
micro blast,0.9706
metal micro,0.9710
method,0.9793
transform,0.9777
transforms,0.9769
based,0.9740
learning model,0.9744
deep learning model,0.9706
network learning,0.9773
signal learning,0.9719
method paper,0.9719
skill,0.9707
model,0.9760
condition,0.9700
device,0.9735
transition,0.9810
framework,0.9755
consciously,0.9726
radically,0.9710
meta,0.9766
termed,0.9753
model,0.9710
understanding,0.9711
training,0.9706
transition highest,0.9753
accurately,0.9702
transform,0.9777
condition learning,0.9719
self learning,0.9713
classification,1.0000
classification may,0.9759
module,0.9702
data split,0.9713
task,0.9709
balanced task,0.9757
split,0.9712
framework,0.9755
problem,0.9702
experiment,0.9701
causal,0.9779
multiple data split,0.9713
balanced,0.9734
effectively,0.9727
inference,0.9787
partition,0.9703
module,0.9760
data split,0.9725
task,0.9732
tool,0.9715
context,0.9710
meta,0.9766
generation,0.9730
biased,0.9763
multiple,0.9713
metal task generation,0.9703
method,0.9793
meta feature,0.9809
meta feature learning,0.9750
feature learning,0.9733
processing,0.9724
comparison state,0.9713
system,0.9731
model,0.9760
comparison,0.9779
opinion around co,0.9704
processing,0.9798
using,0.9718
data work novel,0.9717
experiment,0.9701
pan,0.9727
aspect,0.9724
skeptical,0.9701
sentiment,0.9714
system long,0.9713
natural,0.9713
aspect vaccine,0.9720
fusion,0.9739
skeptical vaccine sudden,0.9701
context,0.9710
vaccine,0.9755
analysis,0.9723
comparison state,0.9701
system,0.9714
model,0.9710
memory,0.9722
comparison,0.9816
method,0.9793
comparison state model,0.9739
state model,0.9703
learning model,0.9744
deep learning model,0.9706
comparison state model,0.9818
state model,0.9813
learning fusion model,0.9774
classification,1.0000
model however,0.9706
gap,0.9707
model,0.9760
perspective,0.9721
model however,0.9703
transfer,0.9737
problem,0.9702
boundary,0.9711
approach,0.9710
decision,0.9717
tackle,0.9713
adaptation domain,0.9702
contrast,0.9753
utilize,0.9766
perspective exploit,0.9707
treating,0.9706
alignment paper,0.9725
multiple,0.9713
energy,0.9705
model,0.9710
perspective,0.9766
approach tackle,0.9718
method,0.9793
general model,0.9804
guidance,0.9728
analysis shown superiority,0.9717
model coined,0.9718
recommendation,0.9700
system cc,0.9708
based,0.9711
superiority cc recommendation,0.9712
preference,0.9754
system,0.9731
model,0.9760
perspective,0.9721
style,0.9725
identifying,0.9714
customized,0.9778
speaking,0.9745
neglect,0.9706
intention,0.9715
guidance,0.9744
experiment,0.9701
model coined,0.9785
recommendation,0.9744
system essential,0.9714
importance,0.9708
response,0.9741
diverse,0.9721
system cc,0.9745
capture,0.9703
based,0.9740
method neglect,0.9732
context,0.9710
meta,0.9766
generation,0.9730
grain,0.9723
analysis,0.9723
preference,0.9708
system,0.9714
system model,0.9713
model,0.9710
perspective,0.9766
recommendation extract,0.9703
style,0.9734
multi,0.9774
personal recommendation extract,0.9720
method,0.9793
observation,0.9740
identifying,0.9724
perspective extensive,0.9732
system model,0.9748
meta learning,1.0000
model triple,0.9727
module,0.9702
issue suggest,0.9718
task,0.9709
ability,0.9706
typically,0.9702
system,0.9731
model,0.9760
costly,0.9737
model triple,0.9716
joint,0.9700
transfer,0.9737
model fundamental,0.9773
using,0.9718
experiment,0.9701
data multi,0.9733
method joint,0.9700
furthermore,0.9701
capability,0.9705
setting,0.9718
important,0.9712
module,0.9760
issue suggest,0.9730
task,0.9732
labeling,0.9769
meta,0.9766
typically break,0.9705
typically,0.9705
system,0.9714
system linear,0.9772
model,0.9710
understanding,0.9711
fundamental,0.9742
multi,0.9774
extraction,0.9750
method,0.9793
enabling,0.9755
transfer learning,0.9757
meta learning,1.0000
graph learning,0.9700
learning method,0.9746
classification,1.0000
fuse classification,0.9746
superiority proposed,0.9754
class however,0.9733
effectively fuse classification,0.9723
overs technique initially,0.9709
framework,0.9755
meta utilized consider,0.9716
problem,0.9702
experiment,0.9701
decision,0.9717
limitation,0.9726
keel,0.9728
prediction,0.9808
diverse,0.9721
sampling,0.9746
effectively,0.9727
meta utilized,0.9730
important,0.9712
criterion,0.9747
resulting,0.9707
fusion,0.9739
context,0.9710
data sampling,0.9715
meta,0.9766
framework meta utilized,0.9726
overs technique,0.9738
multiple,0.9713
utilized consider,0.9740
weight,0.9702
training,0.9706
typical problem,0.9706
synthetic,0.9750
method,0.9793
meta learning,1.0000
diversity method,0.9753
operation specifically introduce,0.9702
classification,1.0000
system,0.9731
model,0.9760
classification model,0.9741
neural,0.9757
focus,0.9740
operation specifically introduce,0.9701
device,0.9735
suitable rec,0.9703
system,0.9714
model,0.9710
operation,0.9725
framework,0.9755
classification model,0.9715
memory,0.9722
using meta,0.9719
size,0.9700
using,0.9718
suitable,0.9746
meta,0.9766
kernel,0.9734
method focus,0.9730
con design ignoring,0.9756
model con,0.9748
method,0.9793
classification model,0.9728
efficient learning,0.9704
meta learning,1.0000
learning method,0.9746
classification model,0.9705
classification,1.0000
using data,0.9714
model selection,0.9707
task,0.9709
algorithm choice,0.9734
due diversity,0.9727
problem single,0.9708
model,0.9760
testing,0.9720
choice,0.9764
problem,0.9702
approach,0.9710
using,0.9718
significantly,0.9725
model selection,0.9766
problem extensively,0.9708
using data significantly,0.9707
input,0.9716
application,0.9766
task,0.9732
performance proposed metal,0.9713
meta used,0.9729
tool,0.9715
algorithm choice,0.9714
meta,0.9766
analysis,0.9723
relatively,0.9704
problem single,0.9781
problem anomaly,0.9719
model,0.9710
solution,0.9740
testing,0.9763
anomaly,0.9749
metal superior,0.9723
information learning,0.9783
ad algorithm choice,0.9711
classification,1.0000
based,0.9711
system,0.9731
model,0.9760
classification model,0.9741
problem,0.9702
approach,0.9710
using,0.9718
imaging,0.9774
problem subjected,0.9748
based,0.9740
meta,0.9766
system,0.9714
model,0.9710
classification model,0.9715
accurately,0.9702
method,0.9793
detection classification model,0.9748
output classification model,0.9787
detection classification model,0.9753
classification model,0.9728
image learning,0.9742
classification model,0.9705
processing,0.9724
distance corrupt considering,0.9744
distance,0.9712
neural,0.9757
device,0.9735
processing,0.9798
distance,0.9723
memory,0.9722
problem,0.9702
logic,0.9790
classification,1.0000
across task miss,0.9707
task,0.9709
classification however,0.9832
system,0.9731
model,0.9760
incorporate,0.9737
problem,0.9702
approach,0.9710
experiment,0.9701
data metal,0.9750
information large,0.9714
lever,0.9737
task,0.9732
requires,0.9727
system,0.9714
model,0.9710
multi,0.9774
data model,0.9781
experiment model,0.9708
set learning,0.9722
data learning,0.9768
knowledge task,0.9709
bias,0.9723
delivery,0.9702
due data,0.9751
task,0.9709
system,0.9731
model,0.9760
perspective,0.9721
bias,0.9780
conversion,0.9727
problem,0.9702
delivery,0.9767
experiment,0.9701
prediction,0.9808
process,0.9719
prediction ali,0.9712
difficult,0.9709
market,0.9717
task,0.9732
system,0.9714
model,0.9710
perspective,0.9766
solution,0.9740
advertisement,0.9705
multi,0.9774
method,0.9793
space model,0.9767
general model,0.9804
feature space model,0.9734
multi learning,0.9757
effectiveness method,0.9733
learning method,0.9746
type,0.9710
module,0.9702
task,0.9709
system,0.9731
model,0.9760
paradigm,0.9754
combining,0.9738
framework,0.9755
boost,0.9739
problem,0.9702
capability,0.9705
type,0.9749
module,0.9760
task,0.9732
meta,0.9766
system,0.9714
useful,0.9749
model,0.9710
problem combining,0.9722
learning paradigm,0.9745
considered,0.9732
method,0.9793
transform,0.9777
entity knowledge,0.9741
information knowledge,0.9748
model knowledge,0.9747
method baseline model,0.9773
baseline model,0.9820
knowledge feature,0.9712
meta learning,1.0000
knowledge learning,0.9820
entity meta learning,0.9713
