Word,Similarity
analysis across,0.9729
specific,0.9720
hierarchical bay,0.9710
using,0.9718
analysis,0.9723
analysis across,0.9755
specific,0.9773
simulation,0.9750
insight,0.9762
important,0.9712
flex,0.9718
bay analysis across,0.9711
metal optimal,0.9714
drug,0.9708
bay analysis,0.9753
experiment,0.9701
therapy,0.9710
problem,0.9702
require,0.9728
hierarchical bay,0.9724
switching,0.9720
retrieve,0.9733
environment learning,0.9733
model,0.9760
phase,0.9702
puzzle,0.9743
batch,0.9702
decision,0.9717
using,0.9718
approach,0.9710
model,0.9710
therapeutic,0.9769
approval,0.9715
bay optimization,0.9711
context,0.9710
semantic,0.9805
sliding,0.9717
solution,0.9740
generation,0.9730
data fine,0.9731
causal,0.9779
multi,0.9774
transform,0.9777
multi prompting,0.9735
phase,0.9749
prompting,0.9716
contrast,0.9753
dual,0.9724
diffusion,0.9812
neural,0.9757
model,0.9760
based,0.9711
classification,1.0000
interface,0.9704
significantly,0.9725
method,0.9793
incorporating,0.9746
meta,0.9766
model,0.9710
based,0.9740
transfer,0.9737
analysis,0.9723
overcome,0.9707
struggle,0.9716
solution,0.9740
interface,0.9765
framework,0.9755
variability metal,0.9744
cal solution,0.9715
data meta,0.9738
transfer learning,0.9757
distance,0.9712
model,0.9760
condition,0.9700
system,0.9731
module,0.9702
gear,0.9743
energy,0.9705
diagnosis,0.9738
rotating,0.9723
analysis,0.9723
transformation,0.9793
vibration,0.9700
operation,0.9725
important,0.9712
method,0.9793
meta,0.9766
diagnostic,0.9707
fault diagnosis,0.9701
furthermore,0.9701
distance,0.9723
approach,0.9710
model,0.9710
model reach,0.9722
extraction,0.9750
predicted,0.9713
problem,0.9702
system,0.9714
module,0.9760
frequency,0.9763
meta learning,1.0000
limit,0.9728
domain however performance,0.9708
including cluster,0.9709
leverage,0.9704
testing,0.9720
module,0.9702
novel multi adaptive,0.9703
training,0.9706
limit,0.9739
branch,0.9721
method,0.9793
meta,0.9766
sampling,0.9746
validation,0.9739
effectively,0.9727
method extensively,0.9776
protocol,0.9751
extraction,0.9750
capability,0.9705
refined,0.9755
specifically evaluation,0.9725
capture,0.9703
compared,0.9725
fusion,0.9739
leverage,0.9770
multiple,0.9713
testing,0.9763
solution,0.9740
principle,0.9763
module,0.9760
multi,0.9774
licence,0.9701
framework,0.9755
component fine feature,0.9702
classification,1.0000
pattern,0.9725
typically,0.9702
model,0.9760
system,0.9731
decision,0.9717
flow,0.9768
operating,0.9702
method,0.9793
pattern,0.9783
setting,0.9718
typically,0.9705
model,0.9710
contrast,0.9753
system,0.9714
compared,0.9725
extend,0.9711
framework,0.9755
flexible,0.9744
method bay,0.9779
opt predict model,0.9728
system bearing,0.9719
bearing data cover,0.9703
model,0.9760
superiority proposed method,0.9725
bearing data,0.9756
data cover,0.9723
system,0.9731
module,0.9702
degree alleviate issue,0.9712
superiority proposed,0.9754
validity,0.9762
bearing fault diagnosis,0.9715
incorporate,0.9737
diagnosis,0.9738
analysis,0.9723
data metal,0.9750
system bearing,0.9747
method,0.9793
fusion learning,0.9717
model trade,0.9718
diagnostic,0.9707
fault diagnosis,0.9701
furthermore,0.9701
focus,0.9740
application,0.9766
model,0.9710
experiment,0.9701
monitoring,0.9724
data cover,0.9701
system,0.9714
fusion,0.9739
module,0.9760
model varying,0.9726
multi,0.9774
complementary,0.9778
learning diagnostic model,0.9744
diagnostic model,0.9743
task,0.9709
specific,0.9720
category,0.9777
task lacking,0.9724
modulation,0.9716
research based,0.9724
model,0.9760
based,0.9711
module,0.9702
mechanism,0.9777
pam layer,0.9740
task,0.9732
diverse,0.9721
specific,0.9773
based metal,0.9717
category,0.9753
method,0.9793
method effectively,0.9706
setting,0.9718
effectively,0.9727
focus,0.9740
modulation,0.9782
approach,0.9710
model,0.9710
experiment,0.9701
coco,0.9720
based,0.9740
tackle,0.9713
module,0.9760
multi,0.9774
framework,0.9755
layer en,0.9713
fixed,0.9705
multi segment model,0.9741
classification model,0.9741
classification,1.0000
metal useful,0.9715
classification model trained,0.9712
task,0.9709
choice,0.9764
data whereas,0.9705
using data,0.9714
classification model evaluated,0.9723
yielded classification,0.9851
model,0.9760
classification using con,0.9731
system,0.9731
testing,0.9720
using,0.9718
classification model,0.9715
problem incorporating,0.9763
metal useful,0.9722
classification model trained,0.9724
task,0.9732
useful,0.9749
data whereas,0.9740
particular,0.9707
split,0.9712
validation,0.9739
classification model evaluated,0.9743
multi metal useful,0.9722
scale,0.9712
challenge useful,0.9711
using data whereas,0.9722
approach,0.9710
model,0.9710
dense,0.9733
using con,0.9709
classification using con,0.9714
split model trained,0.9708
problem,0.9702
system,0.9714
incorporating,0.9746
multiple,0.9713
testing,0.9763
temperature,0.9732
multi,0.9774
licence,0.9701
neural,0.9757
model classification model,0.9705
classification model,0.9728
accuracy classification model,0.9777
model classification model,0.9834
split model,0.9708
classification,1.0000
especially crucial,0.9700
task,0.9709
hi substantial data,0.9707
processing,0.9724
task significantly,0.9708
model,0.9760
system,0.9731
tuning,0.9728
classification classification,0.9867
crucial,0.9753
analysis,0.9723
task,0.9732
paradigm consequently,0.9727
tackled,0.9716
prevalent,0.9703
processing,0.9798
method,0.9793
meta,0.9766
method nonetheless,0.9702
inference,0.9787
task significantly,0.9713
crucial tuning,0.9710
method leaf,0.9755
significantly,0.9725
hurdle syn,0.9745
approach,0.9710
model,0.9710
solution task significantly,0.9722
demonstrates,0.9703
method bench,0.9776
paradigm,0.9754
system,0.9714
hurdle,0.9736
tuning,0.9731
regression,1.0000
leaf,0.9754
meta recent,0.9708
solution,0.9740
paradigm consequently attaining,0.9704
framework utilized,0.9705
framework,0.9755
method metal,0.9711
larger language model,0.9729
language model,0.9784
ability,0.9706
task,0.9709
type,0.9710
model,0.9760
model second,0.9756
based deep,0.9701
system,0.9731
based,0.9711
testing,0.9720
distorted,0.9739
analysis,0.9723
task,0.9732
model identify,0.9709
model second use,0.9710
training,0.9706
descent,0.9731
similarity,0.9746
assessment,0.9766
method,0.9793
scale,0.9712
type,0.9749
input,0.9716
model,0.9710
distortion,0.9738
extraction,0.9750
standard,0.9735
predicted,0.9713
experiment,0.9701
model second,0.9730
based deep,0.9713
system,0.9714
based,0.9740
testing,0.9763
help model,0.9700
ability model,0.9730
general ability model,0.9785
parameter model,0.9767
classification,1.0000
task,0.9709
category,0.9777
correction,0.9741
distance,0.9712
model,0.9760
classify,0.9730
factor,0.9727
system,0.9731
classification previous,0.9798
classification classification,0.9867
marker,0.9720
task,0.9732
category,0.9753
hyper,0.9739
important,0.9712
method,0.9793
meta,0.9766
method widely,0.9764
focus,0.9740
correction,0.9721
distance,0.9723
significantly,0.9725
model,0.9710
semantic,0.9805
extraction,0.9750
experiment,0.9701
classify,0.9775
problem,0.9702
factor,0.9740
system,0.9714
effective classify,0.9712
framework,0.9755
method metal,0.9711
data show model,0.9754
network learning,0.9773
ability,0.9706
limitation propose taxonomy,0.9708
task,0.9709
specific,0.9720
wide array,0.9702
regulation,0.9747
type,0.9710
differentiation among,0.9725
model,0.9760
task however,0.9701
factor,0.9727
system,0.9731
based,0.9711
aspect,0.9724
implication,0.9732
transfer,0.9737
limitation propose taxonomy,0.9768
task,0.9732
specific,0.9773
forefront,0.9718
considered,0.9732
application,0.9766
distinguish,0.9732
type,0.9749
approach,0.9710
model,0.9710
multi involves fu,0.9725
facilitate,0.9725
collaboration,0.9731
capability,0.9705
commonly,0.9730
model prime,0.9721
factor,0.9740
system,0.9714
aspect finally,0.9742
based,0.9740
several factor,0.9724
definition,0.9750
multi,0.9774
limitation,0.9726
reinforcement,0.9727
large language model,0.9705
large language model,0.9794
language model,0.9784
intelligence language model,0.9706
transfer learning,0.9757
auto learning,0.9782
learning transfer,0.9728
classification,1.0000
task,0.9709
task regime,0.9743
model,0.9760
task regime however,0.9710
classification cross,0.9705
capability across,0.9728
task weight,0.9736
system,0.9731
analysis,0.9723
task,0.9732
rule,0.9740
approach surprisingly,0.9702
alfa,0.9703
diverse,0.9721
training,0.9706
hyper,0.9739
important,0.9712
meta,0.9766
task regime,0.9722
relatively,0.9704
furthermore,0.9701
focus,0.9740
approach,0.9710
model,0.9710
capability,0.9705
consequently propose,0.9702
initial,0.9701
problem,0.9702
task weight,0.9712
regime,0.9733
system,0.9714
regression,1.0000
process,0.9719
frame,0.9702
process specifically,0.9755
neural,0.9757
weight,0.9702
general model,0.9804
objective learning,0.9810
task learning,0.9801
classification,1.0000
task,0.9709
category,0.9777
category employing,0.9744
category however,0.9752
category second,0.9772
model,0.9760
additionally transfer,0.9703
system,0.9731
based,0.9711
task including,0.9711
crucial,0.9753
transfer,0.9737
mechanism,0.9777
analysis,0.9723
resource contrast,0.9723
task,0.9732
performance additionally transfer,0.9701
utilizing,0.9730
limiting,0.9755
labeled,0.9759
empirical,0.9751
training,0.9706
interest,0.9730
category,0.9753
however approach,0.9701
method,0.9793
category employing,0.9738
setting,0.9718
accurately,0.9702
method consistently,0.9728
application,0.9766
model moreover,0.9721
experimental setting,0.9705
approach,0.9710
model,0.9710
application scarce,0.9740
capability,0.9705
outlined,0.9712
commonly,0.9730
standard,0.9735
additionally transfer,0.9724
experiment,0.9701
contrast,0.9753
system,0.9714
require,0.9728
fusion,0.9739
based,0.9740
method accurately,0.9708
category however approach,0.9706
multi,0.9774
retrieval,0.9759
harness,0.9730
multi foundation model,0.9704
language model,0.9784
large vision model,0.9728
vision model,0.9772
transfer learning,0.9757
metric learning,0.9741
data learning,0.9768
self learning,0.9713
ability,0.9706
classification,1.0000
task paper,0.9708
task,0.9709
including data,0.9712
method,0.9793
task,0.9732
definition,0.9750
labeled,0.9759
additionally data,0.9708
model including,0.9705
model,0.9760
system,0.9731
power,0.9723
decision,0.9717
energy,0.9705
incorporate,0.9737
mechanism,0.9777
opt decision,0.9714
system paper,0.9713
reducing,0.9707
transforms,0.9769
mechanism sam,0.9725
operation,0.9725
system long,0.9713
system multi,0.9713
validation,0.9739
system con,0.9732
effectively,0.9727
mechanism con,0.9721
memory,0.9722
interval,0.9709
thermal,0.9758
model,0.9710
realization multi,0.9717
fusion model con,0.9701
precision,0.9771
demonstrates,0.9703
problem,0.9702
model con,0.9748
system,0.9714
compared,0.9725
fusion,0.9739
multi,0.9774
self mechanism,0.9729
neural,0.9757
weight,0.9702
network model,0.9766
difference model,0.9746
typically,0.9702
model,0.9760
based,0.9711
inherent challenge,0.9707
analysis,0.9723
directly,0.9718
method reduce,0.9708
empirical,0.9751
model behavioral,0.9725
method,0.9793
meta,0.9766
typically,0.9705
model,0.9710
based,0.9740
constrained,0.9744
principle optimism,0.9721
principle,0.9763
process,0.9719
behavioral,0.9731
limitation,0.9726
reinforcement,0.9727
meta learning,1.0000
classification,1.0000
task,0.9709
model rely,0.9721
processing,0.9724
classification due,0.9800
model,0.9760
system,0.9731
task,0.9732
pseudo generation,0.9758
model rely,0.9771
data metal,0.9750
similarity,0.9746
ho model rely,0.9748
processing,0.9798
pseudo,0.9712
method,0.9793
method achieve,0.9722
struggle,0.9716
generation,0.9730
setting,0.9718
significant,0.9708
model rely ho,0.9730
focus,0.9740
distinguish,0.9732
input,0.9716
model,0.9710
semantic,0.9805
problem,0.9702
problem making,0.9720
system,0.9714
bench significant,0.9708
rely,0.9709
modeling learning,0.9730
information learning,0.9783
representation however,0.9750
classification,1.0000
task,0.9709
processing,0.9724
model,0.9760
perspective,0.9721
system,0.9731
based,0.9711
system cv,0.9700
using,0.9718
mechanism,0.9777
additionally method,0.9715
task,0.9732
directly,0.9718
transform,0.9777
method based,0.9701
natural,0.9713
processing,0.9798
method,0.9793
method achieve,0.9722
based hypothesis,0.9742
weighted,0.9760
hypothesis,0.9774
furthermore,0.9701
combining,0.9738
approach,0.9710
based multiple,0.9709
model,0.9710
mechanism di,0.9739
perspective,0.9766
convenience,0.9706
system,0.9714
compared,0.9725
fusion,0.9739
based,0.9740
multiple,0.9713
method based hypothesis,0.9715
method model,0.9716
ensemble model,0.9710
deep learning model,0.9706
method model,0.9801
layer map,0.9724
multiple model,0.9709
learning model,0.9744
mainstream method model,0.9747
combining model,0.9719
ensemble model,0.9765
deep learning learning,0.9727
classification,1.0000
task,0.9709
cub result,0.9725
model,0.9760
system,0.9731
model close,0.9738
task,0.9732
directly,0.9718
model introduce,0.9701
branch,0.9721
method,0.9793
method generally,0.9709
meta,0.9766
model conduct,0.9741
generation,0.9730
focus,0.9740
attempting,0.9739
model,0.9710
prediction,0.9808
experiment,0.9701
utilize,0.9766
system,0.9714
model close,0.9734
multiple,0.9713
licence,0.9701
generally utilize,0.9704
dual,0.9724
fixed,0.9705
fixed model,0.9705
meta multiple,0.9711
dual model learning,0.9751
classification,1.0000
model superior,0.9735
comparison,0.9779
model,0.9760
system,0.9731
classification classification,0.9867
model transferring,0.9719
transfer,0.9737
utilizing,0.9730
transferring,0.9727
model superior,0.9734
comparison,0.9816
simulation,0.9750
training,0.9706
method,0.9793
method effectively,0.9706
relatively,0.9704
method utilizing,0.9744
effectively,0.9727
furthermore,0.9701
model,0.9710
requires,0.9727
capability,0.9705
problem,0.9702
sensor,0.9742
system,0.9714
solution,0.9740
offset,0.9723
framework,0.9755
method effectively transfer,0.9727
deep learning di,0.9710
model transferring,0.9770
method metal,0.9711
sim model,0.9772
solution learning,0.9810
cross learning,0.9846
deep learning learning,0.9727
application across,0.9747
requirement,0.9703
system,0.9731
based,0.9711
producing,0.9700
using,0.9718
carbon,0.9746
energy,0.9705
organic,0.9700
treatment,0.9705
application hydrogen,0.9724
application across,0.9732
method,0.9793
hydrogen,0.9727
generation,0.9730
scale,0.9712
application,0.9766
input,0.9716
approach,0.9710
enabling,0.9755
requirement,0.9742
pot,0.9701
reaction,0.9724
diffusion,0.9812
sensor,0.9742
system,0.9714
compared,0.9725
incorporating,0.9746
based,0.9740
multiple,0.9713
aromatic,0.9722
process,0.9719
electro using,0.9731
micro,0.9712
consumption,0.9700
grid called,0.9706
model resulted,0.9740
classified,0.9715
model,0.9760
treatment help,0.9711
tuning,0.9728
phase,0.9702
using,0.9718
model furthermore,0.9746
treatment,0.9705
model resulted,0.9701
training,0.9706
compare,0.9728
method,0.9793
furthermore implemented,0.9702
unable,0.9712
significant,0.9708
furthermore,0.9701
prediction using,0.9724
model,0.9710
precision,0.9771
prediction,0.9808
predicted,0.9713
experiment,0.9701
comprehension,0.9732
multiple,0.9713
tuning,0.9731
using mel,0.9710
phase,0.9749
experiment carried,0.9713
ml model furthermore,0.9760
learning model,0.9744
common ml model,0.9770
ml model,0.9747
database learning,0.9799
model,0.9760
phase,0.9702
puzzle,0.9743
batch,0.9702
decision,0.9717
using,0.9718
approach,0.9710
model,0.9710
therapeutic,0.9769
approval,0.9715
bay optimization,0.9711
context,0.9710
semantic,0.9805
sliding,0.9717
solution,0.9740
generation,0.9730
data fine,0.9731
causal,0.9779
multi,0.9774
transform,0.9777
multi prompting,0.9735
phase,0.9749
prompting,0.9716
contrast,0.9753
dual,0.9724
diffusion,0.9812
neural,0.9757
model,0.9760
performance cross,0.9707
important,0.9712
using,0.9718
model,0.9710
mechanism,0.9777
multiple,0.9713
performance cross,0.9719
prediction,0.9808
reducing,0.9707
experiment,0.9701
information model,0.9702
gradient information model,0.9736
information model,0.9819
gradient information model,0.9789
module helping,0.9748
performance across,0.9714
based,0.9711
preference,0.9754
module,0.9702
application unfortunately,0.9706
module helping,0.9715
analysis,0.9723
based meta,0.9718
training,0.9706
particular,0.9707
meta,0.9766
sampling,0.9746
thus severely,0.9722
effectively,0.9727
application,0.9766
distinguish,0.9732
performance across,0.9719
link predict,0.9716
capability,0.9705
prediction,0.9808
experiment,0.9701
based,0.9740
preference,0.9708
module,0.9760
framework,0.9755
particular elaborate,0.9707
elaborate,0.9718
application unfortunately,0.9769
neural,0.9757
prediction metal,0.9737
meta learning,1.0000
aiming uncover novel,0.9704
model significant,0.9726
task,0.9709
comparison,0.9779
link predicted,0.9716
inter comparison,0.9725
typically,0.9702
type,0.9710
multi level,0.9725
model,0.9760
advantage,0.9712
system,0.9731
based,0.9711
prediction however,0.9743
model significant,0.9783
mechanism,0.9777
indication,0.9709
task,0.9732
framework drug,0.9728
transform,0.9777
comparison,0.9816
filter,0.9780
insight,0.9762
training,0.9706
effectively filter,0.9736
link predicted,0.9716
method,0.9793
meta,0.9766
inter comparison,0.9727
validation,0.9739
significant,0.9708
measurement,0.9807
typically,0.9705
effectively,0.9727
insight proposed,0.9715
type,0.9749
multi level,0.9713
drug,0.9708
model,0.9710
integrated,0.9716
size,0.9700
prediction,0.9808
predicted,0.9713
capture,0.9703
indicator,0.9715
framework corona,0.9710
therapy,0.9710
system,0.9714
tri,0.9720
based,0.9740
predicting,0.9774
process,0.9719
multi,0.9774
framework,0.9755
scenario drug,0.9702
prediction however,0.9746
neural,0.9757
prediction metal,0.9737
prediction model,0.9710
opt model,0.9705
prediction model,0.9729
graph learning,0.9700
meta learning,1.0000
feature learning,0.9733
modification,0.9710
due extraction,0.9722
class utilized,0.9756
model,0.9760
model cross,0.9743
using,0.9718
analysis,0.9723
sequence using,0.9725
biology machine,0.9721
lab,0.9714
modification,0.9742
however approach,0.9701
meta,0.9766
due extraction,0.9758
validation,0.9739
encoding,0.9757
fold,0.9751
furthermore,0.9701
fold cross,0.9736
drug,0.9708
approach,0.9710
model,0.9710
sequence,0.9712
extraction,0.9750
therapy,0.9710
acid,0.9761
experimentation,0.9749
fusion,0.9739
model cross,0.9732
regression,1.0000
process several,0.9701
process,0.9719
framework,0.9755
meta learning,1.0000
system el,0.9701
task,0.9709
effective cross,0.9709
connection,0.9704
model named,0.9701
condition rod,0.9745
model,0.9760
condition,0.9700
system,0.9731
leverage,0.9704
rotor critical,0.9713
imperative investigate failure,0.9705
connecting,0.9706
critical component,0.9719
system el,0.9776
diagnosis,0.9738
mechanism,0.9777
analysis,0.9723
task,0.9732
effective cross,0.9724
connection,0.9741
training,0.9706
interest,0.9730
similarity,0.9746
operating,0.9702
method,0.9793
diagnostic,0.9707
method rod,0.9730
fault diagnosis,0.9701
significant,0.9708
rotor,0.9722
model,0.9710
proximity,0.9702
extraction,0.9750
data opt,0.9707
weight constructing,0.9739
system,0.9714
yielding,0.9709
leverage,0.9770
rotor critical,0.9719
process,0.9719
framework,0.9755
connecting,0.9712
corresponding,0.9714
mit effect,0.9706
neural,0.9757
weight,0.9702
network model,0.9766
model,0.9760
phase,0.9702
puzzle,0.9743
batch,0.9702
decision,0.9717
using,0.9718
approach,0.9710
model,0.9710
therapeutic,0.9769
approval,0.9715
bay optimization,0.9711
context,0.9710
semantic,0.9805
sliding,0.9717
solution,0.9740
generation,0.9730
data fine,0.9731
causal,0.9779
multi,0.9774
transform,0.9777
multi prompting,0.9735
phase,0.9749
prompting,0.9716
contrast,0.9753
dual,0.9724
diffusion,0.9812
neural,0.9757
ability,0.9706
classification,1.0000
specific criterion,0.9727
chosen selection,0.9760
specific,0.9720
model,0.9760
weakness novel,0.9714
weakness,0.9721
situation useful,0.9705
system,0.9731
based,0.9711
coverage,0.9700
practice,0.9713
varied,0.9721
analysis,0.9723
data bench,0.9717
specific criterion,0.9724
data able,0.9720
method based,0.9701
diverse,0.9721
specific,0.9773
useful,0.9749
method,0.9793
meta,0.9766
lever,0.9737
proved,0.9716
properly,0.9720
metal optimal,0.9714
model,0.9710
importance,0.9708
broadly,0.9758
capability,0.9705
situation useful,0.9751
coverage circular,0.9717
system,0.9714
compared,0.9725
based,0.9740
regression,1.0000
solution,0.9740
licence,0.9701
criterion,0.9747
ml model,0.9747
data learning,0.9768
ability,0.9706
classification,1.0000
model,0.9760
system,0.9731
class would weaker,0.9705
based,0.9711
using,0.9718
imaging,0.9774
model effectively,0.9728
using meta,0.9719
algorithm chinese,0.9748
meta,0.9766
effectively,0.9727
termed,0.9753
model,0.9710
thus causing,0.9717
structured,0.9766
capture,0.9703
problem,0.9702
system,0.9714
compared,0.9725
resulting,0.9707
based,0.9740
multi,0.9774
difficult,0.9709
neural,0.9757
deep learning model,0.9706
learning model,0.9744
meta learning,1.0000
network learning,0.9773
learning task,1.0000
classification,1.0000
task,0.9709
phase specifically,0.9711
specific,0.9720
selection classification,0.9700
gap,0.9707
candidate classification,0.9750
model,0.9760
classify,0.9730
system,0.9731
phase,0.9702
task,0.9732
phase specifically,0.9721
specific,0.9773
empirical,0.9751
meta,0.9766
proliferation,0.9758
significant,0.9708
lever,0.9737
approach termed,0.9726
application,0.9766
termed,0.9753
approach,0.9710
model,0.9710
selection metal,0.9726
vision however,0.9715
experiment,0.9701
system machine,0.9723
classify,0.9775
system,0.9714
suitable,0.9746
phase,0.9749
dimensional,0.9783
empirical knowledge,0.9728
system knowledge,0.9729
meta empirical knowledge,0.9786
meta model,0.9743
specific data model,0.9701
data model,0.9781
meta model,1.0000
modeling database,0.9767
system,0.9731
ability,0.9706
model,0.9760
based,0.9711
thereby improving,0.9702
feedback,0.9738
limit,0.9728
system,0.9714
method,0.9793
meta,0.9766
model,0.9710
based,0.9740
transfer,0.9737
capability,0.9705
significant,0.9708
method called,0.9706
compression,0.9821
experiment,0.9701
adjust,0.9750
furthermore,0.9701
feedback,0.9779
application,0.9766
memory,0.9722
application di,0.9768
neural,0.9757
consumption,0.9700
limit,0.9739
capability knowledge,0.9723
number model,0.9721
ability,0.9706
task,0.9709
cluster approach,0.9702
model specifically,0.9744
limit,0.9728
model,0.9760
based,0.9711
module,0.9702
power,0.9723
dependency,0.9802
analysis,0.9723
task,0.9732
cluster approach,0.9758
method significantly,0.9767
model specifically,0.9756
limit,0.9739
method,0.9793
inference,0.9787
significant,0.9708
effectively,0.9727
application,0.9766
divide,0.9737
significantly,0.9725
approach,0.9710
model,0.9710
sequence,0.9712
capability,0.9705
based sequence,0.9716
prediction,0.9808
capture,0.9703
experiment,0.9701
finally design,0.9733
problem,0.9702
based,0.9740
module,0.9760
framework,0.9755
dual,0.9724
frequency,0.9763
capability base model,0.9701
general learning,0.9729
task,0.9709
branch en,0.9705
detector novel,0.9706
model,0.9760
perspective,0.9721
based,0.9711
module,0.9702
however class,0.9706
prediction however,0.9743
task,0.9732
branch en,0.9727
method based,0.9701
based metal,0.9717
training,0.9706
due practical meaning,0.9703
branch,0.9721
method,0.9793
sampling,0.9746
fused,0.9737
context,0.9710
setting,0.9718
effective paradigm,0.9785
effectively,0.9727
model,0.9710
facilitate,0.9725
distinctive,0.9731
prediction,0.9808
grain,0.9723
capture,0.9703
experiment,0.9701
perspective,0.9766
paradigm,0.9754
process realized,0.9747
instability,0.9811
fusion,0.9739
balanced,0.9734
coco,0.9720
based,0.9740
process,0.9719
module,0.9760
effectively extensive,0.9709
however class,0.9703
difficult,0.9709
prediction however,0.9746
complementary,0.9778
task,0.9709
system aimed,0.9730
processing,0.9724
requirement,0.9703
full f communication,0.9725
system,0.9731
phase,0.9702
power,0.9723
analysis,0.9723
beam,0.9720
task,0.9732
system aimed,0.9711
processing,0.9798
method,0.9793
opt optimization,0.9709
meta,0.9766
phase shift,0.9700
focus,0.9740
combining,0.9738
approach,0.9710
requirement,0.9742
problem,0.9702
system,0.9714
compared,0.9725
algorithm mobile,0.9720
multi,0.9774
phase,0.9749
reflecting,0.9707
reinforcement,0.9727
correction,0.9741
model,0.9760
performance address challenging,0.9700
analysis,0.9723
deep neural,0.9743
suggests,0.9712
training,0.9706
method,0.9793
meta,0.9766
multi data however,0.9712
comparing,0.9738
lax,0.9728
correction,0.9721
approach,0.9710
model,0.9710
experiment,0.9701
problem,0.9702
fusion,0.9739
performance address challenging,0.9705
facial,0.9740
multiple,0.9713
sentiment,0.9714
multi,0.9774
framework,0.9755
neural,0.9757
meta learning,1.0000
model,0.9760
perspective,0.9721
system,0.9731
based,0.9711
recommendation,0.9700
feedback,0.9738
method explore,0.9710
analysis,0.9723
boost,0.9739
however scenario,0.9711
viewing,0.9724
method significantly,0.9767
based metal,0.9717
training,0.9706
hyper,0.9739
method,0.9793
meta,0.9766
setting,0.9718
adjust,0.9750
focus,0.9740
significantly,0.9725
approach,0.9710
model,0.9710
behavior,0.9766
experiment,0.9701
perspective,0.9766
problem,0.9702
system,0.9714
resulting,0.9707
based,0.9740
framework,0.9755
dual,0.9724
behavioral,0.9731
rely,0.9709
recommendation,0.9744
feedback,0.9779
framework model,0.9763
meta learning,1.0000
true label learning,0.9726
power using,0.9746
using data,0.9714
due power,0.9750
due power accurately,0.9721
without power using,0.9700
model,0.9760
condition,0.9700
advantage,0.9712
system,0.9731
using data power,0.9723
power,0.9723
using,0.9718
mechanism,0.9777
analysis,0.9723
power using,0.9726
system posing,0.9748
exchange,0.9728
assessment,0.9766
accurately,0.9702
due power accurately,0.9746
combining,0.9738
without power using,0.9707
approach,0.9710
model,0.9710
substantially,0.9701
prediction,0.9808
weight,0.9702
system,0.9714
using data power,0.9701
multiple,0.9713
prediction model,0.9710
prediction model,0.9729
prediction learning,0.9810
ability,0.9706
classification model,0.9741
classification,1.0000
model,0.9760
classification solve,0.9740
perspective,0.9721
intra prototype,0.9702
module,0.9702
classification model,0.9715
problem intra,0.9708
representative feature caused,0.9701
classification model dual,0.9725
application,0.9766
model,0.9710
experiment,0.9701
perspective,0.9766
problem,0.9702
compared,0.9725
process,0.9719
module,0.9760
multi,0.9774
unrelated,0.9737
dual,0.9724
classification model,0.9728
baseline model,0.9820
module model,0.9835
rec classification model,0.9796
learning module model,0.9745
metric learning,0.9741
bio case,0.9746
drug,0.9708
significance,0.9727
approach,0.9710
varied,0.9721
crucial,0.9753
transfer,0.9737
analysis,0.9723
crucial driving bio,0.9701
suggests,0.9712
crucial driving,0.9742
prediction,0.9808
analysis provide,0.9720
emphasizing,0.9701
insight,0.9762
showcasing,0.9733
application,0.9766
transfer learning,0.9757
based,0.9711
class strip,0.9710
comparison,0.9779
practical issue,0.9702
method,0.9793
suppress,0.9738
based,0.9740
constrained,0.9744
mechanism,0.9777
semantic,0.9805
deep neural,0.9743
method superior similar,0.9711
practical issue metal,0.9706
class strip,0.9703
multi,0.9774
mechanism effectively,0.9733
comparison,0.9816
experiment,0.9701
effectively,0.9727
scale,0.9712
method multi,0.9735
application,0.9766
neural,0.9757
application deep,0.9710
task,0.9709
expertise,0.9733
model,0.9760
requirement,0.9703
system,0.9731
identifying,0.9714
leverage,0.9704
based,0.9711
addressing,0.9701
method consists,0.9707
phase,0.9702
decision,0.9717
diagnosis,0.9738
task,0.9732
intervention,0.9727
expertise,0.9715
tool,0.9715
labeled,0.9759
insight,0.9762
rigorous,0.9746
training,0.9706
derived,0.9719
method,0.9793
context numerous,0.9711
meta,0.9766
context,0.9710
automated,0.9730
application,0.9766
distinguish,0.9732
model,0.9710
broadly,0.9758
facilitate,0.9725
requirement,0.9742
extraction,0.9750
commonly,0.9730
prediction,0.9808
based prediction,0.9740
like medical,0.9701
system,0.9714
identifying,0.9724
reveal,0.9714
leverage,0.9770
based,0.9740
addressing,0.9752
necessity,0.9718
principle,0.9763
process,0.9719
phase,0.9749
sage error,0.9720
modelling knowledge,0.9709
impact model,0.9726
broadly impact model,0.9700
learning model,0.9744
phase ml model,0.9785
issue model,0.9700
ml model,0.9747
challenge ml model,0.9713
ability,0.9706
classification,1.0000
category,0.9777
within micro class,0.9707
ability proposed,0.9727
ability proposed mc,0.9701
typically,0.9702
type,0.9710
recognition called,0.9738
recognition called mc,0.9723
category divided multiple,0.9785
system,0.9731
category divided,0.9812
based,0.9711
micro propose meta,0.9706
approach sp,0.9708
incorporate,0.9737
transfer,0.9737
scar micro,0.9721
metal micro,0.9710
problem multiple,0.9750
micro data,0.9706
system transfer,0.9716
category,0.9753
method,0.9793
meta,0.9766
ability proposed,0.9718
typically,0.9705
furthermore,0.9701
type,0.9749
recognition called,0.9703
approach,0.9710
protocol,0.9751
experiment,0.9701
problem,0.9702
system,0.9714
category divided,0.9701
based,0.9740
facial,0.9740
multiple,0.9713
based leave,0.9706
process,0.9719
typically use,0.9709
categorized,0.9754
micro,0.9712
criterion,0.9747
cluster learning,0.9771
transfer learning,0.9757
meta learning,1.0000
classification model,0.9741
classification,1.0000
task,0.9709
model however,0.9706
model,0.9760
system,0.9731
tuning,0.9728
classification classification,0.9867
phase,0.9702
characteristic,0.9725
decision,0.9717
using,0.9718
classification model,0.9715
analysis,0.9723
task,0.9732
kernel,0.9734
labeling,0.9769
labeled,0.9759
training,0.9706
series reduce,0.9732
method,0.9793
meta,0.9766
unable,0.9712
comparing,0.9738
model however,0.9703
furthermore,0.9701
scale,0.9712
model,0.9710
extraction,0.9750
experiment,0.9701
modeled,0.9745
problem,0.9702
system,0.9714
tuning,0.9731
multi,0.9774
phase,0.9749
using scale,0.9729
neural,0.9757
classification model,0.9728
metric learning,0.9741
system learning,0.9838
classification,1.0000
task,0.9709
processing,0.9724
including data,0.9712
classification leading,0.9816
type,0.9710
type classification,0.9745
factor,0.9727
tuning,0.9728
characteristic,0.9725
using,0.9718
practice,0.9713
diagnosis,0.9738
vary,0.9752
subtle,0.9719
task,0.9732
needle bio,0.9734
scanner,0.9737
transforms,0.9769
method significantly,0.9767
training,0.9706
operating,0.9702
hyper,0.9739
processing,0.9798
method,0.9793
hyper including,0.9749
meta,0.9766
method achieve,0.9722
automated,0.9730
type,0.9749
significantly,0.9725
analyze,0.9748
comparable,0.9719
tumor,0.9738
protocol,0.9751
factor,0.9740
resulting subtle,0.9721
aug method significantly,0.9737
resulting,0.9707
neo,0.9723
bio receiver,0.9717
tuning,0.9731
operating characteristic,0.9706
framework,0.9755
neural,0.9757
learning task,1.0000
classification,1.0000
task,0.9709
based,0.9711
tuning,0.9728
analysis,0.9723
task,0.9732
training,0.9706
specifically generic,0.9715
meta,0.9766
generation,0.9730
furthermore,0.9701
memory,0.9722
grain,0.9723
analysis show,0.9716
furthermore analysis,0.9705
experiment,0.9701
problem,0.9702
compared,0.9725
resulting,0.9707
based,0.9740
tuning,0.9731
framework,0.9755
reinforcement,0.9727
pattern,0.9725
model,0.9760
cross performance,0.9734
performance require,0.9736
factor,0.9727
system,0.9731
transfer,0.9737
gesture,0.9701
automated,0.9730
pattern,0.9783
accurately,0.9702
application,0.9766
system gesture,0.9715
model,0.9710
experiment,0.9701
factor,0.9740
sensor,0.9742
system,0.9714
require,0.9728
multiple,0.9713
adoption,0.9702
multi,0.9774
framework,0.9755
system term,0.9766
fixed,0.9705
integration,0.9721
automated pattern,0.9723
limitation,0.9726
exploit novel,0.9716
model,0.9760
system,0.9731
tuning,0.9728
aligned,0.9747
joint hypothesis,0.9701
operating,0.9702
method,0.9793
proposed learning,0.9701
synthetic,0.9750
exploit novel,0.9705
hypothesis,0.9774
adaptation domain,0.9702
model,0.9710
novel hypothesis,0.9732
semantic,0.9805
initial,0.9701
experiment,0.9701
system machine,0.9723
certain,0.9732
system,0.9714
tuning,0.9731
solution,0.9740
assumption,0.9770
solution learning,0.9810
alignment learning,0.9705
bench learning,0.9718
task,0.9709
specific,0.9720
limit,0.9728
processing,0.9724
gap,0.9707
task single,0.9705
due viewpoint,0.9710
model,0.9760
factor,0.9727
based single,0.9708
based,0.9711
critical factor,0.9702
pose transfer,0.9712
transfer,0.9737
analysis,0.9723
task,0.9732
reducing,0.9707
specific,0.9773
similarity,0.9746
limit,0.9739
processing,0.9798
pseudo,0.9712
method,0.9793
method achieve,0.9722
due viewpoint,0.9721
model,0.9710
initial,0.9701
experiment,0.9701
method reid,0.9735
factor,0.9740
market,0.9717
based,0.9740
extend,0.9711
multiple,0.9713
multi,0.9774
framework,0.9755
viewpoint,0.9750
complementary,0.9778
retrieve,0.9733
feature learning,0.9733
transmission,0.9717
task,0.9709
model,0.9760
requirement,0.9703
based,0.9711
preference,0.9754
dependency,0.9802
expert,0.9727
mechanism,0.9777
analysis,0.9723
transmission,0.9707
task,0.9732
delay,0.9707
model lead,0.9708
training,0.9706
meta,0.9766
specifically bid,0.9701
particularly,0.9703
topology,0.9721
encoding,0.9757
input,0.9716
model,0.9710
sequence particularly,0.9710
integrated,0.9716
sequence,0.9712
requirement,0.9742
model edge,0.9741
capability,0.9705
problem multi,0.9724
problem,0.9702
compared,0.9725
based,0.9740
multiple,0.9713
solution,0.9740
preference,0.9708
multi,0.9774
framework,0.9755
reinforcement,0.9727
multi se model,0.9759
learning model,0.9744
model meta,0.9718
designed based model,0.9711
model meta,0.9711
meta learning,1.0000
parameter learning,0.9767
meta learning train,0.9706
ability,0.9706
task,0.9709
specific,0.9720
type,0.9710
model,0.9760
classify,0.9730
based,0.9711
based onto,0.9723
mechanism,0.9777
task,0.9732
specific,0.9773
sentences,0.9722
training,0.9706
method,0.9793
context,0.9710
setting,0.9718
learning ic drawn,0.9709
model employ,0.9717
focus,0.9740
type,0.9749
model,0.9710
requires,0.9727
semantic,0.9805
consideration,0.9731
standard,0.9735
prediction,0.9808
filtered,0.9730
experiment,0.9701
classify,0.9775
paradigm,0.9754
compared,0.9725
based,0.9740
self mechanism,0.9729
retrieval,0.9759
framework,0.9755
retrieve,0.9733
micro,0.9712
large language model,0.9705
context language model,0.9705
large language model,0.9794
language model,0.9784
ne model,0.9780
context language model,0.9767
context learning,0.9832
ability,0.9706
task,0.9709
gap,0.9707
functionality,0.9757
model lack,0.9724
model,0.9760
paradigm innovative model,0.9703
system,0.9731
mechanism,0.9777
task,0.9732
training,0.9706
method,0.9793
sampling,0.9746
learning paradigm,0.9745
approach li,0.9710
functionality,0.9764
furthermore,0.9701
model lack,0.9721
approach,0.9710
model,0.9710
model comprehension,0.9749
semantic,0.9805
disrupt,0.9701
experiment,0.9701
fixed model term,0.9701
paradigm,0.9754
comprehension,0.9732
system,0.9714
constrained,0.9744
notion,0.9753
model term,0.9768
harness,0.9730
fixed,0.9705
information model,0.9702
fixed model,0.9705
information model,0.9819
constraint innovative model,0.9710
model,0.9760
phase,0.9702
puzzle,0.9743
batch,0.9702
decision,0.9717
using,0.9718
approach,0.9710
model,0.9710
therapeutic,0.9769
approval,0.9715
bay optimization,0.9711
context,0.9710
semantic,0.9805
sliding,0.9717
solution,0.9740
generation,0.9730
data fine,0.9731
causal,0.9779
multi,0.9774
transform,0.9777
multi prompting,0.9735
phase,0.9749
prompting,0.9716
contrast,0.9753
dual,0.9724
diffusion,0.9812
neural,0.9757
task,0.9709
model,0.9760
system,0.9731
leverage,0.9704
based,0.9711
idea leverage,0.9716
analysis,0.9723
task,0.9732
training,0.9706
method,0.9793
per technique robust,0.9722
integrating,0.9786
per method robust,0.9709
model,0.9710
facilitate,0.9725
experiment,0.9701
problem,0.9702
method integrating,0.9749
system,0.9714
leverage,0.9770
based,0.9740
multiple,0.9713
scenario model,0.9712
general sense model,0.9742
sense model,0.9797
scenario model,0.9813
population model,0.9737
general sense model,0.9840
auto learning,0.9782
model,0.9760
phase,0.9702
puzzle,0.9743
batch,0.9702
decision,0.9717
using,0.9718
approach,0.9710
model,0.9710
therapeutic,0.9769
approval,0.9715
bay optimization,0.9711
context,0.9710
semantic,0.9805
sliding,0.9717
solution,0.9740
generation,0.9730
data fine,0.9731
causal,0.9779
multi,0.9774
transform,0.9777
multi prompting,0.9735
phase,0.9749
prompting,0.9716
contrast,0.9753
dual,0.9724
diffusion,0.9812
neural,0.9757
task,0.9709
application overlooked,0.9737
processing,0.9724
task allowing,0.9725
model,0.9760
despite significance r,0.9704
system,0.9731
identifying,0.9714
decision,0.9717
task,0.9732
framework significantly,0.9715
potential combining,0.9730
imitation,0.9726
application overlooked,0.9761
barrier,0.9737
simulation,0.9750
empirical,0.9751
training,0.9706
overlooked,0.9718
operation,0.9725
processing,0.9798
method,0.9793
significance,0.9727
meta,0.9766
context,0.9710
algorithm term,0.9734
particularly,0.9703
lever,0.9737
coupled,0.9755
application,0.9766
significantly,0.9725
combining,0.9738
approach,0.9710
model,0.9710
integrated,0.9716
capability,0.9705
experiment,0.9701
particularly context,0.9707
system,0.9714
identifying,0.9724
process,0.9719
framework,0.9755
allowing,0.9746
pivotal,0.9733
limitation,0.9726
reinforcement,0.9727
meta learning,1.0000
efficiency learning,0.9770
model,0.9760
phase,0.9702
puzzle,0.9743
batch,0.9702
decision,0.9717
using,0.9718
approach,0.9710
model,0.9710
therapeutic,0.9769
approval,0.9715
bay optimization,0.9711
context,0.9710
semantic,0.9805
sliding,0.9717
solution,0.9740
generation,0.9730
data fine,0.9731
causal,0.9779
multi,0.9774
transform,0.9777
multi prompting,0.9735
phase,0.9749
prompting,0.9716
contrast,0.9753
dual,0.9724
diffusion,0.9812
neural,0.9757
degree holt model,0.9735
processing,0.9724
model,0.9760
condition,0.9700
degree holt model,0.9706
simulation,0.9750
vibration,0.9700
training,0.9706
processing,0.9798
method,0.9793
anomaly,0.9749
application,0.9766
model,0.9710
device,0.9735
size,0.9700
prediction,0.9808
compared,0.9725
solution,0.9740
suitable,0.9746
degradation,0.9718
process,0.9719
processing,0.9724
influence,0.9730
skill,0.9707
model,0.9760
automatic selection,0.9712
model absorbing,0.9737
system,0.9731
phase,0.9702
feedback,0.9738
practice,0.9713
mil,0.9703
flow,0.9768
considered,0.9732
processing,0.9798
method,0.9793
meta,0.9766
influence,0.9709
affect,0.9746
problem hybrid,0.9713
significantly,0.9725
absorbing,0.9719
model,0.9710
sequence,0.9712
initial,0.9701
experiment,0.9701
system machine,0.9723
problem,0.9702
model absorbing,0.9727
setup,0.9754
system,0.9714
effective mr significantly,0.9715
solution,0.9740
problems,0.9714
phase,0.9749
framework,0.9755
feedback,0.9779
dispatch,0.9704
reinforcement,0.9727
effect model,0.9795
learning model,0.9744
meta learning,1.0000
h meta learning,0.9759
problem learning,0.9733
ability,0.9706
task,0.9709
specific,0.9720
model hundred,0.9706
model,0.9760
perspective,0.9721
system,0.9731
based,0.9711
tuning,0.9728
power,0.9723
transfer,0.9737
task,0.9732
specific,0.9773
training,0.9706
absorb,0.9701
method,0.9793
context,0.9710
scale,0.9712
learned vector limited,0.9705
approach,0.9710
model,0.9710
experiment,0.9701
perspective,0.9766
requiring,0.9733
system,0.9714
based,0.9740
tuning,0.9731
language model,0.9784
vision model,0.9772
tuning language model,0.9759
scale pre model,0.9723
classification,1.0000
bias,0.9723
differs classification study,0.9738
significantly differs,0.9719
classification however,0.9832
differs classification,0.9722
model,0.9760
system,0.9731
analysis,0.9723
largest,0.9705
bias,0.9780
costly,0.9737
method,0.9793
meta,0.9766
significantly,0.9725
model,0.9710
experiment,0.9701
specifically use,0.9723
sample causing,0.9706
system,0.9714
regression,1.0000
solution,0.9740
neural,0.9757
ann method,0.9737
network model,0.9766
sample learning,0.9775
norm meta learning,0.9759
meta learning,1.0000
task,0.9709
information across,0.9720
white sur model,0.9721
specifically treating attack,0.9701
type,0.9710
model,0.9760
system,0.9731
based,0.9711
feedback,0.9738
scattering,0.9700
transfer,0.9737
analysis,0.9723
boost,0.9739
task,0.9732
model transfer,0.9743
training,0.9706
white sur model,0.9735
treating,0.9706
method,0.9793
meta,0.9766
per conditioned benign,0.9723
conditioned,0.9709
type,0.9749
model,0.9710
experiment,0.9701
utilize,0.9766
system,0.9714
require,0.9728
based,0.9740
framework,0.9755
general generator utilize,0.9708
feedback,0.9779
scattering,0.9750
target model,0.9709
meta learning,1.0000
task,0.9709
prediction cold user,0.9710
task neglect,0.9712
modulation,0.9716
recovery,0.9719
system,0.9731
leverage,0.9704
preference,0.9754
recommendation,0.9700
transfer,0.9737
task,0.9732
transferring,0.9727
limiting,0.9755
task neglect,0.9721
derived,0.9719
method,0.9793
meta,0.9766
learning paradigm,0.9745
particularly,0.9703
function metal,0.9719
modulation,0.9782
termed,0.9753
overlapping,0.9730
recovery,0.9780
beneficial,0.9727
prediction,0.9808
capture,0.9703
problem,0.9702
paradigm,0.9754
system,0.9714
leverage,0.9770
em paradigm,0.9729
tackle,0.9713
neglect,0.9706
preference,0.9708
process,0.9719
framework,0.9755
particularly develops,0.9708
recommendation,0.9744
neural,0.9757
meta learning,1.0000
domain learning,0.9812
recommendation learning,0.9743
cross recommendation learning,0.9722
task,0.9709
leverage,0.9704
testing,0.9720
decision,0.9717
infinite,0.9725
stump,0.9705
task,0.9732
empirical,0.9751
training,0.9706
context,0.9710
application,0.9766
approach,0.9710
importance,0.9708
sequence,0.9712
horizon,0.9712
enabling,0.9755
capability,0.9705
behavior,0.9766
approach leverage,0.9728
leverage,0.9770
testing,0.9763
neglect,0.9706
suitable,0.9746
process,0.9719
framework,0.9755
reinforcement,0.9727
behavior learning,0.9837
efficiency learning,0.9770
model initial,0.9705
superior using,0.9725
task,0.9709
additionally opt,0.9704
distance,0.9712
result model favor,0.9732
model,0.9760
model favor,0.9768
system,0.9731
model initial,0.9726
using,0.9718
vary,0.9752
task,0.9732
additionally opt,0.9731
training,0.9706
using ad,0.9721
model general additionally,0.9707
method,0.9793
meta,0.9766
setting,0.9718
significant,0.9708
scale,0.9712
distance,0.9723
result model favor,0.9748
approach,0.9710
model,0.9710
model favor,0.9763
enabling,0.9755
semantic,0.9805
data scale,0.9720
initial,0.9701
experiment,0.9701
problem,0.9702
using ts visual,0.9714
approach address,0.9718
system,0.9714
multi,0.9774
difficult,0.9709
restriction,0.9785
allowing,0.9746
problem metal,0.9746
general additionally opt,0.9713
meta ad learning,0.9775
meta learning,1.0000
scale learning,0.9780
system,0.9731
classification,1.0000
task,0.9709
interface,0.9704
correction,0.9741
system,0.9714
decision,0.9717
method,0.9793
restoring,0.9757
problem novel,0.9710
task,0.9732
generation,0.9730
geometric,0.9713
multi,0.9774
interface,0.9765
problem,0.9702
application,0.9766
memory,0.9722
correction,0.9721
dynamic knowledge,0.9772
ability,0.9706
classification,1.0000
thereby improving,0.9702
task,0.9709
classification reward,0.9717
data showed proposed,0.9719
model,0.9760
model understand,0.9714
classification task,0.9741
instruction,0.9728
factor,0.9727
system,0.9731
based,0.9711
overcame limitation,0.9723
feedback,0.9738
mechanism,0.9777
context help,0.9701
fusion context,0.9724
task,0.9732
intervention,0.9727
causal,0.9779
simulation,0.9750
based metal,0.9717
training,0.9706
method,0.9793
factor multi,0.9762
fusion learning,0.9717
meta,0.9766
induction,0.9796
context,0.9710
inference,0.9787
validation,0.9739
customized,0.9778
focus,0.9740
distinguish,0.9732
model induce,0.9734
model,0.9710
mechanism paper,0.9701
model understand,0.9735
prediction,0.9808
instruction,0.9706
customized reinforcement,0.9737
factor,0.9740
system,0.9714
fusion,0.9739
based,0.9740
multiple,0.9713
multi,0.9774
framework,0.9755
complementary,0.9778
data reinforcement,0.9733
feedback,0.9779
limitation,0.9726
reinforcement,0.9727
help model,0.9700
simulation model,0.9749
context help model,0.9718
causal learning,0.9784
meta learning,1.0000
feedback learning,0.9746
classification,1.0000
category,0.9777
pattern,0.9725
classification labeled,0.9801
model,0.9760
tired code proposed,0.9738
system,0.9731
based,0.9711
model comprises,0.9727
dependency,0.9802
using,0.9718
mechanism,0.9777
deep neural,0.9743
meta extensive,0.9702
data metal,0.9750
labeled,0.9759
category,0.9753
method,0.9793
meta,0.9766
system long,0.9713
struggle,0.9716
pattern,0.9783
application,0.9766
memory,0.9722
classification labeled,0.9724
approach,0.9710
model,0.9710
experiment,0.9701
system,0.9714
based,0.9740
mechanism deep,0.9714
overcome,0.9707
model comprises,0.9713
licence,0.9701
self mechanism,0.9729
difficult,0.9709
mechanism cross,0.9772
neural,0.9757
data metal model,0.9756
learning model,0.9744
learning deep neural,0.9705
data learning,0.9768
network learning,0.9773
deep learning learning,0.9727
learning task,1.0000
task,0.9709
label using,0.9716
model,0.9760
condition,0.9700
task however,0.9701
data demonstrate superiority,0.9710
system,0.9731
phase,0.9702
using,0.9718
task,0.9732
label using,0.9701
training,0.9706
method,0.9793
supervision,0.9727
integrating,0.9786
synthetic,0.9750
semi learning,0.9761
significant,0.9708
furthermore,0.9701
model,0.9710
experiment,0.9701
contrast,0.9753
paradigm,0.9754
system,0.9714
compared,0.9725
multiple,0.9713
assumption,0.9770
phase,0.9749
complementary,0.9778
data paradigm,0.9745
integration,0.9721
space learning,0.9793
task,0.9709
model,0.9760
data using,0.9718
model compared,0.9715
using,0.9718
mechanism,0.9777
prediction critical,0.9741
task,0.9732
transform,0.9777
training,0.9706
exchange,0.9728
important,0.9712
branch,0.9721
method,0.9793
fused,0.9737
struggle,0.9716
dl approach,0.9713
scale,0.9712
drug,0.9708
approach,0.9710
model,0.9710
enabling,0.9755
facilitate,0.9725
size,0.9700
behavior,0.9766
prediction,0.9808
standard,0.9735
data underlying,0.9712
experiment,0.9701
problem,0.9702
compared,0.9725
model long,0.9717
multi,0.9774
framework,0.9755
data using,0.9714
model compared,0.9740
neural,0.9757
framework update model,0.9707
task,0.9709
model entitled,0.9738
model,0.9760
based,0.9711
dependency,0.9802
transfer,0.9737
analysis,0.9723
task,0.9732
training,0.9706
meta,0.9766
model entitled,0.9721
model spat,0.9750
interval,0.9709
model,0.9710
prediction,0.9808
experiment,0.9701
interval spat dependency,0.9728
problem,0.9702
cal prediction,0.9705
based,0.9740
tackle,0.9713
multi,0.9774
framework,0.9755
prediction metal,0.9737
deep learning model,0.9706
hidden model,0.9712
learning model,0.9744
novel task key,0.9721
ability,0.9706
task,0.9709
data based,0.9706
model,0.9760
model bile,0.9728
system,0.9731
leverage,0.9704
based,0.9711
process requires,0.9707
task,0.9732
leverage opt,0.9756
data based,0.9739
deep model,0.9718
vanishing,0.9710
training,0.9706
core,0.9722
descent,0.9731
method,0.9793
meta,0.9766
process base,0.9700
effectively,0.9727
memory,0.9722
model,0.9710
requires,0.9727
model bile,0.9747
differentiate,0.9742
origin,0.9725
initial,0.9701
diffusion,0.9812
effectively alleviate,0.9705
system,0.9714
leverage,0.9770
based,0.9740
process,0.9719
meta need,0.9703
viewed,0.9718
weight,0.9702
meta effectively model,0.9739
model meta,0.9718
model meta,0.9711
method learning,0.9784
idea learning,0.9710
deep learning gradient,0.9717
ability learning,0.9751
key idea learning,0.9717
classification,1.0000
task,0.9709
thus limiting application,0.9708
leverage,0.9704
using,0.9718
crucial,0.9753
data modeled,0.9716
task,0.9732
rule,0.9740
definition due,0.9758
directly,0.9718
labeling,0.9769
embedded,0.9767
diverse,0.9721
defining,0.9702
limiting,0.9755
method significantly,0.9767
inter modeled,0.9719
problem highest,0.9730
particular,0.9707
method,0.9793
suggesting,0.9741
application,0.9766
significantly,0.9725
crucial technique,0.9731
similar instance,0.9709
technique rely,0.9719
modeled,0.9745
problem,0.9702
using diverse,0.9731
leverage,0.9770
definition due presence,0.9722
definition,0.9750
multi,0.9774
assumption,0.9770
dimensional,0.9783
rely,0.9709
neural,0.9757
model,0.9760
phase,0.9702
puzzle,0.9743
batch,0.9702
decision,0.9717
using,0.9718
approach,0.9710
model,0.9710
therapeutic,0.9769
approval,0.9715
bay optimization,0.9711
context,0.9710
semantic,0.9805
sliding,0.9717
solution,0.9740
generation,0.9730
data fine,0.9731
causal,0.9779
multi,0.9774
transform,0.9777
multi prompting,0.9735
phase,0.9749
prompting,0.9716
contrast,0.9753
dual,0.9724
diffusion,0.9812
neural,0.9757
task,0.9709
model,0.9760
system,0.9731
recommendation,0.9700
feedback,0.9738
varied,0.9721
mechanism,0.9777
opt pivotal,0.9724
task,0.9732
rule,0.9740
labeling,0.9769
manual rule demanding,0.9723
interest,0.9730
method,0.9793
automated,0.9730
usage,0.9720
generation,0.9730
accurately,0.9702
effectively,0.9727
model,0.9710
model enabling,0.9723
enabling,0.9755
experiment,0.9701
problem,0.9702
system,0.9714
method rely,0.9750
engagement,0.9743
hurdle,0.9736
tackle,0.9713
rely,0.9709
recommendation,0.9744
feedback,0.9779
limitation,0.9726
pivotal,0.9733
rule model,0.9720
rule model,0.9880
problem recommend model,0.9768
task,0.9709
processing,0.9724
model,0.9760
highlighting need,0.9705
system,0.9731
based,0.9711
transfer,0.9737
task,0.9732
natural,0.9713
processing,0.9798
highlighting,0.9733
scala,0.9734
application,0.9766
memory,0.9722
approach,0.9710
model,0.9710
facilitate,0.9725
system,0.9714
based,0.9740
memory metal,0.9704
multiple,0.9713
additionally paper,0.9702
framework,0.9755
reinforcement,0.9727
technique model,0.9739
task learning,0.9801
classification model,0.9741
classification,1.0000
task,0.9709
specific,0.9720
class particularly,0.9705
model however,0.9706
model,0.9760
model negatively,0.9716
classification task,0.9741
issue demonstrated,0.9730
model comparatively,0.9752
res technique,0.9744
using,0.9718
classification model,0.9715
task,0.9732
specific,0.9773
training,0.9706
method,0.9793
particularly pro,0.9703
comparatively,0.9701
dl approach,0.9713
particularly,0.9703
comparing,0.9738
model guiding,0.9748
model however,0.9703
furthermore,0.9701
focus,0.9740
approach,0.9710
model,0.9710
precision,0.9771
dl model guiding,0.9704
model negatively,0.9783
standard,0.9735
improper,0.9721
experiment,0.9701
consequence,0.9770
problem,0.9702
sensitivity,0.9727
vessel,0.9744
compared,0.9725
balanced,0.9734
diabetes,0.9715
framework,0.9755
model comparatively,0.9744
classification model,0.9728
deep learning model,0.9706
network model,0.9766
dr classification model,0.9744
learning model,0.9744
deep network model,0.9746
task,0.9709
phase essential,0.9710
model,0.9760
system,0.9731
task proposed,0.9730
phase,0.9702
task labeled,0.9708
incorporate,0.9737
practice,0.9713
method incorporate,0.9740
boost,0.9739
task,0.9732
labeled,0.9759
training,0.9706
method,0.9793
phase essential,0.9721
synthetic,0.9750
application,0.9766
input,0.9716
model,0.9710
requires,0.9727
prediction,0.9808
experiment,0.9701
system,0.9714
phase,0.9749
framework,0.9755
difficult,0.9709
neural,0.9757
prediction model,0.9710
prediction model,0.9729
forecast learning,0.9752
learning task,1.0000
system utilize,0.9711
task,0.9709
selection across,0.9740
model,0.9760
condition,0.9700
interface,0.9704
system,0.9731
based,0.9711
tuning,0.9728
system utilize,0.9713
design discus,0.9722
transfer,0.9737
mechanism,0.9777
analysis,0.9723
task,0.9732
based meta,0.9718
diverse,0.9721
training,0.9706
operating,0.9702
meta,0.9766
significant,0.9708
selection across,0.9739
application,0.9766
model,0.9710
protocol,0.9751
interface,0.9765
experiment,0.9701
utilize,0.9766
system,0.9714
compared,0.9725
require,0.9728
based,0.9740
multiple,0.9713
tuning,0.9731
framework,0.9755
compression,0.9821
fundamental,0.9742
proper,0.9716
reinforcement,0.9727
hidden model,0.9712
meta learning,1.0000
model finally,0.9708
task,0.9709
processing,0.9724
model,0.9760
due sample lead,0.9708
system,0.9731
based,0.9711
practice due,0.9711
module,0.9702
dependency,0.9802
practice,0.9713
crucial,0.9753
analysis,0.9723
task,0.9732
method based,0.9701
method emission,0.9751
natural,0.9713
processing,0.9798
method,0.9793
meta,0.9766
module transition,0.9753
fusion named,0.9704
emission,0.9718
generation,0.9730
setting,0.9718
transition,0.9810
effectively,0.9727
model,0.9710
beneficial,0.9727
semantic,0.9805
prediction,0.9808
experiment,0.9701
problem,0.9702
effectively consider,0.9702
data multi,0.9733
system,0.9714
fusion,0.9739
based,0.9740
module,0.9760
multi,0.9774
framework,0.9755
information model,0.9702
help model,0.9700
sample model,0.9835
effect model,0.9795
prediction effect model,0.9709
ne model,0.9780
information model,0.9819
semantic information model,0.9762
graph learning,0.9700
meta learning,1.0000
network learning,0.9773
configuration,0.9752
task,0.9709
process requiring,0.9722
model,0.9760
model highly,0.9747
phase recommendation,0.9754
leverage,0.9704
tuning,0.9728
phase,0.9702
recommendation,0.9700
energy,0.9705
bay optimization,0.9711
configuration,0.9770
task,0.9732
understanding,0.9711
profound,0.9728
training,0.9706
hyper,0.9739
prevalence,0.9718
method,0.9793
meta,0.9766
demand,0.9708
automated,0.9730
process requiring,0.9742
data uniform,0.9743
method meta employ,0.9726
application,0.9766
interval,0.9709
model,0.9710
specifically automated,0.9731
model highly,0.9746
phase recommendation,0.9735
requiring,0.9733
monitoring,0.9724
phase employ,0.9737
method meta,0.9718
leverage,0.9770
tuning,0.9731
res data,0.9713
regression,1.0000
process,0.9719
phase,0.9749
framework,0.9755
recommendation,0.9744
application relying,0.9715
large language model,0.9705
meta model,0.9743
large language model,0.9794
language model,0.9784
task training model,0.9728
algorithm meta model,0.9753
meta model,1.0000
data learning,0.9768
model,0.9760
phase,0.9702
puzzle,0.9743
batch,0.9702
decision,0.9717
using,0.9718
approach,0.9710
model,0.9710
therapeutic,0.9769
approval,0.9715
bay optimization,0.9711
context,0.9710
semantic,0.9805
sliding,0.9717
solution,0.9740
generation,0.9730
data fine,0.9731
causal,0.9779
multi,0.9774
transform,0.9777
multi prompting,0.9735
phase,0.9749
prompting,0.9716
contrast,0.9753
dual,0.9724
diffusion,0.9812
neural,0.9757
task,0.9709
style,0.9725
model,0.9760
requirement,0.9703
using scarce training,0.9722
condition,0.9700
perspective,0.9721
leverage,0.9704
using,0.9718
energy,0.9705
analysis,0.9723
perspective including extremely,0.9704
task,0.9732
kernel,0.9734
training,0.9706
style,0.9734
important,0.9712
uniquely,0.9742
precise,0.9720
application,0.9766
input,0.9716
model,0.9710
facilitate,0.9725
requirement,0.9742
prediction,0.9808
predicted,0.9713
perspective,0.9766
leverage,0.9770
using scarce,0.9721
regression,1.0000
principle,0.9763
difficult,0.9709
perspective including,0.9729
fundamental,0.9742
neural,0.9757
state model,0.9703
metal state model,0.9708
network n model,0.9762
state model,0.9813
model,0.9760
phase,0.9702
puzzle,0.9743
batch,0.9702
decision,0.9717
using,0.9718
approach,0.9710
model,0.9710
therapeutic,0.9769
approval,0.9715
bay optimization,0.9711
context,0.9710
semantic,0.9805
sliding,0.9717
solution,0.9740
generation,0.9730
data fine,0.9731
causal,0.9779
multi,0.9774
transform,0.9777
multi prompting,0.9735
phase,0.9749
prompting,0.9716
contrast,0.9753
dual,0.9724
diffusion,0.9812
neural,0.9757
factor like,0.9717
comparison,0.9779
model,0.9760
factor like climate,0.9707
factor,0.9727
system,0.9731
factor like,0.9715
using,0.9718
strict,0.9706
us metal algorithm,0.9705
mechanism,0.9777
comparison,0.9816
method,0.9793
process using,0.9731
sur model pan,0.9763
model,0.9710
factor like climate,0.9729
factor,0.9740
system,0.9714
curb,0.9710
process,0.9719
pan,0.9727
weight,0.9702
space learning,0.9793
transmission,0.9717
task,0.9709
functional,0.9752
model,0.9760
system,0.9731
based,0.9711
power,0.9723
characteristic,0.9725
decision,0.9717
energy,0.9705
mechanism,0.9777
transmission,0.9707
accurately based,0.9718
task,0.9732
project,0.9737
useful,0.9749
simulation,0.9750
functional,0.9785
response,0.9741
important,0.9712
method,0.9793
demand,0.9708
system multi,0.9713
generation,0.9730
accurately,0.9702
mechanism extract,0.9718
mechanism con,0.9721
opt initial,0.9731
memory,0.9722
treated,0.9708
model,0.9710
prediction,0.9808
predicted,0.9713
initial,0.9701
market,0.9717
system,0.9714
rental,0.9710
treated energy,0.9712
based,0.9740
multi,0.9774
characteristic caused,0.9751
neural,0.9757
network model,0.9766
forecast learning,0.9752
data deep learning,0.9731
model initial,0.9705
system,0.9731
model,0.9760
based,0.9711
model significantly,0.9753
processing,0.9724
model initial,0.9726
significantly,0.9725
system,0.9714
method,0.9793
model,0.9710
based,0.9740
mechanism,0.9777
generation,0.9730
initial,0.9701
model significantly,0.9776
sophisticated,0.9718
training,0.9706
problem,0.9702
response,0.9741
method adapt,0.9712
processing,0.9798
dynamic knowledge,0.9772
ability,0.9706
connectivity among different,0.9717
functional,0.9752
connection,0.9704
connectivity among,0.9710
model,0.9760
brain effective,0.9706
system,0.9731
leverage,0.9704
based,0.9711
particular en based,0.9711
subject,0.9709
characteristic,0.9725
dependency,0.9802
using,0.9718
generally use,0.9709
transfer,0.9737
imaging,0.9774
analysis,0.9723
method paper,0.9716
causal,0.9779
method based,0.9701
simulation,0.9750
specifically meta,0.9702
functional,0.9785
connection,0.9741
particular,0.9707
method,0.9793
method generally,0.9709
grange,0.9728
however method,0.9717
meta,0.9766
diagnostic,0.9707
method effectively,0.9706
metal resonance,0.9714
magnetic,0.9718
small data specifically,0.9705
encoding,0.9757
effectively,0.9727
significantly,0.9725
approach,0.9710
model,0.9710
significantly con,0.9702
resonance,0.9718
brain effective,0.9709
size,0.9700
effectively extract,0.9704
lobe,0.9718
structural,0.9775
experiment,0.9701
system,0.9714
leverage,0.9770
based,0.9740
particular en based,0.9739
subject,0.9760
neural,0.9757
causal model,0.9783
causal model,0.9802
data specific,0.9735
specific,0.9720
data contrast,0.9709
condition,0.9700
testing condition,0.9727
data adaptation,0.9712
leverage,0.9704
testing,0.9720
diagnosis,0.9738
data specific,0.9736
instead simply,0.9701
specific,0.9773
labeled,0.9759
training,0.9706
method,0.9793
effectively,0.9727
adaptation domain,0.9702
application,0.9766
approach,0.9710
data contrast,0.9772
standard,0.9735
contrast,0.9753
problem,0.9702
data adaptation,0.9706
leverage,0.9770
testing,0.9763
assumption,0.9770
standard approach,0.9720
neural,0.9757
problem learning,0.9733
processing,0.9724
model,0.9760
system,0.9731
decision,0.9717
directly,0.9718
useful,0.9749
data metal,0.9750
processing,0.9798
meta,0.9766
demand,0.9708
sid,0.9708
batch,0.9702
model,0.9710
poly,0.9718
inaccurate,0.9715
market,0.9717
system,0.9714
solution,0.9740
process,0.9719
process learning,0.9825
tree learning,0.9733
model,0.9760
phase,0.9702
puzzle,0.9743
batch,0.9702
decision,0.9717
using,0.9718
approach,0.9710
model,0.9710
therapeutic,0.9769
approval,0.9715
bay optimization,0.9711
context,0.9710
semantic,0.9805
sliding,0.9717
solution,0.9740
generation,0.9730
data fine,0.9731
causal,0.9779
multi,0.9774
transform,0.9777
multi prompting,0.9735
phase,0.9749
prompting,0.9716
contrast,0.9753
dual,0.9724
diffusion,0.9812
neural,0.9757
model,0.9760
phase,0.9702
puzzle,0.9743
batch,0.9702
decision,0.9717
using,0.9718
approach,0.9710
model,0.9710
therapeutic,0.9769
approval,0.9715
bay optimization,0.9711
context,0.9710
semantic,0.9805
sliding,0.9717
solution,0.9740
generation,0.9730
data fine,0.9731
causal,0.9779
multi,0.9774
transform,0.9777
multi prompting,0.9735
phase,0.9749
prompting,0.9716
contrast,0.9753
dual,0.9724
diffusion,0.9812
neural,0.9757
ability,0.9706
thereby improving,0.9702
system student,0.9703
framework throughout course,0.9706
ability providing,0.9709
course post,0.9703
skill,0.9707
throughout course,0.9716
system,0.9731
quantitative,0.9735
using,0.9718
system student,0.9729
intervention,0.9727
suggests,0.9712
insight,0.9762
approach meta,0.9737
meta,0.9766
setting,0.9718
significant,0.9708
underwent,0.9719
adjust,0.9750
approach,0.9710
initial,0.9701
focused,0.9710
system,0.9714
curriculum,0.9729
process,0.9719
framework,0.9755
meta learning,1.0000
functional,0.9752
using,0.9718
method,0.9793
approach,0.9710
reveal,0.9714
method machine,0.9771
transfer,0.9737
kernel,0.9734
capability,0.9705
process,0.9719
prediction,0.9808
performance using,0.9717
difficult,0.9709
structural,0.9775
functional,0.9785
monitoring,0.9724
problem,0.9702
application,0.9766
properly,0.9720
experimental crack,0.9737
ability,0.9706
classification model,0.9741
classification,1.0000
ability tongue,0.9706
due data,0.9751
due data distribution,0.9733
color classification,0.9759
system classification,0.9817
model,0.9760
model avoid,0.9707
system,0.9731
characteristic,0.9725
using,0.9718
diagnosis,0.9738
classification model,0.9715
labeled,0.9759
training,0.9706
pseudo,0.9712
method,0.9793
meta,0.9766
diagnostic,0.9707
generation,0.9730
effectively,0.9727
application,0.9766
treated,0.9708
system classification,0.9736
model,0.9710
suppress,0.9738
device,0.9735
model avoid,0.9738
prediction,0.9808
contrast,0.9753
problem,0.9702
system,0.9714
process,0.9719
meta model,0.9743
classification model,0.9728
network model,0.9766
meta network model,0.9712
application performance model,0.9762
domain model,0.9704
us meta model,0.9844
system classification model,0.9735
color classification model,0.9753
meta model,1.0000
target domain model,0.9720
color learning,0.9761
human learning task,0.9772
learning task,1.0000
task study inspired,0.9739
classification,1.0000
task,0.9709
system,0.9731
crucial,0.9753
transfer,0.9737
task,0.9732
understanding,0.9711
method called,0.9706
training,0.9706
method,0.9793
flex,0.9718
extraction,0.9750
intuitive,0.9753
experiment,0.9701
certain,0.9732
utilize,0.9766
problem,0.9702
problem insufficient,0.9712
system,0.9714
multiple,0.9713
solution,0.9740
neglect,0.9706
process,0.9719
complementary,0.9778
however feature,0.9712
transfer learning,0.9757
method learning,0.9784
