Word,Similarity
task,0.9709
specific,0.9720
model downs,0.9718
model,0.9760
task however,0.9701
factor,0.9727
factor unified,0.9720
module,0.9702
specific model,0.9709
method termed,0.9721
module encompasses,0.9719
spectral,0.9714
observation,0.9740
quantitative,0.9735
imaging,0.9774
analysis,0.9723
task,0.9732
kernel,0.9734
specific,0.9773
training,0.9706
coarse,0.9707
hyper,0.9739
method,0.9793
meta,0.9766
sampling,0.9746
method machine,0.9771
encompasses,0.9730
scale,0.9712
application,0.9766
resolution,0.9740
model downs,0.9713
termed,0.9753
model,0.9710
diffusion,0.9812
problem,0.9702
factor,0.9740
factor unified,0.9774
tailored,0.9715
module,0.9760
evaluation bench,0.9730
corresponding,0.9714
method termed,0.9752
pivotal,0.9733
module encompasses,0.9721
spectral,0.9769
resolution diffusion model,0.9714
imaging model,0.9799
model scale factor,0.9711
factor unified model,0.9735
unified model,0.9801
task,0.9709
task single,0.9705
model,0.9760
system,0.9731
based,0.9711
flow,0.9768
single cross environment,0.9707
task,0.9732
namely meta,0.9718
labeled,0.9759
training,0.9706
fusion learning,0.9717
meta,0.9766
proliferation,0.9758
fusion approach,0.9730
approach,0.9710
model,0.9710
mal scenario paper,0.9712
multi mal,0.9712
extraction,0.9750
cross environment,0.9713
capability,0.9705
fusion mal,0.9707
system,0.9714
require,0.9728
fusion,0.9739
based,0.9740
solution,0.9740
multi,0.9774
framework,0.9755
baseline model,0.9820
model based model,0.9761
detection model,0.9760
framework feature,0.9707
learning task,1.0000
ability,0.9706
task,0.9709
model,0.9760
system,0.9731
addressing,0.9701
implication,0.9732
transfer,0.9737
analysis,0.9723
deep neural,0.9743
task,0.9732
understanding,0.9711
survey,0.9702
training,0.9706
highlighting,0.9733
application,0.9766
approach,0.9710
model,0.9710
importance,0.9708
enabling,0.9755
demonstrates,0.9703
problem,0.9702
system,0.9714
addressing,0.9752
multiple,0.9713
additionally paper,0.9702
multi,0.9774
emphasizing,0.9701
neural,0.9757
model data model,0.9733
data model,0.9781
transfer learning,0.9757
learning deep neural,0.9705
learning transfer,0.9728
self learning,0.9713
general self learning,0.9718
network learning,0.9773
topic learning,0.9740
multi learning,0.9757
classification,1.0000
among ml classification,0.9725
result show classification,0.9706
model che,0.9717
model,0.9760
classify,0.9730
module,0.9702
subject,0.9709
using,0.9718
mechanism,0.9777
tool,0.9715
model informed,0.9710
method,0.9793
method namely,0.9711
model che,0.9767
approach,0.9710
model,0.9710
facilitate,0.9725
method ml,0.9738
classify,0.9775
opt intrusion,0.9732
solution,0.9740
predicting,0.9774
modular,0.9722
module,0.9760
subject,0.9760
reinforcement,0.9727
evaluation model,0.9730
evaluation model,0.9809
technique model,0.9739
linked learning,0.9730
parameter learning,0.9767
classification,1.0000
task,0.9709
classification sequential tackle,0.9813
classification sequential,0.9756
processing,0.9724
gap,0.9707
type,0.9710
task mention,0.9748
performance across,0.9714
joint model,0.9744
type classification,0.9745
model,0.9760
requirement,0.9703
system,0.9731
leverage,0.9704
using,0.9718
analysis,0.9723
task,0.9732
labeling break,0.9738
understanding,0.9711
labeling,0.9769
labeled,0.9759
natural,0.9713
processing,0.9798
inference,0.9787
joint model reduce,0.9742
model reduce,0.9737
boundary,0.9711
type,0.9749
performance across,0.9719
joint model,0.9709
approach,0.9710
model,0.9710
sequence,0.9712
requirement,0.9742
size,0.9700
decomposition bench,0.9735
experiment,0.9701
problem,0.9702
system,0.9714
require,0.9728
proto,0.9722
leverage,0.9770
overcome,0.9707
tackle,0.9713
adoption,0.9702
sequential tackle,0.9733
framework,0.9755
bypass,0.9732
detection model,0.9760
mention detection model,0.9708
ability,0.9706
task,0.9709
importantly,0.9706
processing,0.9724
ability proposed,0.9727
importantly supervised,0.9704
data labeled,0.9759
transfer,0.9737
analysis,0.9723
task,0.9732
scanning,0.9715
transferring,0.9727
labeled,0.9759
importantly,0.9740
data importantly,0.9711
processing,0.9798
method,0.9793
meta,0.9766
ability proposed,0.9718
flex,0.9718
method achieve,0.9722
data dale,0.9728
approach,0.9710
semantic,0.9805
problem novel,0.9710
extraction,0.9750
data labeled,0.9719
experiment,0.9701
problem,0.9702
mp learning,0.9724
overcome,0.9707
multiple,0.9713
dependence,0.9742
multi,0.9774
framework,0.9755
compression,0.9821
dimensional,0.9783
neural,0.9757
meta multiple,0.9711
task learning,0.9801
classification,1.0000
task,0.9709
specific,0.9720
comparison,0.9779
specific need,0.9702
highlighting architectural,0.9718
emphasizing respective advantage,0.9751
type,0.9710
model,0.9760
requirement,0.9703
advantage,0.9712
weakness,0.9721
perspective,0.9721
genera model metal,0.9703
task crucial,0.9749
emphasizing respective,0.9708
characteristic,0.9725
crucial,0.9753
analysis,0.9723
deep neural,0.9743
task,0.9732
understanding,0.9711
transform,0.9777
specific,0.9773
comparison,0.9816
survey,0.9702
characteristic making,0.9744
specific need,0.9709
vision transform,0.9704
comparison various,0.9711
highlighting,0.9733
furthermore studying,0.9717
furthermore,0.9701
application,0.9766
type,0.9749
model,0.9710
requirement,0.9742
architectural,0.9711
perspective,0.9766
utilize,0.9766
suitable,0.9746
framework,0.9755
grouped,0.9762
emphasizing,0.9701
neural,0.9757
limitation,0.9726
large language model,0.9705
vision language model,0.9764
large language model,0.9794
language model,0.9784
task,0.9709
sufficient fault,0.9705
model,0.9760
system,0.9731
based,0.9711
task multiple,0.9707
superiority proposed,0.9754
diagnosis,0.9738
task,0.9732
vibration,0.9700
method,0.9793
fault diagnosis,0.9701
scale,0.9712
model,0.9710
size,0.9700
problem,0.9702
system,0.9714
system linear,0.9772
based,0.9740
multiple,0.9713
based sufficient,0.9713
multi,0.9774
difficult,0.9709
problem metal,0.9746
micro,0.9712
network model,0.9766
aiming problem scale,0.9717
multi learning,0.9757
ability,0.9706
performance reversal,0.9749
task,0.9709
advantage,0.9712
system,0.9731
based,0.9711
observation,0.9740
performance reversal,0.9754
cleaner,0.9700
mechanism,0.9777
task,0.9732
simulation,0.9750
lab,0.9714
compare,0.9728
meta,0.9766
migrating,0.9741
transition,0.9810
adjust,0.9750
approach,0.9710
sequence,0.9712
prediction,0.9808
res learning,0.9726
system,0.9714
based,0.9740
behavioral,0.9731
flexible,0.9744
auto learning,0.9782
meta learning,1.0000
regarded background,0.9720
category,0.9777
model,0.9760
requirement,0.9703
system,0.9731
based,0.9711
transfer,0.9737
reducing,0.9707
labeled,0.9759
method significantly,0.9767
training,0.9706
category,0.9753
method,0.9793
sampling,0.9746
significant,0.9708
isolate,0.9720
method furthermore,0.9737
effectively isolate,0.9705
timing,0.9713
effectively,0.9727
adjust,0.9750
furthermore,0.9701
significantly,0.9725
approach,0.9710
model,0.9710
requirement,0.9742
experiment,0.9701
proposal,0.9717
system,0.9714
resulting,0.9707
based,0.9740
detector without,0.9716
separation,0.9750
weight,0.9702
hard negative model,0.9738
negative model,0.9747
negative model fine,0.9706
learning detector learning,0.9706
system deep learning,0.9718
deep learning learning,0.9727
model,0.9760
clients,0.9725
model cross,0.9743
project,0.9737
empirical,0.9751
training,0.9706
privacy technique,0.9706
context,0.9710
dl approach,0.9713
inference,0.9787
synthetic,0.9750
stabilized,0.9745
approach,0.9710
model,0.9710
data synthetic,0.9738
initial,0.9701
experiment,0.9701
resulting,0.9707
overcome,0.9707
model cross,0.9732
multiple,0.9713
degradation,0.9718
context central,0.9703
framework,0.9755
data model,0.9781
ability,0.9706
task,0.9709
small data across,0.9728
demands management,0.9707
model,0.9760
data across,0.9724
system,0.9731
data across different,0.9705
power,0.9723
using,0.9718
crucial,0.9753
transfer,0.9737
task,0.9732
utilizing,0.9730
using transfer,0.9710
network rely,0.9703
compare,0.9728
method,0.9793
forecast utilizing,0.9707
memory,0.9722
model,0.9710
charging,0.9741
system,0.9714
model long,0.9717
method like,0.9708
framework,0.9755
difficult,0.9709
rely,0.9709
neural,0.9757
transfer model,0.9740
learning model,0.9744
transfer learning,0.9757
learning transfer,0.9728
vehicle learning,0.9746
domain using,0.9714
task,0.9709
performance cold,0.9715
limit,0.9728
system facing,0.9752
model cold,0.9742
framework cross,0.9721
model,0.9760
system,0.9731
challenge cross recommendation,0.9717
preference,0.9754
recommendation,0.9700
using,0.9718
transfer,0.9737
mechanism,0.9777
domain using,0.9704
task,0.9732
training,0.9706
limit,0.9739
system ad,0.9739
method,0.9793
meta,0.9766
system facing,0.9709
model cold,0.9703
framework cross,0.9720
input,0.9716
model,0.9710
framework cross cold,0.9713
independently,0.9753
behavior,0.9766
experiment,0.9701
method depend,0.9708
problem,0.9702
system,0.9714
preference,0.9708
multi,0.9774
framework,0.9755
recommendation,0.9744
weight,0.9702
stability model,0.9709
stability model,0.9831
task,0.9709
type,0.9710
system distinguish,0.9736
system,0.9731
based,0.9711
module,0.9702
phase,0.9702
using,0.9718
mechanism,0.9777
task,0.9732
based biological,0.9707
detection wide,0.9718
training,0.9706
compare,0.9728
method,0.9793
data propose detection,0.9729
anomaly,0.9749
working mechanism,0.9705
focus,0.9740
application,0.9766
distinguish,0.9732
type,0.9749
enabling,0.9755
behavior,0.9766
experiment,0.9701
system distinguish,0.9736
system,0.9714
resulting,0.9707
based,0.9740
phase word,0.9761
multiple,0.9713
module,0.9760
immune,0.9739
phase,0.9749
weight,0.9702
task,0.9709
framework prostate z,0.9700
label inevitably introducing,0.9708
problem prostate z,0.9716
guidance,0.9728
model difficult,0.9704
model extensive,0.9718
metal prostate z,0.9721
model,0.9760
multi prostate z,0.9708
based,0.9711
imaging,0.9774
framework prostate,0.9725
task,0.9732
framework prostate z,0.9711
training,0.9706
compare,0.9728
prostate z,0.9730
pseudo,0.9712
method,0.9793
guidance,0.9744
generation,0.9730
model difficult,0.9730
model extensive,0.9765
problem tackle,0.9727
approach ud,0.9722
approach,0.9710
metal prostate z,0.9708
model,0.9710
ud approach,0.9703
multi prostate z,0.9740
utilize,0.9766
problem,0.9702
based,0.9740
tackle,0.9713
process,0.9719
multi,0.9774
licence,0.9701
framework,0.9755
difficult,0.9709
label generation model,0.9726
classification,1.0000
task,0.9709
task giving,0.9742
modification,0.9710
performance due,0.9747
based,0.9711
addressing,0.9701
classification classification,0.9867
module,0.9702
rotating,0.9723
analysis,0.9723
task,0.9732
rotation,0.9785
filter,0.9780
response,0.9741
modification,0.9742
similarity,0.9746
oriented,0.9762
orientation,0.9730
method,0.9793
sensing however,0.9709
significant,0.9708
effectively,0.9727
approach,0.9710
importance,0.9708
enabling,0.9755
extraction,0.9750
grain,0.9723
prominent method,0.9746
capture,0.9703
experiment,0.9701
problem,0.9702
inaccurate,0.9715
resulting,0.9707
based,0.9740
addressing,0.9752
overcome,0.9707
neglect,0.9706
module,0.9760
complementary,0.9778
neural,0.9757
knowledge task,0.9709
task,0.9709
category,0.9777
category generally,0.9715
model,0.9760
fault detail,0.9714
system,0.9731
addressing,0.9701
system metal,0.9719
testing,0.9720
phase,0.9702
diagnosis,0.9738
mechanism,0.9777
analysis,0.9723
task,0.9732
training,0.9706
coarse,0.9707
category,0.9753
dia heating,0.9726
heating,0.9708
pseudo,0.9712
method,0.9793
meta,0.9766
activation,0.9733
integrating,0.9786
fault diagnosis,0.9701
system meta,0.9744
fault mechanism,0.9701
category generally,0.9721
application,0.9766
distinguish,0.9732
system roller,0.9719
approach,0.9710
model,0.9710
integrated,0.9716
capability,0.9705
grain,0.9723
indicator,0.9715
fault emerging,0.9711
system,0.9714
addressing,0.9752
system metal,0.9732
testing,0.9763
process,0.9719
phase,0.9749
meta learning,1.0000
specifically classification,0.9733
classification,1.0000
classification class,0.9792
method specifically,0.9712
type,0.9710
performance across,0.9714
model,0.9760
based,0.9711
phase,0.9702
power,0.9723
spectral,0.9714
investigation,0.9721
aspect,0.9724
energy,0.9705
specifically classification,0.9746
aspect investigation,0.9712
based metal,0.9717
method,0.9793
meta,0.9766
context,0.9710
highlighting,0.9733
method specifically,0.9765
method specifically classification,0.9733
furthermore,0.9701
application,0.9766
type,0.9749
input,0.9716
performance across,0.9719
model,0.9710
extraction,0.9750
capability,0.9705
monitoring,0.9724
based,0.9740
phase,0.9749
framework,0.9755
frequency,0.9763
processed,0.9706
method metal,0.9711
neural,0.9757
spectral,0.9769
sample model,0.9835
network model,0.9766
class feature,0.9708
meta data feature,0.9739
efficient learning,0.9704
neighbor metal,0.9733
using training,0.9761
observation,0.9740
using,0.9718
method,0.9793
neighbor,0.9701
approach,0.9710
motivation,0.9761
integrated,0.9716
horizon,0.9712
boost,0.9739
multiple,0.9713
method called,0.9706
multi,0.9774
prediction,0.9808
using training,0.9720
experiment,0.9701
error propagation along,0.9704
training,0.9706
application,0.9766
dependent,0.9760
considered,0.9732
task,0.9709
stale model,0.9723
model,0.9760
system,0.9731
analysis,0.9723
boost,0.9739
task,0.9732
delay,0.9707
training,0.9706
exchange,0.9728
method,0.9793
significance,0.9727
meta,0.9766
stale model,0.9721
context,0.9710
learning paradigm,0.9745
weighted,0.9760
modeling accident,0.9712
model,0.9710
stale,0.9710
commonly,0.9730
namely data,0.9720
experiment,0.9701
paradigm,0.9754
system,0.9714
tackle,0.9713
multiple,0.9713
framework,0.9755
dimensional,0.9783
limitation,0.9726
context model,0.9745
term model,0.9733
performance term model,0.9803
context model,0.9826
term model,0.9840
global model,0.9805
data model,0.9781
efficient learning,0.9704
task,0.9709
limit,0.9728
model lack,0.9724
bearing result,0.9736
model need,0.9727
model,0.9760
task proposed,0.9730
method multiple,0.9707
diagnosis,0.9738
analysis,0.9723
task,0.9732
vibration,0.9700
training,0.9706
operating,0.9702
limit,0.9739
method,0.9793
meta,0.9766
demand,0.9708
fault diagnosis,0.9701
effectively,0.9727
analyze,0.9748
model lack,0.9721
approach,0.9710
model need,0.9766
model,0.9710
residual,0.9764
deep learning fault,0.9706
extraction,0.9750
capability,0.9705
structural,0.9775
monitoring,0.9724
multiple,0.9713
opt backbone,0.9754
weight,0.9702
knowledge task,0.9709
ability,0.9706
task,0.9709
model,0.9760
model understand,0.9714
model requires,0.9724
based,0.9711
power,0.9723
visually,0.9701
task,0.9732
training,0.9706
meta,0.9766
input,0.9716
model,0.9710
requires,0.9727
model understand,0.9735
model requires,0.9706
fusion,0.9739
based,0.9740
solution,0.9740
multi,0.9774
difficult,0.9709
training vision model,0.9738
ability model,0.9730
vision language model,0.9764
language model,0.9784
vision model,0.9772
general model,0.9804
different ability model,0.9722
meta learning,1.0000
multi learning,0.9757
pedestrian reid power,0.9701
style,0.9725
processing,0.9724
model general enhanced,0.9708
model,0.9760
meta utilized model,0.9733
perspective,0.9721
leverage,0.9704
model cross,0.9743
considering issue,0.9727
utilized model,0.9713
leverage cross,0.9710
power,0.9723
cycle,0.9724
device considering,0.9712
therefore designing,0.9721
meta utilized,0.9730
directly,0.9718
cycle employed,0.9720
posture,0.9723
simulation,0.9750
resulting model trained,0.9740
style,0.9734
processing,0.9798
method,0.9793
meta,0.9766
unable,0.9712
analyze pedestrian,0.9712
application,0.9766
memory,0.9722
resolution,0.9740
analyze,0.9748
model,0.9710
device,0.9735
capability,0.9705
meta utilized model,0.9727
perspective,0.9766
sensor,0.9742
tailored,0.9715
resulting,0.9707
leverage,0.9770
meta meta utilized,0.9721
model cross,0.9732
leverage cross,0.9713
allowing,0.9746
meta model,0.9743
deep learning model,0.9706
general model,0.9804
domain general model,0.9816
learning model,0.9744
data model,0.9781
meta model,1.0000
targeting,0.9702
classification model,0.9741
classification,1.0000
task,0.9709
connection,0.9704
significantly de,0.9700
model,0.9760
factor,0.9727
system,0.9731
model compared,0.9715
using,0.9718
classification model,0.9715
transfer,0.9737
analysis,0.9723
task,0.9732
transform,0.9777
floating,0.9732
connection,0.9741
operation,0.9725
inference late,0.9720
inference,0.9787
significant,0.9708
significantly de,0.9730
model baseline,0.9711
furthermore,0.9701
significantly,0.9725
bert model baseline,0.9723
approach,0.9710
model,0.9710
size,0.9700
factor,0.9740
system,0.9714
compared,0.9725
technique reduce,0.9739
technique targeting,0.9750
sentiment,0.9714
compression,0.9821
model term,0.9768
model reasonable,0.9730
model compared,0.9740
weight,0.9702
system adaptation model,0.9717
classification model,0.9728
baseline model,0.9820
opt predict model,0.9728
system adaptation model,0.9760
baseline model term,0.9704
x approach model,0.9709
approach model,0.9782
transfer learning,0.9757
task,0.9709
using pre training,0.9707
gap,0.9707
model,0.9760
power,0.9723
characteristic,0.9725
using,0.9718
analysis,0.9723
additionally propose,0.9721
task,0.9732
training,0.9706
quan neural,0.9715
input,0.9716
approach,0.9710
model,0.9710
device,0.9735
model edge,0.9741
overcome,0.9707
resolving,0.9738
framework,0.9755
compression,0.9821
implementing,0.9724
neural,0.9757
framework sr model,0.9807
neural learning,0.9719
parameter learning,0.9767
efficient learning,0.9704
ability,0.9706
specific,0.9720
guidance,0.9728
performance ste,0.9713
specific,0.9773
method,0.9793
guidance,0.9744
however method,0.9717
meta,0.9766
performance ste,0.9741
method focus,0.9730
measurement,0.9807
focus,0.9740
distortion,0.9738
contrast,0.9753
ability specific,0.9702
resulting,0.9707
overcome,0.9707
multiple,0.9713
fixed,0.9705
neural,0.9757
limitation,0.9726
domain knowledge,0.9718
metric learning,0.9741
ranking model whole,0.9770
task,0.9709
bias,0.9723
specific,0.9720
ranking model,0.9727
model,0.9760
system,0.9731
using,0.9718
ranking model whole,0.9720
analysis,0.9723
task,0.9732
bias,0.9780
specific,0.9773
biased,0.9763
training,0.9706
meta,0.9766
sampled curriculum,0.9708
opt meta,0.9724
issue weighted,0.9739
weighted,0.9760
model biased,0.9745
focus,0.9740
approach,0.9710
model,0.9710
specifically opt,0.9724
experiment,0.9701
certain,0.9732
weight,0.9702
problem,0.9702
system,0.9714
curriculum,0.9729
specifically opt meta,0.9715
retrieval,0.9759
framework,0.9755
opt predict model,0.9728
learning model,0.9744
data training model,0.9722
search learning,0.9730
gradient learning,0.9790
task,0.9709
calculation,0.9750
category,0.9777
category involved,0.9744
model,0.9760
category involved subsequently,0.9723
system,0.9731
based,0.9711
data weight,0.9707
analysis,0.9723
task,0.9732
im learning,0.9712
calculation,0.9770
enhanced theory,0.9751
training,0.9706
category,0.9753
path weight,0.9713
method,0.9793
meta,0.9766
data corpus,0.9714
furthermore,0.9701
theory enhanced,0.9724
focus,0.9740
offset among,0.9717
model,0.9710
standard,0.9735
intuitive,0.9753
experiment,0.9701
instead category,0.9725
system,0.9714
yielding,0.9709
reveal,0.9714
based,0.9740
theoretically,0.9733
calculation recent,0.9737
offset,0.9723
framework,0.9755
model covering,0.9774
limitation,0.9726
weight,0.9702
offset data model,0.9765
data model,0.9781
meta learning,1.0000
configuration,0.9752
comparison,0.9779
model combining,0.9750
overall model achieve,0.9712
model,0.9760
condition,0.9700
overall model,0.9719
system,0.9731
power,0.9723
comprehensive deep,0.9708
analysis,0.9723
configuration,0.9770
deep neural,0.9743
comparison,0.9816
model combining,0.9795
operation,0.9725
model combining deep,0.9767
zen,0.9705
analyze,0.9748
combining,0.9738
model,0.9710
prediction,0.9808
system,0.9714
solution,0.9740
predicting,0.9774
neural,0.9757
deep learning model,0.9706
network model,0.9766
learning model,0.9744
opt model,0.9705
comprehensive model,0.9721
development model,0.9760
task,0.9709
task drug,0.9706
molecules,0.9700
based cross,0.9714
model,0.9760
requirement,0.9703
system,0.9731
measuring,0.9721
based,0.9711
testing,0.9720
analysis,0.9723
data bench,0.9717
task,0.9732
fragile,0.9716
molecules,0.9723
training,0.9706
method,0.9793
meta,0.9766
furthermore,0.9701
based cross,0.9719
drug,0.9708
model,0.9710
requirement,0.9742
capability,0.9705
demonstrates,0.9703
prediction,0.9808
standard,0.9735
experiment,0.9701
problem,0.9702
system,0.9714
measuring,0.9738
based,0.9740
testing,0.9763
predicting,0.9774
system molecule,0.9721
framework,0.9755
difficult,0.9709
meta bench,0.9743
meta model,0.9743
meta model,1.0000
category freezing,0.9769
category,0.9777
model,0.9760
coco data margin,0.9719
base category leaving,0.9738
category respectively trained,0.9708
category leaving,0.9782
additionally stabilize,0.9703
recognition base,0.9705
category freezing,0.9726
training,0.9706
category,0.9753
hyper,0.9739
meta,0.9766
significant,0.9708
lever,0.9737
specifically state,0.9704
significantly,0.9725
technique significantly,0.9746
approach,0.9710
model,0.9710
enabling,0.9755
coco data margin,0.9703
demonstrates,0.9703
algorithm rely,0.9726
detection head,0.9712
requiring,0.9733
compared,0.9725
coco,0.9720
research bench,0.9705
framework,0.9755
aug technique significantly,0.9734
rely,0.9709
additionally stabilize,0.9745
limitation,0.9726
meta model,0.9743
meta model demonstrates,0.9731
head meta model,0.9814
meta model,1.0000
pile show,0.9719
pattern,0.9725
namely spat learning,0.9703
model representative,0.9738
model,0.9760
based,0.9711
module,0.9702
model comprehensive,0.9704
training,0.9706
exchange,0.9728
method,0.9793
demand,0.9708
pattern,0.9783
effectively,0.9727
model representative,0.9766
effectively distributed,0.9741
approach,0.9710
model,0.9710
integrated,0.9716
charging,0.9741
capture,0.9703
pile,0.9733
based,0.9740
tackle,0.9713
module,0.9760
representative model,0.9710
representative model,0.9813
model representative model,0.9761
data model,0.9781
task,0.9709
category,0.9777
gap,0.9707
type,0.9710
model,0.9760
perspective,0.9721
system,0.9731
based,0.9711
practice,0.9713
mechanism,0.9777
analysis,0.9723
task,0.9732
understanding,0.9711
coupling,0.9795
diverse,0.9721
training,0.9706
problem specifically,0.9721
category,0.9753
hyper,0.9739
demand,0.9708
synthetic,0.9750
isolation,0.9737
furthermore,0.9701
application,0.9766
type,0.9749
approach,0.9710
model,0.9710
capture,0.9703
experiment,0.9701
perspective,0.9766
problem,0.9702
program,0.9703
system,0.9714
reveal,0.9714
based,0.9740
overcome,0.9707
tackle,0.9713
essence,0.9703
solution,0.9740
variant multi,0.9748
multi,0.9774
framework,0.9755
hyper learning,0.9741
complex learning,0.9770
application learning,0.9740
learning task,1.0000
semi learning task,0.9716
task transplant,0.9743
task,0.9709
model,0.9760
superiority proposed method,0.9725
advantage,0.9712
bearing data,0.9756
module,0.9702
superiority proposed,0.9754
task transplant,0.9703
bearing fault diagnosis,0.9715
diagnosis,0.9738
mechanism,0.9777
analysis,0.9723
utilized explore,0.9714
transplant,0.9719
task,0.9732
useful,0.9749
data metal,0.9750
vibration,0.9700
method,0.9793
diagnostic,0.9707
fault diagnosis,0.9701
semi learning,0.9761
idea semi,0.9732
furthermore,0.9701
model,0.9710
deep learning fault,0.9706
problem,0.9702
module,0.9760
framework,0.9755
bearing data experimental,0.9741
deep learning model,0.9706
depth model,0.9782
learning model,0.9744
system,0.9731
model,0.9760
leverage,0.9704
task,0.9709
processing,0.9724
characteristic,0.9725
system,0.9714
curriculum,0.9729
model,0.9710
leverage,0.9770
integrated,0.9716
task,0.9732
process,0.9719
licence,0.9701
lever,0.9737
similarity,0.9746
natural,0.9713
processing,0.9798
state model,0.9703
state model,0.9813
task,0.9709
processing,0.9724
gap,0.9707
model,0.9760
conclusion,0.9713
module,0.9702
algorithm biomedical,0.9726
segment capture,0.9732
task,0.9732
understanding,0.9711
data nonetheless gathering,0.9702
training,0.9706
descent,0.9731
processing,0.9798
method,0.9793
meta,0.9766
method achieve,0.9722
particularly,0.9703
significant,0.9708
application,0.9766
significantly,0.9725
model universally,0.9748
approach,0.9710
model,0.9710
semantic,0.9805
capture,0.9703
experiment,0.9701
problem,0.9702
universally,0.9707
slice,0.9714
opt metal,0.9722
module,0.9760
framework,0.9755
data training model,0.9722
knowledge task,0.9709
task,0.9709
task remains,0.9703
current task hand,0.9718
model,0.9760
task regret,0.9718
condition,0.9700
advantage,0.9712
based,0.9711
task particular,0.9723
observation,0.9740
mechanism,0.9777
task,0.9732
empirical,0.9751
particular,0.9707
method,0.9793
meta,0.9766
setting,0.9718
significant,0.9708
boundary,0.9711
focus,0.9740
batch,0.9702
approach,0.9710
model,0.9710
capability,0.9705
differentiate,0.9742
approach proceeding,0.9736
based,0.9740
assumption,0.9770
based empirical,0.9706
task particular,0.9706
fixed,0.9705
meta model,0.9743
metal meta model,0.9769
mechanism meta model,0.9779
meta model,1.0000
built learning task,0.9704
learning task,1.0000
self learning task,0.9762
classification,1.0000
task,0.9709
processing,0.9724
performance classification,0.9774
testing,0.9720
dependency,0.9802
using,0.9718
mechanism,0.9777
analysis,0.9723
task,0.9732
filter,0.9780
labeled,0.9759
training,0.9706
processing,0.9798
method,0.9793
method effectively,0.9706
effectively,0.9727
extraction,0.9750
capture,0.9703
contrast,0.9753
resulting,0.9707
data mini,0.9719
testing,0.9763
framework,0.9755
frequency,0.9763
neural,0.9757
mechanism bench,0.9731
self learning,0.9713
specific,0.9720
emphasize region,0.9713
based deep,0.9701
system,0.9731
based,0.9711
module,0.9702
module utilize,0.9748
using,0.9718
crucial,0.9753
mechanism,0.9777
specific,0.9773
labeled,0.9759
branch,0.9721
method,0.9793
data especially,0.9719
meta,0.9766
setting,0.9718
significant,0.9708
algorithm enhancing,0.9769
hybrid attention,0.9724
capability,0.9705
size,0.9700
using con,0.9709
utilize,0.9766
based deep,0.9713
system,0.9714
fusion,0.9739
based,0.9740
tackle,0.9713
degradation,0.9718
module,0.9760
sample tackle,0.9749
deep learning di,0.9710
module utilize,0.9707
method metal,0.9711
data learning,0.9768
meta learning,1.0000
classification,1.0000
task,0.9709
stage ensures although,0.9702
model,0.9760
classification task,0.9741
classify,0.9730
based,0.9711
task classify,0.9749
power,0.9723
using,0.9718
transfer,0.9737
analysis,0.9723
task,0.9732
using transfer,0.9710
mere,0.9715
labeled,0.9759
training,0.9706
compare,0.9728
meta,0.9766
data like,0.9703
crafted,0.9719
application,0.9766
approach,0.9710
model,0.9710
thus causing,0.9717
standard,0.9735
experiment,0.9701
utilize,0.9766
classify,0.9775
problem,0.9702
acid,0.9761
based,0.9740
multiple,0.9713
licence,0.9701
data tends,0.9707
recognition based triple,0.9703
neural,0.9757
transfer learning,0.9757
metric learning,0.9741
meta learning,1.0000
learning transfer,0.9728
process learning task,0.9735
learning task,1.0000
ability,0.9706
based advantage metal,0.9738
task,0.9709
gravity,0.9709
skill,0.9707
advantage,0.9712
advantage metal,0.9712
based,0.9711
characteristic,0.9725
mechanism,0.9777
based advantage metal,0.9703
task,0.9732
gravity,0.9715
typical characteristic,0.9710
simulation,0.9750
hyper,0.9739
meta,0.9766
mechanism quad,0.9706
input,0.9716
process quad,0.9759
problem,0.9702
compared,0.9725
based,0.9740
typical representative,0.9702
process,0.9719
multi,0.9774
rhythm,0.9716
reinforcement,0.9727
process learning,0.9825
deep learning learning,0.9727
configuration,0.9752
capability particularly,0.9734
model,0.9760
condition,0.9700
particularly crucial,0.9708
system,0.9731
decision,0.9717
energy,0.9705
crucial,0.9753
implication,0.9732
configuration,0.9770
domain lever,0.9747
filter,0.9780
operation,0.9725
operating,0.9702
method,0.9793
context,0.9710
particularly,0.9703
significant,0.9708
lever,0.9737
application,0.9766
model,0.9710
capability,0.9705
thus preventing,0.9712
experiment,0.9701
sensor,0.9742
system,0.9714
compared,0.9725
process,0.9719
efficiency decision,0.9704
framework,0.9755
allowing,0.9746
consumption,0.9700
interaction learning,0.9825
classification,1.0000
processing,0.9724
type,0.9710
model,0.9760
automatically however,0.9728
expert,0.9727
method called,0.9706
transformation,0.9793
transform,0.9777
useful,0.9749
data metal,0.9750
training,0.9706
operation,0.9725
hyper,0.9739
processing,0.9798
method,0.9793
meta,0.9766
sequential data,0.9717
validation,0.9739
model reduce,0.9737
type,0.9749
approach,0.9710
model,0.9710
experiment,0.9701
traditional data aug,0.9711
aug method relied,0.9731
compared,0.9725
overcome,0.9707
useful sequential,0.9704
licence,0.9701
method relied,0.9717
fixed,0.9705
loss target model,0.9725
ad model,0.9764
target model,0.9709
task,0.9709
category current,0.9709
category,0.9777
category maintaining,0.9781
type,0.9710
module,0.9702
method termed,0.9721
category consists,0.9707
using,0.9718
task,0.9732
training,0.9706
category,0.9753
method,0.9793
frequent,0.9706
boundary,0.9711
category maintaining,0.9705
termed,0.9753
type,0.9749
approach,0.9710
however require,0.9708
require,0.9728
module,0.9760
licence,0.9701
method termed,0.9752
type learning,0.9727
ability,0.9706
model,0.9760
advantage,0.9712
identifying,0.9714
advantage metal,0.9712
identifying energy,0.9719
network identifying energy,0.9709
using,0.9718
energy,0.9705
deep neural,0.9743
transform,0.9777
utilization hidden marko,0.9702
training,0.9706
technique malicious,0.9711
prevalent,0.9703
privacy technique,0.9706
setting,0.9718
application,0.9766
model,0.9710
enabling,0.9755
technique rely,0.9719
experiment,0.9701
monitoring,0.9724
problem,0.9702
identifying,0.9724
centrally,0.9702
framework,0.9755
allowing,0.9746
rely,0.9709
problem sharing,0.9703
neural,0.9757
consumption,0.9700
hidden model,0.9712
learning model,0.9744
data model,0.9781
di model,0.9705
task,0.9709
processing,0.9724
model,0.9760
mobility novel,0.9712
system highly,0.9708
system,0.9731
analysis,0.9723
beam,0.9720
task,0.9732
beam convergence,0.9723
simulation,0.9750
processing,0.9798
method,0.9793
demand,0.9708
generation,0.9730
model,0.9710
system highly,0.9743
method bench,0.9776
problem,0.9702
system,0.9714
tailored,0.9715
multi,0.9774
framework,0.9755
method ac,0.9713
reflecting,0.9707
reinforcement,0.9727
self learning model,0.9732
learning model,0.9744
self learning,0.9713
model achieve classification,0.9718
classification,1.0000
task,0.9709
importantly,0.9706
branch included capture,0.9722
model,0.9760
classification task,0.9741
system,0.9731
module,0.9702
using,0.9718
diagnosis,0.9738
novel framework diagnosis,0.9702
framework diagnosis,0.9701
task,0.9732
tool,0.9715
importantly,0.9740
hyper,0.9739
contrast using,0.9722
branch,0.9721
resemblance,0.9726
setting,0.9718
lever,0.9737
effectively,0.9727
importantly model,0.9722
comparable,0.9719
model,0.9710
capture,0.9703
contrast,0.9753
utilize,0.9766
distinguishing,0.9754
system,0.9714
incorporating,0.9746
macro,0.9710
module,0.9760
licence,0.9701
framework,0.9755
neural,0.9757
task model,0.9716
classification task model,0.9706
task model,0.9833
framework learning model,0.9723
learning model,0.9744
classification task model,0.9731
network learning,0.9773
learning framework learning,0.9716
classification,1.0000
task,0.9709
parameter training tackle,0.9719
model leverage,0.9770
based leaf,0.9721
classification smart,0.9731
data addressed,0.9731
gap,0.9707
classification chili,0.9837
model,0.9760
condition,0.9700
data addressed using,0.9717
system,0.9731
identifying,0.9714
leverage,0.9704
based,0.9711
addressing,0.9701
process requires,0.9707
specifically comparing,0.9717
recommendation,0.9700
classification well,0.9705
characteristic,0.9725
quantitative,0.9735
using,0.9718
transfer,0.9737
recommendation lever,0.9710
task,0.9732
encompass,0.9700
validation utilized,0.9710
transformation,0.9793
diverse,0.9721
technique specifically,0.9756
data metal,0.9750
insight,0.9762
model receive,0.9709
parameter training tackle,0.9712
training,0.9706
proposal involves devi,0.9702
model leverage,0.9775
res regular technique,0.9737
precise,0.9720
technique transfer,0.9731
data addressed,0.9704
validation,0.9739
comparing,0.9738
lever,0.9737
classification chili,0.9742
effectively,0.9727
data aug metal,0.9705
furthermore,0.9701
focus,0.9740
affect,0.9746
input,0.9716
approach,0.9710
model,0.9710
requires,0.9727
device,0.9735
harvest,0.9726
leaf using,0.9719
utilize,0.9766
emphasis,0.9761
proposal,0.9717
system,0.9714
identifying,0.9724
leverage,0.9770
based,0.9740
addressing,0.9752
overcome,0.9707
tackle,0.9713
leaf,0.9754
suitable,0.9746
process,0.9719
multi,0.9774
specifically comparing,0.9707
categorized,0.9754
allowing,0.9746
recommendation,0.9744
processed,0.9706
technique allow,0.9708
involved model,0.9709
transfer learning,0.9757
data learning,0.9768
undeveloped,0.9718
meta,0.9766
cycle,0.9724
data sense,0.9755
assessed,0.9728
data consciousness,0.9746
operation,0.9725
meta learning,1.0000
ability,0.9706
task,0.9709
connection,0.9704
model specifically,0.9744
test set,0.9724
model,0.9760
system,0.9731
addressing,0.9701
analysis,0.9723
task,0.9732
data cal,0.9772
connection,0.9741
training,0.9706
model specifically,0.9756
method,0.9793
meta,0.9766
differing,0.9721
significant,0.9708
effectively,0.9727
model,0.9710
system,0.9714
method several,0.9744
addressing,0.9752
framework,0.9755
decline,0.9717
system adaptation model,0.9717
system adaptation model,0.9760
meta learning,1.0000
transmission,0.9717
position,0.9711
type,0.9710
model,0.9760
factor,0.9727
system,0.9731
factor paper,0.9743
transmission,0.9707
method,0.9793
application huge,0.9706
generation,0.9730
furthermore,0.9701
scale,0.9712
application,0.9766
system angular,0.9721
type,0.9749
approach,0.9710
model,0.9710
dense,0.9733
enabling,0.9755
scale furthermore,0.9737
utilize,0.9766
factor,0.9740
system,0.9714
factor paper,0.9734
macro,0.9710
vertical,0.9731
licence,0.9701
viewpoint,0.9750
fixed,0.9705
weight,0.9702
method model,0.9716
method model,0.9801
conventional method model,0.9768
ability,0.9706
task,0.9709
type,0.9710
model,0.9760
system,0.9731
confrontation,0.9728
using,0.9718
task,0.9732
algorithm exceeds,0.9707
training,0.9706
type,0.9749
model,0.9710
however using,0.9721
multi deep reinforcement,0.9707
problem multi,0.9724
problem,0.9702
system,0.9714
compared,0.9725
confrontation,0.9705
solution,0.9740
multi,0.9774
reinforcement,0.9727
model,0.9760
condition,0.9700
system,0.9731
based,0.9711
series learning,0.9702
preference,0.9754
decision,0.9717
deep neural,0.9743
tackled,0.9716
method,0.9793
meta,0.9766
emission,0.9718
cost deep neural,0.9703
effectively,0.9727
affect,0.9746
model,0.9710
experiment,0.9701
problem,0.9702
signal information rely,0.9704
effectively consider,0.9702
system,0.9714
compared,0.9725
based,0.9740
series learning,0.9767
solution,0.9740
suitable,0.9746
preference,0.9708
process,0.9719
multi,0.9774
characterized,0.9715
inline,0.9706
rely,0.9709
neural,0.9757
consumption,0.9700
reinforcement,0.9727
consumption model,0.9738
condition model,0.9751
classification,1.0000
configuration,0.9752
task,0.9709
classification feature,0.9792
processing,0.9724
modulation,0.9716
type,0.9710
technique across,0.9727
model,0.9760
eliminating need,0.9715
classification task,0.9741
classify,0.9730
based,0.9711
eliminating need complete,0.9710
using,0.9718
model furthermore,0.9746
analysis,0.9723
configuration,0.9770
task,0.9732
model identify,0.9709
transform,0.9777
diverse,0.9721
training,0.9706
processing,0.9798
method,0.9793
meta,0.9766
method amc,0.9773
particularly,0.9703
scala,0.9734
lever,0.9737
furthermore,0.9701
application,0.9766
modulation,0.9782
type,0.9749
input,0.9716
technique across,0.9746
approach,0.9710
signal diverse,0.9706
model,0.9710
device,0.9735
enabling,0.9755
extraction,0.9750
classify,0.9775
program,0.9703
setup,0.9754
based,0.9740
application like,0.9736
suitable,0.9746
framework,0.9755
environment present model,0.9712
based learning,0.9701
general knowledge learning,0.9760
knowledge learning,0.9820
recommendation cold,0.9710
model,0.9760
recovery,0.9719
problem cross,0.9712
system,0.9731
based,0.9711
addressing,0.9701
preference,0.9754
recommendation,0.9700
using fed,0.9711
using,0.9718
transfer,0.9737
cross recommendation fed,0.9709
additionally method,0.9715
diverse,0.9721
recommendation cold,0.9723
information large,0.9714
prevalence,0.9718
method,0.9793
meta,0.9766
model addressing,0.9745
technique transfer,0.9731
approach,0.9710
model,0.9710
recovery,0.9780
enabling,0.9755
traditional recommendation,0.9720
capture,0.9703
problem cross,0.9759
experiment,0.9701
problem,0.9702
system,0.9714
require,0.9728
based,0.9740
addressing,0.9752
preference,0.9708
licence,0.9701
rely,0.9709
recommendation,0.9744
data model,0.9781
circuit learning,0.9734
meta learning,1.0000
task,0.9709
skill,0.9707
adjustment,0.9736
based deep,0.9701
system,0.9731
based,0.9711
based deep reinforcement,0.9718
task,0.9732
based metal,0.9717
training,0.9706
derived,0.9719
method,0.9793
sampling,0.9746
algorithm term,0.9734
manipulation,0.9702
adjust,0.9750
experiment,0.9701
adjustment,0.9759
problem,0.9702
based deep,0.9713
system,0.9714
buffer,0.9719
based,0.9740
temperature,0.9732
framework,0.9755
method metal,0.9711
reinforcement,0.9727
efficiency learning,0.9770
system,0.9731
model,0.9760
based,0.9711
model whose,0.9706
en model,0.9711
system,0.9714
using,0.9718
compared,0.9725
model,0.9710
price,0.9740
based,0.9740
useful extract,0.9719
sequence,0.9712
setting,0.9718
predicting,0.9774
prediction,0.9808
useful,0.9749
model whose,0.9762
function metal,0.9719
encoding,0.9757
based certain,0.9732
certain,0.9732
considered,0.9732
reinforcement,0.9727
market,0.9717
learning model,0.9744
forecast learning,0.9752
learning task,1.0000
task,0.9709
system,0.9731
quantitative,0.9735
decision,0.9717
analysis,0.9723
task,0.9732
td learning,0.9723
method representative,0.9736
hyper,0.9739
important,0.9712
method,0.9793
meta,0.9766
accurately,0.9702
furthermore,0.9701
method enhance,0.9715
experiment,0.9701
system,0.9714
extend,0.9711
process,0.9719
multi,0.9774
inline,0.9706
corresponding,0.9714
behavioral,0.9731
method multi,0.9735
reinforcement,0.9727
weight,0.9702
meta learning,1.0000
value td learning,0.9720
process meta learning,0.9729
task,0.9709
anti upcoming need,0.9709
system achieving,0.9705
processing,0.9724
model,0.9760
task paper,0.9708
required paradigm beyond,0.9725
system,0.9731
based,0.9711
phase,0.9702
paradigm reduces,0.9724
decision,0.9717
transfer,0.9737
analysis,0.9723
task,0.9732
intervention,0.9727
directly,0.9718
diverse,0.9721
system achieving,0.9748
training,0.9706
processing,0.9798
measurement,0.9807
approach,0.9710
model,0.9710
requires,0.9727
capability,0.9705
experiment,0.9701
paradigm,0.9754
system,0.9714
based,0.9740
phase,0.9749
proper,0.9716
intervention model,0.9707
deep learning model,0.9706
human intervention model,0.9710
learning model,0.9744
intervention model,0.9727
task,0.9709
model,0.9760
system,0.9731
based,0.9711
decision,0.9717
task,0.9732
delay,0.9707
simulation,0.9750
training,0.9706
hyper,0.9739
method,0.9793
meta,0.9766
sampling,0.9746
case dynamic,0.9756
enabled,0.9716
task trade,0.9710
model,0.9710
device,0.9735
prediction,0.9808
algorithm bench,0.9708
problem,0.9702
system,0.9714
require,0.9728
model long,0.9717
based,0.9740
multi,0.9774
corresponding,0.9714
fixed,0.9705
reinforcement,0.9727
cost model,0.9748
classification,1.0000
model,0.9760
expert,0.9727
using,0.9718
mechanism,0.9777
data fine,0.9731
method called,0.9706
classification noisy,0.9716
training,0.9706
similarity,0.9746
experiment webb,0.9710
method,0.9793
meta,0.9766
sampling,0.9746
accurately,0.9702
approach,0.9710
model,0.9710
requires,0.9727
size,0.9700
grain,0.9723
experiment,0.9701
weight,0.9702
licence,0.9701
deep learning model,0.9706
learning model,0.9744
ability,0.9706
classification,1.0000
task,0.9709
reflecting model,0.9721
processing,0.9724
score reflecting model,0.9700
model,0.9760
system,0.9731
based,0.9711
classification classification,0.9867
additionally ind,0.9711
analysis,0.9723
task,0.9732
reflecting model,0.9722
useful,0.9749
insight,0.9762
catastrophic,0.9715
training,0.9706
processing,0.9798
meta,0.9766
inference,0.9787
effectively,0.9727
memory,0.9722
significantly,0.9725
model,0.9710
behavior,0.9766
prediction,0.9808
limitation mel,0.9730
however sample,0.9708
system,0.9714
based,0.9740
inference however,0.9751
behavioral,0.9731
reflecting,0.9707
limitation,0.9726
optimal model,0.9702
task,0.9709
specific,0.9720
model,0.9760
system,0.9731
transfer,0.9737
analysis,0.9723
task,0.9732
problem multiple,0.9750
specific,0.9773
simulation,0.9750
training,0.9706
method,0.9793
generation,0.9730
application,0.9766
model,0.9710
extraction,0.9750
analysis show,0.9716
deep transfer,0.9734
problem,0.9702
focused,0.9710
system,0.9714
compared,0.9725
overcome,0.9707
multiple,0.9713
frequency,0.9763
imperfect,0.9712
method pre model,0.9719
data model,0.9781
knowledge data model,0.9755
transfer learning,0.9757
environment learning,0.9733
problem learning,0.9733
task,0.9709
model,0.9760
advantage,0.9712
module,0.9702
phase,0.9702
power,0.9723
additionally order,0.9736
spectral,0.9714
characteristic,0.9725
using,0.9718
imaging,0.9774
analysis,0.9723
coping,0.9729
task,0.9732
directly,0.9718
however scenario,0.9711
descent,0.9731
hyper,0.9739
meta,0.9766
inference,0.9787
synthetic,0.9750
accurately,0.9702
complicated de,0.9703
application,0.9766
properly,0.9720
resolution,0.9740
divide,0.9737
model,0.9710
hs using,0.9720
problem,0.9702
sensor,0.9742
fusion,0.9739
tackle,0.9713
module,0.9760
resolving,0.9738
multi,0.9774
phase,0.9749
framework,0.9755
difficult,0.9709
additionally order,0.9725
instead directly,0.9701
spectral,0.9769
data model,0.9781
meta learning,1.0000
classification,1.0000
task,0.9709
bias,0.9723
correction,0.9741
classification task,0.9741
addressing,0.9701
module,0.9702
analysis,0.9723
task,0.9732
utilizing,0.9730
bias,0.9780
data metal,0.9750
labeled,0.9759
training,0.9706
pseudo,0.9712
method,0.9793
meta,0.9766
sampling,0.9746
setting,0.9718
correction,0.9721
approach,0.9710
due dependence,0.9754
paradigm,0.9754
utilizing un,0.9720
addressing,0.9752
dependence,0.9742
module,0.9760
multi,0.9774
framework,0.9755
metric learning,0.9741
classification,1.0000
configuration,0.9752
task,0.9709
choice,0.9764
specific,0.9720
functional,0.9752
due waste,0.9749
configuration significant,0.9711
essential task order,0.9701
aspect due,0.9714
leverage,0.9704
aspect,0.9724
using,0.9718
crucial,0.9753
bay optimization,0.9711
cycle,0.9724
configuration,0.9770
task,0.9732
cycle similar,0.9723
problem regard,0.9702
method opt,0.9759
specific,0.9773
using ml,0.9735
functional,0.9785
hyper,0.9739
method,0.9793
meta,0.9766
suggested,0.9718
automated,0.9730
significant,0.9708
due waste,0.9701
configuration significant,0.9732
proved,0.9716
application,0.9766
input,0.9716
aspect due,0.9718
approach,0.9710
ml methodology,0.9701
capability,0.9705
experiment,0.9701
problem,0.9702
leverage,0.9770
solution,0.9740
process,0.9719
classification,1.0000
type,0.9710
eligibility,0.9737
investigation,0.9721
using,0.9718
diagnosis,0.9738
deep neural,0.9743
supervision,0.9727
meta,0.9766
significant,0.9708
application,0.9766
type,0.9749
drug,0.9708
reaction,0.9724
prediction,0.9808
initial,0.9701
focused,0.9710
reporting,0.9705
process,0.9719
criterion,0.9747
neural,0.9757
process learning,0.9825
learning task,1.0000
self learning task,0.9762
ability,0.9706
task,0.9709
category labeled,0.9752
category,0.9777
model,0.9760
crucial sequence,0.9712
system,0.9731
module,0.9702
class however,0.9733
ordering,0.9738
crucial,0.9753
analysis,0.9723
task,0.9732
understanding,0.9711
category labeled,0.9736
labeled,0.9759
training,0.9706
category,0.9753
branch,0.9721
method,0.9793
sampling,0.9746
context,0.9710
model,0.9710
sequence,0.9712
semantic,0.9805
extraction,0.9750
crucial sequence,0.9712
contrast,0.9753
problem,0.9702
system,0.9714
proto,0.9722
module,0.9760
frame,0.9702
kinetic,0.9733
elaborate,0.9718
dimensional,0.9783
ordering,0.9728
including kinetic,0.9713
limitation,0.9726
feature learning,0.9733
self learning,0.9713
kinetic learning,0.9717
choice,0.9764
comparison,0.9779
pattern,0.9725
model,0.9760
classify,0.9730
comparison single,0.9719
based,0.9711
subject,0.9709
dimensional choice,0.9728
dependency,0.9802
decision,0.9717
analysis,0.9723
boost,0.9739
reducing,0.9707
comparison,0.9816
considered,0.9732
important,0.9712
particular,0.9707
method,0.9793
meta,0.9766
data dimensional,0.9710
pattern,0.9783
technological,0.9725
weighted,0.9760
transition,0.9810
significantly,0.9725
combining,0.9738
scaling,0.9777
approach,0.9710
model,0.9710
prediction,0.9808
classify,0.9775
problem,0.9702
distinguishing,0.9754
particular instance,0.9726
based,0.9740
multiple,0.9713
subject,0.9760
licence,0.9701
dimensional choice,0.9729
dependency single,0.9710
dimensional,0.9783
layer ensemble model,0.9708
ensemble model,0.9710
learning model,0.9744
layer ensemble model,0.9709
ensemble model,0.9765
meta learning,1.0000
especially small scenario,0.9706
visual ground,0.9701
task,0.9709
model,0.9760
leverage,0.9704
testing,0.9720
training mechanism,0.9704
using,0.9718
method tend,0.9733
mechanism,0.9777
analysis,0.9723
task,0.9732
directly,0.9718
transform,0.9777
training,0.9706
natural,0.9713
method,0.9793
meta,0.9766
process utilize,0.9755
significant,0.9708
effectively,0.9727
focus,0.9740
data separation,0.9709
batch,0.9702
approach,0.9710
model,0.9710
approach leverage,0.9728
experiment,0.9701
utilize,0.9766
leverage,0.9770
testing,0.9763
process,0.9719
separation,0.9750
framework,0.9755
training mechanism,0.9745
classification,1.0000
task leading,0.9754
task,0.9709
model recently,0.9739
method specifically,0.9712
task article investigate,0.9704
model however,0.9706
model,0.9760
condition,0.9700
system,0.9731
tuning,0.9728
using,0.9718
analysis,0.9723
task,0.9732
model recently,0.9747
tool,0.9715
transform,0.9777
domain tackle,0.9711
vision transform,0.9704
method,0.9793
meta,0.9766
context,0.9710
setting,0.9718
significant,0.9708
method specifically,0.9765
model however,0.9703
model,0.9710
specifically integrate,0.9704
sensing domain tackle,0.9712
system,0.9714
resulting,0.9707
tackle,0.9713
tuning,0.9731
framework,0.9755
method metal,0.9711
numerical model,0.9727
learning numerical model,0.9705
correction named,0.9718
category,0.9777
processing,0.9724
method significant,0.9702
correction,0.9741
module,0.9702
diagnosis,0.9738
imaging,0.9774
analysis,0.9723
category,0.9753
processing,0.9798
branch,0.9721
method,0.9793
method significant,0.9775
generation,0.9730
significant,0.9708
pr multi,0.9747
boundary,0.9711
scale,0.9712
correction,0.9721
prediction,0.9808
experiment,0.9701
contrast,0.9753
problem,0.9702
category correction,0.9725
contrast medical,0.9750
fusion,0.9739
predicting,0.9774
module,0.9760
multi,0.9774
framework,0.9755
movement,0.9751
classification,1.0000
task,0.9709
comparison,0.9779
capability using,0.9746
general capability using,0.9701
distance,0.9712
model,0.9760
based,0.9711
nearest classification,0.9731
phase,0.9702
training mechanism,0.9704
using,0.9718
model furthermore,0.9746
mechanism,0.9777
task,0.9732
comparison,0.9816
training,0.9706
operation,0.9725
natural,0.9713
method,0.9793
general capability using,0.9701
accurately,0.9702
furthermore,0.9701
distance,0.9723
batch,0.9702
model,0.9710
model reach,0.9722
capability,0.9705
size,0.9700
phase treat,0.9701
experiment,0.9701
contrast,0.9753
problem,0.9702
compared,0.9725
based,0.9740
leaf,0.9754
phase,0.9749
allowing,0.9746
training mechanism,0.9745
traditional contrast,0.9713
decline,0.9717
mechanism accomplish,0.9712
operation greater,0.9704
impact model,0.9726
feature adopt,0.9704
popular learning,0.9762
task,0.9709
position,0.9711
based,0.9711
task,0.9732
method based,0.9701
training,0.9706
method,0.9793
divide,0.9737
approach,0.9710
based,0.9740
multiple,0.9713
process,0.9719
multi,0.9774
compression,0.9821
criterion,0.9747
neural,0.9757
weight,0.9702
classification model,0.9741
classification,1.0000
task,0.9709
category labeled,0.9752
category,0.9777
model,0.9760
superiority proposed method,0.9725
classification respectively however,0.9787
classification task,0.9741
classification cross,0.9705
category various,0.9722
system,0.9731
model cross,0.9743
classification classification,0.9867
superiority proposed,0.9754
classification model,0.9715
transfer,0.9737
cycle,0.9724
analysis,0.9723
task,0.9732
category labeled,0.9736
labeled,0.9759
training,0.9706
category,0.9753
method,0.9793
model,0.9710
experiment,0.9701
problem,0.9702
system,0.9714
model cross,0.9732
tackle,0.9713
difficult,0.9709
dual,0.9724
exploited,0.9719
classification model,0.9728
transfer learning,0.9757
problem learning,0.9733
particularly training,0.9705
task,0.9709
specific,0.9720
guidance,0.9728
pattern,0.9725
type,0.9710
model,0.9760
crucial research,0.9712
system,0.9731
leverage,0.9704
based,0.9711
testing,0.9720
module,0.9702
crucial,0.9753
analysis,0.9723
silicon,0.9785
task,0.9732
specific,0.9773
method rapidly,0.9732
training,0.9706
method,0.9793
guidance,0.9744
meta,0.9766
pattern,0.9783
method particularly,0.9780
particularly,0.9703
measurement,0.9807
method particularly training,0.9701
bench multi,0.9723
type,0.9749
method acc,0.9706
model,0.9710
crucial research,0.9715
method leverage,0.9748
experiment,0.9701
fusion backbone,0.9732
system,0.9714
fusion,0.9739
leverage,0.9770
based,0.9740
testing,0.9763
neglect,0.9706
degradation,0.9718
module,0.9760
sentiment,0.9714
multi,0.9774
assumption,0.9770
corresponding,0.9714
meta learning,1.0000
advantage,0.9712
distance,0.9712
suppress,0.9738
analysis,0.9723
sequence,0.9712
multiple,0.9713
analysis show,0.9716
hedge numerical,0.9701
hedge,0.9721
function metal,0.9719
experiment,0.9701
descent,0.9731
focus,0.9740
reflecting,0.9707
distance,0.9723
model,0.9760
classify,0.9730
based,0.9711
power,0.9723
advanced power,0.9742
using,0.9718
diagnosis,0.9738
suggests,0.9712
algorithm trained,0.9724
considered,0.9732
using simulator referencing,0.9718
diagnostic,0.9707
idea although,0.9710
differs simulator,0.9723
anomaly,0.9749
application,0.9766
properly,0.9720
thermal,0.9758
model,0.9710
classify,0.9775
proto,0.9722
relied simulator,0.9700
based,0.9740
ai model,0.9760
result small training,0.9706
task,0.9709
model,0.9760
condition,0.9700
model especially,0.9712
system,0.9731
measuring,0.9721
testing,0.9720
directly result,0.9707
analysis,0.9723
task,0.9732
directly,0.9718
training,0.9706
important,0.9712
method,0.9793
meta,0.9766
particularly,0.9703
anomaly,0.9749
approach,0.9710
model,0.9710
semantic,0.9805
precision,0.9771
size,0.9700
prediction,0.9808
instead modelling,0.9706
model especially,0.9749
system,0.9714
measuring,0.9738
testing,0.9763
framework,0.9755
detection data model,0.9728
framework output model,0.9775
approach model especially,0.9717
approach model,0.9782
data model,0.9781
output model,0.9812
meta learning,1.0000
system,0.9731
method encompasses,0.9707
model,0.9760
models,0.9742
core principle,0.9739
system,0.9714
rooted,0.9751
method encompasses,0.9718
method,0.9793
approach,0.9710
model,0.9710
paradigm method,0.9702
integrated,0.9716
principle,0.9763
structured,0.9766
encompasses,0.9730
retrieval,0.9759
models,0.9707
core principle,0.9743
core,0.9722
paradigm,0.9754
neural,0.9757
large language model,0.9705
language models,0.9753
large language models,0.9703
large language model,0.9794
language model,0.9784
model system,0.9710
ability,0.9706
model,0.9760
based,0.9711
comparison,0.9779
method valve,0.9717
type,0.9710
combining,0.9738
method,0.9793
meta,0.9766
diagnosis,0.9738
model,0.9710
based,0.9740
diagnostic,0.9707
methods,0.9794
problem chinese,0.9742
method effectively,0.9706
extraction,0.9750
capability,0.9705
fault diagnosis,0.9701
piston,0.9732
transform,0.9777
method based,0.9701
comparison,0.9816
compression,0.9821
cylinder,0.9708
method valve,0.9763
effectively,0.9727
vibration,0.9700
valve,0.9705
problem,0.9702
methods fault,0.9746
neural,0.9757
combustion,0.9769
type,0.9749
capability model,0.9785
diagnostic capability model,0.9755
meta learning,1.0000
ability,0.9706
typically,0.9702
model,0.9760
classify,0.9730
leverage,0.9704
based,0.9711
crypt,0.9744
flow,0.9768
method called,0.9706
based metal,0.9717
victim,0.9720
method,0.9793
fusion learning,0.9717
scenario leverage,0.9718
significant,0.9708
method typically,0.9738
typically,0.9705
effectively,0.9727
combining,0.9738
approach,0.9710
model,0.9710
sequence,0.9712
precision,0.9771
extraction,0.9750
commonly,0.9730
classify,0.9775
distinguishing,0.9754
fusion,0.9739
resulting,0.9707
leverage,0.9770
based,0.9740
multi,0.9774
difficult,0.9709
rely,0.9709
general model,0.9804
gap,0.9707
regulation,0.9747
model providing,0.9743
correction,0.9741
model,0.9760
model first,0.9701
factor,0.9727
factor including,0.9763
based,0.9711
module,0.9702
model compared,0.9715
using,0.9718
flow,0.9768
analysis,0.9723
boost,0.9739
transformation,0.9793
model effectively,0.9728
training,0.9706
method,0.9793
significance,0.9727
resistance using,0.9749
validation,0.9739
weighted,0.9760
effectively,0.9727
model providing,0.9713
correction,0.9721
input,0.9716
model,0.9710
precision,0.9771
prediction,0.9808
thus enhancing,0.9707
factor,0.9740
pursuit,0.9733
compared,0.9725
factor including,0.9732
based,0.9740
regression,1.0000
module,0.9760
model compared,0.9740
prediction model,0.9710
stack model,0.9786
learning model,0.9744
single prediction model,0.9701
prediction model,0.9729
base learning,0.9841
layer base learning,0.9724
task,0.9709
regarded combination,0.9700
method transfer,0.9712
model,0.9760
module,0.9702
essentially,0.9736
transfer,0.9737
analysis,0.9723
essentially problem,0.9721
task,0.9732
transform,0.9777
labeled,0.9759
training,0.9706
method,0.9793
sampling,0.9746
method transfer,0.9773
drug,0.9708
model,0.9710
prediction,0.9808
problem,0.9702
extend,0.9711
module,0.9760
fundamental,0.9742
neural,0.9757
transfer learning,0.9757
graph learning,0.9700
classification model,0.9741
classification,1.0000
task,0.9709
choice,0.9764
regardless,0.9709
specific,0.9720
performance classification,0.9774
model,0.9760
regardless class,0.9735
classification classification,0.9867
performance specific,0.9716
decision,0.9717
statistical significantly,0.9704
using,0.9718
classification model,0.9715
data scaled,0.9705
vary,0.9752
analysis,0.9723
task,0.9732
transformation,0.9793
specific,0.9773
scaling aka,0.9756
particular,0.9707
meta,0.9766
adjust,0.9750
furthermore,0.9701
scale,0.9712
significantly,0.9725
scaling,0.9777
approach,0.9710
model,0.9710
experiment,0.9701
problem,0.9702
suitable,0.9746
process,0.9719
performance specific,0.9724
fixed,0.9705
classification model,0.9728
performance classification model,0.9762
data base model,0.9825
system,0.9731
model,0.9760
based,0.9711
task,0.9709
process requires,0.9707
system,0.9714
compared,0.9725
method,0.9793
meta,0.9766
model,0.9710
requires,0.9727
method achieve,0.9722
based,0.9740
analysis,0.9723
integrated,0.9716
task,0.9732
generation,0.9730
process,0.9719
model integrated,0.9707
based meta,0.9718
intensive,0.9739
timing,0.9713
simulation,0.9750
initial,0.9701
model baseline,0.9711
training,0.9706
memory,0.9722
neural,0.9757
circuit baseline model,0.9703
analytical model,0.9742
baseline model,0.9820
circuit baseline model,0.9796
analytical model,0.9826
task,0.9709
considering limited labeled,0.9712
analysis,0.9723
task,0.9732
labeling,0.9769
discussing,0.9708
labeled,0.9759
training,0.9706
hyper,0.9739
pseudo,0.9712
however requires,0.9706
method,0.9793
meta,0.9766
semi learning,0.9761
scala,0.9734
adjust,0.9750
furthermore,0.9701
pseudo sur,0.9718
requires,0.9727
indicator,0.9715
experiment,0.9701
problem,0.9702
specifically instance,0.9732
require,0.9728
theoretically,0.9733
licence,0.9701
meta formulated nest,0.9711
proper,0.9716
method learning,0.9784
task,0.9709
category,0.9777
category due,0.9798
particular design,0.9726
condition,0.9700
system,0.9731
task extensively investigated,0.9723
module,0.9702
paradigm however,0.9714
mechanism,0.9777
task,0.9732
previous approach suffer,0.9729
detect novel,0.9701
insight,0.9762
hyper mechanism,0.9723
method significantly,0.9767
category,0.9753
hyper,0.9739
particular,0.9707
method,0.9793
approach suffer,0.9713
significantly,0.9725
approach,0.9710
semantic,0.9805
grain hyper,0.9722
particular design,0.9707
grain,0.9723
detection head,0.9712
capture,0.9703
paradigm,0.9754
system,0.9714
module method significantly,0.9729
module,0.9760
framework,0.9755
difficult,0.9709
corresponding,0.9714
fixed,0.9705
weight,0.9702
learning task,1.0000
classification,1.0000
task,0.9709
comparison,0.9779
emphasized model,0.9751
model,0.9760
system,0.9731
based,0.9711
testing,0.9720
characteristic,0.9725
flow,0.9768
task,0.9732
method core,0.9790
comparison,0.9816
training,0.9706
emphasized model,0.9707
core,0.9722
method,0.9793
effectively,0.9727
application,0.9766
distinguish,0.9732
analyze,0.9748
model,0.9710
precision,0.9771
extraction,0.9750
system,0.9714
based,0.9740
testing,0.9763
neural,0.9757
sample learning,0.9775
network learning,0.9773
task,0.9709
model,0.9760
system,0.9731
decision,0.9717
using,0.9718
objective using,0.9701
method rely generation,0.9708
analysis,0.9723
task,0.9732
transform,0.9777
transforms,0.9769
training,0.9706
descent,0.9731
similarity,0.9746
data overlook,0.9711
method,0.9793
generation,0.9730
setting,0.9718
focus,0.9740
model,0.9710
importance,0.9708
standard,0.9735
sophisticated,0.9718
problem,0.9702
system,0.9714
compared,0.9725
method rely,0.9750
require,0.9728
process,0.9719
inline,0.9706
corresponding,0.9714
frequency,0.9763
rely,0.9709
di model,0.9705
self di model,0.9746
modeling learning,0.9730
data characteristic,0.9703
model however,0.9706
model,0.9760
system,0.9731
characteristic,0.9725
method conduct,0.9725
mechanism,0.9777
useful,0.9749
training,0.9706
similarity,0.9746
data characteristic,0.9780
method,0.9793
meta,0.9766
learning paradigm,0.9745
model however,0.9703
analyze,0.9748
model,0.9710
facilitate,0.9725
collaboration,0.9731
intuitive,0.9753
experiment,0.9701
utilize,0.9766
paradigm,0.9754
system,0.9714
compared,0.9725
issue utilize,0.9735
mechanism deep,0.9714
process,0.9719
framework,0.9755
local model,0.9732
global model,0.9805
social effect learning,0.9735
method learning,0.9784
model,0.9760
system,0.9731
based,0.9711
model compared,0.9715
mechanism,0.9777
obvious,0.9711
embedded,0.9767
training,0.9706
learning paradigm,0.9745
proliferation,0.9758
scala,0.9734
facilitated,0.9742
application,0.9766
model,0.9710
device,0.9735
integrated,0.9716
experiment,0.9701
system machine,0.9723
paradigm,0.9754
system,0.9714
compared,0.9725
based,0.9740
multiple,0.9713
vertical,0.9731
allowing,0.9746
model compared,0.9740
comparison,0.9779
limit,0.9728
model,0.9760
condition,0.9700
factor,0.9727
system,0.9731
based,0.9711
module,0.9702
power,0.9723
diagnosis,0.9738
transfer,0.9737
analysis,0.9723
causal,0.9779
method based,0.9701
comparison,0.9816
limit,0.9739
method,0.9793
application transfer,0.9714
fault diagnosis,0.9701
setting,0.9718
application,0.9766
model,0.9710
extraction,0.9750
structural,0.9775
experiment,0.9701
method attracted,0.9732
factor,0.9740
bipolar,0.9763
system,0.9714
comparison ab,0.9714
based,0.9740
bipolar trans,0.9706
module,0.9760
framework,0.9755
frequency,0.9763
neural,0.9757
structural causal model,0.9769
causal model,0.9783
structural causal model,0.9727
causal model,0.9802
transfer learning,0.9757
paradigm called,0.9702
task,0.9709
across data,0.9707
model,0.9760
system,0.9731
tuning,0.9728
coupled en,0.9715
task,0.9732
directly,0.9718
harmonic,0.9812
training,0.9706
method,0.9793
supervision,0.9727
meta,0.9766
learning paradigm,0.9745
significant,0.9708
coupled,0.9755
encoding,0.9757
effectively,0.9727
input,0.9716
batch,0.9702
approach,0.9710
model,0.9710
facilitate,0.9725
independently,0.9753
demonstrates,0.9703
experiment,0.9701
contrast,0.9753
paradigm,0.9754
method meta,0.9718
system,0.9714
compared,0.9725
tuning,0.9731
dual,0.9724
indo,0.9705
limitation,0.9726
human language model,0.9725
language model,0.9784
general language model,0.9788
general learning,0.9729
domain general learning,0.9754
classification model,0.9741
classification,1.0000
performance classification,0.9774
correction,0.9741
model,0.9760
leverage,0.9704
based,0.9711
using,0.9718
classification model,0.9715
based meta,0.9718
filter,0.9780
labeled,0.9759
pseudo,0.9712
using meta,0.9719
meta,0.9766
significant,0.9708
correction,0.9721
therefore manual,0.9725
model,0.9710
refined,0.9755
initial,0.9701
leverage,0.9770
based,0.9740
classification model,0.9728
performance classification model,0.9762
meta learning,1.0000
task,0.9709
category current,0.9709
category,0.9777
superiority extensive experiment,0.9714
method significant,0.9702
gap,0.9707
influence,0.9730
model,0.9760
leverage,0.9704
based,0.9711
shielding,0.9703
characteristic,0.9725
task,0.9732
biased,0.9763
labeled,0.9759
training,0.9706
category,0.9753
method,0.9793
method significant,0.9775
setting,0.9718
significant,0.9708
influence,0.9709
therefore focus,0.9752
effectively,0.9727
model biased,0.9745
focus,0.9740
significantly,0.9725
model,0.9710
semantic,0.9805
capability,0.9705
size,0.9700
method exhibit,0.9722
standard,0.9735
prediction,0.9808
experiment,0.9701
problem,0.9702
coco,0.9720
leverage,0.9770
based,0.9740
process,0.9719
shielding,0.9716
framework,0.9755
difficult,0.9709
complementary,0.9778
impact model,0.9726
intra gap model,0.9775
semantic segment model,0.9717
gap model,0.9838
classification,1.0000
task broad,0.9724
task,0.9709
category,0.9777
data characteristic,0.9703
limit,0.9728
category level,0.9774
classification task broad,0.9700
classification however,0.9832
model,0.9760
classification task,0.9741
including sentiment classification,0.9703
based deep,0.9701
classification citation,0.9718
based,0.9711
subject,0.9709
characteristic,0.9725
analysis,0.9723
task broad,0.9713
task,0.9732
algorithm based label,0.9701
algorithm heavily,0.9733
training,0.9706
category,0.9753
data characteristic,0.9780
limit,0.9739
method,0.9793
meta,0.9766
effectively,0.9727
adjust,0.9750
application,0.9766
model,0.9710
experiment,0.9701
sample gran,0.9707
problem,0.9702
based deep,0.9713
classification citation,0.9738
fusion,0.9739
based,0.9740
purposes,0.9706
multiple,0.9713
sentiment,0.9714
multi,0.9774
subject,0.9760
weight,0.9702
deep learning model,0.9706
learning model,0.9744
idea meta learning,0.9824
meta learning,1.0000
ability,0.9706
task,0.9709
specific,0.9720
fault knowledge,0.9700
data affecting,0.9745
model,0.9760
singled general method,0.9702
requirement,0.9703
condition,0.9700
system,0.9731
based,0.9711
superiority proposed,0.9754
using,0.9718
singled,0.9715
diagnosis,0.9738
analysis,0.9723
task,0.9732
model relaxing,0.9709
diverse,0.9721
specific,0.9773
instead using,0.9707
operating,0.9702
method,0.9793
diagnostic,0.9707
limitation ham,0.9708
fault diagnosis,0.9701
method tackle,0.9769
general method tackle,0.9714
drift,0.9751
analyze,0.9748
model,0.9710
semantic,0.9805
requirement,0.9742
monitoring,0.9724
system,0.9714
based,0.9740
tackle,0.9713
solution,0.9740
multi,0.9774
restriction,0.9785
method metal,0.9711
limitation,0.9726
general model,0.9804
method learning,0.9784
based learning,0.9701
protection,0.9734
model,0.9760
data employing kali,0.9736
system,0.9731
leverage,0.9704
data employing,0.9710
additionally leverage,0.9714
using,0.9718
crucial,0.9753
utilizing,0.9730
model combine,0.9740
training,0.9706
method,0.9793
significance,0.9727
meta,0.9766
employing kali,0.9730
significant,0.9708
showcasing,0.9733
protection,0.9704
furthermore,0.9701
model,0.9710
disrupt,0.9701
prediction,0.9808
standard,0.9735
capture,0.9703
requiring,0.9733
minimal,0.9707
seam,0.9739
data employing kali,0.9781
system,0.9714
compared,0.9725
tailored,0.9715
leverage,0.9770
data employing,0.9750
additionally leverage,0.9719
connectivity face,0.9702
selection base,0.9739
model,0.9760
classification model,0.9741
classification,1.0000
utilizing chi,0.9712
model comprises,0.9727
phase,0.9702
model significantly,0.9753
balancing,0.9712
community previous,0.9704
significantly,0.9725
combining,0.9738
novelty,0.9727
compared,0.9725
model,0.9710
classification model,0.9715
phase feature,0.9711
precision,0.9771
utilizing chi,0.9728
neglect,0.9706
utilizing,0.9730
model comprises,0.9713
multi,0.9774
combining stacked,0.9738
phase,0.9749
model significantly,0.9776
balancing,0.9766
ensemble classification model,0.9702
classification model,0.9728
im data model,0.9792
ensemble classification model,0.9711
data model,0.9781
base learning,0.9841
