Word,Similarity
learning task,1.0000
system,0.9731
model,0.9760
based,0.9711
task,0.9709
system,0.9714
method,0.9793
model,0.9710
based,0.9740
task,0.9732
setting,0.9718
process,0.9719
multi,0.9774
prediction,0.9808
method opt,0.9759
process known,0.9765
prediction metal,0.9737
large language model,0.9705
large language model,0.9794
language model,0.9784
language model model,0.9795
performance learning,0.9715
classification,1.0000
task,0.9709
performance need,0.9727
bias,0.9723
task model metal,0.9723
model,0.9760
based deep,0.9701
system,0.9731
based,0.9711
method reach classification,0.9756
using,0.9718
method reach,0.9716
deep neural,0.9743
task,0.9732
performance need,0.9705
bias,0.9780
method based,0.9701
training,0.9706
important,0.9712
method,0.9793
task model metal,0.9716
resolution classification,0.9706
setting,0.9718
resolution,0.9740
comparable,0.9719
model,0.9710
standard,0.9735
initial,0.9701
problem,0.9702
based deep,0.9713
system,0.9714
resulting,0.9707
based,0.9740
process,0.9719
difficult,0.9709
neural,0.9757
task model,0.9716
task model,0.9833
network model,0.9766
bench learning,0.9718
classification,1.0000
model,0.9760
perspective,0.9721
data demonstrate superiority,0.9710
addressing,0.9701
particular addressing,0.9709
data objective,0.9724
suitable em,0.9735
interest,0.9730
similarity,0.9746
operating,0.9702
hyper,0.9739
particular,0.9707
geometric,0.9713
suggesting,0.9741
data objective study,0.9703
approach,0.9710
model,0.9710
data underlying,0.9712
perspective,0.9766
problem,0.9702
proto,0.9722
addressing,0.9752
suitable,0.9746
model examine,0.9725
particular addressing,0.9758
problem adopt,0.9743
ability,0.9706
position,0.9711
model,0.9760
requirement,0.9703
system,0.9731
training,0.9706
response,0.9741
method,0.9793
meta,0.9766
sampling,0.9746
system multi,0.9713
struggle,0.9716
lever,0.9737
sampling layered,0.9733
encoding,0.9757
model,0.9710
importance,0.9708
requirement,0.9742
method layered,0.9761
weight,0.9702
layered,0.9734
system,0.9714
multi,0.9774
neural,0.9757
result learning,0.9756
meta learning,1.0000
material meta learning,0.9737
including data,0.9712
model,0.9760
system,0.9731
using,0.9718
diagnosis,0.9738
transfer,0.9737
specialized,0.9739
survey,0.9702
training,0.9706
method,0.9793
significant,0.9708
scala,0.9734
cutting,0.9773
approach,0.9710
model,0.9710
system,0.9714
principle,0.9763
pan,0.9727
limitation,0.9726
learning model,0.9744
transfer learning,0.9757
classification,1.0000
model,0.9760
leverage,0.9704
module,0.9702
compensate,0.9740
using,0.9718
energy,0.9705
transfer,0.9737
useful,0.9749
training,0.9706
labelled,0.9705
hyper,0.9739
learning paradigm,0.9745
inference,0.9787
setting,0.9718
function metal,0.9719
application,0.9766
bench hyper,0.9736
approach,0.9710
em module,0.9715
model,0.9710
device,0.9735
approach beat,0.9700
capture,0.9703
experiment,0.9701
paradigm,0.9754
compared,0.9725
leverage,0.9770
solution,0.9740
module,0.9760
licence,0.9701
immune,0.9739
loss function model,0.9811
data manifold,0.9715
function model,0.9877
transfer learning,0.9757
ability,0.9706
classification,1.0000
thereby improving,0.9702
task,0.9709
category,0.9777
various category,0.9703
model however,0.9706
category second,0.9772
model,0.9760
classification based,0.9748
advantage,0.9712
model certain,0.9715
based,0.9711
task,0.9732
method based,0.9701
classic,0.9710
training,0.9706
category,0.9753
restrict,0.9758
important,0.9712
method,0.9793
model however,0.9703
application,0.9766
model,0.9710
device,0.9735
model certain,0.9755
certain,0.9732
problem,0.9702
therefore use,0.9706
based,0.9740
multiple,0.9713
difficult,0.9709
method metal,0.9711
help model,0.9700
ability model,0.9730
general ability model,0.9785
image model,0.9754
metric learning,0.9741
deep learning learning,0.9727
problem learning,0.9733
classification,1.0000
category,0.9777
even using es,0.9711
model,0.9760
due factor,0.9734
condition,0.9700
classify,0.9730
factor,0.9727
database due factor,0.9748
system,0.9731
identifying,0.9714
based,0.9711
tuning,0.9728
ai preliminary study,0.9714
database due,0.9739
using,0.9718
practice,0.9713
analysis,0.9723
data fine,0.9731
method considering,0.9718
due factor privacy,0.9716
analysis emerged,0.9756
method based,0.9701
based metal,0.9717
labelled,0.9705
category,0.9753
costly,0.9737
method,0.9793
meta,0.9766
demand,0.9708
frequent,0.9706
accurately,0.9702
effectively,0.9727
model baseline,0.9711
os characterised,0.9724
affect,0.9746
model,0.9710
due factor,0.9749
factor privacy,0.9750
poly,0.9718
classify,0.9775
problem,0.9702
factor,0.9740
database due factor,0.9713
system,0.9714
identifying,0.9724
based,0.9740
tackle,0.9713
tuning,0.9731
cardiac,0.9753
data meta,0.9738
type,0.9710
model,0.9760
decision,0.9717
analysis,0.9723
method,0.9793
meta,0.9766
validation,0.9739
application,0.9766
type,0.9749
input,0.9716
model,0.9710
importance,0.9708
prediction,0.9808
regression,1.0000
process,0.9719
recognizing,0.9709
ensemble model,0.9710
ensemble model,0.9765
meta learning,1.0000
feature learning,0.9733
task,0.9709
specific,0.9720
model,0.9760
leverage,0.9704
quantitative,0.9735
crucial,0.9753
transfer,0.9737
task,0.9732
transform,0.9777
specific,0.9773
method,0.9793
accurately,0.9702
significantly,0.9725
drug,0.9708
model,0.9710
commonly,0.9730
method leverage,0.9748
prediction,0.9808
discovery require,0.9703
effective path,0.9710
contrast,0.9753
require,0.9728
leverage,0.9770
method accurately,0.9708
process,0.9719
multi,0.9774
neural,0.9757
prediction model,0.9710
prediction model,0.9729
transfer learning,0.9757
data deep learning,0.9731
learning transfer,0.9728
multi learning,0.9757
data affect,0.9745
classification,1.0000
foundation precise classification,0.9741
cluster approach,0.9702
specific,0.9720
model called,0.9707
protection,0.9734
type,0.9710
model,0.9760
condition,0.9700
based,0.9711
quantitative,0.9735
crucial,0.9753
mechanism,0.9777
analysis,0.9723
kernel,0.9734
cluster approach,0.9758
specific,0.9773
transforms,0.9769
similarity,0.9746
derived,0.9719
model called,0.9737
precise,0.9720
mechanism path,0.9734
memory single,0.9757
protection,0.9704
distinguish,0.9732
memory,0.9722
affect,0.9746
type,0.9749
analyze,0.9748
approach,0.9710
model,0.9710
sequence,0.9712
extraction,0.9750
capability,0.9705
spec tissue,0.9713
problem,0.9702
approach cat,0.9720
based,0.9740
motivation,0.9761
recognizing,0.9709
cluster approach cat,0.9711
cluster model,0.9776
single cluster model,0.9770
ability,0.9706
learned opt policy,0.9700
typically,0.9702
system,0.9731
tuning,0.9728
using,0.9718
opt however,0.9736
learned opt policy,0.9710
typically,0.9705
selection fine,0.9715
approach,0.9710
tune,0.9714
demonstrates,0.9703
experiment,0.9701
problem,0.9702
system,0.9714
require,0.9728
tuning,0.9731
mar problem,0.9709
process,0.9719
multi,0.9774
reinforcement,0.9727
ks learning task,0.9700
learning task,1.0000
classification,1.0000
task,0.9709
diagnosis model metal,0.9730
based abdominal,0.9707
base decision,0.9742
model,0.9760
conclusion,0.9713
classification task,0.9741
explanation,0.9728
based deep,0.9701
system,0.9731
based,0.9711
module,0.9702
decision,0.9717
using,0.9718
practice,0.9713
diagnosis,0.9738
task,0.9732
tool,0.9715
algorithm greatly,0.9705
based metal,0.9717
profound,0.9728
assessment,0.9766
method,0.9793
significance,0.9727
meta,0.9766
algorithm clinical,0.9733
diagnostic,0.9707
opt meta,0.9724
validation,0.9739
accurately,0.9702
effectively,0.9727
application,0.9766
analyze,0.9748
model,0.9710
model newborn,0.9714
acute,0.9733
precision,0.9771
prediction,0.9808
explanation,0.9754
tool need developed,0.9730
problem,0.9702
based deep,0.9713
system,0.9714
compared,0.9725
based,0.9740
newborn,0.9722
multiple,0.9713
process several,0.9701
predicting,0.9774
process,0.9719
module,0.9760
optimal model,0.9702
algorithm model,0.9759
model based model,0.9761
meta learning,1.0000
parameter learning,0.9767
knowledge base learning,0.9717
base learning,0.9841
knowledge learning,0.9820
configuration,0.9752
system,0.9731
using,0.9718
opt setting,0.9710
configuration,0.9770
understanding,0.9711
transferring,0.9727
configuration metal,0.9730
useful,0.9749
natural,0.9713
hyper,0.9739
method,0.9793
setting,0.9718
proved,0.9716
data aug metal,0.9705
furthermore,0.9701
approach proved,0.9744
approach,0.9710
device,0.9735
extraction,0.9750
technique feature,0.9712
system,0.9714
device elder,0.9714
neural,0.9757
classification,1.0000
multi among factor,0.9727
method twenty factor,0.9718
conclusion,0.9713
interface,0.9704
proceed classification,0.9799
factor,0.9727
recommended integrate,0.9701
based,0.9711
among factor,0.9746
characteristic,0.9725
using,0.9718
practice,0.9713
varied,0.9721
analysis,0.9723
boost,0.9739
tool,0.9715
operating,0.9702
assessment,0.9766
method,0.9793
population layer,0.9719
sampling,0.9746
targeted paper,0.9708
weighted,0.9760
lit,0.9725
weigh,0.9702
hazard,0.9707
method twenty factor,0.9730
combining,0.9738
approach,0.9710
importance,0.9708
assessed,0.9728
perimeter,0.9721
interface,0.9765
landslide,0.9707
factor,0.9740
tolerance,0.9731
factor whereas,0.9753
layer sv,0.9721
data multi,0.9733
recommended integrate,0.9705
based,0.9740
regression,1.0000
operating characteristic,0.9706
process,0.9719
multi,0.9774
simultaneous,0.9704
confirming,0.9730
vulnerability,0.9722
domain using,0.9714
task,0.9709
model,0.9760
mechanism labeled,0.9707
system,0.9731
using,0.9718
transfer,0.9737
mechanism,0.9777
domain using,0.9704
task,0.9732
problem metal using,0.9711
shifting,0.9711
system transfer,0.9716
labeled,0.9759
framework low,0.9711
meta,0.9766
model,0.9710
mechanism labeled,0.9747
problem,0.9702
mechanism low,0.9703
system,0.9714
mechanism using,0.9745
framework,0.9755
problem metal,0.9746
large language model,0.9705
data language model,0.9728
state model,0.9703
large language model,0.9794
language model,0.9784
data language model,0.9816
parameter model,0.9767
state model,0.9813
transfer learning,0.9757
meta learning,1.0000
ability,0.9706
functional,0.9752
type,0.9710
model,0.9760
condition,0.9700
among predict,0.9703
leverage,0.9704
effort known,0.9707
data utilizing,0.9723
multi data utilizing,0.9701
decision,0.9717
imaging,0.9774
analysis,0.9723
intervention,0.9727
utilizing,0.9730
barrier,0.9737
functional,0.9785
compare,0.9728
hyper,0.9739
model decision,0.9717
analyzing large,0.9717
suggested,0.9718
diagnostic,0.9707
socio,0.9701
relatively,0.9704
magnetic,0.9718
approach able compare,0.9736
analyzing,0.9721
type,0.9749
approach,0.9710
model,0.9710
utilizing candidate,0.9729
resonance,0.9718
deliver,0.9708
disrupt,0.9701
behavior,0.9766
prediction,0.9808
standard,0.9735
modeled,0.9745
elastic,0.9791
developmental,0.9717
utilizing candidate predict,0.9711
leverage,0.9770
opt novel,0.9762
multiple,0.9713
regression,1.0000
principle,0.9763
process,0.9719
multi,0.9774
data utilizing,0.9729
neural,0.9757
stress model,0.9725
stress model,0.9818
tree learning,0.9733
notable improvement term,0.9707
system,0.9731
model,0.9760
measuring,0.9721
classification,1.0000
tier show proposed,0.9770
processing,0.9724
model widely,0.9739
system,0.9714
method,0.9793
model,0.9710
measuring,0.9738
analysis,0.9723
processing,0.9798
model widely,0.9758
function metal,0.9719
image measuring,0.9714
similarity,0.9746
learning model,0.9744
representative learning model,0.9702
classification learning model,0.9710
function learning,0.9770
applied representative learning,0.9701
e learning,0.9723
classification,1.0000
task,0.9709
model,0.9760
flow,0.9768
transfer,0.9737
analysis,0.9723
boost,0.9739
task,0.9732
deep model,0.9718
training,0.9706
restrict,0.9758
method,0.9793
meta,0.9766
method cross,0.9739
setting,0.9718
across flow second,0.9706
focus,0.9740
model,0.9710
enabling,0.9755
extraction,0.9750
problem,0.9702
seam,0.9739
tri,0.9720
regression,1.0000
task transfer,0.9717
framework,0.9755
deep learning di,0.9710
transfer cross,0.9745
reinforcement,0.9727
meta focus,0.9732
data learning,0.9768
efficiency learning,0.9770
targeting,0.9702
particularly neglected,0.9707
ability,0.9706
data diverse,0.9724
task,0.9709
model,0.9760
despite advancement certain,0.9736
power,0.9723
practice,0.9713
crucial,0.9753
analysis,0.9723
data diverse,0.9701
task,0.9732
model effectively,0.9728
diverse,0.9721
data metal,0.9750
insight,0.9762
training,0.9706
data integrating,0.9722
integrating,0.9786
generation,0.9730
particularly,0.9703
accurately,0.9702
lever,0.9737
effectively,0.9727
furthermore,0.9701
analyzing,0.9721
data ci,0.9723
application,0.9766
memory,0.9722
interpretation,0.9723
drug,0.9708
approach,0.9710
model,0.9710
enabling,0.9755
limited data drug,0.9704
data metal neglected,0.9714
effectively utilize,0.9702
prediction,0.9808
structural,0.9775
certain,0.9732
utilize,0.9766
approach address,0.9718
possessing,0.9712
application drug,0.9739
screening,0.9785
multiple,0.9713
process,0.9719
framework,0.9755
ml model,0.9747
ml dl model,0.9715
data learning,0.9768
feature learning,0.9733
application learning,0.9740
efficient learning,0.9704
concept learning,0.9879
task,0.9709
mons superior performance,0.9706
model,0.9760
condition,0.9700
general task across,0.9716
diagnosis,0.9738
analysis,0.9723
task,0.9732
utilizing,0.9730
training,0.9706
method,0.9793
meta,0.9766
struggle,0.9716
fault diagnosis,0.9701
focus,0.9740
utilizing het,0.9735
model,0.9710
semantic,0.9805
ph fault,0.9710
prediction,0.9808
problem,0.9702
framework,0.9755
ability,0.9706
classification,1.0000
task,0.9709
due data,0.9751
model,0.9760
issue fed,0.9705
classification task,0.9741
system,0.9731
leverage,0.9704
due data holding,0.9706
model susceptible,0.9721
characteristic,0.9725
task,0.9732
partition,0.9703
diverse,0.9721
reducing,0.9707
training,0.9706
however approach,0.9701
meta,0.9766
setting,0.9718
approach,0.9710
model,0.9710
substantially,0.9701
device,0.9735
system model,0.9713
issue fed,0.9734
approach leverage,0.9728
system,0.9714
leverage,0.9770
algorithm substantially,0.9736
model susceptible,0.9787
reduction model,0.9748
class part model,0.9708
het system model,0.9761
local model,0.9732
component model,0.9813
local model model,0.9801
system local model,0.9788
susceptible model,0.9748
system model,0.9748
meta learning,1.0000
learning task,1.0000
classification,1.0000
task,0.9709
comparison,0.9779
system classification,0.9817
model,0.9760
perspective,0.9721
system,0.9731
classification triple,0.9704
using,0.9718
task,0.9732
comparison,0.9816
training,0.9706
method,0.9793
meta,0.9766
setting,0.9718
system classification,0.9736
approach,0.9710
model,0.9710
perspective,0.9766
system,0.9714
compared,0.9725
extension model,0.9701
extension model,0.9805
learning model,0.9744
metric learning,0.9741
information learning,0.9783
modification,0.9710
testing revealed,0.9703
using renowned machine,0.9728
regulation,0.9747
model,0.9760
post regulation,0.9735
comprehensive assessment,0.9726
testing,0.9720
using,0.9718
underlying sar,0.9704
utilizing,0.9730
tool,0.9715
crisis,0.9732
insight,0.9762
rigorous,0.9746
modification,0.9742
utilizing extensive,0.9716
assessment,0.9766
method,0.9793
precise,0.9720
integrating,0.9786
significant,0.9708
model ph,0.9772
affect,0.9746
effective model feature,0.9700
approach ph,0.9760
approach,0.9710
model,0.9710
model using renowned,0.9716
sequence,0.9712
acute,0.9733
prediction,0.9808
predicted,0.9713
method ranging,0.9746
using renowned,0.9715
testing,0.9763
predicting,0.9774
process,0.9719
prediction utilizing,0.9730
prediction model,0.9710
generic model,0.9762
effective model,0.9791
selected effective model,0.9734
generic model ph,0.9722
prediction model,0.9729
classification,1.0000
task,0.9709
processing,0.9724
like audio,0.9703
classification utilized,0.9729
influence,0.9730
model,0.9760
notable task,0.9713
model first,0.9701
system,0.9731
module,0.9702
characteristic,0.9725
dependency,0.9802
network utilizing mel,0.9716
analysis,0.9723
utilizing mel frequency,0.9710
task,0.9732
utilizing,0.9730
method called,0.9706
filter,0.9780
labeled,0.9759
application deep,0.9710
processing,0.9798
method,0.9793
classification utilized,0.9709
classification greedy,0.9730
utilizing mel,0.9730
influence,0.9709
application,0.9766
memory,0.9722
approach,0.9710
model,0.9710
sequence,0.9712
mature,0.9705
precision,0.9771
instability,0.9811
system,0.9714
regression,1.0000
module,0.9760
difficult,0.9709
frequency,0.9763
fundamental,0.9742
neural,0.9757
filter learning,0.9801
model classify,0.9739
based reasoning,0.9714
model,0.9760
classify,0.9730
system,0.9731
based,0.9711
decision,0.9717
operation,0.9725
similarity,0.9746
model classify,0.9772
important,0.9712
furthermore,0.9701
case smart,0.9702
based reasoning,0.9740
approach,0.9710
model,0.9710
capability,0.9705
important procedure manufacturing,0.9712
system machine,0.9723
classify,0.9775
system,0.9714
based,0.9740
retrieval,0.9759
neural,0.9757
network model,0.9766
ability,0.9706
network using,0.9725
model namely,0.9703
category,0.9777
category however model,0.9723
category however,0.9752
adjustment factor,0.9707
model,0.9760
adjustment,0.9736
factor,0.9727
system,0.9731
module,0.9702
using,0.9718
mechanism,0.9777
model namely,0.9744
biased,0.9763
category,0.9753
important,0.9712
method,0.9793
meta,0.9766
setting,0.9718
distinguish,0.9732
combining,0.9738
model,0.9710
semantic,0.9805
prediction,0.9808
experiment,0.9701
contrast,0.9753
adjustment,0.9759
utilize,0.9766
factor,0.9740
system,0.9714
fusion,0.9739
module,0.9760
self mechanism,0.9729
framework,0.9755
author contrast learning,0.9705
meta learning,1.0000
task,0.9709
regardless,0.9709
model,0.9760
system,0.9731
decision,0.9717
empirical enhance marginal,0.9719
mechanism,0.9777
analysis,0.9723
task,0.9732
reducing,0.9707
empirical,0.9751
training,0.9706
method,0.9793
meta,0.9766
frequent,0.9706
generation,0.9730
validation,0.9739
specification,0.9710
model,0.9710
prediction cross,0.9772
size,0.9700
prediction,0.9808
predicted,0.9713
system,0.9714
bay method conform,0.9748
method conform,0.9736
solution,0.9740
assumption,0.9770
framework,0.9755
cal model fail,0.9704
validation learning,0.9707
task,0.9709
model however,0.9706
model,0.9760
attacking novel,0.9708
model require,0.9739
novel model access,0.9748
analysis,0.9723
deep neural,0.9743
task,0.9732
problem extensive,0.9748
method,0.9793
meta,0.9766
setting,0.9718
comparing,0.9738
crafted,0.9719
model however,0.9703
experimental setting,0.9705
input,0.9716
model,0.9710
distortion,0.9738
experiment,0.9701
problem,0.9702
method meta,0.9718
require,0.9728
tackle,0.9713
model require,0.9724
neural,0.9757
limitation,0.9726
attack model,0.9711
input mis model,0.9721
novel class model,0.9706
mis model,0.9733
type,0.9710
model,0.9760
receptor demonstrate,0.9711
factor,0.9727
type including,0.9719
based,0.9711
coverage,0.9700
essential analyze poly,0.9748
crucial,0.9753
treatment,0.9705
training,0.9706
data broader,0.9709
important,0.9712
effectively,0.9727
bench multi,0.9723
type,0.9749
analyze,0.9748
inhibitor kin,0.9704
drug,0.9708
model,0.9710
poly,0.9718
receptor demonstrate,0.9710
essential analyze,0.9732
factor,0.9740
type including,0.9735
based,0.9740
screening,0.9785
multi,0.9774
effectively exploring,0.9720
framework,0.9755
neural,0.9757
multi model,0.9798
bench multi model,0.9709
ability,0.9706
classification,1.0000
model,0.9760
classify,0.9730
system,0.9731
method combine,0.9751
method corresponds,0.9708
treatment,0.9705
boundary generation,0.9730
uneven,0.9718
labeled,0.9759
method,0.9793
meta,0.9766
method effectively,0.9706
generation,0.9730
method including,0.9733
effectively,0.9727
boundary,0.9711
model,0.9710
cloud downs filtering,0.9713
extraction,0.9750
experiment,0.9701
classify,0.9775
problem,0.9702
system,0.9714
model overcoming,0.9726
framework,0.9755
compression,0.9821
corresponding,0.9714
filtering,0.9771
fundamental,0.9742
experiment carried,0.9713
error model,0.9710
ability model,0.9730
error model,0.9858
general ability model,0.9785
general error model,0.9748
meta learning,1.0000
model,0.9760
system,0.9731
leverage,0.9704
based,0.9711
observation,0.9740
aspect,0.9724
using,0.9718
similarity,0.9746
method,0.9793
meta,0.9766
context,0.9710
approach,0.9710
model,0.9710
aspect multi,0.9729
semantic,0.9805
leverage multi,0.9728
commonly,0.9730
graph meanwhile,0.9709
method leverage,0.9748
positioning,0.9750
system,0.9714
resulting,0.9707
leverage,0.9770
based,0.9740
multi,0.9774
framework,0.9755
integration,0.9721
reinforcement,0.9727
target model,0.9709
meta learning,1.0000
system learning,0.9838
classification,1.0000
classification cal,0.9874
classification feature,0.9792
classification besides,0.9737
local classification,0.9737
classification module,0.9703
module,0.9702
classification cal classification,0.9737
compensate,0.9740
biased,0.9763
classification cal,0.9728
training,0.9706
similarity,0.9746
aperture,0.9700
method,0.9793
synthetic,0.9750
generation,0.9730
setting,0.9718
global feature employed,0.9713
angle,0.9717
suppress,0.9738
beneficial,0.9727
resulting consistent,0.9711
experiment,0.9701
cal module,0.9728
problem,0.9702
cal feature,0.9712
resulting,0.9707
tackle,0.9713
module,0.9760
multi,0.9774
ability,0.9706
shift caused,0.9703
type,0.9710
condition,0.9700
module,0.9702
practice,0.9713
crucial,0.9753
transfer,0.9737
deep neural,0.9743
directly,0.9718
training,0.9706
method,0.9793
fused,0.9737
setting,0.9718
accurately,0.9702
scale,0.9712
resolution,0.9740
type,0.9749
suppress,0.9738
curriculum,0.9729
fusion,0.9739
data sur,0.9700
degradation,0.9718
module,0.9760
multi,0.9774
licence,0.9701
assumption,0.9770
dual,0.9724
neural,0.9757
task,0.9709
model,0.9760
system,0.9731
sensor overlap,0.9712
data using,0.9718
wavelength,0.9753
using,0.9718
analysis,0.9723
task,0.9732
reducing,0.9707
training,0.9706
method,0.9793
spectrum,0.9736
accurately,0.9702
optic,0.9717
proved,0.9716
fiber,0.9769
approach,0.9710
model,0.9710
requires,0.9727
model fiber,0.9733
problem accurately,0.9705
prediction,0.9808
gr fiber,0.9717
experiment,0.9701
problem,0.9702
method adapt,0.9712
sensor,0.9742
system,0.9714
suitable,0.9746
sensor overlap,0.9741
multi,0.9774
system flexible,0.9725
difficult,0.9709
data using,0.9714
flexible,0.9744
limitation,0.9726
method besides,0.9736
system adaptation model,0.9717
system adaptation model,0.9760
sensor learning,0.9772
classification,1.0000
distance,0.9712
model,0.9760
using,0.9718
crucial,0.9753
mechanism,0.9777
understanding,0.9711
catastrophic,0.9715
labelled,0.9705
mo crucial,0.9702
precise,0.9720
lever,0.9737
distance,0.9723
approach,0.9710
extensive labelled,0.9715
model,0.9710
importance,0.9708
dense,0.9733
enabling,0.9755
prediction,0.9808
tropical,0.9703
monitoring,0.9724
model achieving,0.9716
harness,0.9730
limitation,0.9726
state model,0.9703
model state model,0.9813
state model,0.9813
deep learning learning,0.9727
task,0.9709
specific,0.9720
processing,0.9724
pattern,0.9725
furthermore advanced distributed,0.9721
model,0.9760
leverage,0.9704
based,0.9711
method term,0.9705
process sharing,0.9702
centralized paradigm,0.9748
mechanism,0.9777
analysis,0.9723
deep neural,0.9743
task,0.9732
paradigm sim,0.9725
reducing,0.9707
intensive,0.9739
specific,0.9773
training,0.9706
distributed paradigm,0.9719
meta specific,0.9762
local method intensive,0.9736
processing,0.9798
thus facilitating,0.9709
method,0.9793
however method,0.9717
meta,0.9766
struggle,0.9716
pattern,0.9783
synthetic,0.9750
furthermore,0.9701
furthermore advanced distributed,0.9717
approach,0.9710
model,0.9710
capability,0.9705
framework leverage,0.9723
logic,0.9790
baseline method term,0.9718
recognition pro,0.9706
initial,0.9701
experiment,0.9701
certain,0.9732
paradigm,0.9754
leverage,0.9770
based,0.9740
meta centralized paradigm,0.9732
process,0.9719
method intensive,0.9734
framework,0.9755
method term,0.9789
neural,0.9757
framework leverage model,0.9743
leverage model,0.9758
system,0.9731
model,0.9760
technology investigated secure,0.9720
task,0.9709
protection,0.9734
system,0.9714
model,0.9710
multiple,0.9713
revealing,0.9730
task,0.9732
delay,0.9707
model multiple,0.9732
framework,0.9755
weighted,0.9760
simulation,0.9750
training,0.9706
protection,0.9704
application,0.9766
general model,0.9804
ability,0.9706
distance,0.9712
model,0.9760
superiority proposed method,0.9725
condition,0.9700
system,0.9731
based,0.9711
general ability finally,0.9701
scar training,0.9707
superiority proposed,0.9754
using,0.9718
transfer,0.9737
mechanism,0.9777
deep model,0.9718
tool,0.9715
system transfer,0.9716
labeled,0.9759
based metal,0.9717
training,0.9706
method,0.9793
mach,0.9705
meta,0.9766
semi learning,0.9761
accurately,0.9702
cutting,0.9773
method incorporated,0.9758
memory,0.9722
distance,0.9723
based multiple,0.9709
model,0.9710
extraction,0.9750
prediction,0.9808
experiment,0.9701
method meta,0.9718
system,0.9714
require,0.9728
method label,0.9749
based,0.9740
data besides,0.9716
multiple,0.9713
multi,0.9774
neural,0.9757
mach essential lowering,0.9712
general deep model,0.9759
meta general,0.9700
transfer learning,0.9757
meta learning,1.0000
method meta learning,0.9738
deep learning learning,0.9727
model,0.9760
condition,0.9700
system,0.9731
characteristic,0.9725
diagnosis,0.9738
mechanism,0.9777
training,0.9706
descent,0.9731
method,0.9793
meta,0.9766
method furthermore,0.9737
effectively,0.9727
furthermore,0.9701
method extensively,0.9776
model,0.9710
capture,0.9703
system,0.9714
incorporating,0.9746
solution,0.9740
difficult,0.9709
information model,0.9702
irrelevant information model,0.9748
information model,0.9819
irrelevant information model,0.9818
classification,1.0000
data diverse,0.9724
task,0.9709
data characteristic,0.9703
method across,0.9710
based reasoning,0.9714
data considering,0.9722
multiple performance,0.9721
considering multiple,0.9720
task however,0.9701
perspective,0.9721
based,0.9711
module,0.9702
data using,0.9718
recommendation,0.9700
characteristic,0.9725
aspect,0.9724
research paradigm cb,0.9717
decision,0.9717
expert,0.9727
using,0.9718
methodology considering,0.9721
data diverse,0.9701
task,0.9732
diverse,0.9721
quan term meta,0.9708
empirical,0.9751
training,0.9706
data characteristic,0.9780
assessment,0.9766
method,0.9793
research paradigm,0.9767
meta,0.9766
method machine,0.9771
method across,0.9719
accurately,0.9702
furthermore,0.9701
application,0.9766
based reasoning,0.9740
furthermore scar sufficient,0.9715
multiple performance,0.9719
integrated,0.9716
extraction,0.9750
prediction,0.9808
refined,0.9755
perspective,0.9766
problem,0.9702
paradigm,0.9754
pursuit,0.9733
based,0.9740
module res,0.9756
algorithm within,0.9732
multiple,0.9713
suitable,0.9746
process,0.9719
module,0.9760
multi,0.9774
empirical method across,0.9706
framework,0.9755
data using,0.9714
recommendation,0.9744
criterion,0.9747
meta learning,1.0000
ability,0.9706
metal attention mechanism,0.9715
task,0.9709
comparison,0.9779
limit,0.9728
model third,0.9753
model,0.9760
system,0.9731
preference,0.9754
recommendation,0.9700
metal attention mechanism,0.9700
mechanism,0.9777
task,0.9732
comparison,0.9816
training,0.9706
moreover metal,0.9724
limit,0.9739
method,0.9793
accurately,0.9702
transition,0.9810
model third,0.9705
model moreover,0.9721
approach,0.9710
model,0.9710
sequence,0.9712
model moreover metal,0.9736
behavior,0.9766
capture,0.9703
initial,0.9701
experiment,0.9701
problem,0.9702
paradigm,0.9754
sequential recommendation,0.9704
system,0.9714
compared,0.9725
require,0.9728
preference,0.9708
licence,0.9701
behavioral,0.9731
recommendation,0.9744
method metal,0.9711
information knowledge,0.9748
recommendation model,0.9760
knowledge field model,0.9783
field model,0.9822
sequential recommendation model,0.9704
dynamic learning,0.9763
transition learning,0.9809
model learning task,0.9742
learning task,1.0000
ability,0.9706
classification model,0.9741
classification,1.0000
task,0.9709
task include,0.9702
data without,0.9715
task include classification,0.9729
model,0.9760
system,0.9731
using,0.9718
classification model,0.9715
deep neural,0.9743
task,0.9732
tool,0.9715
data without,0.9736
descent,0.9731
method,0.9793
context,0.9710
inference,0.9787
synthetic,0.9750
coupled,0.9755
coupled ex,0.9720
input,0.9716
model,0.9710
capability,0.9705
weight,0.9702
system,0.9714
regression,1.0000
neural,0.9757
large language model,0.9705
model classification model,0.9705
context language model,0.9705
methodology language model,0.9756
classification model,0.9728
large language model,0.9794
language model,0.9784
model classification model,0.9834
context language model,0.9767
method learning,0.9784
task learning,0.9801
model summarized,0.9776
analyzed,0.9709
category based ind,0.9761
category,0.9777
category semi,0.9770
model,0.9760
perspective,0.9721
category based,0.9754
based,0.9711
method subdivided,0.9709
summarized,0.9736
rule,0.9740
model summarized,0.9733
analyzed,0.9764
based meta,0.9718
method based,0.9701
training,0.9706
category,0.9753
method,0.9793
meta,0.9766
application,0.9766
divide,0.9737
model,0.9710
method subdivided analyzed,0.9727
structural,0.9775
perspective,0.9766
em based,0.9705
compared,0.9725
based,0.9740
process,0.9719
current method subdivided,0.9710
based logical,0.9729
based structural,0.9714
logical,0.9726
method subdivided,0.9772
concept knowledge,0.9837
model summarized perspective,0.9716
meta learning,1.0000
task,0.9709
requirement,0.9703
team policy causing,0.9718
advantage,0.9712
system,0.9731
system metal,0.9719
mechanism,0.9777
analysis,0.9723
task,0.9732
rule,0.9740
mechanism conclude,0.9713
method,0.9793
meta,0.9766
system multi,0.9713
method widely,0.9764
method reinforcement,0.9705
communication rule,0.9713
requirement,0.9742
collaboration,0.9731
team policy causing,0.9706
experiment,0.9701
system,0.9714
compared,0.9725
robot need,0.9707
system metal,0.9732
degradation,0.9718
multi,0.9774
framework,0.9755
reinforcement,0.9727
meta learning,1.0000
autonomous learning,0.9756
learning task,1.0000
ability,0.9706
classification,1.0000
task,0.9709
processing,0.9724
gap,0.9707
model,0.9760
condition,0.9700
classification task,0.9741
system,0.9731
module,0.9702
analysis,0.9723
task,0.9732
shifting,0.9711
shifting generate adapted,0.9708
labeled,0.9759
training,0.9706
processing,0.9798
meta,0.9766
context,0.9710
inference,0.9787
generation,0.9730
memory,0.9722
model,0.9710
paradigm model learned,0.9735
experiment,0.9701
problem,0.9702
paradigm,0.9754
system,0.9714
resulting,0.9707
process,0.9719
module,0.9760
problem incorporates,0.9728
paradigm model,0.9716
context model,0.9745
condition generation model,0.9751
context model,0.9826
benefit component model,0.9728
component model,0.9813
representation model,0.9790
paradigm model,0.9700
meta learning,1.0000
ability learning,0.9751
category,0.9777
perspective,0.9721
system,0.9731
fed optimization,0.9722
transfer,0.9737
analysis,0.9723
category,0.9753
important,0.9712
opt optimization,0.9709
significant,0.9708
measurement,0.9807
focus,0.9740
approach,0.9710
perspective,0.9766
system,0.9714
assumption,0.9770
decline,0.9717
criterion,0.9747
transfer learning,0.9757
classification,1.0000
category,0.9777
model,0.9760
performance via,0.9711
based,0.9711
module,0.9702
mechanism,0.9777
filter,0.9780
labeled,0.9759
category,0.9753
significant,0.9708
model,0.9710
extraction,0.9750
experiment,0.9701
problem,0.9702
proposal,0.9717
fusion,0.9739
based,0.9740
module,0.9760
mechanism detection model,0.9707
detection model,0.9760
mechanism detection model,0.9743
object feature,0.9726
rc feature,0.9707
targeting,0.9702
codes,0.9719
type,0.9710
model,0.9760
resource including,0.9718
classify,0.9730
system,0.9731
based,0.9711
testing,0.9720
power,0.9723
using,0.9718
compressed,0.9739
based meta,0.9718
specialized,0.9739
operation,0.9725
meta,0.9766
aforementioned computational,0.9711
inference,0.9787
codes,0.9772
application,0.9766
memory,0.9722
type,0.9749
significantly,0.9725
analyze,0.9748
model,0.9710
inference using,0.9710
capability,0.9705
logic,0.9790
destructive,0.9757
classify,0.9775
minimal,0.9707
program,0.9703
sensor,0.9742
system,0.9714
require,0.9728
based,0.9740
testing,0.9763
licence,0.9701
compression,0.9821
corresponding,0.9714
neural,0.9757
consumption,0.9700
deep learning model,0.9706
learning model,0.9744
synthesis learning,0.9707
meta learning,1.0000
h meta learning,0.9759
task,0.9709
data without,0.9715
model,0.9760
domain mini step,0.9754
leverage,0.9704
testing,0.9720
using,0.9718
technique transforming,0.9702
transfer,0.9737
task,0.9732
data without,0.9736
training,0.9706
method,0.9793
meta,0.9766
incorporating meta,0.9748
setting,0.9718
domain incorporating meta,0.9712
scale,0.9712
input,0.9716
model,0.9710
facilitate,0.9725
stat propose metal,0.9703
leverage multi,0.9728
novel domain,0.9723
framework leverage,0.9723
isolated,0.9741
standard,0.9735
initial,0.9701
experiment,0.9701
incorporating,0.9746
leverage,0.9770
model constantly,0.9716
testing,0.9763
conversion,0.9727
multi,0.9774
frame,0.9702
framework,0.9755
transforming,0.9713
learning task,1.0000
adaptive decision,0.9725
task,0.9709
model,0.9760
coding,0.9744
decision,0.9717
expert,0.9727
mechanism,0.9777
orbital,0.9751
task,0.9732
training,0.9706
meta,0.9766
cortex,0.9787
encoded,0.9701
model,0.9710
coding,0.9793
behavior,0.9766
experiment,0.9701
plastic,0.9755
multiple,0.9713
framework,0.9755
behavioral,0.9731
neural,0.9757
dependent,0.9760
reinforcement,0.9727
meta learning,1.0000
task,0.9709
specific,0.9720
typically,0.9702
mention methodology demonstrated,0.9717
based,0.9711
incorporate,0.9737
mechanism,0.9777
task,0.9732
diverse,0.9721
specific,0.9773
labeled,0.9759
based metal,0.9717
derived,0.9719
context,0.9710
specific relation proto,0.9731
typically,0.9705
furthermore,0.9701
approach,0.9710
semantic,0.9805
extraction,0.9750
origin,0.9725
capture,0.9703
em corresponding,0.9711
selective incorporate,0.9740
proto,0.9722
based,0.9740
predicting,0.9774
framework,0.9755
corresponding,0.9714
relation knowledge,0.9704
system across,0.9736
configuration,0.9752
selected system,0.9763
model,0.9760
system,0.9731
power,0.9723
system across,0.9725
configuration,0.9770
deep neural,0.9743
tool,0.9715
simulation,0.9750
setting para,0.9713
training,0.9706
hyper,0.9739
para dependence,0.9719
meta,0.9766
moreover activation,0.9701
activation,0.9733
setting,0.9718
hidden layer,0.9719
accurately,0.9702
lever,0.9737
paradigm para,0.9712
significantly,0.9725
model,0.9710
system ph,0.9716
system grows,0.9737
paradigm,0.9754
system,0.9714
dependence,0.9742
solution,0.9740
multi,0.9774
layer significantly,0.9732
hidden layer significantly,0.9703
neural,0.9757
network learning,0.9773
ability,0.9706
task,0.9709
specific,0.9720
model,0.9760
ability used,0.9761
system,0.9731
general ability used,0.9730
characteristic,0.9725
decision,0.9717
analysis,0.9723
task,0.9732
specific,0.9773
simulation,0.9750
similarity,0.9746
meta,0.9766
algorithm term,0.9734
algorithm regarded,0.9770
capability specific,0.9715
model,0.9710
requires,0.9727
enabling,0.9755
facilitate,0.9725
capability,0.9705
eng principle,0.9737
problem,0.9702
system,0.9714
principle,0.9763
process,0.9719
general ability used,0.9703
harness,0.9730
limitation,0.9726
reinforcement,0.9727
stable learning,0.9727
learning task,1.0000
learning task task,0.9758
task,0.9709
model,0.9760
module,0.9702
characteristic,0.9725
task,0.9732
protein zero,0.9704
binding,0.9759
method especially,0.9772
training,0.9706
operating,0.9702
considered,0.9732
method,0.9793
method generally,0.9709
meta,0.9766
sub information bottle,0.9707
process zero,0.9709
drug,0.9708
model,0.9710
importance,0.9708
prediction,0.9808
compression drug,0.9757
multiple,0.9713
operating characteristic,0.9706
predicting,0.9774
process,0.9719
module,0.9760
framework,0.9755
compression,0.9821
neural,0.9757
interaction learning,0.9825
classification,1.0000
task,0.9709
generation medical diagnosis,0.9742
model,0.9760
task however,0.9701
classification task however,0.9784
classification task,0.9741
identifying,0.9714
based,0.9711
task identifying,0.9710
singled,0.9715
diagnosis,0.9738
task,0.9732
algorithm recent,0.9707
based meta,0.9718
vocabulary,0.9772
training,0.9706
important,0.9712
method,0.9793
meta,0.9766
generation,0.9730
significant,0.9708
model,0.9710
sequence,0.9712
initial,0.9701
experiment,0.9701
problem,0.9702
identifying,0.9724
based,0.9740
framework,0.9755
parameter involved,0.9706
significant information model,0.9744
information model,0.9702
significant information model,0.9818
information model,0.9819
meta learning,1.0000
ability,0.9706
model finally,0.9708
task,0.9709
comparison,0.9779
category,0.9777
limit,0.9728
protection,0.9734
distance,0.9712
model,0.9760
category crop,0.9760
conclusion,0.9713
ways task plant,0.9721
module,0.9702
using,0.9718
diagnosis,0.9738
task,0.9732
directly,0.9718
embedded,0.9767
comparison,0.9816
labeled,0.9759
category,0.9753
limit,0.9739
method,0.9793
meta,0.9766
furthermore,0.9701
protection,0.9704
affect,0.9746
distance,0.9723
significantly,0.9725
model,0.9710
category crop,0.9733
capability,0.9705
experiment,0.9701
problem,0.9702
problem insufficient,0.9712
compared,0.9725
proto,0.9722
comparison ab,0.9714
ways task plant,0.9708
fusion,0.9739
module,0.9760
multi,0.9774
framework,0.9755
metric model,0.9721
metric learning,0.9741
network learning,0.9773
transmission,0.9717
task,0.9709
specific,0.9720
system superior,0.9709
specific linear,0.9703
model,0.9760
system,0.9731
task particular,0.9723
imaging,0.9774
transmission,0.9707
task,0.9732
compressed,0.9739
specific,0.9773
system superior,0.9743
particular,0.9707
encoding,0.9757
specific linear,0.9738
model,0.9710
semantic,0.9805
system,0.9714
compared,0.9725
framework,0.9755
compression,0.9821
image specific,0.9754
task particular,0.9706
fading,0.9701
system learning,0.9838
task,0.9709
analyzed,0.9709
subject,0.9709
using,0.9718
selection metal,0.9726
facilitate,0.9725
task,0.9732
analyzed,0.9764
tool,0.9715
subject,0.9760
licence,0.9701
thus managed identify,0.9701
selected extract,0.9735
application,0.9766
thus managed,0.9711
search learning,0.9730
ability,0.9706
task,0.9709
community started research,0.9714
model focus,0.9732
model,0.9760
perspective,0.9721
system,0.9731
characteristic,0.9725
transfer,0.9737
analysis,0.9723
task,0.9732
utilizing,0.9730
simulation,0.9750
model beyond,0.9715
training,0.9706
meta,0.9766
effectively,0.9727
model focus,0.9725
focus,0.9740
application,0.9766
model,0.9710
slicing,0.9705
task characteristic,0.9704
link characteristic,0.9769
initial,0.9701
academia,0.9711
perspective,0.9766
characteristic slicing,0.9716
problem,0.9702
paradigm,0.9754
system,0.9714
slice,0.9714
problem meta,0.9725
therefore aiming,0.9724
instead training,0.9709
solution,0.9740
process,0.9719
framework,0.9755
representation knowledge,0.9763
ability learning,0.9751
focus learning,0.9728
task,0.9709
recognition bench,0.9711
comparison,0.9779
model specifically,0.9744
spat training sample,0.9723
model,0.9760
task paper,0.9708
classify,0.9730
module,0.9702
task,0.9732
recognition bench,0.9702
comparison,0.9816
labeled,0.9759
training,0.9706
model specifically,0.9756
spat training sample,0.9724
method,0.9793
method achieving,0.9724
furthermore,0.9701
model,0.9710
sequence,0.9712
experiment,0.9701
classify,0.9775
process,0.9719
module,0.9760
frame,0.9702
framework,0.9755
recognition em,0.9703
metric learning,0.9741
self learning,0.9713
classification,1.0000
task,0.9709
category,0.9777
family encountered testing,0.9736
category huge,0.9738
critical task,0.9729
classify,0.9730
system,0.9731
practice due,0.9711
testing,0.9720
phase,0.9702
class causing,0.9727
decision,0.9717
practice,0.9713
task,0.9732
method macro,0.9714
insight,0.9762
catastrophic,0.9715
training,0.9706
mal recognition pose,0.9716
core,0.9722
operating,0.9702
category,0.9753
method,0.9793
data reaching,0.9711
phase unfortunately assumption,0.9755
inference,0.9787
assumption mal,0.9736
setting,0.9718
analyze,0.9748
approach,0.9710
thereby facilitating classification,0.9705
category huge,0.9717
experiment,0.9701
classify,0.9775
problem,0.9702
recognition mal metal,0.9714
system,0.9714
multiple,0.9713
practice due constant,0.9712
macro,0.9710
testing,0.9763
solution,0.9740
phase unfortunately,0.9728
process,0.9719
assumption,0.9770
phase,0.9749
framework,0.9755
class causing,0.9730
model,0.9760
based survey,0.9709
advantage,0.9712
based,0.9711
using,0.9718
practice,0.9713
cycle,0.9724
survey,0.9702
derived,0.9719
context,0.9710
model,0.9710
capability,0.9705
structural,0.9775
based,0.9740
theoretically,0.9733
consciously,0.9726
adoption,0.9702
using structural,0.9739
micro,0.9712
derived model,0.9737
micro learning,0.9817
performance crucial,0.9719
influence,0.9730
model,0.9760
additionally interpret,0.9702
system,0.9731
characteristic,0.9725
aspect,0.9724
using,0.9718
crucial,0.9753
analysis,0.9723
hyper,0.9739
method,0.9793
influence,0.9709
angle,0.9717
furthermore,0.9701
analyzing,0.9721
model employ,0.9717
application,0.9766
interpretation,0.9723
model,0.9710
additionally interpret,0.9720
integrated,0.9716
revealing,0.9730
capability,0.9705
prediction,0.9808
capture,0.9703
system,0.9714
compared,0.9725
neural,0.9757
limitation,0.9726
attack model,0.9711
various interpretation model,0.9722
forecast learning,0.9752
model,0.9760
classification,1.0000
addressing,0.9701
classification however,0.9832
specifically approach,0.9704
method seam,0.9702
using,0.9718
method,0.9793
proto,0.9722
approach,0.9710
model,0.9710
appealing,0.9745
addressing,0.9752
tackle,0.9713
sample tackle,0.9749
experiment,0.9701
effectively,0.9727
prevalent,0.9703
method employ,0.9747
specifically approach,0.9729
method seam,0.9777
seam,0.9739
term method seam,0.9749
metric model,0.9721
distance,0.9712
model,0.9760
classify,0.9730
leverage,0.9704
based,0.9711
transfer,0.9737
experiment commercial,0.9710
gesture,0.9701
diverse,0.9721
rf leverage,0.9717
method,0.9793
meta,0.9766
generation,0.9730
distinguish,0.9732
distance,0.9723
comparable,0.9719
approach,0.9710
model,0.9710
requires,0.9727
device,0.9735
experiment,0.9701
classify,0.9775
sensor,0.9742
require,0.9728
leverage,0.9770
based,0.9740
extend,0.9711
multiple,0.9713
solution,0.9740
suitable,0.9746
recognizing,0.9709
frequency,0.9763
environment model,0.9834
different environment model,0.9776
transfer learning,0.9757
meta learning,1.0000
classification,1.0000
task,0.9709
processing,0.9724
model,0.9760
affecting model,0.9741
perspective,0.9721
system,0.9731
task labeled,0.9708
analysis,0.9723
deep neural,0.9743
task,0.9732
synth learning,0.9749
survey,0.9702
labeled,0.9759
catastrophic,0.9715
sub including,0.9705
natural,0.9713
processing,0.9798
important,0.9712
method,0.9793
meta,0.9766
struggle,0.9716
significant,0.9708
application,0.9766
divide,0.9737
approach,0.9710
model,0.9710
perspective,0.9766
problem,0.9702
method meta,0.9718
setup,0.9754
system,0.9714
overcome,0.9707
approach divide,0.9703
research bench,0.9705
neural,0.9757
limitation,0.9726
deep learning model,0.9706
learning model,0.9744
meta learning,1.0000
method meta learning,0.9738
network learning,0.9773
classification model,0.9741
classification,1.0000
data without,0.9715
category,0.9777
processing,0.9724
model,0.9760
advantage,0.9712
perspective,0.9721
based,0.9711
varied,0.9721
classification model,0.9715
analysis,0.9723
largest,0.9705
labeling,0.9769
data without,0.9736
diverse,0.9721
interest,0.9730
category,0.9753
processing,0.9798
ml approach,0.9742
method,0.9793
meta,0.9766
significant,0.9708
model employing,0.9755
approach,0.9710
model,0.9710
requires,0.9727
native,0.9716
consideration,0.9731
size,0.9700
prediction,0.9808
experiment,0.9701
perspective,0.9766
curriculum,0.9729
reveal,0.9714
based,0.9740
multiple,0.9713
framework,0.9755
data term,0.9764
classification model,0.9728
meta learning,1.0000
discipline,0.9727
course learned,0.9705
illusion,0.9709
phenomenon multiple,0.9702
survey,0.9702
training,0.9706
response,0.9741
method,0.9793
sampling,0.9746
significant,0.9708
scale,0.9712
zen,0.9705
focus,0.9740
standard,0.9735
convenience,0.9706
continuous data adult,0.9701
curriculum,0.9729
multiple,0.9713
frequency,0.9763
data learning,0.9768
parameter learning,0.9767
classification,1.0000
task,0.9709
category,0.9777
category recently,0.9736
class recognize,0.9707
model,0.9760
category recently many,0.9707
model first,0.9701
system,0.9731
leverage,0.9704
based,0.9711
module,0.9702
method termed,0.9721
transfer,0.9737
analysis,0.9723
however approach exploit,0.9740
task,0.9732
labeled,0.9759
based metal,0.9717
category,0.9753
however approach,0.9701
fusion semantic,0.9701
method,0.9793
supervision,0.9727
meta,0.9766
category recently,0.9701
method many,0.9708
category ann,0.9700
paradigm attempt,0.9717
termed,0.9753
approach,0.9710
model,0.9710
semantic,0.9805
extraction,0.9750
prediction,0.9808
experiment,0.9701
utilize,0.9766
paradigm,0.9754
system,0.9714
fusion,0.9739
leverage,0.9770
based,0.9740
solution,0.9740
module,0.9760
multi,0.9774
method termed,0.9752
visual model,0.9758
method specifically,0.9712
type,0.9710
model,0.9760
due energy,0.9714
label via similarity,0.9706
system,0.9731
based,0.9711
module,0.9702
power,0.9723
due energy benefit,0.9741
energy,0.9705
method based,0.9701
transforms,0.9769
labeled,0.9759
similarity,0.9746
method,0.9793
meta,0.9766
method achieve,0.9722
method specifically,0.9765
type,0.9749
model,0.9710
due energy,0.9729
contrast,0.9753
monitoring,0.9724
system,0.9714
based,0.9740
module,0.9760
due energy benefit,0.9713
task,0.9709
limit,0.9728
system first,0.9714
model,0.9760
system,0.9731
system metal,0.9719
task adapted,0.9700
observation,0.9740
decision,0.9717
analysis,0.9723
task,0.9732
simulation,0.9750
limit,0.9739
particular,0.9707
method,0.9793
setting,0.9718
approach,0.9710
model,0.9710
system model,0.9713
system continuous,0.9732
prediction,0.9808
problem,0.9702
system,0.9714
overcome,0.9707
system metal,0.9732
framework,0.9755
method particular,0.9710
reinforcement,0.9727
system model,0.9748
learning model,0.9744
classification,1.0000
task,0.9709
specific,0.9720
model adopt,0.9704
type,0.9710
model,0.9760
system,0.9731
identifying,0.9714
based,0.9711
divide training,0.9702
metal purpose,0.9709
using,0.9718
flow,0.9768
analysis,0.9723
task,0.9732
specific,0.9773
model adopt,0.9755
training,0.9706
method,0.9793
unable,0.9712
setting,0.9718
relatively,0.9704
type,0.9749
divide,0.9737
approach,0.9710
model,0.9710
requires,0.9727
technology used,0.9711
experiment,0.9701
problem,0.9702
system,0.9714
identifying,0.9724
based,0.9740
process,0.9719
neural,0.9757
layer based model,0.9793
general model,0.9804
detection model,0.9760
classification,1.0000
across season,0.9714
pattern,0.9725
model,0.9760
system,0.9731
based,0.9711
data using,0.9718
using,0.9718
analysis,0.9723
causal,0.9779
transform,0.9777
concept drift,0.9736
problem via,0.9705
series data using,0.9703
operation,0.9725
pseudo,0.9712
vision transform,0.9704
method,0.9793
sampling,0.9746
based contrast,0.9728
model continual,0.9756
pattern,0.9783
inference,0.9787
generation,0.9730
semi learning top,0.9700
semi learning,0.9761
solar,0.9707
focus,0.9740
drift,0.9751
domain pulmonary,0.9752
conditioned,0.9709
approach,0.9710
model,0.9710
integrated,0.9716
sequence,0.9712
prediction,0.9808
aging,0.9706
contrast,0.9753
problem,0.9702
sensor,0.9742
system,0.9714
spatial bottle,0.9722
fusion,0.9739
based,0.9740
constrained,0.9744
multiple,0.9713
multi,0.9774
analysis constrained,0.9704
retrieval,0.9759
framework,0.9755
data using,0.9714
dual,0.9724
pulmonary,0.9737
neural,0.9757
inference wei,0.9715
weight,0.9702
dual cot model,0.9743
cot model,0.9705
sensor building learning,0.9746
task,0.9709
model,0.9760
condition,0.9700
system,0.9731
based,0.9711
dependency,0.9802
using,0.9718
incorporate,0.9737
data fashion,0.9704
transfer,0.9737
task,0.9732
kernel,0.9734
useful,0.9749
based metal,0.9717
catastrophic,0.9715
operating,0.9702
meta,0.9766
model conduct,0.9741
context,0.9710
inference,0.9787
memory,0.9722
model,0.9710
importance,0.9708
prediction,0.9808
experiment,0.9701
consequence,0.9770
certain,0.9732
problem,0.9702
system,0.9714
require,0.9728
based,0.9740
overcome,0.9707
predicting,0.9774
degradation,0.9718
process,0.9719
framework,0.9755
novel meta model,0.9746
meta model,0.9743
novel meta model,0.9858
process model,0.9844
meta model,1.0000
classification,1.0000
across season,0.9714
pattern,0.9725
model,0.9760
system,0.9731
based,0.9711
data using,0.9718
using,0.9718
analysis,0.9723
causal,0.9779
transform,0.9777
concept drift,0.9736
problem via,0.9705
series data using,0.9703
operation,0.9725
pseudo,0.9712
vision transform,0.9704
method,0.9793
sampling,0.9746
based contrast,0.9728
model continual,0.9756
pattern,0.9783
inference,0.9787
generation,0.9730
semi learning top,0.9700
semi learning,0.9761
solar,0.9707
focus,0.9740
drift,0.9751
domain pulmonary,0.9752
conditioned,0.9709
approach,0.9710
model,0.9710
integrated,0.9716
sequence,0.9712
prediction,0.9808
aging,0.9706
contrast,0.9753
problem,0.9702
sensor,0.9742
system,0.9714
spatial bottle,0.9722
fusion,0.9739
based,0.9740
constrained,0.9744
multiple,0.9713
multi,0.9774
analysis constrained,0.9704
retrieval,0.9759
framework,0.9755
data using,0.9714
dual,0.9724
pulmonary,0.9737
neural,0.9757
inference wei,0.9715
weight,0.9702
dual cot model,0.9743
cot model,0.9705
sensor building learning,0.9746
classification,1.0000
limit,0.9728
pattern,0.9725
model,0.9760
based,0.9711
subject,0.9709
transfer,0.9737
mechanism,0.9777
specifically meta,0.9702
labeled,0.9759
training,0.9706
limit,0.9739
important,0.9712
method,0.9793
meta,0.9766
pattern,0.9783
application,0.9766
affect,0.9746
model,0.9710
dense,0.9733
extraction,0.9750
experiment,0.9701
fusion,0.9739
based,0.9740
dependence,0.9742
multi,0.9774
subject,0.9760
framework,0.9755
dimensional,0.9783
baseline model,0.9820
transfer learning,0.9757
study carried measure,0.9711
classification bot,0.9744
based comparison,0.9717
based,0.9711
classification,1.0000
module,0.9702
classified,0.9715
comparison,0.9779
branch,0.9721
decision,0.9717
approach,0.9710
based,0.9740
approach classified,0.9708
module,0.9760
highlighting,0.9733
tool,0.9715
commonly,0.9730
comparison,0.9816
cyber decision,0.9718
application,0.9766
program,0.9703
affect,0.9746
comparison across,0.9755
classification,1.0000
particular comparison,0.9762
task,0.9709
specific,0.9720
comparison,0.9779
model,0.9760
based,0.9711
comparison across,0.9742
however single instance,0.9713
particular comparison,0.9726
visually,0.9701
task,0.9732
diverse,0.9721
specific,0.9773
comparison,0.9816
similarity,0.9746
particular,0.9707
context poly,0.9736
neighbor,0.9701
meta,0.9766
context,0.9710
lever,0.9737
application,0.9766
approach,0.9710
model,0.9710
similar instance,0.9709
poly,0.9718
capture,0.9703
incorporating,0.9746
based,0.9740
multiple,0.9713
ambiguous,0.9728
context model,0.9745
strategy target model,0.9781
context model,0.9826
task target model,0.9835
discovery context model,0.9711
target model,0.9709
task,0.9709
importantly,0.9706
influence,0.9730
model,0.9760
model second,0.9756
based,0.9711
thus improving,0.9715
phase,0.9702
spectral,0.9714
observation,0.9740
producing,0.9700
carbon,0.9746
organic,0.9700
cycle,0.9724
analysis,0.9723
task,0.9732
influenced,0.9702
survey,0.9702
importantly,0.9740
method,0.9793
meta,0.9766
opt meta,0.9724
significant,0.9708
influence,0.9709
accurately,0.9702
coupled,0.9755
method mo,0.9740
resolution,0.9740
model organic,0.9718
model,0.9710
facilitate,0.9725
prediction,0.9808
model second,0.9730
compared,0.9725
based,0.9740
model combined,0.9724
phase,0.9749
neural,0.9757
spectral,0.9769
prediction model,0.9710
ml model proposed,0.9726
network model,0.9766
ml model,0.9747
prediction model,0.9729
network ml model,0.9727
habit factor,0.9740
leverage previous,0.9728
type,0.9710
model,0.9760
model enhanced general,0.9704
coding,0.9744
factor,0.9727
model especially,0.9712
leverage,0.9704
module,0.9702
using,0.9718
crucial,0.9753
project,0.9737
labeled,0.9759
training,0.9706
leverage previous,0.9703
important,0.9712
method,0.9793
usage,0.9720
application,0.9766
type,0.9749
approach,0.9710
model,0.9710
therefore leverage,0.9729
project illustrate,0.9717
model enhanced general,0.9705
coding,0.9793
program,0.9703
factor,0.9740
model especially,0.9749
method rely,0.9750
leverage,0.9770
multiple,0.9713
major assumption,0.9710
module,0.9760
assumption,0.9770
vulnerability,0.9722
rely,0.9709
general model,0.9804
detection model,0.9760
test model,0.9854
task,0.9709
gap,0.9707
based,0.9711
based di,0.9721
representation metal semi,0.9708
analysis,0.9723
task,0.9732
training,0.9706
method,0.9793
hazy,0.9714
meta,0.9766
synthetic,0.9750
semi learning,0.9761
effectively,0.9727
capability,0.9705
prediction,0.9808
experiment,0.9701
fusion,0.9739
based,0.9740
separation,0.9750
semi learning single,0.9731
based di,0.9717
ability,0.9706
style,0.9725
pattern,0.9725
model,0.9760
system,0.9731
based,0.9711
characteristic,0.9725
quantitative,0.9735
deep neural,0.9743
style,0.9734
method,0.9793
pattern,0.9783
generation,0.9730
scale,0.9712
behavior per,0.9716
model,0.9710
behavior,0.9766
experiment,0.9701
gan scale,0.9704
system,0.9714
compared,0.9725
based,0.9740
facial,0.9740
process,0.9719
frame,0.9702
neural,0.9757
classification,1.0000
task,0.9709
classification however,0.9832
stability author,0.9705
classification task,0.9741
classification cum,0.9743
interaction meanwhile,0.9713
module,0.9702
analysis,0.9723
task,0.9732
labeling,0.9769
interest,0.9730
meta,0.9766
case het,0.9727
significant,0.9708
topology,0.9721
stability author,0.9703
effectively,0.9727
sufficient ann learning,0.9712
application,0.9766
analysis widely,0.9713
independently,0.9753
structural,0.9775
compared,0.9725
require,0.9728
proto,0.9722
topology effectively recently,0.9716
multiple,0.9713
interaction meanwhile,0.9733
degradation,0.9718
module,0.9760
multi,0.9774
neural,0.9757
graph learning,0.9700
ability,0.9706
model,0.9760
requirement,0.9703
mission,0.9721
system,0.9731
system bench,0.9717
indicator addressed,0.9707
deep neural,0.9743
delay,0.9707
simulation,0.9750
training,0.9706
data analyzing late,0.9727
furthermore,0.9701
analyzing,0.9721
critical application,0.9717
application,0.9766
model,0.9710
device,0.9735
requirement,0.9742
indicator,0.9715
system,0.9714
system bench,0.9759
vertical,0.9731
multi,0.9774
corresponding,0.9714
neural,0.9757
theoretical model,0.9718
ability,0.9706
category,0.9777
research based,0.9724
calculation,0.9750
edge using,0.9712
conclusion,0.9713
including network,0.9726
based,0.9711
model compared,0.9715
task,0.9709
processing,0.9724
distance,0.9712
model need,0.9727
model,0.9760
advantage,0.9712
situation labeled,0.9705
feature using,0.9701
using,0.9718
rule,0.9740
directly,0.9718
uneven,0.9718
using ml,0.9735
category,0.9753
meta,0.9766
geometric,0.9713
global feature using,0.9701
input,0.9716
specifically form,0.9704
scan,0.9754
positioning,0.9750
therefore use,0.9706
fusion,0.9739
process,0.9719
corresponding,0.9714
method paper,0.9716
viewing,0.9724
intensive,0.9739
labeled,0.9759
neighbor,0.9701
validation,0.9739
manpower,0.9707
application,0.9766
semantic,0.9805
extraction,0.9750
experiment,0.9701
practical application faced,0.9706
deep neural,0.9743
calculation,0.9770
method based,0.9701
edge using,0.9716
training,0.9706
unable,0.9712
split,0.9712
standard,0.9735
capture,0.9703
minimal,0.9707
based,0.9740
multi,0.9774
using ml aggregate,0.9719
network model need,0.9703
model compared,0.9740
method reach,0.9716
task,0.9732
layer multi,0.9719
processing,0.9798
method,0.9793
supervision,0.9727
sampling,0.9746
focus,0.9740
experiments use,0.9714
distance,0.9723
model need,0.9766
model,0.9710
predicted,0.9713
compared,0.9725
based large,0.9703
multiple,0.9713
difficult,0.9709
neural,0.9757
order model,0.9773
general model,0.9804
learning model,0.9744
network model,0.9766
deep learning model,0.9706
network learning,0.9773
application learning,0.9740
set learning,0.9722
choice,0.9764
comparison,0.9779
processing,0.9724
coding,0.9744
typical data substantial,0.9708
factor,0.9727
power,0.9723
aspect,0.9724
problem synth small,0.9701
problem synth,0.9756
method taxon metal,0.9775
taxon metal,0.9769
factor data di,0.9725
understanding,0.9711
diverse,0.9721
comparison,0.9816
processing,0.9798
method,0.9793
synthetic,0.9750
application,0.9766
approach,0.9710
requires,0.9727
data di,0.9734
collaboration,0.9731
coding,0.9793
problem,0.9702
data attracted,0.9732
factor,0.9740
multiple,0.9713
di efficient deep,0.9719
framework,0.9755
compression,0.9821
deep learning di,0.9710
multiple aspect including,0.9730
neural,0.9757
limitation,0.9726
deep learning learning,0.9727
task,0.9709
specific,0.9720
using data,0.9714
model specific,0.9741
model,0.9760
task involving,0.9711
issue fed,0.9705
advantage,0.9712
management autonomy decision,0.9701
autonomy decision,0.9728
system,0.9731
privacy decision,0.9735
system central,0.9719
decision,0.9717
using,0.9718
analysis,0.9723
task,0.9732
specific,0.9773
opt evolved application,0.9738
training,0.9706
considered,0.9732
ml approach,0.9742
however approach,0.9701
method,0.9793
meta,0.9766
model specific,0.9765
significant,0.9708
focus,0.9740
application,0.9766
analyze,0.9748
approach,0.9710
model,0.9710
device,0.9735
issue fed,0.9734
system,0.9714
global model specific,0.9733
solution,0.9740
however approach pose,0.9718
involving,0.9712
system central,0.9715
rely,0.9709
limitation,0.9726
global model,0.9805
learning model,0.9744
ml model,0.9747
learning global model,0.9703
case meta learning,0.9828
meta learning,1.0000
focus learning,0.9728
configuration,0.9752
task,0.9709
coefficient offering,0.9726
processing,0.9724
performance across,0.9714
model,0.9760
superiority proposed method,0.9725
task however,0.9701
based,0.9711
selection pr,0.9706
power,0.9723
superiority proposed,0.9754
mechanism,0.9777
configuration,0.9770
task,0.9732
rigorous,0.9746
training,0.9706
response,0.9741
core,0.9722
processing,0.9798
method,0.9793
meta,0.9766
demand,0.9708
res reward,0.9709
particularly,0.9703
significantly,0.9725
performance across,0.9719
approach,0.9710
model,0.9710
device,0.9735
experiment,0.9701
compared,0.9725
based,0.9740
process leading,0.9732
process,0.9719
compression,0.9821
neural,0.9757
mechanism balance,0.9758
weight,0.9702
deep learning model,0.9706
field model,0.9822
learning model,0.9744
processing,0.9724
functionality,0.9757
model,0.9760
advantage,0.9712
system,0.9731
based,0.9711
inherent challenge,0.9707
data using,0.9718
using,0.9718
practice,0.9713
boost,0.9739
drill,0.9704
data advent,0.9730
insight,0.9762
operation,0.9725
opt outcome,0.9737
processing,0.9798
analyzing large,0.9717
detailing,0.9709
enabled,0.9716
setting,0.9718
functionality,0.9764
analyzing,0.9721
large data significantly,0.9704
significantly,0.9725
analyze,0.9748
approach,0.9710
model,0.9710
specifically aim,0.9708
extraction,0.9750
collaboration,0.9731
demonstrates,0.9703
squared,0.9722
standard,0.9735
sensor,0.9742
system,0.9714
based,0.9740
blast design fed,0.9703
multiple,0.9713
process,0.9719
data using,0.9714
learning model,0.9744
data learning,0.9768
classification,1.0000
aware mechanism proposed,0.9702
model dividing,0.9734
model,0.9760
person reid classification,0.9734
classify,0.9730
reid classification,0.9771
system,0.9731
based,0.9711
mechanism,0.9777
based meta,0.9718
trimmed,0.9728
model dividing,0.9785
cyclic,0.9809
training,0.9706
dividing sal,0.9715
similarity,0.9746
meta,0.9766
sampling,0.9746
algorithm significantly,0.9741
accurately,0.9702
weighted,0.9760
basis,0.9776
significantly,0.9725
model,0.9710
adjacent,0.9732
structural,0.9775
experiment,0.9701
classify,0.9775
problem,0.9702
market,0.9717
system,0.9714
model dividing sal,0.9745
based,0.9740
licence,0.9701
framework,0.9755
interaction model,0.9756
affinity model,0.9722
sampling model,0.9729
interaction model,0.9806
affinity model,0.9821
learning interaction model,0.9709
sampling model,0.9821
relationship sampling model,0.9705
ability,0.9706
limiting ability,0.9740
gap,0.9707
model,0.9760
model relying,0.9742
data demonstrate superiority,0.9710
system,0.9731
module,0.9702
recommendation,0.9700
using,0.9718
limiting ability,0.9714
limiting,0.9755
depending,0.9728
system spat,0.9717
interest,0.9730
method,0.9793
relying sub extracted,0.9725
framework pi,0.9705
approach,0.9710
model,0.9710
sub em,0.9715
model relying,0.9749
sub em extensive,0.9709
capture,0.9703
experiment,0.9701
focused,0.9710
system,0.9714
multiple,0.9713
predicting,0.9774
module,0.9760
framework,0.9755
filtering,0.9771
recommendation,0.9744
neural,0.9757
capacity model,0.9752
network learning,0.9773
system,0.9731
model,0.9760
classification,1.0000
model suffer,0.9715
bias,0.9723
condition,0.9700
work demonstrated,0.9716
significantly,0.9725
system,0.9714
compared,0.9725
approach,0.9710
model,0.9710
blending,0.9732
ml model suffer,0.9719
regression,1.0000
ion learning,0.9758
model suffer,0.9764
temperature,0.9732
predicting,0.9774
bias,0.9780
prediction,0.9808
problem lithium,0.9769
system machine,0.9723
learning el used,0.9706
problem,0.9702
application,0.9766
ml model,0.9747
learning model,0.9744
system,0.9731
model,0.9760
diagnosis model metal,0.9730
based,0.9711
classification,1.0000
considering problem,0.9709
system,0.9714
compared,0.9725
method,0.9793
meta,0.9766
diagnosis,0.9738
model,0.9710
based,0.9740
synthetic da,0.9706
overcome,0.9707
synthetic,0.9750
size,0.9700
process,0.9719
scala,0.9734
framework,0.9755
difficult,0.9709
training,0.9706
problem,0.9702
descent,0.9731
considering problem,0.9725
neural,0.9757
hyper,0.9739
method meta,0.9718
problem insufficient,0.9712
network model,0.9766
method learning,0.9784
system,0.9731
model,0.9760
correction,0.9741
system,0.9714
method,0.9793
opt optimization,0.9709
model,0.9710
method achieve,0.9722
regression,1.0000
poly,0.9718
licence,0.9701
empirical,0.9751
problem,0.9702
descent,0.9731
correction,0.9721
method model,0.9716
method model,0.9801
ability,0.9706
model,0.9760
based,0.9711
feedback,0.9738
automated micro,0.9728
producing,0.9700
flow,0.9768
method,0.9793
meta,0.9766
automated,0.9730
paradigm large synthesis,0.9709
emission,0.9718
coupled,0.9755
lighting,0.9717
model,0.9710
requires,0.9727
device,0.9735
size,0.9700
reaction,0.9724
experiment,0.9701
locating,0.9750
paradigm,0.9754
based,0.9740
screening,0.9785
temperature,0.9732
based optimal,0.9705
feedback,0.9779
micro,0.9712
learning task,1.0000
response learning task,0.9779
classification,1.0000
classification recently,0.9769
task,0.9709
model contrast,0.9703
due limitation experimental,0.9703
model,0.9760
hidden pd due,0.9716
system,0.9731
data taking,0.9756
observation,0.9740
due limitation,0.9719
transfer,0.9737
classification recently,0.9721
method primarily,0.9752
task,0.9732
directly,0.9718
problem illustrating,0.9704
transferring,0.9727
driven data ph,0.9709
response,0.9741
costly,0.9737
important,0.9712
method,0.9793
sampling,0.9746
model contrast,0.9774
due limitation experimental,0.9746
data ph,0.9709
measurement,0.9807
application,0.9766
approach,0.9710
model,0.9710
commonly,0.9730
theoretical observation underlying,0.9707
contrast,0.9753
approach pd,0.9713
problem,0.9702
system,0.9714
data taking,0.9720
multiple,0.9713
regression,1.0000
solution,0.9740
predicting,0.9774
corresponding,0.9714
micro,0.9712
neural,0.9757
limitation,0.9726
operator model,0.9811
transfer learning,0.9757
learning transfer,0.9728
response learning,0.9732
efficient learning,0.9704
capability sw,0.9708
task,0.9709
problem leading,0.9707
model,0.9760
attention despite notable,0.9700
essentially,0.9736
dependency,0.9802
approach optic,0.9734
deep neural,0.9743
task,0.9732
utilizing,0.9730
dependency unfortunately,0.9757
transform,0.9777
diverse,0.9721
training,0.9706
assessment,0.9766
method,0.9793
problem leading,0.9766
significant,0.9708
optic,0.9717
approach,0.9710
model,0.9710
distortion,0.9738
capability,0.9705
capture,0.9703
requiring,0.9733
problem,0.9702
additionally con,0.9705
neural,0.9757
limitation,0.9726
model,0.9760
task,0.9709
limit,0.9728
decision,0.9717
method,0.9793
approach,0.9710
meta,0.9766
instead learning,0.9713
model,0.9710
constrained,0.9744
task,0.9732
directly,0.9718
method commonly,0.9734
commonly,0.9730
behavior,0.9766
experiment,0.9701
problem,0.9702
limit,0.9739
reinforcement,0.9727
ensemble model,0.9710
learning model,0.9744
ensemble model,0.9765
meta learning,1.0000
cost learning,0.9713
classification,1.0000
configuration,0.9752
including tool,0.9732
type,0.9710
condition,0.9700
advantage,0.9712
data adaptation,0.9712
system,0.9731
decision,0.9717
using,0.9718
configuration,0.9770
thus revealing,0.9709
tool,0.9715
influenced,0.9702
labeled,0.9759
important,0.9712
method,0.9793
method achieve,0.9722
significant,0.9708
anomaly,0.9749
method furthermore,0.9737
application anomaly,0.9719
including tool,0.9714
effectively,0.9727
furthermore,0.9701
application,0.9766
ultra application anomaly,0.9725
type,0.9749
significantly,0.9725
importance,0.9708
substantially,0.9701
revealing,0.9730
capability,0.9705
commonly,0.9730
prediction,0.9808
monitoring,0.9724
problem,0.9702
data adaptation,0.9706
system,0.9714
ag decision,0.9708
compared,0.9725
require,0.9728
fusion,0.9739
degradation,0.9718
process,0.9719
framework,0.9755
frequency,0.9763
