Word,Similarity
signatures,0.9736
classification power,0.9781
aspects using,0.9733
classification,1.0000
power,0.9723
problem,0.9702
signatures,0.9714
mp approach,0.9762
approach,0.9710
meta,0.9766
filters,0.9758
approach terms,0.9770
aspects using,0.9759
crucial,0.9753
effectively,0.9727
focus,0.9740
using,0.9718
techniques,0.9762
revolutions,0.9733
distinguishing,0.9754
broadly,0.9758
furthermore,0.9701
overcome,0.9707
meta learning,1.0000
mp approach,0.9737
results mp approach,0.9752
approach terms,0.9730
mp approach effectively,0.9716
meta learning,0.9744
mp approach,0.9804
results mp approach,0.9800
using ensemble feature,0.9735
techniques overcome,0.9707
classification power,0.9742
data,0.9753
broadly investigated,0.9720
techniques broadly investigated,0.9704
data explored,0.9762
filters,0.9715
approach terms,0.9827
aspects using,0.9766
classification,0.9741
techniques,0.9739
gain investigated study,0.9711
proposed approach terms,0.9721
performances proposed approach,0.9739
using ensemble,0.9701
classification,0.9750
selected,0.9718
meta learning,0.9841
meta learning,0.9733
meta learning,0.9733
system,0.9731
extraction,0.9750
approach,0.9710
partition,0.9703
method prototype,0.9722
structured,0.9766
systems greatly,0.9731
focus,0.9740
method,0.9793
analysis,0.9723
cluster dei,0.9708
retrieval,0.9759
framework,0.9755
techniques,0.9762
system,0.9714
regression,1.0000
method prototype,0.9700
method,0.9768
prototype system,0.9722
approaches developed data,0.9727
method prototype system,0.9748
data,0.9753
novel framework extract,0.9723
method prototype,0.9764
framework include,0.9785
systems,0.9719
method,0.9789
cluster dei,0.9704
framework,0.9765
techniques,0.9739
system,0.9758
regression,0.9715
prototype system,0.9704
method,0.9707
cluster dei,0.9702
system,0.9708
specific,0.9720
based,0.9711
classification ah,0.9819
classification,1.0000
system,0.9731
based metal,0.9717
dimensional,0.9783
specific,0.9773
suitable supervised,0.9717
memory,0.9722
importance,0.9708
input,0.9716
based,0.9740
algorithm clinical,0.9733
decision,0.9717
methods appropriate,0.9738
methods,0.9794
analysis,0.9723
characteristic,0.9725
usage,0.9720
system,0.9714
application,0.9766
suitable,0.9746
process,0.9719
data regard,0.9701
methods select,0.9739
systems learning,0.9777
methods appropriate,0.9734
application,0.9700
based metal,0.9716
performance wide,0.9762
input,0.9728
data,0.9753
data indicate support,0.9740
data might used,0.9734
algorithm clinical,0.9710
specific data methods,0.9720
researchers use,0.9722
classification ah,0.9779
therefore researchers use,0.9733
methods select suitable,0.9730
methods appropriate,0.9774
systems,0.9719
methods,0.9773
data relative importance,0.9767
algorithm specific,0.9708
classification,0.9741
specific data,0.9724
usage,0.9739
system,0.9758
application,0.9765
data therefore,0.9712
data regard,0.9834
methods select,0.9774
relative importance,0.9708
variety data regard,0.9768
classification ah,0.9792
classification,0.9750
system,0.9708
application,0.9753
systems learning,0.9787
however expensive,0.9702
model selection,0.9707
classification,1.0000
model,0.9760
problem combined,0.9728
substantially,0.9701
problem,0.9702
configurations suggested,0.9713
bay optimization,0.9711
problem sequential,0.9751
focused,0.9710
transferring,0.9727
initial,0.9701
complementary,0.9778
crucial,0.9753
however expensive,0.9715
procedures,0.9731
resulting,0.9707
framework sequential,0.9709
suggested,0.9718
methods,0.9794
model selection,0.9766
method,0.9793
model,0.9710
framework,0.9755
hyper,0.9739
systems bay,0.9724
method allowing,0.9709
problem combined,0.9750
allowing,0.9746
problems,0.9714
combined model,0.9740
problem combined model,0.9713
model selection,0.9755
method,0.9768
applications however,0.9745
configurations suggested,0.9764
combined model,0.9821
data,0.9753
number configurations suggested,0.9714
problem sequential,0.9712
model classification,0.9736
problem combined model,0.9802
systems,0.9719
procedures,0.9722
framework sequential,0.9742
methods,0.9773
method allowing us,0.9712
model selection,0.9820
configurations suggested metal,0.9723
method,0.9789
classification,0.9741
model,0.9791
data specifically propose,0.9731
framework classification,0.9828
framework,0.9765
systems bay,0.9740
method allowing,0.9734
problem combined,0.9756
suggested metal,0.9735
data specifically,0.9774
combined model,0.9723
model selection,0.9741
method,0.9707
classification,0.9750
model,0.9705
framework classification,0.9797
suggested metal,0.9718
problem combined model,0.9747
task paper,0.9708
system compared,0.9731
requiring replacement,0.9727
based,0.9711
selection priority,0.9718
model,0.9760
characteristics,0.9757
task,0.9709
models,0.9742
priority,0.9758
system,0.9731
bias,0.9723
problem,0.9702
extraction,0.9750
approach,0.9710
meta,0.9766
based method periodic,0.9716
system compared,0.9753
based,0.9740
requiring,0.9733
method,0.9793
model,0.9710
characteristics,0.9718
method periodic,0.9727
analysis,0.9723
task,0.9732
models,0.9707
priority,0.9729
system,0.9714
regression,1.0000
compared,0.9725
concepts,0.9761
prediction,0.9808
problems,0.9714
bias,0.9780
performance learning,0.9715
meta learning,1.0000
task paper,0.9724
based method periodic,0.9723
based method,0.9718
method,0.9768
appropriate model,0.9759
meta learning,0.9744
task paper,0.9767
scenarios appropriate model,0.9748
applications generate,0.9706
based method periodic,0.9757
system compared,0.9794
data,0.9753
appropriate models,0.9722
requiring replacement,0.9704
problems showed,0.9705
systems,0.9719
method,0.9789
model,0.9791
characteristics,0.9751
method periodic,0.9715
appropriate model,0.9782
models,0.9730
system,0.9758
regression,0.9715
bias,0.9721
task paper,0.9704
method,0.9707
model,0.9705
characteristics,0.9710
system,0.9708
meta learning,0.9841
single learning,0.9793
meta learning,0.9733
performance learning,0.9705
meta learning,0.9733
regression model,0.9713
classification,1.0000
method,0.9793
meta,0.9766
methods widely,0.9712
methods,0.9794
method,0.9768
proposed method evaluated,0.9702
method,0.9789
classification,0.9741
proposed method evaluated,0.9711
methods widely,0.9742
data set use,0.9716
data,0.9753
methods,0.9773
method,0.9707
classification,0.9750
system using,0.9727
characteristics,0.9757
metal system,0.9708
system metal,0.9719
system,0.9731
adjust,0.9750
system using,0.9728
generation,0.9730
setting,0.9718
characteristics,0.9718
using,0.9718
approach,0.9710
analysis,0.9723
meta,0.9766
integration,0.9721
require,0.9728
system metal,0.9732
transfer,0.9737
resolution,0.9740
enabled,0.9716
system,0.9714
processed,0.9706
meta database,0.9814
construction knowledge database,0.9751
metal system,0.9706
adopted approach,0.9756
effectiveness adopted approach,0.9762
system using,0.9771
characteristics,0.9751
metal system,0.9784
characteristics paper introduces,0.9750
require control,0.9721
segment require,0.9737
integration,0.9706
database,0.9726
parameters setting depends,0.9720
system metal,0.9732
parameters within,0.9735
adopted approach,0.9750
characteristics paper,0.9770
effectiveness adopted approach,0.9732
segment require control,0.9771
system,0.9758
characteristics,0.9710
metal system,0.9715
database,0.9710
system,0.9708
measuring,0.9721
based,0.9711
model,0.9760
characteristics,0.9757
processing,0.9724
measuring,0.9738
predicting,0.9774
based,0.9740
model,0.9710
extraction,0.9750
characteristics,0.9718
using,0.9718
approach,0.9710
meta,0.9766
compare,0.9728
rule,0.9740
decision,0.9717
prediction,0.9808
processing,0.9798
presenting,0.9719
problems,0.9714
techniques,0.9762
meta learning,1.0000
based approach,0.9781
approach using,0.9746
meta learning,0.9744
predicting,0.9704
data proposed,0.9729
designed identified whether,0.9736
model,0.9791
characteristics,0.9751
better model,0.9713
using characteristics data,0.9789
based approach,0.9767
approach using,0.9715
data evaluate,0.9756
processing,0.9709
data,0.9753
techniques,0.9739
model,0.9705
characteristics,0.9710
meta learning,0.9841
meta learning,0.9733
meta learning,0.9733
specific,0.9720
perspective,0.9721
aspect,0.9724
imitation,0.9726
specific,0.9773
mechanisms,0.9804
approach,0.9710
modeled,0.9745
perspective,0.9766
mechanism,0.9777
aspect authors,0.9711
empirical,0.9751
particular,0.9707
causal,0.9779
origins,0.9724
framework,0.9755
specific nature,0.9734
learning mechanism learning,0.9703
action framework learning,0.9704
evolution learning,0.9779
learning mechanism,0.9701
central aspect authors,0.9710
learning mechanism,0.9742
framework generals,0.9721
framework learning,0.9712
mechanisms,0.9710
perspective,0.9756
framework,0.9765
framework learning,0.9719
mechanism learning,0.9709
useful cross,0.9701
data based,0.9706
based,0.9711
testing characterized,0.9706
classification,1.0000
characteristics,0.9757
choice,0.9764
solutions rely,0.9706
testing,0.9720
testing rely cross,0.9707
problem,0.9702
setting,0.9718
approach,0.9710
meta,0.9766
however dependent,0.9712
useful,0.9749
useful cross,0.9702
data based,0.9739
characterized,0.9715
settings,0.9755
based,0.9740
rely,0.9709
meta used,0.9729
neural,0.9757
tests,0.9732
dependent,0.9760
characteristics,0.9718
problem recent,0.9755
similarity,0.9746
solutions rely,0.9733
application,0.9766
testing,0.9763
kernel,0.9734
data based pair,0.9744
compare,0.9728
problems,0.9714
however dependent quality,0.9705
data meta,0.9738
problem recent technique,0.9729
algorithm sensitive choice,0.9757
solutions approach,0.9723
data based,0.9711
data alternative,0.9764
technique called,0.9713
application,0.9700
data based pair,0.9717
problem recent technique,0.9716
testing rely cross,0.9716
algorithm sensitive choice,0.9723
testing characterized data,0.9743
test,0.9727
data based,0.9808
data,0.9753
meta used,0.9769
data alternative,0.9833
parameters cross,0.9741
tests,0.9703
characterized data,0.9750
classification,0.9741
characteristics,0.9751
problem recent,0.9719
results showed variants,0.9709
choice,0.9717
solutions rely,0.9739
rely cross tests,0.9732
characteristics meta,0.9723
characterized data based,0.9769
tests estimate,0.9720
application,0.9765
testing,0.9705
data paper,0.9730
data based pair,0.9783
based data characteristics,0.9765
data characteristics,0.9819
useful cross tests,0.9746
based pair performance,0.9757
however dependent quality,0.9715
support selection,0.9702
classification,0.9750
characteristics,0.9710
application,0.9753
data characteristics,0.9723
pattern,0.9725
perspective,0.9721
comprehensive survey structural,0.9703
problem,0.9702
similarities,0.9711
understanding,0.9711
quantitative,0.9735
pattern,0.9783
perspective,0.9766
decision,0.9717
academia,0.9711
structural,0.9775
grouped,0.9762
techniques,0.9762
survey,0.9702
facilitate,0.9725
fundamental,0.9742
approaches grouped,0.9700
data,0.9753
pattern,0.9718
perspective,0.9756
industry help understand,0.9710
comprehensive survey structural,0.9705
techniques,0.9739
approaches follow,0.9739
major categories,0.9709
particular paper,0.9731
data metal,0.9750
multiple,0.9713
techniques cluster,0.9724
analysis,0.9723
particular paper,0.9710
guidelines,0.9766
empirical,0.9751
particular,0.9707
technique since,0.9743
standard,0.9735
overcome,0.9707
techniques,0.9762
technique since,0.9723
practical guidelines,0.9724
data metal,0.9763
techniques cluster,0.9732
particular paper,0.9709
guidelines,0.9747
cluster practical guidelines,0.9718
ref approaches recently,0.9712
technique since,0.9750
practical guidelines,0.9731
empirical findings practical,0.9711
multiple cluster practical,0.9705
data,0.9753
techniques,0.9739
guidelines,0.9720
classification,1.0000
model,0.9760
pattern,0.9725
classifications,0.9827
type,0.9710
properties,0.9730
commonly,0.9730
dependent,0.9760
training,0.9706
model,0.9710
analysis,0.9723
techniques specifically,0.9728
dependency,0.9802
pattern,0.9783
dependence,0.9742
classifications,0.9781
compare,0.9728
empirical,0.9751
multi,0.9774
techniques multi,0.9749
techniques ml,0.9743
techniques,0.9762
type,0.9749
techniques specifically,0.9718
exploitation label depend,0.9723
label depend paper,0.9746
data used,0.9722
classification,0.9741
model,0.9791
techniques specifically,0.9767
pattern,0.9718
classifications,0.9804
label classification,0.9713
classification stack,0.9785
aimed improving predict,0.9724
techniques multi,0.9739
techniques ml,0.9775
several evaluation measures,0.9718
classification ml,0.9800
data,0.9753
evidence,0.9721
techniques,0.9739
type,0.9711
classification,0.9750
model,0.9705
classifications,0.9775
label classification,0.9740
classification stack,0.9721
classification ml,0.9729
type,0.9704
leverage,0.9704
system,0.9731
classify,0.9730
approach,0.9710
probing,0.9722
subtle,0.9719
complementary,0.9778
enabling,0.9755
monitoring,0.9724
effectively,0.9727
using,0.9718
leverage,0.9770
system,0.9714
behavior,0.9766
approach considerably,0.9756
classify,0.9775
compared,0.9725
active approach considerably,0.9712
difficult,0.9709
furthermore,0.9701
using passive approach,0.9728
approach allows,0.9708
complementary approach,0.9752
network proposed approach,0.9758
leverage active approach,0.9758
active approach considerably,0.9777
system ni,0.9733
approach allows ni,0.9706
using realistic experiments,0.9717
approach allows,0.9703
system ni proposed,0.9711
network proposed approach,0.9771
systems,0.9719
system,0.9758
classify enables ni,0.9741
leverage active approach,0.9722
approach considerably,0.9753
active approach considerably,0.9759
hence enabling,0.9705
system,0.9708
recommendation,0.9700
class selection landmark,0.9709
system compared,0.9731
based,0.9711
selection landmark,0.9717
pattern,0.9725
classification,1.0000
metal system,0.9708
selection landmark meta,0.9718
system,0.9731
using system,0.9720
predicting,0.9774
problem,0.9702
data metal,0.9750
recommendation,0.9744
accurately,0.9702
meta,0.9766
system compared,0.9753
input,0.9716
based,0.9740
neural,0.9757
selection landmark,0.9714
pattern,0.9783
empirical,0.9751
decision,0.9717
method,0.9793
using,0.9718
selection landmark meta,0.9734
system,0.9714
systems significantly,0.9760
significantly,0.9725
regression,1.0000
suitable,0.9746
important,0.9712
compared,0.9725
based meta,0.9718
method,0.9768
metal system,0.9706
class recommendation,0.9715
study system,0.9754
predicting,0.9704
data metal,0.9763
recommendation,0.9720
class selection landmark,0.9720
used class including,0.9713
data important,0.9757
system compared,0.9794
input,0.9728
data,0.9753
different categories state,0.9709
system compared using,0.9738
given data important,0.9749
selection landmark,0.9706
pattern,0.9718
problem recommend,0.9720
systems,0.9719
method,0.9789
classification,0.9741
metal system,0.9784
selection landmark meta,0.9744
including support vector,0.9733
system simple steps,0.9718
system,0.9758
compared using,0.9741
systems significantly,0.9765
data input,0.9724
regression,0.9715
class recommendation,0.9747
data paper,0.9730
study system,0.9712
based meta,0.9716
using system compared,0.9759
including support,0.9718
recommendation,0.9721
class selection landmark,0.9718
selection landmark,0.9716
method,0.9707
classification,0.9750
metal system,0.9715
system,0.9708
class recommendation,0.9785
classification,1.0000
lin costs classification,0.9791
classifications,0.9827
classification classification,0.9867
using,0.9718
setup,0.9754
approach,0.9710
tool,0.9715
rigorous,0.9746
meta,0.9766
classifications,0.9781
compared,0.9725
transformation,0.9793
require,0.9728
multi,0.9774
transformations,0.9725
extend,0.9711
techniques,0.9762
derived,0.9719
cost technique,0.9728
classification extension,0.9708
classification,0.9741
demonstrate proposed approach,0.9774
derived using,0.9729
lin costs classification,0.9758
classifications,0.9804
applications require,0.9703
classification classification,0.9718
techniques,0.9739
systems,0.9719
classification,0.9750
lin costs classification,0.9775
classifications,0.9775
classification classification,0.9744
warehouses decision,0.9710
problem,0.9702
synthetic,0.9750
trees discrete,0.9737
capture,0.9703
transforms,0.9769
interval,0.9709
warehouses decision,0.9702
approach,0.9710
meta,0.9766
precision,0.9771
empirical,0.9751
concepts,0.9761
compressed,0.9739
decision,0.9717
rec concepts,0.9728
drift,0.9751
transform,0.9777
fourier compressed,0.9781
concept drift,0.9736
meta learning,1.0000
meta learning approach,0.9737
meta learning,0.9744
data exhibiting,0.9756
research address,0.9734
warehouses decision,0.9714
rec concepts,0.9706
data exhibiting varying,0.9725
fourier compressed,0.9711
data,0.9753
systems,0.9719
concept drift,0.9705
meta learning,0.9841
meta learning,0.9733
meta learning,0.9733
selection stage,0.9710
model highest,0.9724
model selection,0.9707
model,0.9760
models,0.9742
performance involves bench,0.9721
problem,0.9702
improper,0.9721
computational tract introduce,0.9705
considered,0.9732
cascade,0.9727
input,0.9716
biased,0.9763
models reasonable,0.9754
metal template,0.9726
opt evolutionary,0.9704
computational tract,0.9732
transfer,0.9737
enabled,0.9716
boost,0.9739
properties,0.9730
model selection,0.9766
model,0.9710
cascade general,0.9728
models,0.9707
process,0.9719
deliver,0.9708
difficult,0.9709
transfer learning,0.9757
performance automation model,0.9718
model selection,0.9755
model selected,0.9707
automation model,0.9746
performance automation model,0.9749
performance automation model,0.9791
computational tract introduce,0.9704
input,0.9728
data,0.9753
models reasonable,0.9774
computational tract,0.9765
model highest,0.9732
bench methodology,0.9730
model selection stage,0.9770
model selection,0.9820
model,0.9791
cascade general,0.9729
models,0.9730
methodology often leads,0.9701
model selected,0.9786
candidate models,0.9798
performance involves bench,0.9732
automation model,0.9823
selection stage,0.9729
model selection,0.9741
model,0.9705
selected,0.9718
model selected,0.9732
transfer learning,0.9722
performance automation model,0.9708
core methods,0.9703
pattern,0.9725
perspective,0.9721
systems particular,0.9713
methods pattern,0.9762
problem,0.9702
core methods,0.9728
core methods pattern,0.9740
process,0.9719
core,0.9722
pattern,0.9783
systems particular employed,0.9752
perspective,0.9766
particular employed,0.9728
strict,0.9706
validation,0.9739
particular,0.9707
systems particular,0.9761
problems,0.9714
refining,0.9737
methods,0.9794
patterns,0.9746
core methods,0.9709
core methods pattern,0.9712
methods pattern,0.9790
procedure validation,0.9702
core methods,0.9812
core methods pattern,0.9800
pattern,0.9718
systems particular employed,0.9804
perspective,0.9756
mn data,0.9729
well mn data,0.9755
systems particular,0.9772
data,0.9753
systems,0.9719
methods,0.9773
systems particular employed,0.9707
process mapping,0.9720
based,0.9711
specific,0.9720
noise considering speed,0.9713
system,0.9731
adjust,0.9750
anomaly,0.9749
labeling,0.9769
based,0.9740
specific,0.9773
nodes,0.9701
using,0.9718
approach,0.9710
labeled,0.9759
second level use,0.9707
system,0.9714
domain knowledge,0.9718
detection automatic,0.9708
labeling result,0.9734
domain knowledge,1.0000
second level use,0.9710
labeling result,0.9758
data,0.9753
system,0.9758
system,0.9708
shear,0.9748
effective classification,0.9776
classification,1.0000
selection pin,0.9735
shear,0.9747
problem,0.9702
dimensional,0.9783
approach,0.9710
frequent,0.9706
fusion,0.9739
comparable,0.9719
training,0.9706
revolution shear,0.9704
monitoring,0.9724
approach several,0.9700
methods,0.9794
method,0.9793
using,0.9718
analysis,0.9723
method achieve,0.9722
flexible,0.9744
well algorithms,0.9711
framework,0.9755
solution,0.9740
techniques,0.9762
application,0.9766
methods well,0.9717
problems,0.9714
furthermore,0.9701
selection pin,0.9705
approach responsible,0.9708
approach responsible assessing,0.9718
fusion method,0.9754
learning method,0.9803
effective classification,0.9705
using reduced training,0.9719
problem framework,0.9702
method,0.9768
method achieve,0.9726
method possible use,0.9700
popular approach several,0.9718
application,0.9700
popular approach,0.9788
learning method,0.9710
use learning method,0.9712
learning method,0.9875
selection pin,0.9740
implementation,0.9733
applications using,0.9758
show proposed approach,0.9752
results kind,0.9723
data,0.9753
learning method,0.9713
method also,0.9702
effective classification,0.9791
methods contribute,0.9732
approach several,0.9703
systems,0.9719
methods,0.9773
using reduced training,0.9740
problem framework,0.9765
method,0.9789
classification,0.9741
method achieve,0.9748
applications use,0.9743
furthermore approach,0.9721
framework,0.9765
techniques,0.9739
framework uses,0.9736
application,0.9765
effective class series,0.9726
framework uses strategy,0.9772
methods well,0.9720
popular approach,0.9717
effective classification,0.9866
method,0.9707
classification,0.9750
application,0.9753
effective class series,0.9703
continuous learning,0.9812
grading,0.9729
measuring,0.9721
based,0.9711
coding,0.9744
processing,0.9724
deep neural,0.9743
resonance,0.9718
methods hyper,0.9746
transform,0.9777
compressor,0.9761
thin,0.9703
grading,0.9769
measuring,0.9738
based,0.9740
imaging,0.9774
neural,0.9757
topology,0.9721
multi,0.9774
transfer,0.9737
methods,0.9794
automatic method visual,0.9720
focus,0.9740
method,0.9793
coding,0.9793
fragile,0.9716
using,0.9718
multiple,0.9713
patterns,0.9746
analysis,0.9723
retrieval,0.9759
hyper,0.9739
compression,0.9821
using fragile,0.9713
pigs,0.9729
weight,0.9702
processing,0.9798
geometric,0.9713
magnetic,0.9718
filter,0.9780
transfer learning,0.9757
method detect,0.9716
automatic method visual,0.9714
filter automatic method,0.9725
method,0.9768
evaluation potential,0.9723
automatic method,0.9727
methods hyper,0.9713
data,0.9753
systems,0.9719
methods,0.9773
automatic method visual,0.9748
method,0.9789
evaluation potential,0.9724
coding color,0.9728
processing,0.9709
special focus,0.9700
method,0.9707
learning using,0.9722
transfer learning,0.9722
based,0.9711
specific,0.9720
significantly,0.9725
cb paradigm,0.9721
cases uses,0.9728
based,0.9740
specific,0.9773
method,0.9793
multiple,0.9713
screening,0.9785
meta,0.9766
drug,0.9708
similarity,0.9746
diverse,0.9721
paradigm,0.9754
distinguish,0.9732
methods,0.9794
method,0.9768
case based,0.9743
cases uses,0.9726
method,0.9789
case based,0.9757
cb paradigm extended,0.9721
method predict,0.9711
methods,0.9773
method,0.9707
classification,1.0000
pattern,0.9725
choice,0.9764
task,0.9709
configuration,0.9752
type,0.9710
problem,0.9702
initial,0.9701
proved,0.9716
methods het,0.9727
using,0.9718
important,0.9712
pattern,0.9783
anal using,0.9725
configuration metal,0.9730
task,0.9732
multi,0.9774
difficult,0.9709
configuration,0.9770
techniques,0.9762
type,0.9749
methods,0.9794
class feature,0.9708
systems learning,0.9777
methods difficult,0.9710
methods difficult define,0.9730
specifically ns,0.9716
specifically ns ii,0.9715
algorithm specifically,0.9704
classification,0.9741
methods difficult,0.9744
systems classification,0.9753
pattern,0.9718
using error,0.9709
individual class use,0.9707
techniques define,0.9764
choice,0.9717
ns ii used,0.9712
configuration metal,0.9721
type base,0.9738
configuration,0.9745
techniques,0.9739
systems,0.9719
type,0.9711
methods,0.9773
classification,0.9750
type base,0.9747
configuration,0.9701
type,0.9704
systems learning,0.9787
based,0.9711
significant,0.9708
based,0.9740
method,0.9793
core,0.9722
intervention,0.9727
capability,0.9705
methods self,0.9710
methods,0.9794
self learning,0.9713
method,0.9768
method improve,0.9729
effective method,0.9849
effective method improve,0.9720
effective method,0.9712
metal capability chapter,0.9707
method,0.9789
method improve,0.9729
core components,0.9738
effective method,0.9722
results showed cult,0.9703
methods,0.9773
method,0.9707
self learning,0.9717
recommendation,0.9700
based,0.9711
feedback,0.9738
model,0.9760
characteristics,0.9757
problem,0.9702
recommendation,0.9744
predicted,0.9713
approach,0.9710
meta paradigm,0.9775
meta,0.9766
importance,0.9708
paradigm,0.9754
context,0.9710
based,0.9740
approach terms,0.9770
problem attracted,0.9711
empirical,0.9751
feedback,0.9779
model,0.9710
characteristics,0.9718
dilemma rooted,0.9724
rooted,0.9751
relative importance base,0.9718
hyper,0.9739
prediction,0.9808
difficult,0.9709
tackle,0.9713
meta learning,1.0000
profit paper,0.9709
approach terms,0.9730
effectiveness proposed approach,0.9732
meta learning,0.9744
recommendation,0.9720
meta paradigm,0.9800
data,0.9753
prediction results,0.9751
context,0.9746
ac context bandit,0.9724
approach terms,0.9827
context bandit,0.9725
feedback,0.9743
dilemma metal,0.9705
model,0.9791
characteristics,0.9751
relative importance base,0.9791
ac context,0.9702
unified predict model,0.9832
relative importance,0.9708
importance base,0.9712
proposed approach terms,0.9721
characteristics bandit,0.9725
recommendation,0.9721
meta paradigm,0.9706
model,0.9705
characteristics,0.9710
meta learning,0.9841
results learning,0.9746
meta learning,0.9733
meta learning,0.9733
based,0.9711
recognition crops,0.9711
pattern,0.9725
classification,1.0000
des automatically regard,0.9710
targeted coffee,0.9701
performance class,0.9713
problem,0.9702
approach,0.9710
fusion,0.9739
techniques become,0.9736
image des combined,0.9707
fusion paper,0.9731
based,0.9740
recognition crops,0.9706
complementary,0.9778
pattern,0.9783
definition,0.9750
cornerstone,0.9707
method,0.9793
using,0.9718
multiple,0.9713
analysis,0.9723
framework,0.9755
solution,0.9740
techniques,0.9762
suitable,0.9746
process,0.9719
compared,0.9725
problems,0.9714
complex features,0.9740
problem approach,0.9801
common strategy relies,0.9716
process objective,0.9755
learning method,0.9803
method,0.9768
persistent problem approach,0.9716
common strategy,0.9794
learning method,0.9710
problem approach,0.9714
learning method,0.9875
persistent problem approach,0.9706
essential issue,0.9716
problem approach,0.9752
framework targeted,0.9752
process objective,0.9803
learning method,0.9713
techniques become,0.9777
image des combined,0.9725
fusion paper,0.9725
fusion framework,0.9741
objective,0.9700
pattern,0.9718
systems,0.9719
method,0.9789
classification,0.9741
framework,0.9765
techniques,0.9739
common strategy,0.9762
proposed fusion framework,0.9736
performance class,0.9756
framework targeted coffee,0.9758
essential issue,0.9708
process objective,0.9706
method,0.9707
classification,0.9750
performance class,0.9712
selection kb,0.9715
based,0.9711
specific,0.9720
classification,1.0000
systems uses,0.9737
carried study order,0.9722
system,0.9731
criterion,0.9747
selection kb,0.9707
suitable selection,0.9735
architecture using,0.9706
based,0.9740
specific,0.9773
method,0.9793
based hypothesis,0.9742
systems uses,0.9728
using,0.9718
suited instance,0.9705
suitable,0.9746
compared,0.9725
method specific,0.9727
hypothesis,0.9774
useful,0.9749
system,0.9714
methods,0.9794
suitable selection,0.9720
suitable selection criterion,0.9715
method,0.9768
individual methods,0.9762
method specific,0.9743
selection method specific,0.9768
individual methods used,0.9763
selection method,0.9760
criterion based hypothesis,0.9701
selection method,0.9701
criterion,0.9752
suitable selection,0.9737
architecture using,0.9764
data set would,0.9704
specific database among,0.9717
among several methods,0.9706
database among,0.9706
suitable selection criterion,0.9718
method,0.9789
based hypothesis,0.9744
criterion based,0.9755
methods used,0.9726
classification,0.9741
systems uses,0.9784
selection kb systems,0.9766
individual methods,0.9773
database,0.9726
method specific,0.9791
methods available,0.9712
selection criterion,0.9730
hypothesis,0.9719
hypothesis propose architecture,0.9742
based hypothesis propose,0.9752
selection method specific,0.9740
data,0.9753
available carried study,0.9709
method specific database,0.9739
system,0.9758
systems,0.9719
methods,0.9773
individual methods used,0.9797
criterion based hypothesis,0.9741
suitable selection,0.9737
specific database among,0.9720
method,0.9707
classification,0.9750
database,0.9710
method specific,0.9708
system,0.9708
system metal,0.9719
type,0.9710
pattern,0.9725
comparison,0.9779
classification,1.0000
including comparison,0.9743
system,0.9731
processing,0.9724
methods pattern,0.9762
approach,0.9710
meta,0.9766
system metal,0.9732
meta important,0.9710
type,0.9749
pattern,0.9783
structured,0.9766
comparison,0.9816
empirical,0.9751
pattern mining,0.9708
theoretically,0.9733
methods,0.9794
method mining,0.9768
method,0.9793
using,0.9718
tool,0.9715
including comparison,0.9727
system,0.9714
methods metal,0.9707
semantic,0.9805
important,0.9712
systems onto,0.9731
processing,0.9798
encoded,0.9701
using authors,0.9725
patterns,0.9746
systems learning,0.9777
evaluation including,0.9725
comparison method,0.9822
approach using,0.9746
including comparison method,0.9750
method mining,0.9707
method,0.9768
comparison method state,0.9714
approach using authors,0.9724
method contributes,0.9718
methods pattern,0.9790
evaluation including,0.9740
using authors conducted,0.9723
system metal,0.9732
meta important,0.9713
data used traditional,0.9705
data,0.9753
type,0.9711
comparison method,0.9759
approach domain,0.9728
empirical illustrates semantic,0.9727
pattern,0.9718
comparison,0.9756
approach using,0.9715
including comparison method,0.9831
systems onto query,0.9715
systems,0.9719
theoretically,0.9702
methods,0.9773
method mining,0.9761
method,0.9789
comparison method state,0.9703
classification,0.9741
approach using authors,0.9735
theoretically empirical illustrates,0.9725
including comparison,0.9745
semantic features,0.9705
system,0.9758
data used,0.9722
semantic,0.9724
learning general paper,0.9758
systems onto,0.9737
approach data,0.9756
processing,0.9709
meta important,0.9701
type,0.9704
comparison,0.9701
method,0.9707
classification,0.9750
system,0.9708
systems learning,0.9787
based,0.9711
data using,0.9718
model,0.9760
functional,0.9752
comparison,0.9779
functional module,0.9753
module,0.9702
models,0.9742
application,0.9766
series data using,0.9703
dime,0.9715
lattice,0.9726
based,0.9740
method,0.9793
inference,0.9787
data using,0.9714
model,0.9710
using,0.9718
multiple,0.9713
screening,0.9785
functional,0.9785
meta,0.9766
comparison,0.9816
functional module,0.9738
prediction,0.9808
coupling,0.9795
comparing,0.9738
module,0.9760
micro data,0.9706
micro data lattice,0.9717
models,0.9707
sy,0.9717
boost,0.9739
micro,0.9712
meta assemblies,0.9710
application,0.9700
method,0.9768
detection based closely,0.9726
comparison method,0.9822
application,0.9765
series data using,0.9782
method,0.9789
data using,0.9800
model,0.9791
functional,0.9761
comparison,0.9756
application structure,0.9801
functional module,0.9789
module,0.9742
micro data,0.9793
micro data lattice,0.9771
models,0.9730
data lattice,0.9719
data,0.9753
associated degree using,0.9738
discussed include,0.9736
detection based closely,0.9755
comparison method,0.9759
application,0.9753
method,0.9707
model,0.9705
functional,0.9703
comparison,0.9701
functional module,0.9742
classification,1.0000
selection standard,0.9744
initial,0.9701
using,0.9718
meta,0.9766
bench hyper,0.9736
similarity,0.9746
comparing,0.9738
standard,0.9735
bay optimization,0.9711
framework,0.9755
hyper,0.9739
usage,0.9720
selection standard,0.9728
classification,0.9741
scenarios using,0.9793
selection standard,0.9800
framework,0.9765
data,0.9753
usage,0.9739
discussed include,0.9736
classification,0.9750
selection standard,0.9749
learning using,0.9722
characteristics window,0.9732
based,0.9711
characteristics,0.9757
leverage,0.9704
characteristics window,0.9731
based,0.9740
characteristics,0.9718
experiment,0.9701
meta,0.9766
leverage,0.9770
particular,0.9707
patterns,0.9746
experiment database,0.9718
meta learning,1.0000
meta learning,0.9744
characteristics window,0.9796
characteristics,0.9751
window results show,0.9720
based data characteristics,0.9765
data characteristics,0.9819
leverage bag results,0.9749
data,0.9753
particular algorithm,0.9719
database,0.9726
characteristics window,0.9706
characteristics,0.9710
data characteristics,0.9723
database,0.9710
meta learning,0.9841
meta learning,0.9733
meta learning,0.9733
model,0.9760
capability lead,0.9705
processing,0.9724
behavior,0.9766
context,0.9710
imitation,0.9726
behavioral,0.9731
model,0.9710
using,0.9718
neural,0.9757
mechanism,0.9777
switching,0.9720
prediction,0.9808
capability,0.9705
movement,0.9751
utilizing,0.9730
processing,0.9798
response,0.9741
patterns,0.9746
network model,0.9759
network model,0.9705
context,0.9746
model,0.9791
capability lead,0.9767
mechanism enables,0.9747
network model,0.9846
processing,0.9709
response,0.9714
data,0.9753
model,0.9705
network model,0.9723
robot learning,0.9740
conclusions,0.9712
methods across,0.9713
methods across gen,0.9706
methods offer,0.9701
connection,0.9704
behavior,0.9766
significant,0.9708
methods across,0.9718
selection gen,0.9710
using,0.9718
multiple,0.9713
methods across gen,0.9707
important,0.9712
analysis,0.9723
namely prediction,0.9743
methods offer,0.9724
selection metal,0.9726
prediction,0.9808
useful,0.9749
predictions,0.9718
res data,0.9713
problems,0.9714
difficult,0.9709
connection,0.9741
methods,0.9794
selection using,0.9712
selection using,0.9744
conclusions,0.9717
methods include,0.9727
methods across,0.9762
useful conclusions behavior,0.9732
methods across gen,0.9718
namely prediction,0.9715
methods offer,0.9781
selection metal,0.9742
analysis methods across,0.9701
predictions,0.9751
res data,0.9717
art respective domains,0.9712
data,0.9753
methods,0.9773
using ensemble,0.9701
selection metal,0.9702
supervised learning,0.9726
directions,0.9711
perspective,0.9721
classification,1.0000
important emphasize paper,0.9718
problem,0.9702
contrast,0.9753
similarities,0.9711
methods concepts,0.9738
focuses,0.9702
directions,0.9714
opt developed,0.9707
integrating,0.9786
perspective,0.9766
methods,0.9794
particularly genetic,0.9740
independently,0.9753
hyper,0.9739
survey,0.9702
process,0.9719
important,0.9712
dimensions,0.9730
concepts,0.9761
particularly,0.9703
automated,0.9730
discussion,0.9704
related different levels,0.9713
methods concepts,0.9779
perspective,0.9756
area consists integrating,0.9735
methods,0.9773
classification,0.9741
particularly genetic,0.9704
research directions,0.9743
important emphasize paper,0.9761
survey several,0.9711
classification,0.9750
research directions,0.9703
specific,0.9720
comparison may,0.9724
comparison,0.9779
classification,1.0000
results comprehensive storing,0.9711
test set,0.9724
specific,0.9773
requires,0.9727
focuses,0.9702
comparison may,0.9750
training,0.9706
algorithm trained,0.9724
experiment,0.9701
comparison,0.9816
predictions,0.9718
comparing,0.9738
hyper,0.9739
significant,0.9708
process,0.9719
important,0.9712
compared,0.9725
compare,0.9728
prediction,0.9808
particularly,0.9703
process learning,0.9825
hyper learning,0.9741
comparison may,0.9712
test set,0.9711
desired information provide,0.9720
data eliminating,0.9709
experiments used,0.9717
test,0.9727
data,0.9753
requires experiments,0.9709
comparison may,0.9787
comparison,0.9756
predictions,0.9751
systems,0.9719
classification,0.9741
loss information requires,0.9710
results particularly important,0.9714
results comprehensive storing,0.9771
database,0.9726
experiments used specific,0.9736
important metal broad,0.9703
test set,0.9793
information requires experiments,0.9737
comparison,0.9701
classification,0.9750
database,0.9710
test set,0.9712
process learning,0.9871
results learning,0.9746
hyper learning,0.9778
data focusing,0.9754
task,0.9709
problem,0.9702
synthetic,0.9750
significant,0.9708
context,0.9710
generation,0.9730
using,0.9718
meta recent,0.9708
neural,0.9757
approach,0.9710
data focusing,0.9774
meta,0.9766
requires,0.9727
meta generation,0.9704
manipulation,0.9702
task,0.9732
decision,0.9717
solution,0.9740
combined data focusing,0.9709
data approach,0.9743
strategy despite,0.9721
context select,0.9723
context,0.9746
combined data,0.9725
data approach,0.9758
data eventually,0.9703
data focusing,0.9781
data eventually produce,0.9727
include data approach,0.9735
strategy despite,0.9704
meta generation,0.9703
include data,0.9702
context metal,0.9713
proposals include data,0.9766
data,0.9753
combined data focusing,0.9725
task,0.9709
task especially,0.9701
task depends,0.9710
meta use,0.9724
using meta predict,0.9727
hyper used,0.9708
setting,0.9718
using,0.9718
approach,0.9710
using meta,0.9719
meta,0.9766
task,0.9732
difficult,0.9709
hyper,0.9739
filtering,0.9771
techniques,0.9762
meta use,0.9741
work examined,0.9730
meta use,0.9767
using meta predict,0.9789
hyper used,0.9714
using meta,0.9708
techniques data set,0.9782
techniques data,0.9766
data,0.9753
techniques,0.9739
systems,0.9719
selected,0.9718
recommendation,0.9700
recovery,0.9719
data using,0.9718
techniques cross,0.9711
ability,0.9706
tough problem,0.9702
system,0.9731
early results work,0.9716
application large,0.9708
processing,0.9724
problem,0.9702
outline,0.9738
recommendation,0.9744
generation,0.9730
recovery,0.9780
including scala,0.9712
meta,0.9766
mechanism,0.9777
particular,0.9707
data bottle,0.9733
paradigm,0.9754
methods scala,0.9727
data using,0.9714
techniques cross,0.9758
large data using,0.9724
methods,0.9794
mechanisms,0.9804
using,0.9718
system,0.9714
techniques,0.9762
application,0.9766
scale,0.9712
scala,0.9734
techniques opens,0.9708
application large,0.9738
processing,0.9798
demand,0.9708
overcome,0.9707
meta learning,1.0000
recovery mechanisms,0.9706
recovery mechanism,0.9791
performance system,0.9705
mechanism improves,0.9709
application,0.9700
meta learning,0.9744
recommendation,0.9720
including scala,0.9706
learning paper,0.9726
recovery mechanism,0.9745
data bottle,0.9753
large data,0.9736
methods scala,0.9752
data,0.9753
data using,0.9800
techniques cross,0.9759
performance system,0.9744
large data using,0.9774
methods,0.9773
mechanisms,0.9710
mechanism improves,0.9711
system,0.9758
techniques,0.9739
early results work,0.9718
pit overcome including,0.9737
application,0.9765
sample generation,0.9730
particular show scale,0.9743
application large,0.9761
results work contributed,0.9704
processing,0.9709
recommendation,0.9721
system,0.9708
application,0.9753
particular show scale,0.9741
meta learning,0.9841
meta learning,0.9733
meta learning,0.9733
practice,0.9713
settings,0.9755
context,0.9710
focuses,0.9702
emphasis,0.9761
context,0.9746
preliminary findings study,0.9701
data,0.9753
preliminary findings,0.9705
using training,0.9761
comparison state,0.9713
pattern,0.9725
comparison,0.9779
classification,1.0000
system,0.9731
classify,0.9730
phase responsible,0.9728
phase,0.9702
problem,0.9702
approach,0.9710
considered,0.9732
using training,0.9720
comparison state,0.9701
meta,0.9766
recognition base,0.9705
input,0.9716
criterion,0.9747
problem hybrid,0.9713
training,0.9706
pattern,0.9783
comparison,0.9816
using,0.9718
corresponding,0.9714
framework,0.9755
system,0.9714
techniques,0.9762
classify,0.9775
phase responsible,0.9705
phase,0.9749
comparison state,0.9713
recognition base,0.9711
approach current,0.9769
selection framework,0.9732
using training,0.9745
comparison state,0.9819
framework divided,0.9769
recognition base,0.9789
input,0.9728
framework using,0.9754
meta considered,0.9715
data,0.9753
criterion,0.9752
meta proposed,0.9700
pattern,0.9718
comparison,0.9756
approach current,0.9777
classification,0.9741
training meta considered,0.9747
shows proposed approach,0.9752
scenario provides,0.9744
system comparison state,0.9731
framework,0.9765
system,0.9758
techniques,0.9739
selection framework,0.9800
data used,0.9722
data second phase,0.9785
techniques shows proposed,0.9703
phase responsible,0.9704
training scenario,0.9712
comparison state,0.9731
recognition base,0.9740
comparison,0.9701
approach current,0.9702
classification,0.9750
system,0.9708
training scenario,0.9701
system metal,0.9719
based,0.9711
tuning,0.9728
researches authors define,0.9702
system,0.9731
via approach,0.9751
among sequences,0.9708
contrast,0.9753
approach,0.9710
system metal,0.9732
useful,0.9749
dividing het,0.9711
sequence,0.9712
based,0.9740
inference,0.9787
size,0.9700
system deng,0.9737
tuning,0.9731
theory used,0.9701
analysis,0.9723
segment gen,0.9713
system,0.9714
functions deng,0.9729
via approach,0.9734
sequences via,0.9720
differentiate,0.9742
process,0.9719
theory used contrast,0.9740
theory used,0.9774
parameters carried approach,0.9707
implementation,0.9733
process enable determining,0.9717
system metal,0.9732
among sequences different,0.9715
system deng,0.9740
systems,0.9719
theory used contrast,0.9725
researches authors define,0.9701
theory used,0.9798
parameters carried approach,0.9787
system proposed,0.9723
measures based,0.9764
system,0.9758
functions deng,0.9756
via approach,0.9754
authors define,0.9733
parameters carried,0.9721
measures include,0.9770
selected case,0.9729
selected,0.9718
system,0.9708
classification,1.0000
system base,0.9729
regular classification task,0.9723
task,0.9709
classification task,0.9741
system,0.9731
multiple,0.9713
system base,0.9725
approach,0.9710
process,0.9719
meta,0.9766
empirical,0.9751
task,0.9732
multi,0.9774
decision,0.9717
system,0.9714
meta general,0.9700
regular classification task,0.9712
classification,0.9741
meta evaluate classification,0.9764
system base,0.9804
regular classification task,0.9766
approach ser,0.9719
system mg,0.9703
classification task,0.9777
system,0.9758
classification,0.9750
system base,0.9727
regular classification task,0.9717
system,0.9708
method power,0.9708
method micro,0.9703
based,0.9711
ability,0.9706
classification,1.0000
analyzed,0.9709
system,0.9731
bias,0.9723
power,0.9723
based metal,0.9717
generation,0.9730
extraction,0.9750
approach,0.9710
meta,0.9766
method power,0.9722
method micro,0.9789
settings,0.9755
based,0.9740
metal micro,0.9710
micro,0.9712
effectively,0.9727
method,0.9793
multiple,0.9713
corresponding,0.9714
consideration,0.9731
analyzed,0.9764
simulation,0.9750
system,0.9714
relief algorithm,0.9738
phenomenon multiple,0.9702
important,0.9712
bias,0.9780
effectiveness method,0.9795
approach based,0.9766
method power,0.9745
method micro,0.9732
technique effectively determine,0.9703
method,0.9768
effectiveness method power,0.9757
based metal,0.9716
approach based,0.9749
method power,0.9800
data,0.9753
method micro,0.9791
method power im,0.9728
system consisting,0.9728
micro grid,0.9707
systems,0.9719
comprehensive island,0.9715
technique effectively determine,0.9746
method,0.9789
classification,0.9741
im simulation,0.9727
system,0.9758
generation feature,0.9704
effectiveness method power,0.9722
bias,0.9721
method micro,0.9707
method,0.9707
classification,0.9750
system,0.9708
feedback,0.9738
collaboration occasions finally,0.9721
rules,0.9719
meta,0.9766
engagement,0.9743
collaboration,0.9731
problematic,0.9768
definition,0.9750
feedback,0.9779
inquiry,0.9730
suggested,0.9718
methods,0.9794
reaction,0.9724
crafted,0.9719
analysis,0.9723
inquiry subdivided,0.9702
ski,0.9746
collaboration occasions,0.9707
assessment,0.9766
inquiry learning,0.9721
self learning,0.9713
general view,0.9757
ultimate purpose assessment,0.9704
including assessment instances,0.9759
rules,0.9708
data collected,0.9710
data,0.9753
autonomy concept,0.9755
general view,0.9785
autonomy critical,0.9739
examples draw research,0.9718
feedback,0.9743
imp paper following,0.9720
methods,0.9773
background authors consider,0.9735
ultimate purpose assessment,0.9706
including social,0.9712
inquiry subdivided,0.9706
collaboration occasions,0.9710
assessment,0.9728
general view,0.9705
pro learning,0.9701
self learning,0.9717
requirements,0.9741
significantly,0.9725
application,0.9766
problem,0.9702
im problems,0.9728
significant,0.9708
method,0.9793
training,0.9706
data large,0.9713
nodes,0.9701
using,0.9718
data especially,0.9719
weighted,0.9760
weight,0.9702
problems,0.9714
method opt,0.9759
techniques adapted,0.9706
techniques,0.9762
processed,0.9706
boost,0.9739
problem learning,0.9733
application,0.9700
method,0.9768
method opt,0.9742
techniques adapted,0.9720
data processed,0.9738
application,0.9765
algorithms support,0.9729
im problems,0.9715
big data paper,0.9710
im problem,0.9719
method,0.9789
data large,0.9746
data especially,0.9754
data paper,0.9730
im data,0.9720
data show,0.9765
using map,0.9712
techniques adapted space,0.9742
method opt,0.9770
data,0.9753
data show proposed,0.9754
techniques adapted,0.9768
techniques,0.9739
requirements,0.9762
application,0.9753
method,0.9707
requirements,0.9723
choice,0.9764
task,0.9709
models,0.9742
aspect,0.9724
proportions,0.9734
neglect,0.9706
crisp class,0.9705
measures across,0.9724
exploited,0.9719
process,0.9719
important,0.9712
hardness,0.9713
usually task,0.9706
alternatively comparing,0.9716
similarity,0.9746
task,0.9732
comparing,0.9738
models,0.9707
methods,0.9794
systems learning,0.9777
performance learning,0.9715
threshold choice,0.9712
different data,0.9728
information exploited,0.9706
measures across,0.9726
important aspect metal,0.9758
data alternatively,0.9761
choice,0.9717
different data alternatively,0.9743
measures across different,0.9759
costs hence neglect,0.9720
used guide,0.9714
models,0.9730
data,0.9753
hence neglect important,0.9745
systems,0.9719
methods,0.9773
important aspect metal,0.9726
systems learning,0.9787
performance learning,0.9705
paradigm considered,0.9708
based,0.9711
classification,1.0000
models,0.9742
system,0.9731
based reasoning,0.9714
applications focusing,0.9739
aspect,0.9724
problem,0.9702
novelty,0.9727
considered,0.9732
paradigm considered,0.9715
memory,0.9722
interpretation,0.9723
application cb,0.9742
paradigm,0.9754
aspect cb,0.9744
based,0.9740
capture,0.9703
concept cb,0.9715
cb paradigm,0.9721
method,0.9793
using,0.9718
cb solve,0.9703
br concepts,0.9722
similarity,0.9746
models,0.9707
system,0.9714
based reasoning,0.9740
application,0.9766
applications focusing,0.9730
paradigm applied,0.9707
process,0.9719
concepts,0.9761
paradigm originally,0.9707
problems,0.9714
cb paradigm considered,0.9735
method,0.9768
cb seen method,0.9702
application,0.9700
case based,0.9743
paradigm considered,0.9753
models follow cognitive,0.9758
application cb paradigm,0.9703
cb paradigm originally,0.9715
application cb,0.9755
aspect cb,0.9741
cb paradigm considered,0.9795
cb paradigm wide,0.9709
concept cb,0.9702
systems,0.9719
method,0.9789
classification,0.9741
process main,0.9721
models,0.9730
therefore cb,0.9707
system,0.9758
application,0.9765
applications focusing,0.9745
models follow,0.9702
paradigm applied,0.9753
inc prototype classification,0.9706
case based,0.9757
paradigm originally,0.9725
within cb,0.9711
application cb,0.9736
method,0.9707
classification,0.9750
system,0.9708
application,0.9753
inc prototype classification,0.9742
based,0.9711
predecessors design pattern,0.9725
metal system,0.9708
pattern,0.9725
system,0.9731
ex knowledge high,0.9704
based,0.9740
method,0.9793
methods metal,0.9707
proposed learning,0.9701
method understanding,0.9702
pattern,0.9783
understanding,0.9711
problems,0.9714
system,0.9714
oriented,0.9762
methods,0.9794
patterns,0.9746
system learning,0.9838
method,0.9768
metal system,0.9706
method design,0.9731
learning method,0.9803
learning method,0.9710
learning method,0.9875
objective,0.9700
predecessors design pattern,0.9726
method,0.9789
proposed learning,0.9757
method understanding,0.9724
metal system,0.9784
method design,0.9755
pattern,0.9718
system proposed,0.9723
learning method,0.9713
system,0.9758
systems,0.9719
methods,0.9773
method,0.9707
metal system,0.9715
system,0.9708
system learning,0.9824
system learning,0.9703
system learning,0.9704
inter comparison,0.9725
comparison,0.9779
ability,0.9706
metal system,0.9708
priority,0.9758
system,0.9731
processing,0.9724
problem,0.9702
lamar,0.9714
inter comparison,0.9727
comparison,0.9816
mutation,0.9739
crossover,0.9749
priority,0.9729
system,0.9714
eli selection,0.9719
kernel,0.9734
processing,0.9798
problems,0.9714
practical problem,0.9729
metal system,0.9706
article controlled study,0.9724
data satisfying,0.9712
practical problem,0.9744
test,0.9727
data,0.9753
inter comparison,0.9746
metal systems,0.9709
comparison,0.9756
operators mad,0.9728
selection operator incorporated,0.9708
systems,0.9719
ce problems used,0.9734
operators,0.9777
metal system,0.9784
operator priority,0.9717
system numerical,0.9727
practical problem cluster,0.9715
operators mad proposed,0.9735
algorithms guide,0.9768
system,0.9758
problems used,0.9707
operator incorporated mad,0.9714
processing,0.9709
inter comparison,0.9708
comparison,0.9701
metal system,0.9715
operator priority,0.9706
system,0.9708
system first,0.9714
based,0.9711
pattern,0.9725
classification,1.0000
model,0.9760
models using,0.9718
models,0.9742
system,0.9731
approach,0.9710
based kernel principal,0.9719
emphasis,0.9761
oriented,0.9762
beta,0.9704
based,0.9740
pattern,0.9783
fuzzy,0.9728
multi,0.9774
decision,0.9717
model,0.9710
using,0.9718
multiple,0.9713
analysis,0.9723
neighbor,0.9701
models using,0.9731
models,0.9707
system,0.9714
regression,1.0000
kernel,0.9734
using concept,0.9728
compared,0.9725
beta learning,0.9738
tri,0.9720
demand,0.9708
model multiple,0.9732
principal component learning,0.9730
component learning,0.9848
emphasis paper,0.9711
classification emphasis paper,0.9702
effectiveness proposed approach,0.9732
distribution knowledge,0.9707
using images four,0.9710
based kernel principal,0.9727
emphasis paper,0.9738
emphasis paper accomplished,0.9709
classification system,0.9768
pattern,0.9718
using images,0.9720
classification,0.9741
model,0.9791
models using,0.9830
models,0.9730
stack offers,0.9735
system,0.9758
classification emphasis paper,0.9754
multiple models using,0.9717
regression,0.9715
using concept,0.9738
stack offers performance,0.9714
models using concept,0.9739
system first component,0.9724
model multiple,0.9746
purpose paper,0.9725
classification system,0.9704
classification,0.9750
model,0.9705
system,0.9708
principal component learning,0.9704
component learning,0.9860
component learning,0.9779
systems rough set,0.9710
classification,1.0000
performance classification,0.9774
wealthy,0.9708
predicting,0.9774
techniques therefore,0.9730
wrapped,0.9713
expert,0.9727
suitable,0.9746
process,0.9719
require,0.9728
anal allows,0.9727
decision,0.9717
prediction,0.9808
focuses,0.9702
decision metal,0.9712
techniques,0.9762
techniques therefore,0.9701
systems rough set,0.9705
predicting,0.9704
techniques therefore,0.9779
systems rough set,0.9832
classification,0.9741
systems rough,0.9714
data,0.9753
decision metal,0.9741
techniques,0.9739
systems,0.9719
classification,0.9750
performance classification,0.9758
based classification using,0.9745
based,0.9711
classification,1.0000
identification novel,0.9710
model,0.9760
models,0.9742
problem,0.9702
based,0.9740
regression,1.0000
simultaneous,0.9704
method,0.9793
training,0.9706
identification novel,0.9728
model,0.9710
using,0.9718
neural,0.9757
approach,0.9710
analysis,0.9723
metal template,0.9726
fuzzy,0.9728
empirical,0.9751
rule,0.9740
models,0.9707
demand,0.9708
based ada,0.9710
hyper,0.9739
function based,0.9714
method,0.9768
fuzzy model,0.9708
approach solving,0.9709
fuzzy model,0.9740
network method,0.9717
based classification using,0.9785
objective,0.9700
function based,0.9778
regression,0.9715
method,0.9789
fuzzy model,0.9777
classification,0.9741
identification novel,0.9750
model,0.9791
discussed include experiments,0.9749
segment based boosted,0.9754
based classification,0.9744
models,0.9730
based ada,0.9743
discussed include,0.9736
classification using,0.9759
method,0.9707
classification,0.9750
model,0.9705
fuzzy model,0.9732
fuzzy model,0.9744
pattern,0.9725
feedback,0.9738
framework involved contrasting,0.9723
contrasted standard,0.9737
classification decisions,0.9814
classification,1.0000
model,0.9760
standard classification,0.9764
pathway,0.9726
models,0.9742
system,0.9731
systems used,0.9726
approach,0.9710
meta,0.9766
sequence,0.9712
automated pattern,0.9723
meta topic,0.9724
inference,0.9787
training,0.9706
metabolic,0.9771
neural,0.9757
pattern,0.9783
degradation,0.9718
contrasting,0.9750
feedback,0.9779
framework involved contrasting,0.9710
procedures,0.9731
methods,0.9794
contrasted standard,0.9720
model,0.9710
recognition bacterium,0.9720
automated sequence,0.9726
aromatic,0.9722
analysis,0.9723
approach ut,0.9736
models,0.9707
framework,0.9755
simulation,0.9750
system,0.9714
systems used,0.9710
bacterial,0.9748
prediction,0.9808
standard,0.9735
inclusion,0.9707
automated,0.9730
automated pattern,0.9718
framework involved,0.9707
automated sequence,0.9706
different data,0.9728
implementation,0.9733
implementation bio,0.9715
topic metabolism,0.9731
data,0.9753
automated pattern,0.9738
meta topic,0.9738
systems used systematic,0.9752
framework involved,0.9803
systems also contrasted,0.9741
pattern,0.9718
feedback,0.9743
framework involved contrasting,0.9802
framework applied tested,0.9739
systems,0.9719
procedures,0.9722
methods,0.9773
three different data,0.9744
contrasted standard,0.9736
classification decisions,0.9775
classification,0.9741
model,0.9791
standard classification,0.9749
automated sequence,0.9751
methods various,0.9744
pathway,0.9701
approach ut,0.9717
models,0.9730
framework,0.9765
system,0.9758
contrasted standard classification,0.9746
systems used,0.9798
framework involved,0.9728
candidates inclusion bacterial,0.9721
framework applied tested,0.9706
classification decisions,0.9746
classification,0.9750
model,0.9705
standard classification,0.9788
pathway,0.9717
system,0.9708
contrasted standard classification,0.9704
systems used,0.9706
models,0.9742
system,0.9731
process using,0.9731
problem,0.9702
demonstrates,0.9703
advantages,0.9720
mechanisms,0.9804
using,0.9718
process,0.9719
degradation,0.9718
concepts,0.9761
decision,0.9717
rec concepts,0.9728
models,0.9707
drift,0.9751
problems,0.9714
system,0.9714
techniques,0.9762
concept drift,0.9736
concepts learning,0.9831
evolution learning,0.9779
process using,0.9745
models system uses,0.9721
system provides,0.9713
contexts using,0.9729
mechanisms,0.9710
rec concepts,0.9706
process system,0.9717
system uses,0.9767
models,0.9730
data,0.9753
system,0.9758
techniques,0.9739
systems,0.9719
concept drift,0.9705
system,0.9708
concepts learning,0.9774
pattern,0.9725
selection classification,0.9700
data focus,0.9701
generally categorized,0.9701
classification,1.0000
classification feature,0.9792
typically,0.9702
extraction,0.9750
approach,0.9710
considered,0.9732
training,0.9706
approaches requiring,0.9705
pattern,0.9783
requiring,0.9733
data focus,0.9729
embedded,0.9767
focus,0.9740
method,0.9793
using,0.9718
categorized,0.9754
method achieve,0.9722
selection metal,0.9726
significantly,0.9725
significant,0.9708
deliver,0.9708
typically,0.9705
results filter,0.9708
filter,0.9780
subset features,0.9729
well embedded method,0.9704
approaches requiring,0.9729
data focus,0.9706
method,0.9768
data evaluated approach,0.9804
method achieve,0.9726
selection using,0.9712
results filter,0.9702
well embedded method,0.9722
embedded method,0.9722
algorithms support,0.9729
accuracy following class,0.9750
comparisons state,0.9729
data,0.9753
required evaluation,0.9716
approaches requiring,0.9774
pattern,0.9718
data focus,0.9832
higher performance paper,0.9703
algorithms generally categorized,0.9727
method,0.9789
classification,0.9741
data evaluated approach,0.9790
data evaluated,0.9733
method achieve,0.9748
selection metal,0.9742
accuracy following,0.9713
selection using,0.9744
data achieved accuracy,0.9727
classification feature,0.9761
results filter,0.9781
data focus,0.9715
method,0.9707
classification,0.9750
selection metal,0.9702
classification feature,0.9738
classification,1.0000
characteristics,0.9757
especially large,0.9704
system,0.9731
methods work,0.9728
method,0.9793
extraction,0.9750
characteristics,0.9718
using,0.9718
approach,0.9710
costly,0.9737
experiment,0.9701
meta,0.9766
using trial,0.9733
usually experiment,0.9705
framework,0.9755
system,0.9714
methods,0.9794
meta knowledge,1.0000
meta learning,1.0000
data learning,0.9768
methods work,0.9725
error approach,0.9787
method,0.9768
approach feature,0.9720
methods used performance,0.9721
selection method,0.9760
meta knowledge,0.9718
meta learning,0.9744
selection method,0.9701
key step data,0.9809
methods work,0.9786
used performance,0.9719
error approach,0.9755
method,0.9789
characteristics methods used,0.9746
methods used,0.9726
classification,0.9741
characteristics,0.9751
selection key step,0.9719
data hence,0.9729
especially large data,0.9723
using trial,0.9710
step data,0.9798
framework involves obtaining,0.9725
used performance provide,0.9703
different methods using,0.9740
large data,0.9736
framework,0.9765
selection feature,0.9732
data,0.9753
framework involves,0.9764
framework able,0.9739
system,0.9758
systems,0.9719
methods using,0.9753
hence research,0.9727
methods,0.9773
performance provide,0.9715
methods used performance,0.9781
method,0.9707
classification,0.9750
characteristics,0.9710
system,0.9708
meta learning,0.9841
data learning,0.9819
meta learning,0.9733
large data learning,0.9754
meta learning,0.9733
comparison single,0.9719
model objective,0.9720
based,0.9711
comparison,0.9779
classification,1.0000
model,0.9760
classification hi,0.9776
models,0.9742
learners metal model,0.9709
among predictions,0.9729
learners metal,0.9705
conclusions,0.9712
identifying,0.9714
predicting,0.9774
vaccine,0.9755
approach,0.9710
meta,0.9766
model objective,0.9734
particular,0.9707
cascade,0.9727
integrating,0.9786
based,0.9740
computational model exploit,0.9722
complementary,0.9778
comparison,0.9816
prediction conform,0.9705
predictions,0.9718
affect,0.9746
suggested,0.9718
properties,0.9730
method,0.9793
model,0.9710
multiple,0.9713
analysis,0.9723
cascade general,0.9728
models,0.9707
simulation,0.9750
analyze,0.9748
identifying,0.9724
based stacked,0.9701
prediction,0.9808
meta learning,1.0000
forecast learning,0.9752
ep meta learning,0.9724
combined approach comparison,0.9718
model objective,0.9756
model objective study,0.9744
independent test,0.9733
computational model,0.9720
method,0.9768
prediction based,0.9705
final meta model,0.9715
meta model,0.9706
meta learning,0.9744
combined approach comparison,0.9710
predicting,0.9704
architecture based stacked,0.9701
comparison single,0.9723
model objective,0.9869
test,0.9727
objective,0.9700
computational model exploit,0.9775
model results,0.9797
comparison,0.9756
prediction conform,0.9714
model objective study,0.9810
predictions,0.9751
performance combined,0.9722
independent test,0.9714
among predictions base,0.9747
systems,0.9719
computational model,0.9856
method,0.9789
classification,0.9741
model,0.9791
classification hi,0.9751
prediction based,0.9766
cascade general,0.9729
models,0.9730
learners metal model,0.9782
predictions base,0.9706
cascade general bottom,0.9740
learners metal,0.9719
final meta model,0.9800
strategies propose metal,0.9759
metal model,0.9706
conclusions,0.9717
strategies propose,0.9706
meta model,0.9728
based stacked,0.9714
level hierarchy consisted,0.9702
general bottom,0.9711
prediction based stacked,0.9735
model objective,0.9729
comparison,0.9701
method,0.9707
classification,0.9750
model,0.9705
classification hi,0.9769
meta learning,0.9841
forecast learning,0.9729
cy forecast learning,0.9764
meta model,0.9760
meta learning,0.9733
meta learning,0.9733
generic computational model,0.9757
meta model,0.9711
inter comparison,0.9725
comparison,0.9779
model,0.9760
models,0.9742
priority,0.9758
bias,0.9723
model feasible,0.9714
nodes,0.9701
meta,0.9766
reducing,0.9707
input,0.9716
inter comparison,0.9727
training,0.9706
neural,0.9757
comparison,0.9816
observation,0.9740
model,0.9710
analysis,0.9723
behaviors,0.9722
models,0.9707
priority,0.9729
measurement,0.9807
behavior,0.9766
certain,0.9732
regression,1.0000
process,0.9719
bias,0.9780
model meta,0.9711
meta learning,1.0000
theoretical model,0.9724
meta model feasible,0.9706
meta model,0.9706
meta learning,0.9744
model feasible,0.9764
input,0.9728
data show proposed,0.9754
data,0.9753
data top,0.9702
inter comparison,0.9746
extreme leaning machine,0.9700
comparison,0.9756
model,0.9791
theoretical model,0.9830
data show,0.9765
models,0.9730
measurement,0.9729
metal model,0.9706
regression,0.9715
meta model feasible,0.9779
meta model,0.9728
bias,0.9721
inter comparison,0.9708
comparison,0.9701
model,0.9705
meta learning,0.9841
extreme learning,0.9733
comparison learning,0.9744
meta model,0.9760
meta learning,0.9733
meta learning,0.9733
meta model,0.9711
specific,0.9720
major issues using,0.9739
perspective developed,0.9700
based,0.9711
perspective,0.9721
comparison,0.9779
issues using,0.9737
particular main,0.9744
specific,0.9773
accurately,0.9702
stability run,0.9703
perspective developed,0.9747
particular,0.9707
intention,0.9715
based,0.9740
perspective,0.9766
comparison,0.9816
validity,0.9762
empirical,0.9751
definition,0.9750
tests,0.9732
issues using,0.9706
properties,0.9730
using,0.9718
tool,0.9715
analysis,0.9723
grouped,0.9762
framework,0.9755
applications particular,0.9718
analyze,0.9748
scala,0.9734
comparison theoretical,0.9712
survey,0.9702
compared,0.9725
concepts,0.9761
problems,0.9714
perspective developed,0.9740
theoretical perspective developed,0.9713
applications however,0.9745
comparison theoretical empirical,0.9703
stability run,0.9722
perspective developed,0.9787
test,0.9727
using cluster algorithms,0.9702
data,0.9753
theoretical perspective,0.9745
cat framework empirical,0.9728
perspective,0.9756
comparison,0.9756
framework based,0.9736
tests,0.9703
issues using,0.9706
knowledge area,0.9706
properties pointed previous,0.9737
previous studies,0.9709
framework,0.9765
applications particular,0.9779
theoretical perspective developed,0.9757
applications particular main,0.9714
comparison theoretical,0.9760
number applications however,0.9716
comparison,0.9701
applications particular,0.9701
well classification,0.9716
class considering metal,0.9774
classification,1.0000
models,0.9742
considering metal,0.9701
problem,0.9702
data metal,0.9750
approach,0.9710
considered,0.9732
meta,0.9766
relatively,0.9704
predictions,0.9718
academia,0.9711
problem considered,0.9703
using,0.9718
comparing,0.9738
models,0.9707
overlapping,0.9730
techniques,0.9762
problem relatively,0.9739
important,0.9712
prediction,0.9808
problem chilean,0.9708
data meta,0.9738
meta learning,1.0000
comparing approach,0.9765
problem considered,0.9707
problem considered highly,0.9716
data proposed strategy,0.9731
comparing approach well,0.9713
meta learning,0.9744
data metal,0.9763
im data,0.9720
data see,0.9700
data,0.9753
comparing approach,0.9734
predictions,0.9751
systems,0.9719
problem considered,0.9745
class considering metal,0.9721
im data proposed,0.9789
classification,0.9741
see e paper,0.9701
models,0.9730
techniques,0.9739
classification models,0.9852
data proposed,0.9729
im problem,0.9719
problem relatively,0.9711
classification models different,0.9738
im data see,0.9721
noise important,0.9711
data proposed strategy,0.9745
data description,0.9832
performance providing,0.9736
using ensemble,0.9701
class considering metal,0.9702
im data proposed,0.9702
classification,0.9750
data description,0.9714
meta learning,0.9841
data meta learning,0.9779
meta learning,0.9733
meta learning,0.9733
classification models,0.9721
based,0.9711
classification,1.0000
system,0.9731
weighted,0.9760
approach,0.9710
core,0.9722
meta,0.9766
characterized,0.9715
based,0.9740
methods,0.9794
boost,0.9739
method,0.9793
tool,0.9715
framework,0.9755
techniques,0.9762
system,0.9714
advantages,0.9720
weight,0.9702
im learning,0.9712
problems,0.9714
method,0.9768
accuracy class approach,0.9703
accuracy class approach,0.9709
data,0.9753
performance experimental results,0.9702
data demonstrate advantages,0.9736
methods,0.9773
method,0.9789
classification,0.9741
framework,0.9765
techniques,0.9739
system,0.9758
data demonstrate,0.9712
based contribution classification,0.9759
method,0.9707
classification,0.9750
system,0.9708
class im learning,0.9700
based,0.9711
classification,1.0000
characteristics,0.9757
models,0.9742
power,0.9723
characteristics boots,0.9704
analyze,0.9748
based characteristics,0.9701
based,0.9740
training,0.9706
characteristics,0.9718
size,0.9700
using,0.9718
approach,0.9710
process,0.9719
important,0.9712
empirical,0.9751
power statistical,0.9701
evidence metric,0.9709
crucial,0.9753
models,0.9707
characteristics boots,0.9721
methods,0.9794
methodology consists,0.9707
process involved,0.9735
based characteristics,0.9770
classification,0.9741
characteristics,0.9751
methodology consists,0.9744
models results,0.9721
evidence metric,0.9781
process involved,0.9745
models,0.9730
data,0.9753
evidence,0.9721
characteristics boots,0.9776
methods,0.9773
classification,0.9750
characteristics,0.9710
characteristics boots,0.9701
classification classification,0.9867
areas using,0.9746
classification,1.0000
analyzed,0.9709
models,0.9742
resonance,0.9718
imaging,0.9774
methods structural,0.9742
areas using,0.9704
experiment,0.9701
predictions,0.9718
experimentation,0.9749
methods,0.9794
method,0.9793
diagnosis,0.9738
using,0.9718
technique combined predictions,0.9717
analysis,0.9723
structural,0.9775
analyzed,0.9764
models,0.9707
diagnostic,0.9707
techniques,0.9762
application,0.9766
magnetic,0.9718
automated,0.9730
method,0.9768
technique needs,0.9728
application,0.9700
different data,0.9728
test,0.9727
classification classification,0.9718
data,0.9753
critical brain,0.9723
methods structural,0.9731
areas using,0.9777
combined predictions,0.9726
information analyzed,0.9707
predictions,0.9751
analyzed using,0.9750
methods,0.9773
results suggest application,0.9714
considering different data,0.9745
method,0.9789
classification,0.9741
technique needs,0.9729
technique combined predictions,0.9741
models,0.9730
using different data,0.9808
techniques,0.9739
application,0.9765
algorithms analyzed,0.9715
classification classification,0.9744
method,0.9707
classification,0.9750
application,0.9753
rates,0.9704
metal system,0.9708
geared towards helping,0.9704
system,0.9731
influence,0.9730
processing,0.9724
generation,0.9730
predicted,0.9713
meta,0.9766
precise,0.9720
insight,0.9762
meta selection metal,0.9721
pools,0.9719
explanations,0.9730
validity,0.9762
geared,0.9735
purposes,0.9706
rates,0.9757
fused,0.9737
selection metal,0.9726
solution,0.9740
system,0.9714
theories,0.9758
technological,0.9725
influence,0.9709
beneficial,0.9727
investigation,0.9721
processing,0.9798
solution knowledge,0.9701
discovery database,0.9712
knowledge discovery database,0.9877
meta template,0.9710
necessary research,0.9713
metal system,0.9706
beneficial utilization,0.9702
management knowledge,0.9713
computational theories,0.9735
necessary research,0.9725
data,0.9753
meta selection metal,0.9740
systems,0.9719
methodology proves,0.9710
metal system,0.9784
cluster purposes,0.9717
beneficial utilization,0.9707
selection metal,0.9742
system,0.9758
database,0.9726
processing,0.9709
meta selection metal,0.9702
metal system,0.9715
selection metal,0.9702
system,0.9708
database,0.9710
learning statistics database,0.9763
particular method,0.9745
based,0.9711
gap,0.9707
pattern,0.9725
advantage,0.9712
model,0.9760
task,0.9709
requirements,0.9741
data called,0.9718
knowledge based,0.9712
processing,0.9724
problem,0.9702
divide,0.9737
unable,0.9712
approach,0.9710
requires,0.9727
particular,0.9707
algorithm educational,0.9720
incorporate,0.9737
particular method,0.9745
settings,0.9755
context,0.9710
based,0.9740
pattern,0.9783
systems miners,0.9724
method,0.9793
model,0.9710
tool,0.9715
analysis,0.9723
task,0.9732
techniques,0.9762
furthermore experimental,0.9722
data called,0.9719
data divide,0.9738
insights,0.9709
processing,0.9798
difficult,0.9709
furthermore,0.9701
particular method,0.9780
approach offer,0.9731
method,0.9768
gap propose approach,0.9742
knowledge based,0.9706
data knowledge,0.9765
advanced data,0.9734
test,0.9727
algorithm educational,0.9703
techniques data,0.9766
particular method,0.9809
data,0.9753
context,0.9746
pattern,0.9718
based systems miners,0.9734
systems,0.9719
systems miners,0.9733
method,0.9789
model,0.9791
gap propose approach,0.9745
techniques,0.9739
requirements,0.9762
data miners,0.9743
furthermore experimental,0.9716
metal model,0.9706
data called,0.9731
based systems,0.9721
knowledge base,0.9715
data divide,0.9713
knowledge based,0.9781
users specify,0.9727
processing,0.9709
particular method,0.9755
method,0.9707
model,0.9705
requirements,0.9723
model driven development,0.9717
superiority tu tested,0.9716
classification,1.0000
task,0.9709
task especially,0.9701
meta,0.9766
weigh,0.9702
task,0.9732
combining,0.9738
particular,0.9707
notion,0.9753
notion combining,0.9782
difficult,0.9709
furthermore,0.9701
meta learning,1.0000
meta learning,0.9744
superiority tu tested,0.9705
classification,0.9741
notion combining,0.9770
classification,0.9750
meta learning,0.9841
meta learning,0.9733
meta learning,0.9733
learning task,1.0000
based,0.9711
characteristics,0.9757
task,0.9709
analyzed,0.9709
classified,0.9715
directions,0.9711
problem,0.9702
based metal,0.9717
based,0.9740
characteristics,0.9718
summarized,0.9736
considered,0.9732
viewpoint,0.9750
meta,0.9766
task,0.9732
analyzed,0.9764
problems,0.9714
framework,0.9755
simulation,0.9750
directions,0.9714
problem considered,0.9703
set learning,0.9722
selection based metal,0.9702
problem considered,0.9707
based metal,0.9716
selection based metal,0.9747
characteristics,0.9751
summarized,0.9707
viewpoint,0.9705
directions proposed,0.9713
framework,0.9765
data,0.9753
problem considered,0.9745
characteristics,0.9710
classified summarized,0.9706
directions proposed,0.9710
classified,0.9721
set learning,0.9734
learning task,0.9708
recommendation,0.9700
choice,0.9764
initial,0.9701
recommendation,0.9744
generation,0.9730
investigation,0.9721
approach,0.9710
process,0.9719
tool,0.9715
important,0.9712
analysis,0.9723
empirical,0.9751
multi,0.9774
methods design,0.9704
methods,0.9794
boost,0.9739
systems learning,0.9777
automatic recommendation,0.9730
alternative automatic recommendation,0.9772
process recommendation,0.9782
automatic recommendation,0.9716
recommendation,0.9720
alternative automatic recommendation,0.9741
choice,0.9717
analysis results,0.9748
process recommendation,0.9800
systems,0.9719
methods design,0.9765
methods,0.9773
automatic recommendation,0.9739
recommendation,0.9721
alternative automatic recommendation,0.9720
automatic choice,0.9740
process recommendation,0.9725
systems learning,0.9787
based,0.9711
among competing systems,0.9748
competing systems,0.9722
based deep,0.9701
task,0.9709
knowledge based,0.9712
system,0.9731
context,0.9710
based,0.9740
paradigm paired,0.9715
semantic,0.9805
using,0.9718
experiment,0.9701
learning paradigm,0.9745
based deep,0.9713
task,0.9732
enabled,0.9716
paradigm,0.9754
framework,0.9755
measures based deep,0.9714
learning paradigm paired,0.9705
system,0.9714
workshop,0.9720
knowledge knowledge,0.9718
based learning,0.9701
knowledge based,0.9706
learning paradigm paired,0.9723
based learning paradigm,0.9730
se task using,0.9723
context,0.9746
system se,0.9727
context expansion,0.9760
paradigm paired,0.9714
semantic,0.9724
based systems,0.9721
among competing systems,0.9756
learning paradigm,0.9764
em knowledge based,0.9733
competing systems,0.9703
based deep,0.9711
measures based,0.9764
knowledge based,0.9781
framework,0.9765
measures based deep,0.9773
learning paradigm paired,0.9779
participating systems,0.9772
system,0.9758
systems,0.9719
knowledge knowledge based,0.9766
workshop,0.9712
participating systems,0.9723
system,0.9708
based deep learning,0.9718
knowledge based learning,0.9800
based learning,0.9801
performances involved model,0.9724
focused use,0.9734
models compared,0.9723
applications last,0.9702
based,0.9711
systems reasonable,0.9703
model,0.9760
researchers focused use,0.9737
models using,0.9718
models,0.9742
problem,0.9702
based metal,0.9717
rules,0.9719
meta,0.9766
focused use,0.9761
models compared,0.9705
focused,0.9710
based,0.9740
training,0.9706
neural,0.9757
diverse,0.9721
combining,0.9738
systems reasonable,0.9751
model,0.9710
using,0.9718
using meta,0.9719
behaviors,0.9722
median,0.9743
horizon,0.9712
models using,0.9731
models,0.9707
models diverse,0.9753
compared,0.9725
prediction,0.9808
focused use,0.9742
using average strategy,0.9702
systems reasonable estimation,0.9705
based metal,0.9716
performances involved model,0.9735
using percentage models,0.9784
researchers focused,0.9716
rules,0.9708
focused use,0.9774
models compared,0.9791
data,0.9753
involved model,0.9770
applications last,0.9750
model results,0.9797
paper addresses problem,0.9730
systems,0.9719
selected models experiments,0.9735
systems reasonable,0.9758
series trained map,0.9728
model,0.9791
researchers focused use,0.9730
using meta,0.9708
using average strategy,0.9734
percentage models belonging,0.9731
models using,0.9830
models,0.9730
series rules,0.9704
based median,0.9702
systems reasonable estimation,0.9769
models diverse,0.9781
applications last,0.9723
model,0.9705
selected,0.9718
required applications,0.9725
selection models,0.9735
based,0.9711
model,0.9760
metal uses,0.9713
criterion,0.9747
problem,0.9702
based,0.9740
training,0.9706
model,0.9710
solution,0.9740
sat criterion,0.9720
quality model,0.9759
quality model based,0.9739
quality model,0.9747
criterion,0.9752
metal model,0.9706
model,0.9791
sat criterion,0.9755
quality model,0.9788
quality model based,0.9764
model,0.9705
quality model,0.9778
recommendation,0.9700
task however,0.9701
functional,0.9752
model,0.9760
task,0.9709
system,0.9731
problem,0.9702
recommendation,0.9744
approach,0.9710
strategies metal,0.9707
proposed learning,0.9701
functional,0.9785
model implemented,0.9736
model,0.9710
using,0.9718
task,0.9732
techniques,0.9762
system,0.9714
viewed,0.9718
difficult,0.9709
systems learning,0.9777
form learning,0.9748
recommendation learning,0.9743
functional model,0.9796
recommend system,0.9707
model implemented,0.9740
instructors problem recommend,0.9711
individual task however,0.9732
collaborative methodology,0.9735
recommendation approach,0.9795
recommendation,0.9720
strategies metal,0.9718
instructors functional model,0.9724
functional model,0.9895
systems provide recommend,0.9757
proposed learning,0.9757
functional,0.9761
problem recommend,0.9720
systems,0.9719
model implemented,0.9833
functional model implemented,0.9742
model,0.9791
systems order help,0.9706
instructors problem recommend,0.9743
system finally,0.9710
individual task however,0.9714
techniques,0.9739
system,0.9758
techniques used,0.9716
collaborative methodology,0.9760
systems provide,0.9746
recommendation,0.9721
functional model,0.9736
functional,0.9703
model,0.9705
instructors problem recommend,0.9705
system,0.9708
systems learning,0.9787
form learning,0.9711
recommendation approach,0.9748
form learning,0.9701
overall approach,0.9730
based,0.9711
model,0.9760
models,0.9742
approach,0.9710
meta,0.9766
directly,0.9718
margin supervised,0.9707
incorporate,0.9737
initial,0.9701
based,0.9740
principle,0.9763
training,0.9706
empirical,0.9751
decision,0.9717
model,0.9710
corresponding,0.9714
rec based,0.9715
evidence supposed margin,0.9703
models,0.9707
hyper,0.9739
clusters used,0.9720
process,0.9719
compared,0.9725
rule,0.9740
labeled,0.9759
natural,0.9713
boundary,0.9711
meta learning,1.0000
based learning,0.9701
overall approach,0.9754
decision boundary,0.9701
approach consists,0.9747
margin principle,0.9722
cluster decision,0.9702
principle approach consists,0.9705
principle approach,0.9811
margin principle approach,0.9761
approach promising,0.9734
meta learning approach,0.9737
meta learning,0.9744
overall approach,0.9791
decision boundary,0.9734
data,0.9753
tree rule,0.9731
principle,0.9731
data subsequently labeled,0.9701
experiments provided empirical,0.9725
approach consists,0.9745
model,0.9791
rec based,0.9721
margin principle,0.9711
margin hyper model,0.9713
models,0.9730
evidence,0.9721
besides overall approach,0.9713
cluster decision,0.9705
clusters used,0.9761
principle approach consists,0.9731
principle approach,0.9812
margin principle approach,0.9739
tree rule,0.9701
model,0.9705
rec learning,0.9702
meta learning,0.9841
meta learning,0.9733
hyper based learning,0.9891
based learning,0.9801
meta learning,0.9733
choice,0.9764
task,0.9709
models,0.9742
proportions,0.9734
neglect,0.9706
crisp class,0.9705
measures across,0.9724
exploited,0.9719
process,0.9719
important,0.9712
perspectives algorithms,0.9703
usually task,0.9706
alternatively comparing,0.9716
similarity,0.9746
task,0.9732
comparing,0.9738
models,0.9707
methods,0.9794
performance learning,0.9715
threshold choice,0.9712
different data,0.9728
information exploited,0.9706
measures across,0.9726
data alternatively,0.9761
choice,0.9717
different data alternatively,0.9743
performance important features,0.9756
measures across different,0.9759
costs hence neglect,0.9720
used guide,0.9714
models,0.9730
data,0.9753
hence neglect important,0.9745
methods,0.9773
performance learning,0.9705
based,0.9711
checked regard learning,0.9712
skill,0.9707
considered,0.9732
based,0.9740
methods,0.9794
innovations,0.9715
using,0.9718
methods pe,0.9752
drill,0.9704
methods topic,0.9740
important,0.9712
attribute learning,0.9748
based learning,0.9701
learning paper,0.9726
methods,0.9773
methods pe,0.9766
methods topic,0.9755
based learning,0.9801
model,0.9760
systems important,0.9738
comparison,0.9779
bio using,0.9719
system,0.9731
behavior,0.9766
analyze,0.9748
principles,0.9728
comparison biological,0.9704
model,0.9710
systems important,0.9719
using,0.9718
accurately,0.9702
approach,0.9710
process,0.9719
important,0.9712
analysis,0.9723
comparison,0.9816
diverse,0.9721
understanding,0.9711
bio using,0.9747
multi,0.9774
prediction,0.9808
sequence,0.9712
system,0.9714
methods,0.9794
micro,0.9712
comparison biological,0.9710
systems important roles,0.9725
methods used,0.9726
model,0.9791
systems important,0.9768
comparison,0.9756
using multi features,0.9706
interactions include,0.9717
generally model,0.9765
model interactions,0.9760
system,0.9758
systems,0.9719
methods,0.9773
model,0.9705
comparison,0.9701
selected,0.9718
system,0.9708
based,0.9711
tasks need,0.9710
unlike many sectors,0.9709
processing,0.9724
phase,0.9702
meta,0.9766
guidelines,0.9766
interpretation,0.9723
integrating,0.9786
based,0.9740
structured,0.9766
requiring,0.9733
dec basis integrating,0.9713
decision,0.9717
framework sequential,0.9709
diagnosis,0.9738
framework,0.9755
surgical,0.9710
basis integrating,0.9731
semantic,0.9805
tasks need,0.9703
treatment,0.9705
basis,0.9776
plan,0.9751
processing,0.9798
phase,0.9749
structured knowledge,0.9732
meta learning,1.0000
structured knowledge,0.9750
structured knowledge,0.9816
meta learning,0.9744
mapping decision,0.9707
data brain,0.9726
guidelines,0.9747
data,0.9753
systems assist,0.9708
semantic framework,0.9703
framework based,0.9736
dec basis integrating,0.9749
systems,0.9719
framework sequential,0.9742
semantic framework sequential,0.9748
framework,0.9765
basis integrating,0.9746
data therefore,0.9712
semantic,0.9724
data including,0.9758
tasks need,0.9755
treatment,0.9706
basis,0.9735
processing,0.9709
guidelines,0.9720
meta learning,0.9841
structured knowledge,0.9703
meta learning,0.9733
meta learning,0.9733
based,0.9711
model,0.9760
per categories,0.9744
models,0.9742
system,0.9731
based,0.9740
method,0.9793
model,0.9710
system evolve,0.9704
survey,0.9702
methods agent,0.9779
process,0.9719
important,0.9712
shaping,0.9718
constraints,0.9766
importance,0.9708
models,0.9707
emergence per,0.9718
framework,0.9755
system,0.9714
methods,0.9794
method,0.9768
communication important,0.9719
method,0.9789
framework learning,0.9712
model,0.9791
methods agent,0.9794
constraints,0.9704
models,0.9730
framework,0.9765
data,0.9753
system,0.9758
systems,0.9719
methods,0.9773
method,0.9707
model,0.9705
system,0.9708
framework learning,0.9719
generic model,0.9710
framework learning learning,0.9714
colour classification,0.9739
type,0.9710
modulation,0.9716
classification,1.0000
classified,0.9715
models,0.9742
classify,0.9730
processing,0.9724
accurately,0.9702
quantitative,0.9735
type,0.9749
commonly,0.9730
analyses,0.9721
des wear particles,0.9743
decision,0.9717
images separated,0.9721
resulting,0.9707
modulation,0.9782
method,0.9793
using,0.9718
tool,0.9715
especially analysis wear,0.9712
analysis,0.9723
lab,0.9714
comparing,0.9738
method classify,0.9774
models,0.9707
distinguish,0.9732
suitable,0.9746
classify,0.9775
assessment,0.9766
rule,0.9740
especially analysis,0.9758
processing,0.9798
suitable method classify,0.9744
method,0.9768
method classify,0.9749
suitable method,0.9775
suitable method classify,0.9746
type,0.9711
des wear particles,0.9724
images separated,0.9721
tools consist,0.9721
systems,0.9719
method,0.9789
classification,0.9741
especially analysis wear,0.9714
using machine,0.9713
classified using machine,0.9715
method classify,0.9806
models,0.9730
learning pd used,0.9726
assessment,0.9728
models classified using,0.9715
especially analysis,0.9705
processing,0.9709
type,0.9704
method,0.9707
classification,0.9750
method classify,0.9702
classified,0.9721
type worn,0.9705
problems suggested,0.9708
based,0.9711
solutions provided,0.9720
calculation,0.9750
selection priority,0.9718
classification,1.0000
priority,0.9758
system,0.9731
problem,0.9702
meta,0.9766
input,0.9716
criterion,0.9747
initial,0.9701
based,0.9740
calculation,0.9770
empirical,0.9751
multi,0.9774
suggested,0.9718
method,0.9793
using,0.9718
due theoretical,0.9701
analysis,0.9723
priority,0.9729
hybrid multi,0.9712
solution,0.9740
system,0.9714
kernel,0.9734
refined,0.9755
process,0.9719
compared,0.9725
concepts,0.9761
problems,0.9714
applications however sv,0.9704
meta learning,1.0000
method learning,0.9784
technique suggest initial,0.9736
study criterion,0.9780
ml technique,0.9712
controlled study criterion,0.9703
method,0.9768
technique suggest,0.9785
proposed architecture uses,0.9702
ml technique suggest,0.9716
calculation controlled study,0.9760
meta learning,0.9744
technique suggest initial,0.9722
algorithms support,0.9729
applications however,0.9745
study criterion,0.9750
input,0.9728
ml technique,0.9702
criterion,0.9752
objective,0.9700
solutions provided,0.9701
calculation,0.9712
multi objective,0.9702
combination solutions provided,0.9705
method,0.9789
classification,0.9741
technique suggest,0.9782
proposed architecture uses,0.9774
system,0.9758
solutions provided ml,0.9712
ml technique suggest,0.9754
calculation controlled study,0.9738
article calculation controlled,0.9757
applications however sv,0.9734
method,0.9707
classification,0.9750
system,0.9708
meta learning,0.9841
method learning,0.9817
meta learning,0.9733
meta learning,0.9733
specific,0.9720
position,0.9711
based,0.9711
bio motivated,0.9705
determining step,0.9714
rated steps,0.9732
model,0.9760
signaling,0.9732
specific,0.9773
predicted,0.9713
approach,0.9710
understanding,0.9711
importance,0.9708
methods evolutionary,0.9719
sequence,0.9712
based,0.9740
decision,0.9717
bio motivated,0.9722
trees iso,0.9729
however approach,0.9701
procedures,0.9731
methods,0.9794
psi,0.9747
model,0.9710
tree consensus,0.9718
analysis,0.9723
step biology,0.9701
folding,0.9752
techniques,0.9762
signaling,0.9749
prediction,0.9808
however approach utilizes,0.9708
consensus model,0.9715
tree consensus model,0.9755
data,0.9753
systems,0.9719
procedures,0.9722
methods,0.9773
determining step,0.9725
model,0.9791
iso,0.9706
techniques,0.9739
mcc use,0.9716
however approach utilizes,0.9700
information however approach,0.9708
model,0.9705
tree consensus model,0.9761
specific,0.9720
configuration,0.9752
classification,1.0000
characteristics,0.9757
task,0.9709
problem,0.9702
specific,0.9773
approach,0.9710
oriented take,0.9709
configuration,0.9770
oriented,0.9762
task important,0.9704
context,0.9710
process concept,0.9707
size,0.9700
neural,0.9757
combining,0.9738
decision,0.9717
methods decision,0.9749
methods,0.9794
characteristics,0.9718
using,0.9718
analysis,0.9723
corresponding,0.9714
consideration,0.9731
task,0.9732
process,0.9719
important,0.9712
effective single component,0.9715
task important,0.9720
process concept,0.9728
methods decision,0.9741
specific problem,0.9742
effective single component,0.9749
component however,0.9723
data,0.9753
systems main,0.9728
configuration,0.9745
task important,0.9738
using metal design,0.9748
context,0.9746
process concept,0.9830
methods decision,0.9794
systems,0.9719
methods,0.9773
decades strategy combining,0.9732
classification,0.9741
characteristics,0.9751
decision process concept,0.9710
specific problem,0.9792
corresponding data,0.9703
data context,0.9739
classification methods decision,0.9733
configuration,0.9701
task important,0.9701
classification,0.9750
characteristics,0.9710
specific problem,0.9724
task,0.9709
recalls,0.9713
principle,0.9763
trial reinforcement,0.9713
mechanism,0.9777
memory,0.9722
task,0.9732
insights,0.9709
suggests,0.9712
reinforcement,0.9727
error principle,0.9710
trial reinforcement show,0.9745
error principle,0.9755
principle,0.9731
idea provides,0.9704
data including,0.9758
trial reinforcement,0.9706
data,0.9753
performance young,0.9724
based,0.9711
problem,0.9702
context,0.9710
based,0.9740
method,0.9793
training,0.9706
rules metal,0.9702
rules,0.9719
meta,0.9766
problem moderate,0.9704
problems,0.9714
bio meta rules,0.9721
based theory,0.9740
method,0.9768
pm method respect,0.9732
novel method,0.9743
based theory,0.9791
context,0.9746
metal predict performance,0.9711
method,0.9789
rules metal,0.9712
rules,0.9708
pm method respect,0.9733
problem moderate,0.9704
context metal,0.9713
method context metal,0.9711
algorithms however,0.9735
based theory orthogonal,0.9706
method,0.9707
model first,0.9701
based,0.9711
classification,1.0000
model,0.9760
leverage,0.9704
regardless,0.9709
models,0.9742
system,0.9731
phase using,0.9725
application phase,0.9710
conclusion,0.9713
phase,0.9702
problem,0.9702
based concept hypothesis,0.9701
approach,0.9710
directly,0.9718
concept hypothesis,0.9704
focuses,0.9702
origin,0.9725
comparable,0.9719
context,0.9710
based,0.9740
principle,0.9763
combining,0.9738
hypothesis,0.9774
predictions,0.9718
harvest,0.9726
model,0.9710
using,0.9718
leverage,0.9770
models,0.9707
framework,0.9755
techniques,0.9762
system,0.9714
application,0.9766
phase using,0.9757
facilitate,0.9725
application phase,0.9725
prediction,0.9808
allowing,0.9746
problems,0.9714
phase,0.9749
model knowledge,0.9747
based concept hypothesis,0.9727
concept hypothesis,0.9731
application phase using,0.9705
approach allows,0.9708
fran based concept,0.9727
general principle,0.9715
unified model,0.9733
application,0.9700
based concept,0.9706
framework approach,0.9732
general methodology,0.9752
model knowledge,0.9752
framework high,0.9703
based concept hypothesis,0.9773
models results,0.9721
concept hypothesis,0.9796
framework high level,0.9766
data,0.9753
common framework,0.9779
syn system,0.9729
model first,0.9752
context,0.9746
principle,0.9731
application phase using,0.9755
approach allows,0.9703
fran based concept,0.9742
hypothesis,0.9719
predictions,0.9751
leverage unified model,0.9705
knowledge formats,0.9752
classification,0.9741
model,0.9791
results combine models,0.9739
framework approach allows,0.9736
models,0.9730
framework,0.9765
general principle,0.9739
techniques,0.9739
system,0.9758
unified model,0.9835
application,0.9765
based concept,0.9746
unified model first,0.9764
phase using,0.9772
models results combine,0.9741
phase knowledge application,0.9704
common framework high,0.9752
application phase,0.9781
framework approach,0.9812
conclusion,0.9711
general methodology,0.9801
results combine,0.9706
unit regardless origin,0.9709
using consensus models,0.9767
framework high level,0.9717
classification,0.9750
model,0.9705
system,0.9708
application,0.9753
application phase,0.9710
general methodology,0.9704
inter learning,0.9716
windows,0.9733
measuring,0.9721
based,0.9711
models combining,0.9734
methods would,0.9715
model,0.9760
reported chapter show,0.9708
research addresses,0.9739
task,0.9709
models using,0.9718
models,0.9742
requirements,0.9741
ari models used,0.9721
researchers focusing using,0.9723
problem,0.9702
extraction,0.9750
measuring,0.9738
splitting,0.9749
based,0.9740
neural,0.9757
prediction using,0.9724
models combining,0.9767
combining,0.9738
methods,0.9794
process using,0.9731
model,0.9710
using,0.9718
research addresses,0.9729
task,0.9732
horizon,0.9712
models using,0.9731
models,0.9707
process,0.9719
based simple,0.9724
compared,0.9725
prediction,0.9808
difficult,0.9709
cross process using,0.9700
prediction using,0.9738
task required,0.9707
knowledge model,0.9798
using different models,0.9781
models used building,0.9704
knowledge model,0.9801
cross process using,0.9703
appropriate models,0.9722
prediction using,0.9808
models combining,0.9793
strategy called,0.9747
performance models,0.9715
methods,0.9773
models used,0.9745
process using,0.9745
task required,0.9748
methods would,0.9724
model,0.9791
research addresses,0.9729
models using,0.9830
models,0.9730
requirements,0.9762
using prior knowledge,0.9741
methods would consider,0.9722
ari models used,0.9760
researchers focusing using,0.9703
models used,0.9703
task required,0.9725
model,0.9705
requirements,0.9723
knowledge model,0.9713
knowledge model,0.9716
nevertheless divide requirements,0.9723
requirements,0.9741
educational paradigm,0.9713
definitions,0.9740
divide,0.9737
process,0.9719
paradigm,0.9754
educational paradigm,0.9727
educational paradigm,0.9774
definitions,0.9710
administration pose requirements,0.9724
university administration noted,0.9723
outcome requirements,0.9767
administration noted,0.9700
nevertheless divide requirements,0.9730
competence discussed,0.9710
divide requirements,0.9716
requirements,0.9762
requirements,0.9723
based,0.9711
based,0.9740
using,0.9718
independently,0.9753
gesture,0.9701
criteria,0.9744
different criteria di,0.9723
measuring,0.9721
based,0.9711
pattern,0.9725
criteria define,0.9727
similar criteria,0.9728
criteria define level,0.9728
classification,1.0000
limit,0.9728
classify,0.9730
criteria,0.9716
techniques lc,0.9715
recognition base,0.9705
measuring,0.9738
criterion,0.9747
commonly,0.9730
based,0.9740
neural,0.9757
pattern,0.9783
definition,0.9750
crucial,0.9753
limits,0.9746
des definition,0.9703
using,0.9718
analysis,0.9723
limit,0.9739
techniques,0.9762
behavior,0.9766
important,0.9712
classify,0.9775
compared,0.9725
precision,0.9771
furthermore,0.9701
class feature,0.9708
recognition base,0.9711
criterion measuring level,0.9720
sample crucial issue,0.9712
behavior base,0.9802
criteria,0.9779
des techniques proposed,0.9727
criteria di,0.9729
techniques lc,0.9754
recognition base,0.9789
different criteria di,0.9751
data,0.9753
authors uses,0.9729
ol mla use,0.9749
criterion,0.9752
analysis proposed,0.9729
pattern,0.9718
criteria define,0.9774
definition criterion,0.9734
sample crucial,0.9711
oracle experimental study,0.9733
des definition criterion,0.9745
similar criteria,0.9728
criterion measuring level,0.9786
criteria define level,0.9801
classification,0.9741
proposed authors uses,0.9710
limit,0.9716
techniques,0.9739
different criteria,0.9719
sample crucial issue,0.9764
measuring level,0.9728
criteria,0.9746
criteria di,0.9736
recognition base,0.9740
different criteria di,0.9703
classification,0.9750
selected,0.9718
advantage,0.9712
advantages,0.9720
explains,0.9716
analysis,0.9723
understanding,0.9711
definition,0.9750
capability,0.9705
distinguish,0.9732
operation,0.9725
metal operation strategy,0.9708
capability strategy,0.9714
operation strategy,0.9706
conceptual definition,0.9714
strategy explains sustain,0.9731
theoretical understanding,0.9711
capability strategy explains,0.9760
analysis argues,0.9746
capability strategy,0.9731
case analysis argues,0.9770
capabilities distinguish,0.9732
strategy explains,0.9705
advantage offers,0.9706
conceptual definition,0.9756
evidence,0.9721
definition sustaining,0.9718
capability metal,0.9702
competition,0.9720
advantage dynamics,0.9717
targeting,0.9702
calculations,0.9719
thus owners,0.9711
problem,0.9702
toy,0.9702
particular,0.9707
problem favourite,0.9707
unrelated,0.9737
context,0.9710
essentially,0.9736
empirical,0.9751
spans,0.9757
overs toy,0.9723
calculations,0.9747
practice,0.9713
effectively,0.9727
suggestion,0.9767
dictated,0.9711
targeting overs toy,0.9711
hyper,0.9739
application,0.9766
consequence,0.9770
properly,0.9720
problems,0.9714
application,0.9700
arising papers suggest,0.9703
data,0.9753
data consequence,0.9781
context,0.9746
systems,0.9719
calculations,0.9726
theoretical results relate,0.9744
targeting overs toy,0.9726
application,0.9765
consequence,0.9735
selected,0.9718
application,0.9753
pattern,0.9725
ability,0.9706
conditions,0.9754
skill,0.9707
certain,0.9732
demonstrates,0.9703
approach,0.9710
answers,0.9707
experiment,0.9701
pattern,0.9783
structured,0.9766
meta,0.9766
validation,0.9739
empirical,0.9751
flow,0.9768
conditions,0.9714
integrated,0.9716
validation approach,0.9754
pattern,0.9718
flow,0.9746
conditions,0.9767
validation approach,0.9744
based,0.9711
advantage,0.9712
classification,1.0000
classified,0.9715
semi learning,0.9761
based metal,0.9717
demonstrates,0.9703
approach,0.9710
considered,0.9732
meta,0.9766
method bench,0.9776
based,0.9740
relatively,0.9704
training,0.9706
advantage properties,0.9724
validation,0.9739
combining,0.9738
decision,0.9717
methods,0.9794
boost,0.9739
properties,0.9730
method,0.9793
cluster combining,0.9704
analysis,0.9723
techniques,0.9762
investigation,0.9721
problems,0.9714
method bench,0.9768
method,0.9768
class subsequently considered,0.9710
based metal,0.9716
method bench,0.9799
data,0.9753
advantage properties,0.9750
methods,0.9773
method,0.9789
classification,0.9741
cluster combining,0.9704
classification stack,0.9785
techniques,0.9739
following validation set,0.9729
method,0.9707
classification,0.9750
classification stack,0.9721
classified,0.9721
classified base,0.9708
supervised learning,0.9726
survey competing,0.9728
classification,1.0000
context using,0.9730
limit,0.9728
models,0.9742
series using,0.9713
mutation,0.9739
exchange,0.9728
context,0.9710
dimensional,0.9783
survey competing,0.9700
inference,0.9787
size,0.9700
using,0.9718
survey,0.9702
approach,0.9710
metal optimal,0.9714
analysis,0.9723
computation towards,0.9706
context using,0.9721
multi,0.9774
limit,0.9739
relevance cat,0.9740
models,0.9707
conceptual jump,0.9729
series using,0.9747
partition,0.9703
limiting,0.9755
adaptive approach,0.9805
context,0.9746
classification,0.9741
context using,0.9790
adaptive approach,0.9807
limit,0.9716
relevance cat,0.9725
models,0.9730
per limiting context,0.9751
series using,0.9769
discussed include,0.9736
classification,0.9750
supervised learning,0.9726
learning limit,0.9712
