Word,Similarity
classification,1.0000
task,0.9709
gap,0.9707
performance across,0.9714
model,0.9760
characteristic research,0.9711
task however,0.9701
classification task however,0.9784
classification task,0.9741
power,0.9723
characteristic,0.9725
experiment om tier,0.9711
deep neural,0.9743
task,0.9732
kernel,0.9734
similarity,0.9746
method,0.9793
meta,0.9766
enabled,0.9716
model employ,0.9717
application,0.9766
performance across,0.9719
approach,0.9710
model,0.9710
characteristic research,0.9755
experiment,0.9701
compared,0.9725
framework,0.9755
method metal,0.9711
neural,0.9757
consumption,0.9700
ann method,0.9737
alignment learning,0.9705
classification,1.0000
task,0.9709
lever shared,0.9710
task incorporated,0.9743
model,0.9760
based,0.9711
module,0.9702
flow,0.9768
method conduct,0.9725
analysis,0.9723
knowledge related,0.9712
task,0.9732
kernel,0.9734
coupling,0.9795
method,0.9793
meta,0.9766
context,0.9710
inference,0.9787
setting,0.9718
lever,0.9737
basis,0.9776
memory,0.9722
task incorporated,0.9725
comparable,0.9719
model,0.9710
demonstrates,0.9703
method bench,0.9776
experiment,0.9701
problem,0.9702
basis late,0.9711
based,0.9740
regression,1.0000
module,0.9760
fundamental,0.9742
neural,0.9757
meta learning,1.0000
feature learning,0.9733
problem learning,0.9733
specific,0.9720
category,0.9777
data bearing,0.9725
distance,0.9712
type,0.9710
model,0.9760
data labeled,0.9759
additionally employ,0.9706
classify,0.9730
system,0.9731
based,0.9711
module,0.9702
data aug using,0.9728
characteristic,0.9725
decision,0.9717
using,0.9718
subtle,0.9719
partition,0.9703
model identify,0.9709
model combine,0.9740
effective category,0.9702
specific,0.9773
algorithm based label,0.9701
labeled,0.9759
algorithm geological,0.9737
similarity,0.9746
category,0.9753
data bearing,0.9751
method,0.9793
significant,0.9708
anomaly,0.9749
accurately,0.9702
furthermore,0.9701
distance,0.9723
resource adhere,0.9734
type,0.9749
significantly,0.9725
model,0.9710
data labeled,0.9719
demonstrates,0.9703
system mineral,0.9727
prediction,0.9808
initial,0.9701
classify,0.9775
furthermore geo,0.9724
system,0.9714
tailored,0.9715
experimentation,0.9749
based,0.9740
deposit within,0.9705
neglect,0.9706
module,0.9760
multi,0.9774
including geo,0.9706
geo utilizes,0.9718
method mineral,0.9719
domain knowledge,0.9718
resource numerical model,0.9732
resource numerical model,0.9769
numerical model,0.9727
learning model,0.9744
metric learning,0.9741
opt prototype learning,0.9735
data learning,0.9768
distribution learning,0.9716
prototype learning,0.9798
task,0.9709
model,0.9760
system,0.9731
based,0.9711
recommendation,0.9700
characteristic,0.9725
using,0.9718
energy,0.9705
analysis,0.9723
task,0.9732
method called,0.9706
reducing,0.9707
based metal,0.9717
training,0.9706
method,0.9793
meta,0.9766
emission,0.9718
setting,0.9718
significant,0.9708
encoding,0.9757
varies,0.9721
model,0.9710
extraction,0.9750
capability,0.9705
monitoring,0.9724
problem,0.9702
system,0.9714
based,0.9740
process,0.9719
recommendation,0.9744
consumption,0.9700
recommendation model,0.9760
system,0.9731
ability,0.9706
model,0.9760
based,0.9711
classification,1.0000
condition,0.9700
based deep,0.9701
system,0.9714
vision transform,0.9704
method,0.9793
meta,0.9766
model,0.9710
based,0.9740
multiple,0.9713
method called,0.9706
accurately,0.9702
transform,0.9777
method based,0.9701
weighted,0.9760
difficult,0.9709
data metal,0.9750
initial,0.9701
labeled,0.9759
rely,0.9709
based deep,0.9713
multiple model,0.9709
data model,0.9781
ability,0.9706
importantly,0.9706
style,0.9725
model however,0.9706
model able,0.9731
model,0.9760
based,0.9711
however style unseen,0.9708
module,0.9702
using,0.9718
reid model able,0.9741
importantly,0.9740
training,0.9706
style,0.9734
method,0.9793
meta,0.9766
model however,0.9703
model able,0.9714
application,0.9766
model,0.9710
requires,0.9727
style using,0.9717
fusion,0.9739
based,0.9740
fusion feature separation,0.9727
multiple,0.9713
module,0.9760
multi,0.9774
separation,0.9750
framework,0.9755
strategy model,0.9707
ability model,0.9730
general ability model,0.9785
strategy model,0.9799
using data,0.9714
parameter metal nerve,0.9704
modulation,0.9716
type,0.9710
model,0.9760
type including,0.9719
system,0.9731
leverage,0.9704
subject,0.9709
using,0.9718
bay optimization,0.9711
treatment,0.9705
including regression,0.9702
directly,0.9718
process bay,0.9714
response,0.9741
method,0.9793
significance,0.9727
synthetic,0.9750
setting,0.9718
peripheral,0.9749
large data individual,0.9703
fiber,0.9769
interval,0.9709
modulation,0.9782
type,0.9749
input,0.9716
standard method significance,0.9745
approach,0.9710
model,0.9710
protocol,0.9751
stimulation,0.9711
device,0.9735
acute,0.9733
squared,0.9722
method leverage,0.9748
standard,0.9735
prediction,0.9808
experiment,0.9701
problem physiological,0.9732
problem,0.9702
approach address,0.9718
type including,0.9735
system,0.9714
arthritis,0.9731
leverage,0.9770
regression,1.0000
process,0.9719
subject,0.9760
framework,0.9755
neural,0.9757
population model,0.9737
system population model,0.9703
process learning,0.9825
learning task,1.0000
ability,0.9706
classification,1.0000
task,0.9709
task neglect,0.9712
classification setting,0.9835
system,0.9731
based,0.9711
energy,0.9705
analysis,0.9723
task,0.9732
useful,0.9749
task neglect,0.9721
training,0.9706
operation,0.9725
descent,0.9731
important,0.9712
method,0.9793
di useful,0.9738
activation,0.9733
setting,0.9718
adjust,0.9750
demonstrates,0.9703
commonly,0.9730
initial,0.9701
system,0.9714
based,0.9740
neglect,0.9706
neural,0.9757
method learning,0.9784
efficient learning,0.9704
layer learning,0.9725
distribution learning,0.9716
system learning,0.9838
ability,0.9706
merit proposed,0.9729
task,0.9709
merit,0.9719
model,0.9760
system,0.9731
based,0.9711
additionally innovative strategy,0.9722
using,0.9718
analysis,0.9723
task,0.9732
based meta,0.9718
diverse,0.9721
labeled,0.9759
multi data merit,0.9711
data demanding,0.9714
method,0.9793
meta,0.9766
accurately,0.9702
lever,0.9737
approach,0.9710
model,0.9710
capture,0.9703
system,0.9714
based,0.9740
constrained,0.9744
sentiment,0.9714
multi,0.9774
based meta proposed,0.9724
feature learning,0.9733
classification,1.0000
varying data disc,0.9708
task,0.9709
category,0.9777
framework compared,0.9702
model need,0.9727
model,0.9760
situation lead,0.9707
category novelty,0.9722
system,0.9731
based,0.9711
addressing,0.9701
module,0.9702
characteristic,0.9725
varying data disc,0.9721
behavior metal,0.9776
task,0.9732
model combine,0.9740
integrated f,0.9733
empirical,0.9751
training,0.9706
category,0.9753
expected behavior,0.9701
novelty,0.9727
method,0.9793
paradigm learning,0.9721
data resolving,0.9709
significant,0.9708
accurately,0.9702
lever,0.9737
framework compared,0.9701
memory,0.9722
resolution,0.9740
approach,0.9710
model need,0.9766
model,0.9710
integrated,0.9716
situation lead,0.9724
demonstrates,0.9703
behavior,0.9766
standard,0.9735
experiment,0.9701
category novelty,0.9714
focused,0.9710
paradigm,0.9754
sensor,0.9742
system,0.9714
compared,0.9725
require,0.9728
based,0.9740
addressing,0.9752
classification dealing,0.9700
data behavioral,0.9710
module,0.9760
resolving,0.9738
recognizing,0.9709
framework,0.9755
behavioral,0.9731
novelty paradigm,0.9751
capacity model,0.9752
user capacity model,0.9728
performance learning,0.9715
domain learning,0.9812
deep learning learning,0.9727
model,0.9760
condition,0.9700
system,0.9731
leverage,0.9704
imaging,0.9774
leverage disc,0.9737
problem lead,0.9705
training,0.9706
method,0.9793
furthermore,0.9701
application,0.9766
model,0.9710
semantic,0.9805
capability,0.9705
structural,0.9775
experiment,0.9701
problem,0.9702
data multi,0.9733
system,0.9714
fusion,0.9739
sample across,0.9715
leverage,0.9770
multi,0.9774
licence,0.9701
neural,0.9757
idea model,0.9824
color learning,0.9761
base learning,0.9841
learning task,1.0000
semi learning task,0.9716
ability,0.9706
classification,1.0000
task,0.9709
model,0.9760
system,0.9731
based,0.9711
distorted,0.9739
data cub,0.9726
task,0.9732
method,0.9793
meta,0.9766
semi learning,0.9761
treated,0.9708
input,0.9716
model,0.9710
integrated,0.9716
prediction,0.9808
meta treated,0.9705
contrast,0.9753
method meta,0.9718
system,0.9714
based,0.9740
licence,0.9701
integrated model,0.9726
aim end model,0.9763
meta learning,1.0000
meta meta learning,0.9796
information learning,0.9783
classification,1.0000
task,0.9709
f classification task,0.9806
model,0.9760
advantage,0.9712
classification task,0.9741
task multiple,0.9707
task,0.9732
useful,0.9749
insight,0.9762
important,0.9712
significant,0.9708
model,0.9710
semantic,0.9805
capability,0.9705
contrast,0.9753
sophisticated,0.9718
multiple,0.9713
licence,0.9701
framework,0.9755
simultaneous,0.9704
complementary,0.9778
contrasting,0.9750
objective learning,0.9810
e learning,0.9723
data utilized,0.9708
distance,0.9712
model,0.9760
conclusion,0.9713
stack voting,0.9725
advantage,0.9712
mechanism,0.9777
zoning,0.9729
suggests,0.9712
survey,0.9702
assessment,0.9766
meta,0.9766
significant,0.9708
furthermore,0.9701
distance,0.9723
model,0.9710
stack voting,0.9734
landslide,0.9707
predicting,0.9774
multi,0.9774
model achieving,0.9716
learning model,0.9744
meta learning,1.0000
task,0.9709
system cross,0.9753
gap,0.9707
model,0.9760
system,0.9731
model important,0.9729
based,0.9711
module,0.9702
experiment market duke,0.9710
transfer,0.9737
task,0.9732
tool,0.9715
based meta,0.9718
training,0.9706
system cross,0.9761
important,0.9712
meta,0.9766
effectively,0.9727
significantly,0.9725
model,0.9710
facilitate,0.9725
experiment,0.9701
problem,0.9702
market,0.9717
system,0.9714
model important,0.9733
based,0.9740
experiment market,0.9741
process,0.9719
module,0.9760
difficult,0.9709
general experiment market,0.9722
general model,0.9804
domain general model,0.9816
ability,0.9706
task,0.9709
regardless,0.9709
type,0.9710
model,0.9760
condition,0.9700
due complexity,0.9706
method combine,0.9751
analysis,0.9723
task,0.9732
prevalent,0.9703
operating,0.9702
method,0.9793
data lithium,0.9729
significant,0.9708
accurately,0.9702
method enhance,0.9715
memory,0.9722
type,0.9749
model,0.9710
requires,0.9727
extraction,0.9750
compared,0.9725
memory metal,0.9704
due complexity,0.9758
type cal,0.9702
method metal,0.9711
neural,0.9757
data model,0.9781
network data model,0.9741
applied learning task,0.9720
learning task,1.0000
ability,0.9706
classification,1.0000
task,0.9709
additionally task,0.9706
processing,0.9724
method transfer,0.9712
model,0.9760
conclusion,0.9713
advantage,0.9712
adjustment,0.9736
based,0.9711
addressing,0.9701
background accurate classification,0.9715
diagnosis,0.9738
transfer,0.9737
analysis,0.9723
treatment,0.9705
task,0.9732
rotation,0.9785
deep model,0.9718
method based,0.9701
aug method transfer,0.9708
based metal,0.9717
additionally task,0.9712
training,0.9706
processing,0.9798
method,0.9793
meta,0.9766
diagnostic,0.9707
significant,0.9708
effectively,0.9727
opt initial,0.9731
method transfer,0.9773
model,0.9710
residual,0.9764
aware method disease,0.9721
model res,0.9717
extraction,0.9750
capability,0.9705
initial,0.9701
adjustment,0.9759
modifying,0.9722
based,0.9740
addressing,0.9752
solution,0.9740
process,0.9719
expansion meta,0.9753
neural,0.9757
weight,0.9702
metal data model,0.9724
meta performance model,0.9796
model data model,0.9733
learning model,0.9744
data model,0.9781
conclusion data model,0.9751
transfer learning,0.9757
meta learning,1.0000
applied learning,0.9758
ability,0.9706
classification,1.0000
task,0.9709
analyzed,0.9709
calculation,0.9750
specific,0.9720
role area however,0.9702
additionally potential,0.9701
model contrast,0.9703
skill,0.9707
examining,0.9738
model,0.9760
identifying,0.9714
tuning,0.9728
using,0.9718
crucial,0.9753
task,0.9732
suggests,0.9712
analyzed,0.9764
calculation,0.9770
specific,0.9773
similarity,0.9746
hyper,0.9739
method,0.9793
additionally potential,0.9703
demand,0.9708
context,0.9710
model contrast,0.9774
relatively,0.9704
significantly,0.9725
examining,0.9744
comparable,0.9719
approach,0.9710
model,0.9710
squared,0.9722
performance using,0.9717
initial,0.9701
contrast,0.9753
weight,0.9702
ability specific,0.9702
identifying,0.9724
compared,0.9725
require,0.9728
tuning,0.9731
concept approximate,0.9704
framework,0.9755
pivotal,0.9733
gradient metal model,0.9702
general model,0.9804
ai model,0.9760
task,0.9709
source task study,0.9708
calculation,0.9750
distance,0.9712
model,0.9760
application several,0.9719
system,0.9731
based,0.9711
transfer,0.9737
task,0.9732
encompass,0.9700
calculation,0.9770
system transfer,0.9716
useful,0.9749
training,0.9706
method,0.9793
method widely,0.9764
generation,0.9730
validation,0.9739
application,0.9766
distance,0.9723
drug,0.9708
approach,0.9710
model,0.9710
application several,0.9721
prediction,0.9808
system,0.9714
based,0.9740
predicting,0.9774
multi,0.9774
method quan,0.9747
task transfer,0.9717
difficult,0.9709
method metal,0.9711
hardness,0.9713
task model,0.9716
task model,0.9833
test task model,0.9766
transfer learning,0.9757
data scar learning,0.9707
forecast learning,0.9752
multi learning,0.9757
specific,0.9720
due diversity control,0.9719
due diversity,0.9727
hind application,0.9726
model,0.9760
condition,0.9700
model due,0.9748
system,0.9731
model due diversity,0.9706
based,0.9711
analysis,0.9723
coupling,0.9795
specific,0.9773
method,0.9793
meta,0.9766
demand,0.9708
precise,0.9720
application,0.9766
input,0.9716
combining,0.9738
model,0.9710
certain,0.9732
problem,0.9702
system,0.9714
compared,0.9725
problem demonstrate,0.9726
model due diversity,0.9721
based,0.9740
certain theoretical,0.9715
regression,1.0000
solution,0.9740
assumption,0.9770
framework,0.9755
neural,0.9757
analytical model,0.9742
theoretical reference model,0.9780
reference model,0.9879
gradient reference model,0.9756
result reference model,0.9730
control model,0.9756
analytical model,0.9826
precise control model,0.9748
meta learning,1.0000
deep learning learning,0.9727
regulation,0.9747
model,0.9760
recognition show proposed,0.9709
model second,0.9756
system,0.9731
recognition show,0.9724
using,0.9718
practice,0.9713
diagnosis,0.9738
reducing,0.9707
vibration,0.9700
operation,0.9725
similarity,0.9746
method,0.9793
significance,0.9727
method effectively,0.9706
effectively,0.9727
model,0.9710
prediction,0.9808
model second,0.9730
problem,0.9702
system,0.9714
data premise,0.9751
neural,0.9757
deep learning learning,0.9727
comparison,0.9779
model,0.9760
requirement,0.9703
advantage,0.9712
system,0.9731
obvious,0.9711
directly,0.9718
method whose,0.9757
comparison,0.9816
training,0.9706
operation,0.9725
method,0.9793
numerical case,0.9733
meta,0.9766
validation,0.9739
specification,0.9710
application,0.9766
input,0.9716
model,0.9710
device,0.9735
requirement,0.9742
extraction,0.9750
comparison fault,0.9725
commonly,0.9730
monitoring,0.9724
market,0.9717
system,0.9714
numerical case involved,0.9734
multiple,0.9713
process,0.9719
multi,0.9774
framework,0.9755
metal method whose,0.9704
method metal,0.9711
meta model,0.9743
monitoring model,0.9760
feature meta model,0.9707
meta model,1.0000
fast model learning,0.9724
ability,0.9706
model broad,0.9729
model,0.9760
adjustment,0.9736
system,0.9731
based,0.9711
module,0.9702
mechanism,0.9777
function paper,0.9725
labeled,0.9759
loss function paper,0.9722
based metal,0.9717
mechanism attention,0.9701
model broad,0.9771
method,0.9793
significant,0.9708
accurately,0.9702
model,0.9710
requires,0.9727
data dependence,0.9726
semantic,0.9805
experiment,0.9701
adjustment,0.9759
mechanism dice,0.9762
system,0.9714
compared,0.9725
based,0.9740
dependence,0.9742
module,0.9760
semantic segment warm,0.9713
data dependence model,0.9723
dependence model,0.9751
baseline model,0.9820
data dependence model,0.9768
dependence model broad,0.9711
dependence model,0.9808
data model,0.9781
learning segment model,0.9740
models central,0.9747
system alongside consideration,0.9708
alongside consideration,0.9705
model,0.9760
system ultimately,0.9713
framework throughout review,0.9714
advantage,0.9712
perspective,0.9721
system,0.9731
prominence,0.9733
models,0.9742
ml solution,0.9710
mechanism,0.9777
opt multi,0.9752
models central,0.9726
ked,0.9706
discussion,0.9704
stimulated,0.9732
survey,0.9702
hyper,0.9739
context,0.9710
automated,0.9730
ml system,0.9711
adjust,0.9750
scattered,0.9714
model,0.9710
integrated,0.9716
independently,0.9753
capability,0.9705
consideration,0.9731
thread,0.9723
architectural,0.9711
perspective,0.9766
system machine,0.9723
problem,0.9702
minimal,0.9707
augmented topic,0.9712
system,0.9714
prominence,0.9747
pursuit,0.9733
research thread,0.9727
solution,0.9740
notion,0.9753
principle,0.9763
process,0.9719
multi,0.9774
framework,0.9755
models,0.9707
flexible,0.9744
integration,0.9721
neural,0.9757
multi model,0.9798
learning model,0.9744
task,0.9709
recommendation cold,0.9710
regular utilized guide,0.9700
utilized guide model,0.9742
utilized guide,0.9734
model,0.9760
overall model,0.9719
system,0.9731
recommendation,0.9700
task,0.9732
suitable learning,0.9723
recommendation cold,0.9723
method significantly,0.9767
method,0.9793
meta,0.9766
particularly,0.9703
method adopt,0.9735
accurately,0.9702
memory,0.9722
significantly,0.9725
model,0.9710
requires,0.9727
due linear,0.9722
problem,0.9702
method designed,0.9709
system,0.9714
require,0.9728
suitable,0.9746
interaction however,0.9716
recommendation historical,0.9725
dual,0.9724
recommendation,0.9744
consumption,0.9700
control model,0.9756
gradient overall model,0.9726
data model,0.9781
method learning,0.9784
meta learning,1.0000
model tend,0.9742
class specifically,0.9748
distance,0.9712
according proportion,0.9734
model,0.9760
following limitation,0.9720
limitation scar,0.9737
significantly setting,0.9721
based,0.9711
detecting novel class,0.9709
following limitation scar,0.9708
subject,0.9709
center using,0.9702
characteristic,0.9725
using,0.9718
kernel,0.9734
research target,0.9705
method based,0.9701
biased,0.9763
based metal,0.9717
contrast novel,0.9728
aperture,0.9700
method,0.9793
meta,0.9766
model tend,0.9775
synthetic,0.9750
split,0.9712
setting,0.9718
significant,0.9708
measurement,0.9807
class specifically,0.9709
furthermore,0.9701
distance,0.9723
significantly,0.9725
according proportion,0.9710
model,0.9710
data synthetic,0.9738
extraction,0.9750
limitation scar,0.9713
method sar,0.9747
contrast,0.9753
balanced,0.9734
based,0.9740
subject,0.9760
difficult,0.9709
characteristic synthetic,0.9713
corresponding,0.9714
furthermore study,0.9718
limitation,0.9726
method learned model,0.9705
metric learning,0.9741
learning task,1.0000
task,0.9709
processing,0.9724
model,0.9760
including learning,0.9708
leverage,0.9704
task including,0.9711
task,0.9732
binding,0.9759
training,0.9706
processing,0.9798
meta,0.9766
deep sequencing,0.9719
approach,0.9710
model,0.9710
sequence,0.9712
including learning,0.9704
acid,0.9761
require,0.9728
leverage,0.9770
screening,0.9785
overcome,0.9707
process,0.9719
label leverage,0.9701
learning model,0.9744
data meta,0.9738
meta learning,1.0000
specific,0.9720
metal system,0.9708
type,0.9710
model,0.9760
system,0.9731
identifying,0.9714
based,0.9711
method system,0.9704
mechanism,0.9777
specific,0.9773
training,0.9706
method,0.9793
meta,0.9766
ai method need,0.9729
anomaly,0.9749
type,0.9749
model,0.9710
anomaly class,0.9722
capability,0.9705
experiment,0.9701
problem,0.9702
system,0.9714
identifying,0.9724
compared,0.9725
based,0.9740
process,0.9719
licence,0.9701
system adopt,0.9751
network model,0.9766
detection model,0.9760
network learning,0.9773
task,0.9709
bias,0.9723
specific,0.9720
considering per,0.9712
task targeted,0.9742
model,0.9760
model outer,0.9758
model first,0.9701
system,0.9731
transfer,0.9737
task,0.9732
bias,0.9780
specific,0.9773
setting,0.9718
considering per,0.9722
combining,0.9738
model,0.9710
model outer,0.9734
prediction,0.9808
system,0.9714
multiple,0.9713
multiple model,0.9709
task,0.9709
specific,0.9720
system,0.9731
module,0.9702
decision,0.9717
task,0.9732
specific,0.9773
training,0.9706
method,0.9793
meta,0.9766
utilization method,0.9708
method greatly,0.9780
method reinforcement,0.9705
technology used,0.9711
problem,0.9702
system,0.9714
compared,0.9725
buffer,0.9719
resulting,0.9707
extend,0.9711
process,0.9719
module,0.9760
interfere,0.9704
licence,0.9701
reinforcement,0.9727
meta learning,1.0000
classification,1.0000
task,0.9709
typically,0.9702
inter node,0.9705
model,0.9760
system,0.9731
based,0.9711
task labeled,0.9708
transfer,0.9737
task,0.9732
transferring,0.9727
labeled,0.9759
training,0.9706
method,0.9793
supervision,0.9727
meta,0.9766
training paradigm,0.9721
typically,0.9705
approach,0.9710
model,0.9710
ep training paradigm,0.9711
commonly,0.9730
experiment,0.9701
paradigm meta,0.9731
problem,0.9702
paradigm,0.9754
system,0.9714
require,0.9728
based,0.9740
framework,0.9755
model typically,0.9700
neural,0.9757
learning model,0.9744
model meta,0.9718
ml model,0.9747
model meta,0.9711
graph learning,0.9700
system learning,0.9838
ability,0.9706
classification,1.0000
task,0.9709
comparison,0.9779
effective classification,0.9776
category,0.9777
comparison adopt way,0.9764
model give,0.9709
model far,0.9739
classification however,0.9832
category gathered,0.9785
classification background,0.9800
model focus,0.9732
distance,0.9712
type,0.9710
classification labeled,0.9801
model,0.9760
model decrease,0.9738
conclusion,0.9713
advantage,0.9712
method among,0.9720
disregard background scenario,0.9703
perspective,0.9721
identifying,0.9714
based,0.9711
testing,0.9720
phase,0.9702
category propose,0.9743
characteristic,0.9725
momentum,0.9736
using,0.9718
transfer,0.9737
mechanism,0.9777
methods,0.9794
task,0.9732
metric method editorial,0.9721
embedded,0.9767
comparison adopt,0.9732
comparison,0.9816
particular learning,0.9700
labeled,0.9759
training,0.9706
stretch,0.9702
similarity,0.9746
category,0.9753
settings,0.9755
particular,0.9707
model give,0.9737
method,0.9793
significance,0.9727
meta,0.9766
model far,0.9724
method amc,0.9773
residue,0.9730
setting,0.9718
category gathered,0.9728
basis,0.9776
model focus,0.9725
method editorial,0.9720
adjust,0.9750
focus,0.9740
distance,0.9723
type,0.9749
classification labeled,0.9724
input,0.9716
combining,0.9738
approach,0.9710
model,0.9710
accordance,0.9729
device,0.9735
beneficial,0.9727
model decrease,0.9770
method among,0.9758
experiment,0.9701
perspective,0.9766
consequence,0.9770
problem,0.9702
methods model,0.9723
category propose meta,0.9700
identifying,0.9724
compared,0.9725
based,0.9740
setting compared,0.9715
method consist,0.9728
testing,0.9763
suitable,0.9746
principle,0.9763
phase,0.9749
self mechanism,0.9729
difficult,0.9709
bypass,0.9732
neural,0.9757
category propose,0.9724
weight,0.9702
methods model,0.9706
classification methods model,0.9747
capacity model,0.9752
ability model,0.9730
general ability model,0.9785
general capacity model,0.9787
force model,0.9772
classification methods model,0.9706
set learning,0.9722
objective learning,0.9810
metric learning,0.9741
meta learning,1.0000
performance learning,0.9715
network learning,0.9773
transmission,0.9717
rates,0.9704
factor,0.9727
system,0.9731
reflecting bs,0.9725
leverage,0.9704
phase,0.9702
allocation utilizing metal,0.9720
power,0.9723
energy,0.9705
transmission,0.9707
beam,0.9720
utilizing,0.9730
simulation,0.9750
effective interference,0.9725
method,0.9793
activation,0.9733
integrating,0.9786
additionally sub,0.9733
due dynamic,0.9721
opt ono status,0.9712
splitting,0.9749
adaptive remarkably manages,0.9700
phase shift,0.9700
rates,0.9757
problem,0.9702
factor,0.9740
system,0.9714
leverage,0.9770
multiple,0.9713
phase,0.9749
specifically transmission,0.9714
fixed,0.9705
reflecting,0.9707
consumption,0.9700
reinforcement,0.9727
system deep learning,0.9718
influencing,0.9720
analysis led,0.9721
system,0.9731
leverage,0.9704
decision,0.9717
flow,0.9768
mechanism,0.9777
analysis,0.9723
influencing,0.9734
simulation,0.9750
insight,0.9762
hyper,0.9739
particularly medium,0.9705
particularly,0.9703
analysis led,0.9764
algorithm across,0.9718
furthermore,0.9701
application,0.9766
memory,0.9722
across set test,0.9716
integrated,0.9716
extraction,0.9750
problem,0.9702
post analysis led,0.9713
system,0.9714
incorporating,0.9746
simulation bottle,0.9746
resulting,0.9707
leverage,0.9770
solution,0.9740
multi,0.9774
fundamental,0.9742
learning task,1.0000
system,0.9731
model,0.9760
data specific,0.9735
classification,1.0000
tuning,0.9728
task,0.9709
specific,0.9720
comparison,0.9779
input,0.9716
system,0.9714
particular,0.9707
method,0.9793
model,0.9710
data specific,0.9736
method machine,0.9771
automated,0.9730
tuning,0.9731
task,0.9732
process,0.9719
specific,0.9773
comparison,0.9816
survey,0.9702
system machine,0.9723
furthermore,0.9701
problem,0.9702
focus,0.9740
hyper,0.9739
based,0.9711
bypass need training,0.9710
effectively bypass,0.9706
bypass need,0.9732
rates,0.9704
significantly,0.9725
reveal,0.9714
based,0.9740
data mini,0.9719
multiple,0.9713
solution,0.9740
effectively bypass,0.9711
directly,0.9718
framework,0.9755
splitting,0.9749
bypass,0.9732
effectively,0.9727
training,0.9706
rates,0.9757
neural,0.9757
regime,0.9733
adapt crowd counting,0.9703
model able,0.9731
model,0.9760
rather considering diverse,0.9706
system,0.9731
adaptive crowd counting,0.9727
using,0.9718
analysis,0.9723
utilizing,0.9730
method called,0.9706
diverse,0.9721
simulation,0.9750
labeled,0.9759
model particular,0.9742
training,0.9706
pseudo,0.9712
particular,0.9707
method,0.9793
meta,0.9766
model able,0.9714
resolution,0.9740
input,0.9716
paradigm specifically,0.9736
model,0.9710
learning metal paradigm,0.9717
thus improve,0.9708
prediction,0.9808
experiment,0.9701
problem,0.9702
paradigm,0.9754
system,0.9714
tackle,0.9713
multiple,0.9713
process,0.9719
counting model particular,0.9701
numerical model,0.9727
multiple model,0.9709
learning model,0.9744
counting model,0.9780
opt model,0.9705
system counting model,0.9748
meta learning,1.0000
task,0.9709
protection,0.9734
model,0.9760
system,0.9731
measuring,0.9721
module,0.9702
energy,0.9705
analysis label,0.9758
analysis,0.9723
task,0.9732
reducing,0.9707
labeled,0.9759
training,0.9706
method,0.9793
incorporating fed,0.9724
phone method face,0.9703
automated,0.9730
generation,0.9730
accurately,0.9702
measurement,0.9807
protection,0.9704
application,0.9766
significantly,0.9725
approach,0.9710
study propose distributed,0.9745
model,0.9710
collaboration,0.9731
monitoring,0.9724
system,0.9714
incorporating,0.9746
measuring,0.9738
hurdle,0.9736
multiple,0.9713
temperature,0.9732
module,0.9760
system us,0.9701
limitation,0.9726
data model,0.9781
ability,0.9706
classification,1.0000
novel task lead,0.9709
task,0.9709
candidate task,0.9706
model contain,0.9716
selected candidate task,0.9715
ability novel,0.9715
model,0.9760
model first,0.9701
classification task,0.9741
system,0.9731
article classification controlled,0.9709
based,0.9711
task,0.9732
discussion,0.9704
based meta,0.9718
method based,0.9701
useful,0.9749
training,0.9706
method,0.9793
meta,0.9766
method achieve,0.9722
method widely,0.9764
model contain,0.9746
useful meta,0.9713
ability novel,0.9700
novel task meanwhile,0.9723
furthermore,0.9701
model,0.9710
prediction,0.9808
initial,0.9701
experiment,0.9701
certain,0.9732
problem,0.9702
method meta,0.9718
system,0.9714
based,0.9740
extend,0.9711
novel task meta,0.9727
multiple,0.9713
based meta proposed,0.9724
meta model,0.9743
ensemble model,0.9710
wang ensemble model,0.9709
multiple model,0.9709
meta model meta,0.9747
model meta,0.9718
useful meta model,0.9719
system ensemble model,0.9714
meta model,1.0000
ensemble model,0.9765
model meta,0.9711
meta learning,1.0000
problem learning,0.9733
task,0.9709
gap,0.9707
model,0.9760
data across,0.9724
system,0.9731
model cross,0.9743
challenging fill research,0.9729
characteristic,0.9725
transfer,0.9737
analysis,0.9723
task,0.9732
transfer hate,0.9720
training,0.9706
traction,0.9744
particularly,0.9703
setting,0.9718
significant,0.9708
bulk,0.9739
effectively,0.9727
analyze,0.9748
model,0.9710
toxic,0.9707
capture,0.9703
initial,0.9701
experiment,0.9701
system,0.9714
overcome,0.9707
model cross,0.9732
solution,0.9740
neglect,0.9706
multi,0.9774
framework,0.9755
scar produce,0.9704
limitation,0.9726
system adaptation model,0.9717
system adaptation model,0.9760
language model,0.9784
ability,0.9706
classification,1.0000
classification recently,0.9769
classification perform,0.9796
challenging paper,0.9723
task,0.9709
category,0.9777
limit,0.9728
challenge finer classification,0.9757
category across different,0.9740
category across,0.9790
particularly method show,0.9710
particularly method,0.9709
module,0.9702
task particularly,0.9723
spectral,0.9714
observation,0.9740
crucial,0.9753
transfer,0.9737
classification recently,0.9721
analysis,0.9723
technology address,0.9727
task,0.9732
labeled,0.9759
category,0.9753
hyper,0.9739
limit,0.9739
assessment,0.9766
method,0.9793
geometric,0.9713
particularly,0.9703
category across,0.9700
method attain,0.9766
resolution,0.9740
semantic,0.9805
particularly method show,0.9727
experiment,0.9701
sensor,0.9742
compared,0.9725
incorporating,0.9746
fusion,0.9739
solution,0.9740
particularly method,0.9758
module,0.9760
multi,0.9774
di lid,0.9705
framework,0.9755
analysis however,0.9714
transfer cross,0.9745
spectral,0.9769
learning transfer,0.9728
feature learning,0.9733
relation learning,0.9721
task learning,0.9801
cross feature learning,0.9764
resolution learning,0.9735
multi learning,0.9757
model encompassing,0.9735
model,0.9760
activity using,0.9702
based,0.9711
model encompassing,0.9766
using,0.9718
drug,0.9708
method,0.9793
approach,0.9710
model,0.9710
activity using,0.9757
data ethical,0.9731
based,0.9740
predicting,0.9774
multi,0.9774
project,0.9737
prediction,0.9808
interest,0.9730
baseline model encompassing,0.9732
baseline model,0.9820
set learning,0.9722
bench learning,0.9718
ability,0.9706
condition,0.9700
system,0.9731
based,0.9711
power,0.9723
energy,0.9705
approach based thompson,0.9712
simulation,0.9750
meta,0.9766
sampling,0.9746
approach due,0.9739
effectively,0.9727
adjust,0.9750
approach,0.9710
td approach,0.9743
problem,0.9702
system,0.9714
scheme based thompson,0.9731
resulting,0.9707
based,0.9740
overcome,0.9707
solution,0.9740
framework,0.9755
consumption,0.9700
reinforcement,0.9727
meta learning,1.0000
processing,0.9724
model,0.9760
automatic selection,0.9712
model firstly,0.9720
phase,0.9702
using,0.9718
energy,0.9705
practice,0.9713
flow,0.9768
rule,0.9740
problem aluminum,0.9702
fuzzy,0.9728
training,0.9706
processing,0.9798
method,0.9793
meta,0.9766
model conduct,0.9741
fuzzy hybrid,0.9706
phase utilizes,0.9749
problem energy,0.9732
model,0.9710
problem ee,0.9740
initial,0.9701
experiment,0.9701
problem,0.9702
setup,0.9754
model firstly,0.9712
solution,0.9740
problems,0.9714
multi,0.9774
phase,0.9749
framework,0.9755
method solving ee,0.9742
consumption,0.9700
dispatch,0.9704
ability,0.9706
classification,1.0000
fitting ability since,0.9743
task,0.9709
connection,0.9704
ability since,0.9721
gap,0.9707
classification promising,0.9774
model,0.9760
system,0.9731
incorporate,0.9737
transfer,0.9737
task,0.9732
labeled,0.9759
connection,0.9741
method,0.9793
meta,0.9766
including supervised,0.9705
semi learning,0.9761
comparing,0.9738
topology,0.9721
adjust,0.9750
batch,0.9702
model,0.9710
capability,0.9705
prediction,0.9808
experiment,0.9701
problem,0.9702
system,0.9714
algorithm cc,0.9732
framework semi,0.9715
versa propose metal,0.9712
framework,0.9755
dual,0.9724
node un model,0.9733
transfer learning,0.9757
meta learning,1.0000
learning transfer,0.9728
ac meta learning,0.9733
modulation,0.9716
model,0.9760
system,0.9731
using,0.9718
diverse,0.9721
training,0.9706
privacy technique,0.9706
using approach,0.9701
activation,0.9733
context,0.9710
learning paradigm,0.9745
significant,0.9708
adjust,0.9750
modulation,0.9782
batch,0.9702
approach,0.9710
model,0.9710
device,0.9735
capability,0.9705
system machine,0.9723
paradigm,0.9754
system,0.9714
compared,0.9725
incorporating,0.9746
multiple,0.9713
framework,0.9755
optimal model,0.9702
activation base model,0.9775
learning model,0.9744
approach model,0.9782
convergence speed model,0.9741
context learning,0.9832
classification,1.0000
classification achieved,0.9828
model,0.9760
system,0.9731
based,0.9711
however accurately detecting,0.9720
transfer,0.9737
transform,0.9777
vision transform,0.9704
method,0.9793
meta,0.9766
demand,0.9708
automated,0.9730
precise,0.9720
accurately,0.9702
customized,0.9778
significantly,0.9725
spot,0.9715
model,0.9710
rust,0.9721
problem,0.9702
system,0.9714
compared,0.9725
based,0.9740
stem,0.9722
multiple,0.9713
leaf,0.9754
data wheat,0.9737
model term,0.9768
neural,0.9757
network model,0.9766
classification proposed model,0.9746
meta learning,1.0000
network learning,0.9773
particular operation,0.9725
model,0.9760
system,0.9731
based,0.9711
phase,0.9702
model layer,0.9704
transformation,0.9793
shifting,0.9711
operation,0.9725
particular operation,0.9704
particular,0.9707
privacy technique,0.9706
synthetic,0.9750
setting,0.9718
significantly,0.9725
scaling,0.9777
approach,0.9710
model,0.9710
capture,0.9703
experiment,0.9701
het conduct extensive,0.9750
focused,0.9710
system,0.9714
compared,0.9725
based,0.9740
phase based,0.9704
multiple,0.9713
phase,0.9749
global model,0.9805
learning model,0.9744
learning global model,0.9703
task,0.9709
based first stage,0.9702
model,0.9760
model due,0.9748
system,0.9731
based,0.9711
classical res backbone,0.9713
task,0.9732
evolution stock,0.9714
training,0.9706
series mining,0.9703
meta,0.9766
sampling,0.9746
setting,0.9718
encoding,0.9757
furthermore,0.9701
model,0.9710
importance,0.9708
prediction,0.9808
standard,0.9735
experiment,0.9701
problem,0.9702
paradigm,0.9754
system,0.9714
compared,0.9725
based,0.9740
speaking,0.9745
extend,0.9711
problem stock,0.9733
framework classical,0.9721
framework,0.9755
movement,0.9751
deep learning model,0.9706
learning model,0.9744
forecast learning,0.9752
learning forecast learning,0.9727
self learning,0.9713
especially data highly,0.9706
zone,0.9726
especially data,0.9720
model,0.9760
system,0.9731
based,0.9711
power,0.9723
system central,0.9719
transform,0.9777
especially data highly,0.9719
training,0.9706
especially data,0.9734
method,0.9793
meta,0.9766
lever,0.9737
basis,0.9776
significantly,0.9725
approach,0.9710
model,0.9710
integrated,0.9716
process especially,0.9733
isolated,0.9741
system,0.9714
based,0.9740
data highly,0.9715
process,0.9719
system central,0.9715
fed learning model,0.9710
learning model,0.9744
model meta,0.9718
model meta,0.9711
meta learning,1.0000
information across,0.9720
est assessment,0.9718
tc firstly leverage,0.9706
model,0.9760
assessment pia highly,0.9704
module afi,0.9729
leverage,0.9704
preference,0.9754
module,0.9702
power,0.9723
ho consideration diverse,0.9702
state method bench,0.9713
dependency,0.9802
incorporate,0.9737
vary,0.9752
model struggle,0.9733
transform,0.9777
diverse,0.9721
est assessment,0.9786
branch,0.9721
assessment,0.9766
vision transform,0.9704
method,0.9793
struggle,0.9716
effectively,0.9727
furthermore,0.9701
approach,0.9710
model,0.9710
requires,0.9727
enabling,0.9755
consideration,0.9731
method bench,0.9776
capture,0.9703
seam,0.9739
module afi,0.9730
fusion,0.9739
leverage,0.9770
est assessment con,0.9707
preference,0.9708
module,0.9760
ho consideration diverse,0.9730
neural,0.9757
generic model,0.9762
traditional generic model,0.9773
specific,0.9720
category,0.9777
model,0.9760
conclusion,0.9713
system,0.9731
metal code,0.9716
phase,0.9702
practice,0.9713
transfer,0.9737
visually,0.9701
rule,0.9740
km design,0.9748
specific,0.9773
training,0.9706
category,0.9753
natural,0.9713
method,0.9793
meta,0.9766
context,0.9710
generation,0.9730
significant,0.9708
relatively,0.9704
method meta employ,0.9726
effectively,0.9727
scale,0.9712
phase combining,0.9759
combining,0.9738
approach,0.9710
model,0.9710
sequence,0.9712
capability,0.9705
effectively extract,0.9704
experiment,0.9701
method meta,0.9718
system,0.9714
including solid,0.9706
compared,0.9725
overcome,0.9707
phase,0.9749
framework,0.9755
neural,0.9757
transfer learning,0.9757
generation learning,0.9811
choice,0.9764
connection,0.9704
model,0.9760
system,0.9731
emphasizing need system,0.9768
module,0.9702
subject,0.9709
recommendation,0.9700
using,0.9718
utilizing,0.9730
gesture,0.9701
project,0.9737
connection,0.9741
meta,0.9766
basis,0.9776
analyzing,0.9721
application,0.9766
significantly,0.9725
input,0.9716
system sim,0.9709
effective subject,0.9738
approach,0.9710
model,0.9710
enabling,0.9755
minimal,0.9707
system,0.9714
tailored,0.9715
emphasizing need system,0.9700
suitable,0.9746
module,0.9760
multi,0.9774
subject,0.9760
gem,0.9702
system siam,0.9721
project utilizing,0.9720
emphasizing,0.9701
recommendation,0.9744
module model,0.9835
learning model,0.9744
emotion module model,0.9799
interaction learning,0.9825
meta learning,1.0000
task,0.9709
model utilizing,0.9733
model,0.9760
system,0.9731
based,0.9711
addressing,0.9701
module,0.9702
module specifically,0.9709
coverage,0.9700
method suffer,0.9770
task,0.9732
utilizing,0.9730
empirical,0.9751
training,0.9706
derived,0.9719
method,0.9793
meta,0.9766
method achieve,0.9722
model utilizing,0.9740
inference,0.9787
generation,0.9730
significant,0.9708
significantly,0.9725
model,0.9710
experiment,0.9701
diffusion,0.9812
system,0.9714
compared,0.9725
resulting,0.9707
based,0.9740
addressing,0.9752
tackle,0.9713
cid,0.9704
process,0.9719
module,0.9760
module specifically,0.9723
generation learning,0.9811
ability,0.9706
classification,1.0000
task,0.9709
work demonstrated,0.9716
approach significantly,0.9705
category,0.9777
processing,0.9724
learning devised model,0.9743
typically,0.9702
model,0.9760
task paper,0.9708
classify,0.9730
devised model improves,0.9702
system,0.9731
based,0.9711
investigation,0.9721
aligned,0.9747
using,0.9718
neural novel,0.9741
task,0.9732
rotation,0.9785
based composite,0.9739
empirical,0.9751
training,0.9706
approach significantly,0.9781
natural,0.9713
category,0.9753
processing,0.9798
supervision,0.9727
context,0.9710
relatively,0.9704
typically,0.9705
focus,0.9740
significantly,0.9725
approach,0.9710
model,0.9710
capture,0.9703
experiment,0.9701
classify,0.9775
system,0.9714
based,0.9740
licence,0.9701
neural,0.9757
baseline model,0.9820
empirical model,0.9803
representation model,0.9790
en training model,0.9730
context learning,0.9832
data learning,0.9768
self learning,0.9713
task learning,0.9801
self context learning,0.9700
ability,0.9706
inference ea novel,0.9702
system,0.9731
characteristic,0.9725
decision,0.9717
diverse,0.9721
useful,0.9749
inference hydro,0.9772
response,0.9741
sampling,0.9746
entity particularly,0.9712
inference,0.9787
particularly,0.9703
setting,0.9718
accurately,0.9702
application,0.9766
interpretation,0.9723
conditioned,0.9709
approach,0.9710
proficient,0.9718
prediction,0.9808
modeled,0.9745
problem,0.9702
system,0.9714
application learning,0.9740
system learning,0.9838
system,0.9731
model,0.9760
additionally meta,0.9704
rates,0.9704
processing,0.9724
system,0.9714
approach,0.9710
meta,0.9766
model,0.9710
model struggle,0.9733
struggle,0.9716
thus novel,0.9707
additionally meta,0.9724
diverse,0.9721
framework,0.9755
adjusting,0.9748
rates,0.9757
approach address,0.9718
seam,0.9739
natural,0.9713
neural,0.9757
processing,0.9798
deep learning model,0.9706
learning model,0.9744
additionally performance surpassed,0.9721
model leverage,0.9770
distance,0.9712
model,0.9760
additionally performance,0.9747
requirement,0.9703
conclusion,0.9713
model relying,0.9742
condition,0.9700
system,0.9731
leverage,0.9704
process utilizing,0.9762
using,0.9718
diagnosis,0.9738
transfer,0.9737
utilizing,0.9730
specialist,0.9723
system specifically,0.9706
derived,0.9719
hyper,0.9739
model leverage,0.9775
method,0.9793
meta,0.9766
diagnostic,0.9707
underwent,0.9719
distance,0.9723
model,0.9710
additionally performance,0.9710
integrated,0.9716
requirement,0.9742
model relying single,0.9702
capability,0.9705
model relying,0.9749
demonstrates,0.9703
standard,0.9735
minimal,0.9707
distinguishing,0.9754
system,0.9714
compared,0.9725
tailored,0.9715
leverage,0.9770
process,0.9719
model integrated,0.9707
dual,0.9724
limitation,0.9726
transfer learning,0.9757
metric learning,0.9741
meta learning,1.0000
ability,0.9706
classification,1.0000
approach final classification,0.9715
model namely,0.9703
type,0.9710
model,0.9760
combined selecting near,0.9702
classify,0.9730
identifying,0.9714
based,0.9711
feature using,0.9701
classification performed classify,0.9772
data using,0.9718
using,0.9718
model namely,0.9744
forge,0.9702
method,0.9793
spreading,0.9710
significant,0.9708
manipulation,0.9702
type,0.9749
approach,0.9710
model,0.9710
therefore ability,0.9723
selection metal,0.9726
sequence,0.9712
combined selecting,0.9715
experiment,0.9701
classify,0.9775
problem,0.9702
identifying,0.9724
experimentation,0.9749
based,0.9740
solution,0.9740
multi,0.9774
data using,0.9714
deep learning model,0.9706
learning model,0.9744
classification,1.0000
classification combining,0.9740
classification received,0.9756
specific,0.9720
fusion decision,0.9724
classification classification,0.9867
module,0.9702
decision,0.9717
mechanism,0.9777
transformation,0.9793
specific,0.9773
training,0.9706
compare,0.9728
method,0.9793
fusion learning,0.9717
validation,0.9739
significant,0.9708
fusion decision,0.9772
combined multi,0.9730
furthermore,0.9701
focus,0.9740
combining,0.9738
integrated,0.9716
extraction,0.9750
prediction,0.9808
multi mechanism obtaining,0.9721
fusion,0.9739
resulting,0.9707
transformation metal,0.9717
multiple,0.9713
multi mechanism restricted,0.9725
method like,0.9708
suitable,0.9746
process,0.9719
module,0.9760
multi,0.9774
fundamental,0.9742
specific fundamental,0.9728
transforming,0.9713
task,0.9709
payment,0.9718
regulation,0.9747
model,0.9760
system,0.9731
based,0.9711
power,0.9723
regulatory resource caused,0.9707
using,0.9718
method reduces,0.9708
deep meta deter,0.9730
analysis,0.9723
task,0.9732
simulation,0.9750
collapse,0.9735
payment,0.9746
training,0.9706
method,0.9793
meta,0.9766
method regulatory,0.9749
effectively,0.9727
model,0.9710
system press,0.9704
method centralized,0.9704
market,0.9717
system,0.9714
therefore offer,0.9710
based,0.9740
multi,0.9774
frequency,0.9763
rely,0.9709
simulation model,0.9749
classification,1.0000
due noise,0.9733
task,0.9709
category,0.9777
correction,0.9741
modulation,0.9716
type,0.9710
particularly investigate,0.9701
model,0.9760
selection objective,0.9709
leverage,0.9704
testing,0.9720
utilized metal,0.9723
transfer,0.9737
due noise,0.9706
boost,0.9739
task,0.9732
labeling,0.9769
approach semi,0.9740
training,0.9706
category,0.9753
natural,0.9713
pseudo,0.9712
method,0.9793
method mit,0.9736
struggle,0.9716
mit problem,0.9731
particularly,0.9703
setting,0.9718
semi learning,0.9761
highlighting,0.9733
effectively,0.9727
correction,0.9721
modulation,0.9782
type,0.9749
approach,0.9710
model,0.9710
selection objective,0.9733
prediction,0.9808
standard,0.9735
problem,0.9702
sensitivity,0.9727
leverage,0.9770
testing,0.9763
process,0.9719
multi,0.9774
thereby highlighting,0.9704
learning model,0.9744
sample learning,0.9775
method learning,0.9784
multi learning,0.9757
state take,0.9701
classification,1.0000
task,0.9709
model explained,0.9748
computational task involved,0.9713
model,0.9760
classify,0.9730
task involved,0.9728
system,0.9731
based,0.9711
characteristic,0.9725
analysis,0.9723
task,0.9732
directly,0.9718
based meta,0.9718
operation,0.9725
method,0.9793
meta,0.9766
model explained,0.9723
method achieve,0.9722
particularly,0.9703
computational task involved,0.9716
computing however,0.9732
divide,0.9737
approach,0.9710
model,0.9710
device,0.9735
consideration,0.9731
classify,0.9775
focused,0.9710
system,0.9714
based,0.9740
difficult,0.9709
neural,0.9757
reinforcement,0.9727
generic model,0.9762
device generic model,0.9734
network model,0.9766
learning model,0.9744
cluster model,0.9776
global learning,0.9701
meta learning,1.0000
ability,0.9706
important however performance,0.9706
task,0.9709
specific,0.9720
using data,0.9714
model,0.9760
condition,0.9700
based specific,0.9710
challenging address,0.9712
identifying,0.9714
leverage,0.9704
based,0.9711
task identifying,0.9710
using,0.9718
carbon,0.9746
transfer,0.9737
task,0.9732
specific,0.9773
useful,0.9749
training,0.9706
hyper,0.9739
important,0.9712
method,0.9793
meta,0.9766
approach carbon,0.9748
specific fm,0.9709
fiber,0.9769
approach,0.9710
model,0.9710
notably,0.9708
method leverage,0.9748
based specific,0.9722
structural,0.9775
experiment,0.9701
monitoring,0.9724
problem,0.9702
minimal,0.9707
identifying,0.9724
rarely,0.9710
plastic,0.9755
leverage,0.9770
based,0.9740
corresponding,0.9714
harness,0.9730
damage condition model,0.9713
condition model,0.9751
transfer learning,0.9757
hyper learning,0.9741
meta learning,1.0000
domain learning,0.9812
ability,0.9706
classification,1.0000
following semi metal,0.9722
capability following,0.9752
superiority model,0.9727
test set,0.9724
type,0.9710
model,0.9760
condition,0.9700
system,0.9731
based,0.9711
scattering,0.9700
using,0.9718
bearing fault diagnosis,0.9715
diagnosis,0.9738
crucial,0.9753
mechanism,0.9777
analysis,0.9723
transform,0.9777
paradigm proposed,0.9734
labeled,0.9759
vibration,0.9700
operation,0.9725
operating,0.9702
method,0.9793
fault diagnosis,0.9701
accurately,0.9702
research large,0.9703
method furthermore,0.9737
encoding,0.9757
furthermore,0.9701
mechanism con,0.9721
type,0.9749
system roller,0.9719
en model,0.9711
model,0.9710
device,0.9735
integrated,0.9716
capability,0.9705
initial,0.9701
monitoring,0.9724
paradigm,0.9754
system,0.9714
based,0.9740
tackle,0.9713
difficult,0.9709
scattering,0.9750
feature en model,0.9765
method learning,0.9784
specific,0.9720
system even though,0.9709
model,0.9760
condition,0.9700
system,0.9731
due limitation,0.9719
energy,0.9705
technique particle,0.9725
deep neural,0.9743
specific,0.9773
empirical,0.9751
important,0.9712
fluid,0.9739
application,0.9766
approach,0.9710
model,0.9710
sphere,0.9704
system,0.9714
multi,0.9774
neural,0.9757
limitation,0.9726
learning liquid reliability,0.9707
learning deep neural,0.9705
network learning,0.9773
ability,0.9706
bias,0.9723
model,0.9760
kernel,0.9734
bias,0.9780
training,0.9706
method,0.9793
meta,0.9766
deficiency,0.9765
fusion named,0.9704
inference,0.9787
semi learning,0.9761
approach,0.9710
model,0.9710
prediction,0.9808
experiment,0.9701
eventually experiment,0.9700
approach supplement,0.9705
fusion,0.9739
evidence fusion named,0.9708
process,0.9719
multi,0.9774
integration,0.9721
weight,0.9702
state model,0.9703
integration model,0.9755
state model,0.9813
propagation learning,0.9773
meta learning,1.0000
potential weakness,0.9706
task,0.9709
importantly,0.9706
typically,0.9702
task paper,0.9708
weakness,0.9721
classify,0.9730
system,0.9731
importantly approach,0.9710
based,0.9711
testing,0.9720
using,0.9718
analysis,0.9723
approach lead notable,0.9743
task,0.9732
labeled,0.9759
importantly,0.9740
training,0.9706
method,0.9793
supervision,0.9727
meta,0.9766
sampling,0.9746
setting,0.9718
measurement,0.9807
typically,0.9705
method consistently,0.9728
approach lead,0.9704
approach,0.9710
extraction,0.9750
strengthening,0.9735
classify,0.9775
system,0.9714
importantly approach,0.9730
method several,0.9744
resulting,0.9707
based,0.9740
multiple,0.9713
testing,0.9763
advantage metal attention,0.9720
configuration,0.9752
task,0.9709
comparison,0.9779
gap,0.9707
model,0.9760
requirement,0.9703
condition,0.9700
advantage,0.9712
advantage metal,0.9712
based,0.9711
addressing,0.9701
specifically approach,0.9704
method combine,0.9751
diagnosis,0.9738
mechanism,0.9777
analysis,0.9723
configuration,0.9770
task,0.9732
comparison,0.9816
scar failure,0.9708
training,0.9706
method,0.9793
approach tackle,0.9718
method achieve,0.9722
diagnostic,0.9707
fault diagnosis,0.9701
effectively,0.9727
application,0.9766
approach,0.9710
model,0.9710
practical application address,0.9707
requirement,0.9742
extraction,0.9750
demonstrates,0.9703
experiment,0.9701
based,0.9740
addressing,0.9752
tackle,0.9713
specifically approach,0.9729
diagnostic model,0.9743
including classification inconsistent,0.9712
classification,1.0000
stage equipped uncertainty,0.9710
model,0.9760
including classification,0.9813
system,0.9731
based,0.9711
preference,0.9754
module,0.9702
transfer,0.9737
novel training paradigm,0.9738
problem via,0.9705
labeled,0.9759
training,0.9706
method,0.9793
meta,0.9766
inherently,0.9713
training paradigm,0.9721
stage equipped uncertainty,0.9704
application,0.9766
model,0.9710
standard,0.9735
initial,0.9701
experiment,0.9701
problem,0.9702
paradigm,0.9754
system,0.9714
compared,0.9725
based,0.9740
solution,0.9740
preference,0.9708
module,0.9760
licence,0.9701
assumption,0.9770
however based,0.9702
neural,0.9757
weight,0.9702
solution learning,0.9810
learning transfer,0.9728
problem learning,0.9733
classification,1.0000
task,0.9709
data aug among,0.9727
category,0.9777
style,0.9725
specifically split,0.9709
classification task,0.9741
leverage,0.9704
based,0.9711
phase,0.9702
power,0.9723
method termed,0.9721
data shu,0.9702
observation,0.9740
decision,0.9717
analysis power,0.9706
analysis,0.9723
task,0.9732
utilizing,0.9730
transform,0.9777
specifically split augmented,0.9702
transforms,0.9769
labeled,0.9759
operation,0.9725
category,0.9753
style,0.9734
method,0.9793
spectrum,0.9736
approach alleviate,0.9752
split,0.9712
termed,0.9753
approach,0.9710
cap,0.9716
semantic,0.9805
experiment,0.9701
problem,0.9702
compared,0.9725
data fourier,0.9724
leverage,0.9770
based,0.9740
based data fourier,0.9720
method termed fourier,0.9703
data shu fourier,0.9749
interfere,0.9704
utilizing method brings,0.9712
phase,0.9749
method termed,0.9752
frequency,0.9763
data shu,0.9716
termed fourier,0.9727
self learning,0.9713
ability,0.9706
model,0.9760
task,0.9709
model adopt,0.9704
aligned,0.9747
method,0.9793
meta,0.9766
model,0.9710
fusion,0.9739
requires,0.9727
context,0.9710
semantic,0.9805
task,0.9732
generation,0.9730
understanding,0.9711
multi,0.9774
alignment adopt,0.9729
model adopt,0.9755
training,0.9706
context demonstration,0.9712
problem,0.9702
generation ability model,0.9715
mod model,0.9756
general ability model,0.9785
ability model,0.9730
meta learning,1.0000
multi learning,0.9757
configuration,0.9752
guidance,0.9728
gap,0.9707
model,0.9760
superiority proposed method,0.9725
requirement,0.9703
condition,0.9700
system,0.9731
based,0.9711
superiority proposed,0.9754
gear,0.9743
specifically study,0.9706
carbon,0.9746
analysis,0.9723
configuration,0.9770
transformation,0.9793
model combine,0.9740
simulation,0.9750
important,0.9712
method,0.9793
guidance,0.9744
mach,0.9705
specification,0.9710
carbon discrete,0.9702
basis,0.9776
data discrete,0.9787
analyze,0.9748
batch,0.9702
approach,0.9710
basis modified multi,0.9733
model,0.9710
based data discrete,0.9716
modified multi,0.9704
requirement,0.9742
precision,0.9771
capability,0.9705
system,0.9714
based,0.9740
process,0.9719
multi,0.9774
licence,0.9701
task,0.9709
significantly cross,0.9708
condition,0.9700
bearing data,0.9756
module,0.9702
bearing fault diagnosis,0.9715
diagnosis,0.9738
converting,0.9757
analysis,0.9723
task,0.9732
reducing,0.9707
filter,0.9780
method significantly,0.9767
similarity,0.9746
method,0.9793
diagnostic,0.9707
fault diagnosis,0.9701
significantly cross,0.9712
method achieving,0.9724
effectively,0.9727
sample working,0.9719
memory,0.9722
significantly,0.9725
deep learning fault,0.9706
extraction,0.9750
initial,0.9701
problem,0.9702
module,0.9760
filtering,0.9771
neural,0.9757
specific,0.9720
type,0.9710
model,0.9760
instruction,0.9728
system,0.9731
identifying,0.9714
based,0.9711
addressing,0.9701
system capable identifying,0.9717
using,0.9718
lever multi,0.9724
specific,0.9773
labeled,0.9759
based metal,0.9717
training,0.9706
similarity,0.9746
method,0.9793
context,0.9710
struggle,0.9716
proliferation,0.9758
particularly,0.9703
comparing,0.9738
anomaly,0.9749
lever,0.9737
method furthermore,0.9737
furthermore,0.9701
type,0.9749
approach,0.9710
model,0.9710
proficient,0.9718
device,0.9735
precision,0.9771
demonstrates,0.9703
instruction,0.9706
particularly context,0.9707
minimal,0.9707
system,0.9714
identifying,0.9724
incorporating,0.9746
based,0.9740
addressing,0.9752
data highly,0.9715
solution,0.9740
process,0.9719
multi,0.9774
framework,0.9755
anomaly data model,0.9710
detection network model,0.9752
network model,0.9766
data model,0.9781
context learning,0.9832
intrusion learning,0.9725
system learning,0.9838
network called,0.9744
problem like metal,0.9702
phase,0.9702
validity,0.9762
additionally demonstrate,0.9719
crucial,0.9753
notably complex,0.9701
numerical efficiency address,0.9717
analysis,0.9723
opt multi,0.9752
hyper,0.9739
crucial machine,0.9704
method,0.9793
effectively,0.9727
application,0.9766
memory,0.9722
tune,0.9714
beneficial,0.9727
sequence,0.9712
notably,0.9708
efficiency address,0.9720
initial,0.9701
experiment,0.9701
problem,0.9702
resulting,0.9707
multi,0.9774
phase,0.9749
neural,0.9757
reinforcement,0.9727
task,0.9709
system,0.9731
based,0.9711
addressing,0.9701
coverage,0.9700
energy,0.9705
transfer,0.9737
analysis,0.9723
task,0.9732
survey,0.9702
meta,0.9766
ai fed,0.9705
application,0.9766
capability,0.9705
positioning,0.9750
ml strategy,0.9700
system,0.9714
based,0.9740
addressing,0.9752
hurdle,0.9736
framework,0.9755
including optimal,0.9709
integration,0.9721
transfer learning,0.9757
meta learning,1.0000
learning transfer,0.9728
challenging paper,0.9723
modification,0.9710
model,0.9760
factor,0.9727
modification ie trained,0.9702
system,0.9731
especially using,0.9702
preference,0.9754
characteristic,0.9725
quantitative,0.9735
using,0.9718
transfer,0.9737
analysis,0.9723
method especially,0.9772
characteristic making,0.9744
response,0.9741
modification,0.9742
system bay,0.9725
important,0.9712
data model late,0.9717
method,0.9793
coupled,0.9755
input,0.9716
thermal,0.9758
approach,0.9710
model,0.9710
bay analysis,0.9753
behavior,0.9766
metabolic,0.9771
thermal characteristic,0.9706
factor,0.9740
system,0.9714
temperature,0.9732
preference,0.9708
process,0.9719
thermal characteristic making,0.9718
neural,0.9757
limitation,0.9726
map model,0.9762
data model,0.9781
output model,0.9812
bias,0.9723
collected analyze second,0.9701
model,0.9760
testing,0.9720
mc opt using,0.9700
using,0.9718
diagnosis,0.9738
analysis,0.9723
data harmonic,0.9778
bias,0.9780
harmonic,0.9812
vibration,0.9700
training,0.9706
assessment,0.9766
method,0.9793
meta,0.9766
inference,0.9787
fault diagnosis,0.9701
collected analyze second,0.9720
analyze,0.9748
model,0.9710
opt using,0.9716
network overcome,0.9706
collaboration,0.9731
sensor,0.9742
overcome,0.9707
lower bound,0.9703
testing,0.9763
multi,0.9774
difficult,0.9709
weight,0.9702
collaboration data model,0.9727
data model,0.9781
unified model,0.9801
classification,1.0000
task,0.9709
system base,0.9729
distance,0.9712
model,0.9760
requirement,0.9703
classification task,0.9741
system,0.9731
using,0.9718
transfer,0.9737
task,0.9732
empirical,0.9751
training,0.9706
important,0.9712
system base,0.9725
meta,0.9766
setting,0.9718
model overcome,0.9769
inversion,0.9753
application,0.9766
distance,0.9723
approach,0.9710
model,0.9710
requirement,0.9742
scan,0.9754
setup,0.9754
system,0.9714
overcome,0.9707
licence,0.9701
framework,0.9755
recognition co,0.9738
self learning model,0.9732
learning model,0.9744
target model,0.9709
self learning,0.9713
system,0.9731
power,0.9723
utilizing,0.9730
method especially,0.9772
method,0.9793
meta,0.9766
setting,0.9718
scala,0.9734
lever,0.9737
coupled,0.9755
furthermore,0.9701
approach,0.9710
device,0.9735
enabling,0.9755
coupled emergence,0.9732
system,0.9714
compared,0.9725
experimentation,0.9749
adoption,0.9702
framework,0.9755
meta learning,1.0000
data called,0.9718
pattern,0.9725
gap,0.9707
network called,0.9744
model,0.9760
understanding,0.9711
data called,0.9719
performance bench,0.9716
training,0.9706
important,0.9712
method,0.9793
method achieve,0.9722
fused,0.9737
pattern,0.9783
splitting,0.9749
recognition scene,0.9715
furthermore,0.9701
model,0.9710
accordance,0.9729
experiment,0.9701
paradigm,0.9754
require,0.9728
shot paradigm splitting,0.9705
multi,0.9774
method newly,0.9771
paradigm splitting,0.9745
neural,0.9757
deep learning learning,0.9727
classification,1.0000
task,0.9709
choice,0.9764
system nearest,0.9705
category,0.9777
model distinguish,0.9727
voting classify alzheimer,0.9708
considering prefer choice,0.9716
class resulted,0.9760
forest bag decision,0.9715
task physician,0.9727
model,0.9760
classify,0.9730
system,0.9731
voting weight,0.9756
rotation forest decision,0.9749
characteristic,0.9725
decision,0.9717
using,0.9718
boost,0.9739
subtle,0.9719
task,0.9732
rotation,0.9785
category,0.9753
model distinguish,0.9735
method,0.9793
neighbor,0.9701
approach widely,0.9722
forest bag decision,0.9706
application like alzheimer,0.9701
task physician,0.9709
application,0.9766
distinguish,0.9732
input,0.9716
approach,0.9710
model,0.9710
like alzheimer,0.9701
classify,0.9775
system,0.9714
compared,0.9725
balanced,0.9734
prefer,0.9717
application like,0.9736
predicting,0.9774
method decision,0.9718
multi,0.9774
licence,0.9701
difficult,0.9709
including random,0.9722
weight,0.9702
ability,0.9706
transmission,0.9717
task,0.9709
processing,0.9724
task leverage,0.9703
leverage,0.9704
based,0.9711
energy,0.9705
analysis,0.9723
transmission,0.9707
task,0.9732
problem conventional,0.9718
method based,0.9701
considered,0.9732
processing,0.9798
method,0.9793
integrating,0.9786
combined multi,0.9730
device,0.9735
task leverage,0.9729
charging,0.9741
experiment,0.9701
problem,0.9702
algorithm mobile,0.9720
leverage,0.9770
based,0.9740
multi,0.9774
consumption,0.9700
reinforcement,0.9727
task,0.9709
model,0.9760
system,0.9731
based,0.9711
phase,0.9702
analysis,0.9723
task,0.9732
training,0.9706
timing,0.9713
adjust,0.9750
model,0.9710
phase fed learning,0.9710
prediction,0.9808
paradigm,0.9754
system,0.9714
resulting,0.9707
based,0.9740
process,0.9719
multi,0.9774
phase,0.9749
framework,0.9755
frequency,0.9763
consumption,0.9700
reinforcement,0.9727
prediction model,0.9710
prediction model,0.9729
speed learning,0.9701
supremacy methodology previous,0.9743
supremacy methodology,0.9712
addressing,0.9701
given challenge study,0.9721
sub supremacy methodology,0.9765
empirical,0.9751
prevalent,0.9703
meta,0.9766
precision solution elevated,0.9710
supremacy methodology previous,0.9723
furthermore,0.9701
framework addressing,0.9713
application,0.9766
approach,0.9710
precision,0.9771
array possibility recent,0.9724
problem,0.9702
addressing,0.9752
multiple,0.9713
solution,0.9740
sub supremacy methodology,0.9738
multi,0.9774
framework,0.9755
neural,0.9757
reinforcement,0.9727
meta learning,1.0000
task,0.9709
limit,0.9728
skill,0.9707
model,0.9760
system,0.9731
task recommendation,0.9740
preference,0.9754
module,0.9702
recommendation,0.9700
using,0.9718
analysis,0.9723
task,0.9732
skill proposed,0.9711
interest,0.9730
limit,0.9739
accurately,0.9702
customized,0.9778
facilitated,0.9742
model,0.9710
capture,0.9703
problem,0.9702
system,0.9714
suitable,0.9746
preference,0.9708
module,0.9760
recommendation,0.9744
system adaptation model,0.9717
state model,0.9703
system adaptation model,0.9760
state model,0.9813
preference model,0.9742
classification,1.0000
model provided,0.9714
task,0.9709
model leverage,0.9770
pattern,0.9725
model,0.9760
recognition however,0.9720
factor,0.9727
factor interfere,0.9712
leverage,0.9704
based,0.9711
characteristic,0.9725
dependency,0.9802
using,0.9718
analysis,0.9723
task,0.9732
training,0.9706
model leverage,0.9775
pseudo,0.9712
pattern,0.9783
approach,0.9710
model,0.9710
device,0.9735
demonstrates,0.9703
monitoring,0.9724
factor,0.9740
factor interfere,0.9747
leverage,0.9770
based,0.9740
interfere,0.9704
using mix,0.9701
model training model,0.9706
data pre model,0.9823
effective long model,0.9713
approach model,0.9782
metal approach model,0.9758
approach model leverage,0.9730
advantage,0.9712
specific,0.9720
data require,0.9711
using,0.9718
require,0.9728
supervision,0.9727
substantially,0.9701
transfer,0.9737
principle,0.9763
signal using,0.9714
data able,0.9720
principle advantage,0.9710
distinctive,0.9731
specific,0.9773
using transfer,0.9710
simulation,0.9750
training,0.9706
neural,0.9757
ability,0.9706
task,0.9709
ability proposed,0.9727
typically,0.9702
task however,0.9701
system,0.9731
based,0.9711
ability proposed approach,0.9715
power,0.9723
analysis,0.9723
task,0.9732
kernel,0.9734
simulation,0.9750
method,0.9793
ability proposed,0.9718
inference,0.9787
comparing,0.9738
typically,0.9705
based alternating,0.9707
resolution,0.9740
process monte,0.9743
approach,0.9710
sis approach,0.9706
contrast,0.9753
estimation meanwhile,0.9763
system,0.9714
based,0.9740
solution,0.9740
degradation,0.9718
process,0.9719
ability proposed approach,0.9711
resolving,0.9738
framework,0.9755
analysis blind,0.9702
estimation meanwhile metal,0.9710
processed,0.9706
learning task,1.0000
ability,0.9706
classification,1.0000
task,0.9709
comparison,0.9779
category,0.9777
processing,0.9724
model,0.9760
advantage,0.9712
system,0.9731
model important,0.9729
task including,0.9711
category third,0.9734
including shape classification,0.9717
dependency,0.9802
transfer,0.9737
task,0.9732
understanding,0.9711
comparison,0.9816
compare,0.9728
category,0.9753
processing,0.9798
pseudo,0.9712
important,0.9712
branch,0.9721
particular,0.9707
method,0.9793
semi learning,0.9761
effectively,0.9727
model,0.9710
requires,0.9727
device,0.9735
problem effectively,0.9743
semantic,0.9805
problem important,0.9708
commonly,0.9730
method category,0.9763
problem,0.9702
consequently study,0.9744
system,0.9714
model important,0.9733
current method category,0.9724
reader,0.9722
solution,0.9740
including shape,0.9710
definition,0.9750
difficult,0.9709
elaborate,0.9718
task depict,0.9705
processing model,0.9721
deep learning model,0.9706
sample model,0.9835
learning model,0.9744
processing model,0.9777
transfer learning,0.9757
cross learning,0.9846
cross cross learning,0.9701
data learning,0.9768
learning transfer,0.9728
self learning,0.9713
pseudo learning,0.9780
ability,0.9706
weighing,0.9712
based system,0.9718
knowledge based,0.9712
model,0.9760
system,0.9731
based,0.9711
using,0.9718
suggests,0.9712
tool,0.9715
weighing,0.9737
important,0.9712
method,0.9793
meta,0.9766
detection farm,0.9701
particularly,0.9703
anomaly,0.9749
accurately,0.9702
weighed,0.9713
approach,0.9710
model,0.9710
precision,0.9771
model explain,0.9719
meta precision,0.9717
proposal,0.9717
system,0.9714
system linear,0.9772
based,0.9740
process,0.9719
framework,0.9755
difficult,0.9709
allowing,0.9746
weight,0.9702
general identification model,0.9736
mt identification model,0.9719
meta identification model,0.9744
identification model,0.9754
general identification model,0.9825
system learning,0.9838
model,0.9760
system,0.9731
wave important research,0.9706
analysis,0.9723
method forefront,0.9772
simulation,0.9750
forefront,0.9718
training,0.9706
important,0.9712
method,0.9793
equation among,0.9710
function metal,0.9719
model,0.9710
prediction,0.9808
system,0.9714
predicting,0.9774
process,0.9719
wave important,0.9734
neural,0.9757
opt ph,0.9709
network model,0.9766
deep learning learning,0.9727
system,0.9731
ability,0.9706
model,0.9760
based,0.9711
key factor,0.9742
factor,0.9727
model sub,0.9726
combining,0.9738
system,0.9714
acid,0.9761
model,0.9710
based,0.9740
mechanism,0.9777
temperature,0.9732
prediction,0.9808
model effectively,0.9728
charge,0.9749
effectively,0.9727
based metal,0.9717
problem,0.9702
factor,0.9740
operating,0.9702
prediction model,0.9710
prediction model,0.9729
forecast learning,0.9752
resource due,0.9710
due uncertainty,0.9732
model additionally,0.9719
model,0.9760
adjustment,0.9736
system,0.9731
recommendation,0.9700
due uncertainty introduced,0.9741
operation,0.9725
similarity,0.9746
method,0.9793
meta,0.9766
resource due,0.9707
due uncertainty,0.9723
often focus,0.9719
comparing,0.9738
significant,0.9708
model additionally,0.9724
method tackle,0.9769
focus,0.9740
termed contrast,0.9709
termed,0.9753
scaling,0.9777
model,0.9710
demonstrates,0.9703
commonly,0.9730
behavior,0.9766
contrast,0.9753
adjustment,0.9759
method often focus,0.9707
sequential recommendation,0.9704
system,0.9714
displacement,0.9712
tackle,0.9713
system contrast,0.9765
framework,0.9755
recommendation,0.9744
contrasting,0.9750
general model,0.9804
general model additionally,0.9743
learning model,0.9744
general learning,0.9729
meta learning,1.0000
recommendation learning,0.9743
task,0.9709
without requiring training,0.9722
model,0.9760
system,0.9731
based,0.9711
testing,0.9720
phase,0.9702
power,0.9723
phase help,0.9743
incorporate,0.9737
method incorporate,0.9740
mechanism,0.9777
analysis,0.9723
task,0.9732
catastrophic,0.9715
training,0.9706
similarity,0.9746
consolidation,0.9704
method,0.9793
model continual,0.9756
memory,0.9722
approach,0.9710
model,0.9710
broadly,0.9758
phase broadly,0.9717
initial,0.9701
requiring,0.9733
certain,0.9732
problem,0.9702
system,0.9714
based,0.9740
testing,0.9763
multi,0.9774
phase,0.9749
phase help,0.9723
neural,0.9757
system adaptation model,0.9717
system adaptation model,0.9760
mechanism model,0.9764
task,0.9709
comprehensive result xl,0.9705
processing,0.9724
model,0.9760
advantage,0.9712
model due,0.9748
leverage,0.9704
module,0.9702
mechanism,0.9777
sequence enabling,0.9703
task,0.9732
transform,0.9777
interest,0.9730
natural,0.9713
considered,0.9732
processing,0.9798
data dimensional,0.9710
context,0.9710
struggle,0.9716
reduction task metal,0.9705
significant,0.9708
anomaly,0.9749
furthermore,0.9701
utilized fine,0.9724
input,0.9716
xl leverage,0.9712
model,0.9710
sequence,0.9712
enabling,0.9755
sparked,0.9713
deliver,0.9708
capability,0.9705
capture,0.9703
experiment,0.9701
mechanism preferred,0.9700
leverage,0.9770
module,0.9760
mechanism struggle,0.9749
self mechanism,0.9729
dimensional,0.9783
allowing,0.9746
furthermore study,0.9718
logical,0.9726
limitation,0.9726
large language model,0.9705
sequence language model,0.9702
large language model,0.9794
language model,0.9784
sequence language model,0.9743
opt model,0.9705
sequence enabling model,0.9715
task,0.9709
model,0.9760
pro cross decision,0.9714
based,0.9711
aspect,0.9724
decision,0.9717
task,0.9732
algorithm suppress,0.9735
vibration,0.9700
training,0.9706
operation,0.9725
learning paradigm,0.9745
inference,0.9787
intelligent operation,0.9730
res se model,0.9726
model,0.9710
suppress,0.9738
uncertainty pro cross,0.9705
prediction,0.9808
monitoring,0.9724
problem,0.9702
paradigm,0.9754
aspect finally,0.9742
based,0.9740
degradation,0.9718
corresponding,0.9714
specific,0.9720
processing,0.9724
model,0.9760
requirement,0.9703
considering aforementioned challenge,0.9723
factor,0.9727
system,0.9731
owing variation,0.9759
leverage,0.9704
based,0.9711
characteristic,0.9725
data adhere,0.9727
transfer,0.9737
mechanism,0.9777
sample integrated,0.9715
subtle,0.9719
labeling,0.9769
specific,0.9773
carrier,0.9722
filter,0.9780
signal specific,0.9736
training,0.9706
labelled,0.9705
processing,0.9798
pseudo,0.9712
method,0.9793
demand,0.9708
algorithm significantly,0.9741
validation,0.9739
label filter,0.9704
effectively,0.9727
furthermore,0.9701
drift,0.9751
significantly,0.9725
approach ut,0.9736
processing see,0.9719
approach,0.9710
model,0.9710
integrated,0.9716
facilitate,0.9725
semantic,0.9805
requirement,0.9742
perimeter,0.9721
prediction,0.9808
factor,0.9740
system,0.9714
however assumption,0.9730
leverage,0.9770
based,0.9740
multiple,0.9713
assumption,0.9770
bis perimeter,0.9715
framework,0.9755
filtering,0.9771
integration,0.9721
transfer learning,0.9757
method learning,0.9784
classification,1.0000
domain using,0.9714
task,0.9709
data containing,0.9715
model,0.9760
system,0.9731
based,0.9711
genre,0.9775
using,0.9718
analysis,0.9723
boost,0.9739
domain using,0.9704
task,0.9732
labeled,0.9759
particular,0.9707
method,0.9793
comparatively,0.9701
model moreover,0.9721
approach,0.9710
model,0.9710
extraction,0.9750
poly,0.9718
based normal,0.9735
system,0.9714
require,0.9728
based,0.9740
genre,0.9709
retrieval,0.9759
adaptive melody,0.9731
spec task,0.9720
fundamental,0.9742
criterion,0.9747
method model,0.9716
target performance model,0.9737
method model,0.9801
data model,0.9781
extraction model,0.9777
