Word,Similarity
ability,0.9706
classification,1.0000
task,0.9709
specific,0.9720
result concept,0.9705
model,0.9760
leverage,0.9704
based,0.9711
approach motivated,0.9708
algorithm offer,0.9705
task,0.9732
specific,0.9773
useful,0.9749
result concept,0.9718
training,0.9706
technique exploit,0.9703
significant,0.9708
effectively,0.9727
approach,0.9710
model,0.9710
capture,0.9703
experiment,0.9701
compared,0.9725
incorporating,0.9746
leverage,0.9770
based,0.9740
regression,1.0000
approach motivated,0.9762
task,0.9709
integration tc,0.9724
data alone,0.9707
model,0.9760
pathway,0.9726
motivation despite,0.9731
aspect,0.9724
using,0.9718
transfer,0.9737
analysis,0.9723
task,0.9732
method called,0.9706
algorithm trained,0.9724
genetics,0.9735
integration tc,0.9750
often constrained,0.9716
arguably,0.9759
important,0.9712
method,0.9793
integration tc pan,0.9726
suggesting,0.9741
data alone,0.9718
enrichment,0.9766
effectively,0.9727
application,0.9766
hazard,0.9707
approach,0.9710
model,0.9710
importance,0.9708
analysis often constrained,0.9735
problem,0.9702
rarely,0.9710
compared,0.9725
neo,0.9723
constrained,0.9744
motivation,0.9761
multiple,0.9713
multi,0.9774
pan,0.9727
data alone additionally,0.9726
integration,0.9721
classification model,0.9741
classification,1.0000
dealing novel,0.9724
dealing novel campaign,0.9727
processing,0.9724
influence,0.9730
model,0.9760
based,0.9711
using,0.9718
classification model,0.9715
transfer,0.9737
transform,0.9777
based metal,0.9717
catastrophic,0.9715
training,0.9706
labelled,0.9705
processing,0.9798
important,0.9712
meta,0.9766
influence,0.9709
scale,0.9712
approach,0.9710
model,0.9710
substantially,0.9701
experiment,0.9701
based,0.9740
extend,0.9711
tackle,0.9713
multi,0.9774
framework,0.9755
mis scale,0.9704
classification model,0.9728
detection model,0.9760
text classification model,0.9729
system,0.9731
position,0.9711
conceptual particular propose,0.9705
system,0.9714
particular,0.9707
extend,0.9711
mere,0.9715
structural,0.9775
conceptual particular,0.9709
metaphor,0.9756
learning task,1.0000
formal learning task,0.9725
ability,0.9706
task,0.9709
data show utilizing,0.9715
ml tackle issue,0.9718
style,0.9725
pattern,0.9725
model able,0.9731
model,0.9760
retrieval named,0.9731
however code highly,0.9701
leverage,0.9704
based,0.9711
practice due,0.9711
metal code,0.9716
testing,0.9720
therefore challenging,0.9711
practice,0.9713
varied,0.9721
analysis,0.9723
utilizing ml,0.9748
task,0.9732
utilizing,0.9730
model ml,0.9765
based metal,0.9717
training,0.9706
interest,0.9730
natural,0.9713
style,0.9734
flex,0.9718
pattern,0.9783
inference,0.9787
model able,0.9714
significantly,0.9725
including neural,0.9716
approach,0.9710
model,0.9710
retrieval named,0.9717
commonly,0.9730
standard,0.9735
however code highly,0.9735
experiment,0.9701
architecture could significantly,0.9703
modifying,0.9722
compared,0.9725
approach ml,0.9752
leverage,0.9770
based,0.9740
tackle,0.9713
multiple,0.9713
testing,0.9763
therefore challenging,0.9724
opt metal,0.9722
pattern single,0.9718
retrieval,0.9759
framework,0.9755
retrieve,0.9733
neural,0.9757
formal learning,0.9725
system,0.9731
model,0.9760
pattern,0.9725
system,0.9714
method accelerate,0.9765
method,0.9793
approach,0.9710
meta,0.9766
sampling,0.9746
model,0.9710
pattern,0.9783
process,0.9719
extended opt,0.9707
neural,0.9757
extended opt physical,0.9703
method meta,0.9718
function learning,0.9770
process learning,0.9825
ability,0.9706
classification,1.0000
limit,0.9728
data bearing,0.9725
processing,0.9724
bearing critical,0.9702
coding,0.9744
condition,0.9700
factor,0.9727
based bench,0.9700
system,0.9731
based,0.9711
method consists,0.9707
characteristic,0.9725
using,0.9718
bearing fault diagnosis,0.9715
practice,0.9713
diagnosis,0.9738
crucial,0.9753
transfer,0.9737
rotating,0.9723
mechanism,0.9777
analysis,0.9723
using genetic,0.9701
based meta,0.9718
useful,0.9749
labeled,0.9759
vibration,0.9700
characteristic useful,0.9704
limit,0.9739
application deep,0.9710
data bearing,0.9751
processing,0.9798
pseudo,0.9712
method,0.9793
meta,0.9766
bearing critical,0.9710
fault diagnosis,0.9701
application,0.9766
combining,0.9738
deep learning fault,0.9706
disrupt,0.9701
coding,0.9793
crucial component rotating,0.9712
experiment,0.9701
problem,0.9702
factor,0.9740
based bench,0.9726
practice additionally problem,0.9715
problem insufficient,0.9712
system,0.9714
require,0.9728
based,0.9740
multi,0.9774
licence,0.9701
frequency,0.9763
method metal,0.9711
transfer learning,0.9757
multi learning,0.9757
ability,0.9706
model,0.9760
system,0.9731
using,0.9718
imitation,0.9726
similarity,0.9746
using ad,0.9721
method,0.9793
design behavior,0.9703
model,0.9710
importance,0.9708
behavior,0.9766
experiment,0.9701
system,0.9714
predicting,0.9774
licence,0.9701
framework,0.9755
neural,0.9757
behaviour model,0.9751
behavior model,0.9782
generic behavior model,0.9710
behaviour model,0.9811
behavior model,0.9809
behavior model behavior,0.9710
network weight,0.9710
specifically meta learned,0.9700
framework entitled,0.9735
significant result,0.9707
model,0.9760
system,0.9731
search framework entitled,0.9703
network weight,0.9747
expert,0.9727
specifically meta learned,0.9714
analysis,0.9723
kernel,0.9734
specifically meta,0.9702
operation,0.9725
similarity,0.9746
important,0.9712
method,0.9793
meta,0.9766
automated,0.9730
significant,0.9708
application,0.9766
automated neural,0.9736
model,0.9710
requires,0.9727
prediction,0.9808
capture,0.9703
experiment,0.9701
system,0.9714
compared,0.9725
tackle,0.9713
multiple,0.9713
predicting,0.9774
framework,0.9755
layer meta,0.9700
essential application,0.9712
neural,0.9757
weight,0.9702
domain knowledge,0.9718
knowledge meta,0.9724
meta knowledge,1.0000
deep learning model,0.9706
learning model,0.9744
method learning,0.9784
model,0.9760
problem cross,0.9712
domain make difficult,0.9702
system,0.9731
mechanism cluster cold,0.9745
based,0.9711
model cross,0.9743
preference,0.9754
recommendation,0.9700
transfer,0.9737
mechanism,0.9777
user neglect,0.9716
important,0.9712
method,0.9793
approach alleviate,0.9752
affect,0.9746
approach,0.9710
model,0.9710
model cross recommendation,0.9710
domain seem,0.9720
problem cross,0.9759
initial,0.9701
experiment,0.9701
utilize,0.9766
problem,0.9702
system,0.9714
mechanism cluster cold,0.9710
compared,0.9725
based,0.9740
model cross,0.9732
tackle,0.9713
neglect,0.9706
suitable,0.9746
preference,0.9708
licence,0.9701
framework,0.9755
difficult,0.9709
recommendation,0.9744
mechanism cross,0.9772
domain learning,0.9812
problem learning,0.9733
ability,0.9706
transmission,0.9717
task,0.9709
type,0.9710
model,0.9760
condition,0.9700
task reason proposed,0.9731
task reason,0.9705
based,0.9711
module,0.9702
power,0.9723
transmission,0.9707
subtle,0.9719
task,0.9732
filter,0.9780
based metal,0.9717
training,0.9706
core,0.9722
method,0.9793
meta,0.9766
method achieve,0.9722
significant,0.9708
focus,0.9740
type,0.9749
model universally,0.9748
model,0.9710
detection meanwhile,0.9728
capture,0.9703
proposal,0.9717
method meta,0.9718
universally,0.9707
compared,0.9725
based,0.9740
module,0.9760
multi,0.9774
detection model,0.9760
meta r feature,0.9743
multi learning,0.9757
ability,0.9706
task,0.9709
processing,0.9724
beyond pre data,0.9716
model,0.9760
interface,0.9704
system,0.9731
based,0.9711
task,0.9732
training,0.9706
dial,0.9716
processing,0.9798
method,0.9793
meta,0.9766
system moreover,0.9711
method intention,0.9747
encoding,0.9757
effectively,0.9727
focus,0.9740
application,0.9766
model,0.9710
semantic,0.9805
capability,0.9705
request,0.9710
interface,0.9765
applications interface,0.9703
system,0.9714
based,0.9740
intention,0.9715
multi,0.9774
offset,0.9723
task dial,0.9725
retrieval,0.9759
classification,1.0000
model,0.9760
system,0.9731
testing,0.9720
data using,0.9718
decision,0.9717
using,0.9718
crucial,0.9753
vary,0.9752
analysis,0.9723
training,0.9706
significance,0.9727
meta,0.9766
overs technique,0.9738
replica,0.9745
data using synthetic,0.9740
synthetic,0.9750
extraction indeed paper,0.9711
approach,0.9710
model,0.9710
extraction,0.9750
utilized stacked,0.9701
strengthening,0.9735
problem,0.9702
standalone,0.9713
system,0.9714
testing,0.9763
data using,0.9714
neural,0.9757
meta model,0.9743
ensemble model,0.9710
meta model,1.0000
ensemble model,0.9765
meta learning,1.0000
deep learning learning,0.9727
gap,0.9707
type,0.9710
model,0.9760
system,0.9731
training,0.9706
response,0.9741
method,0.9793
meta,0.9766
usage,0.9720
interval,0.9709
type,0.9749
significantly,0.9725
approach,0.9710
model,0.9710
cruising,0.9719
prediction,0.9808
market,0.9717
system,0.9714
integration,0.9721
effective model,0.9791
engineering model,0.9734
feature engineering model,0.9723
general model,0.9804
system learning,0.9838
method utilizes classification,0.9709
model,0.9760
classification model,0.9741
classification,1.0000
utilizes classification model,0.9766
fast series,0.9724
utilizes classification,0.9833
producing,0.9700
method utilizes classification,0.9727
method,0.9793
approach,0.9710
model,0.9710
classification model,0.9715
enabling,0.9755
multiple,0.9713
utilizes classification model,0.9703
setting,0.9718
standard,0.9735
experiment,0.9701
utilizes classification,0.9767
properly,0.9720
weight,0.9702
classification model,0.9728
series classification model,0.9708
characteristic proposed,0.9719
classification,1.0000
task,0.9709
task consideration,0.9745
characteristic proposed task,0.9701
classification demonstrate,0.9763
leverage,0.9704
based,0.9711
module,0.9702
enhanced task,0.9705
characteristic,0.9725
characteristic proposed,0.9779
method paper,0.9716
task,0.9732
transform,0.9777
training,0.9706
similarity,0.9746
method,0.9793
em extracted,0.9758
method achieve,0.9722
accurately,0.9702
encoding,0.9757
task consideration,0.9705
furthermore,0.9701
well regression,0.9721
task characteristic,0.9704
consideration,0.9731
method leverage,0.9748
initial,0.9701
experiment,0.9701
characteristic proposed task,0.9704
leverage,0.9770
based,0.9740
regression,1.0000
task en however,0.9705
module,0.9760
multi,0.9774
licence,0.9701
instead traditional,0.9719
reinforcement,0.9727
model,0.9760
based,0.9711
task,0.9709
weight label,0.9707
meta,0.9766
task attracted,0.9717
model,0.9710
based,0.9740
analysis,0.9723
task,0.9732
directly,0.9718
manipulation,0.9702
experiment,0.9701
empirical,0.9751
training,0.9706
problem,0.9702
ind analysis empirical,0.9725
specifically use,0.9723
weight,0.9702
distribution model,0.9805
meta learning,1.0000
weight meta learning,0.9723
ability,0.9706
classification,1.0000
particularly detect,0.9711
model,0.9760
factor,0.9727
system,0.9731
distinguishing factor,0.9724
phase,0.9702
consequently ability,0.9722
training,0.9706
particularly detect,0.9708
particularly,0.9703
algorithm dealing,0.9730
model,0.9710
system model,0.9713
capability,0.9705
behavior,0.9766
factor,0.9740
distinguishing,0.9754
system,0.9714
multiple,0.9713
adoption,0.9702
phase,0.9749
phase making,0.9777
system model,0.9748
application faced novel,0.9702
ability,0.9706
classification,1.0000
significantly boost classification,0.9722
task,0.9709
category,0.9777
layer help,0.9707
significantly boost,0.9708
category alleviate,0.9765
boost,0.9739
task,0.9732
rotation,0.9785
transformation,0.9793
catastrophic,0.9715
training,0.9706
similarity,0.9746
category,0.9753
pseudo,0.9712
method,0.9793
meta,0.9766
mit problem,0.9731
furthermore,0.9701
valuable problem,0.9718
application,0.9766
significantly,0.9725
category alleviate,0.9728
incorporated similarity,0.9719
problem,0.9702
compared,0.9725
model,0.9760
due flexibility,0.9713
task,0.9709
model treat,0.9748
additionally multiple,0.9709
using,0.9718
method,0.9793
approach,0.9710
meta,0.9766
model,0.9710
demand,0.9708
due flexibility,0.9707
multiple,0.9713
task,0.9732
model treat,0.9760
lever,0.9737
interest,0.9730
application,0.9766
resolution,0.9740
meta model,0.9743
learned meta model,0.9728
meta model achieve,0.9718
meta model,1.0000
task learning,0.9801
learning task,1.0000
task,0.9709
important dial policy,0.9729
model,0.9760
via experimental result,0.9704
system,0.9731
feedback,0.9738
interacting,0.9739
using,0.9718
analysis,0.9723
task,0.9732
dial learning,0.9741
dial,0.9716
natural,0.9713
accurately exchange,0.9710
exchange,0.9728
important,0.9712
method,0.9793
meta,0.9766
particularly,0.9703
suggesting,0.9741
accurately,0.9702
system intrinsic motivated,0.9716
approach,0.9710
model,0.9710
dial policy,0.9704
system intrinsic,0.9712
er learning,0.9722
system,0.9714
language action dial,0.9729
feedback,0.9779
reinforcement,0.9727
interaction learning,0.9825
meta learning,1.0000
network weight,0.9710
ability,0.9706
classification model,0.9741
classification,1.0000
task,0.9709
classification model author,0.9702
calculation,0.9750
specific,0.9720
influence,0.9730
model,0.9760
bearing data,0.9756
classification task,0.9741
diagnosis rolling bearing,0.9718
system,0.9731
based,0.9711
due complexity,0.9706
characteristic,0.9725
dependency,0.9802
network weight,0.9747
using,0.9718
diagnosis,0.9738
classification model,0.9715
analysis,0.9723
task,0.9732
classification model author,0.9733
transform,0.9777
calculation,0.9770
specific,0.9773
vibration,0.9700
method,0.9793
fault diagnosis,0.9701
influence,0.9709
using ku,0.9705
effectively,0.9727
application,0.9766
system roller,0.9719
model,0.9710
extraction,0.9750
experiment,0.9701
monitoring,0.9724
certain,0.9732
problem,0.9702
system,0.9714
compared,0.9725
proto,0.9722
based,0.9740
due complexity,0.9758
neural,0.9757
weight,0.9702
small classification model,0.9737
classification model,0.9728
small classification model,0.9807
network model,0.9766
data learning,0.9768
due data,0.9751
type,0.9710
model,0.9760
perspective,0.9721
leverage,0.9704
based,0.9711
aspect,0.9724
decision,0.9717
undergo,0.9714
analysis,0.9723
prediction critical,0.9741
decision insulin,0.9764
suggests,0.9712
former approach de,0.9730
additionally optimal,0.9710
method,0.9793
aspect diabetes,0.9714
type,0.9749
approach,0.9710
model,0.9710
acute,0.9733
precision,0.9771
phenomenon additionally,0.9729
framework leverage,0.9723
prediction,0.9808
perspective,0.9766
fusion,0.9739
leverage,0.9770
based,0.9740
diabetes,0.9715
framework,0.9755
neural,0.9757
prediction model,0.9710
data model,0.9781
prediction model,0.9729
analysis across,0.9729
specific,0.9720
connection,0.9704
influence,0.9730
typically,0.9702
model,0.9760
status labeled,0.9704
system,0.9731
identifying,0.9714
based,0.9711
mechanism,0.9777
analysis,0.9723
analysis across,0.9755
based analysis propose,0.9703
diverse,0.9721
specific,0.9773
labeled,0.9759
method significantly,0.9767
connection,0.9741
addition utilize,0.9719
overlooked,0.9718
method,0.9793
neighbor,0.9701
state method significantly,0.9720
synthetic,0.9750
influence,0.9709
typically,0.9705
significantly,0.9725
alignment framework,0.9717
model,0.9710
process addition utilize,0.9746
structural,0.9775
experiment,0.9701
utilize,0.9766
system,0.9714
identifying,0.9724
method rely,0.9750
based,0.9740
process,0.9719
assumption,0.9770
framework,0.9755
based analysis,0.9702
rely,0.9709
pivotal,0.9733
alignment learning,0.9705
recommendation cold,0.9710
model,0.9760
system,0.9731
preference,0.9754
module,0.9702
problem whereas,0.9703
recommendation,0.9700
transfer,0.9737
mechanism,0.9777
cross recommendation fed,0.9709
model effectively,0.9728
recommendation cold,0.9723
interest,0.9730
meta,0.9766
system frequently,0.9700
significant,0.9708
effectively,0.9727
approach,0.9710
em module,0.9715
model,0.9710
system model,0.9713
traditional recommendation,0.9720
weight,0.9702
problem,0.9702
system,0.9714
compared,0.9725
require,0.9728
therefore offer,0.9710
multiple,0.9713
preference,0.9708
module,0.9760
resolving,0.9738
problem whereas,0.9749
recommendation,0.9744
help model,0.9700
recommendation model,0.9760
system model model,0.9797
cross recommendation model,0.9727
system model,0.9748
classification,1.0000
task,0.9709
distance,0.9712
model,0.9760
classification task,0.9741
system,0.9731
based,0.9711
based proto,0.9707
task case,0.9716
task,0.9732
im learning,0.9712
filter,0.9780
labeled,0.9759
including multi,0.9717
method,0.9793
im approach,0.9733
setting,0.9718
application,0.9766
distance,0.9723
approach,0.9710
model,0.9710
commonly,0.9730
method deter,0.9754
weight,0.9702
problem,0.9702
system,0.9714
method rely,0.9750
proto,0.9722
based,0.9740
degradation,0.9718
multi,0.9774
licence,0.9701
rely,0.9709
network model,0.9766
filter learning,0.9801
cross data learning,0.9730
data learning,0.9768
application learning,0.9740
fa model need,0.9706
task,0.9709
following design,0.9713
data covering,0.9743
type,0.9710
model need,0.9727
model,0.9760
based,0.9711
testing,0.9720
fa model need,0.9707
task,0.9732
training,0.9706
data covering,0.9727
method,0.9793
based face,0.9702
comparing,0.9738
significant,0.9708
effectively,0.9727
type,0.9749
approach,0.9710
model need,0.9766
model,0.9710
large data covering,0.9704
device,0.9735
capability,0.9705
experiment,0.9701
paradigm,0.9754
paradigm effectively,0.9711
require,0.9728
resulting,0.9707
based,0.9740
multiple,0.9713
testing,0.9763
principle,0.9763
rely,0.9709
handheld,0.9718
metric learning,0.9741
method learning task,0.9717
learning task,1.0000
task,0.9709
category,0.9777
limit,0.9728
including data,0.9712
task significance,0.9774
model,0.9760
system,0.9731
category including,0.9757
task,0.9732
algorithm recent,0.9707
training,0.9706
method recent,0.9783
category,0.9753
limit,0.9739
method,0.9793
significance,0.9727
meta,0.9766
comparing,0.9738
application,0.9766
memory,0.9722
analyze,0.9748
task significance,0.9722
approach,0.9710
model,0.9710
convenience,0.9706
system,0.9714
solution,0.9740
modeling learning,0.9730
method learning,0.9784
metric learning,0.9741
interaction learning,0.9825
meta learning,1.0000
application learning,0.9740
deep learning learning,0.9727
strategy amongst based,0.9707
task,0.9709
task divided,0.9730
task among,0.9752
ru predictable task,0.9744
requirement,0.9703
task however,0.9701
amongst based,0.9707
based,0.9711
using,0.9718
crucial,0.9753
task,0.9732
reducing,0.9707
simulation,0.9750
depending,0.9728
core,0.9722
particular,0.9707
method,0.9793
application ideal,0.9727
meta,0.9766
problematic attaining,0.9704
paradigm satisfy,0.9718
problematic,0.9768
tuna,0.9706
particular fraction,0.9718
application,0.9766
memory,0.9722
ts depending,0.9704
crucial opt,0.9761
approach,0.9710
requirement,0.9742
algorithm ts,0.9729
problem,0.9702
paradigm,0.9754
technique reduce,0.9739
algorithm ts recently,0.9714
based,0.9740
multiple,0.9713
plan,0.9751
multi,0.9774
model,0.9760
gap,0.9707
model significantly,0.9753
significantly,0.9725
input,0.9716
method,0.9793
model,0.9710
visual maple,0.9702
context,0.9710
semantic,0.9805
behavior,0.9766
origin,0.9725
model effectively,0.9728
viewed,0.9718
experiment,0.9701
model significantly,0.9776
effectively,0.9727
furthermore,0.9701
fundamental,0.9742
pivotal,0.9733
state model,0.9703
convergence speed model,0.9741
state model,0.9813
classification,1.0000
system despite,0.9705
performance across,0.9714
model,0.9760
class benign,0.9729
due multitude attack,0.9714
system,0.9731
addressing,0.9701
flow,0.9768
embedded,0.9767
method,0.9793
inference,0.9787
analyze,0.9748
performance across,0.9719
model,0.9710
device,0.9735
extraction,0.9750
capability,0.9705
capture,0.9703
experiment,0.9701
system,0.9714
addressing,0.9752
model consistently,0.9726
dependent,0.9760
detection model,0.9760
classification,1.0000
task,0.9709
category,0.9777
gap,0.9707
influence,0.9730
model,0.9760
data demonstrate superiority,0.9710
leverage,0.9704
based,0.9711
task,0.9732
classification noisy,0.9716
model transforming,0.9702
labeled,0.9759
training,0.9706
category,0.9753
borrowing,0.9726
method,0.9793
framework low,0.9711
meta,0.9766
setting,0.9718
influence,0.9709
model,0.9710
initial,0.9701
experiment,0.9701
problem,0.9702
proto strategy,0.9703
proto,0.9722
leverage,0.9770
based,0.9740
suitable,0.9746
multi,0.9774
framework,0.9755
transforming,0.9713
domain meta knowledge,0.9764
meta knowledge,1.0000
data language model,0.9728
language model,0.9784
data language model,0.9816
based learning,0.9701
meta learning,1.0000
meta based learning,0.9733
learning task,1.0000
task,0.9709
task paper,0.9708
crucial task paper,0.9728
essentially,0.9736
crucial,0.9753
analysis label,0.9758
analysis,0.9723
method synthetic,0.9705
deep neural,0.9743
task,0.9732
training,0.9706
method,0.9793
supervision,0.9727
meta,0.9766
synthetic,0.9750
measurement,0.9807
issue clean,0.9718
furthermore,0.9701
significantly,0.9725
bio deep,0.9714
demonstrates,0.9703
paradigm,0.9754
issue noisy,0.9716
neural,0.9757
weight,0.9702
network learning,0.9773
task,0.9709
system edge,0.9704
model,0.9760
condition,0.9700
system,0.9731
based,0.9711
system cv,0.9700
decision,0.9717
using,0.9718
analysis,0.9723
task,0.9732
model effectively,0.9728
hyper,0.9739
inference,0.9787
significant,0.9708
system edge,0.9736
effectively,0.9727
hazard,0.9707
model,0.9710
device,0.9735
extraction,0.9750
paradigm,0.9754
system,0.9714
system cooperative,0.9706
based,0.9740
solution,0.9740
framework,0.9755
based cv,0.9713
system knowledge,0.9729
detection model,0.9760
challenging paper,0.9723
task,0.9709
specific,0.9720
deep research,0.9709
model,0.9760
although model,0.9700
independently meantime,0.9715
task,0.9732
specific,0.9773
training,0.9706
meta specific,0.9762
method,0.9793
meta,0.9766
namely predicting,0.9709
deep research,0.9717
model,0.9710
independently,0.9753
prediction,0.9808
experiment,0.9701
certain,0.9732
problem,0.9702
require,0.9728
problem meta,0.9725
predicting,0.9774
prediction metal,0.9737
method knowledge,0.9715
temporal knowledge,0.9716
meta temporal knowledge,0.9710
method knowledge learning,0.9701
knowledge learning,0.9820
problem learning,0.9733
data based,0.9706
type,0.9710
model,0.9760
system,0.9731
based,0.9711
performance class,0.9713
self mechanism article,0.9701
mechanism,0.9777
labeling,0.9769
data based,0.9739
based meta,0.9718
method able,0.9724
particular,0.9707
method,0.9793
meta,0.9766
method able produce,0.9707
focus,0.9740
type,0.9749
comparable,0.9719
model,0.9710
instead manually,0.9708
integrated,0.9716
experiment,0.9701
problem,0.9702
system,0.9714
compared,0.9725
method several,0.9744
based,0.9740
mechanism deep,0.9714
multi,0.9774
self mechanism,0.9729
framework,0.9755
allowing,0.9746
method particular,0.9710
reinforcement,0.9727
deep learning learning,0.9727
task,0.9709
regardless,0.9709
model,0.9760
task however,0.9701
advantage,0.9712
system,0.9731
based,0.9711
recommendation,0.9700
meta alleviate cold,0.9709
practice,0.9713
mechanism,0.9777
task,0.9732
recommendation regardless,0.9713
approach meta,0.9737
method,0.9793
meta,0.9766
sampling,0.9746
anomaly,0.9749
approach,0.9710
model,0.9710
framework en learned,0.9711
distinctive,0.9731
capture,0.9703
approach meta alleviate,0.9723
problem,0.9702
system,0.9714
based,0.9740
meta alleviate,0.9703
framework,0.9755
filtering,0.9771
recommendation,0.9744
neural,0.9757
meta capture,0.9715
data meta,0.9738
transmission,0.9717
calculation,0.9750
model contrasted,0.9707
layer smart power,0.9712
model,0.9760
system,0.9731
power,0.9723
using,0.9718
energy,0.9705
transmission,0.9707
particularly artificial,0.9715
metal micro,0.9710
utilizing,0.9730
layer smart,0.9726
calculation,0.9770
using ml,0.9735
model contrasted,0.9776
profound,0.9728
method,0.9793
generation,0.9730
particularly,0.9703
setting,0.9718
scale,0.9712
application,0.9766
model,0.9710
prediction,0.9808
utilizing recent,0.9722
system,0.9714
test energy,0.9716
plan,0.9751
necessity,0.9718
objective smart,0.9708
rec smart,0.9714
framework,0.9755
using ml calculation,0.9720
tracked,0.9704
fundamental,0.9742
micro,0.9712
especially large,0.9704
case extensive numerical,0.9706
rule,0.9740
empirical,0.9751
method,0.9793
particularly,0.9703
suggesting,0.9741
setting,0.9718
termed,0.9753
importance,0.9708
size,0.9700
particularly termed db,0.9702
resulting,0.9707
extend,0.9711
theoretically,0.9733
licence,0.9701
particularly termed,0.9719
especially large learning,0.9714
ability,0.9706
model,0.9760
according category,0.9700
category,0.9777
decision,0.9717
method,0.9793
summarized,0.9736
meta,0.9766
model,0.9710
sequence,0.9712
extraction,0.9750
corresponding,0.9714
according category,0.9729
problem,0.9702
application,0.9766
category,0.9753
application deep,0.9710
reinforcement,0.9727
meta learning,1.0000
specific,0.9720
data stein,0.9712
based,0.9711
testing,0.9720
quantitative,0.9735
analysis,0.9723
compressed,0.9739
specific,0.9773
measurement finally,0.9722
natural,0.9713
method,0.9793
meta,0.9766
method effectively,0.9706
measurement,0.9807
effectively,0.9727
data stein,0.9712
essential solve,0.9706
initial,0.9701
utilize,0.9766
problem,0.9702
based,0.9740
testing,0.9763
suitable,0.9746
corresponding,0.9714
neural,0.9757
data external learning,0.9717
meta learning,1.0000
network learning,0.9773
external learning,0.9730
problem learning,0.9733
system,0.9731
task,0.9709
task allowing,0.9725
system,0.9714
using,0.9718
mechanism,0.9777
task,0.9732
accurately,0.9702
effectively extract,0.9704
embedded,0.9767
labeled,0.9759
experiment,0.9701
allowing,0.9746
effectively,0.9727
furthermore,0.9701
problem,0.9702
learning task,1.0000
classification,1.0000
task,0.9709
bias,0.9723
baseline several,0.9719
distance,0.9712
characteristic following,0.9704
model,0.9760
advantage,0.9712
based,0.9711
characteristic,0.9725
aspect,0.9724
strict,0.9706
vary,0.9752
task,0.9732
directly,0.9718
bias,0.9780
baseline several,0.9726
instead directly complicated,0.9720
data metal,0.9750
belongs relation vary,0.9710
labeled,0.9759
meta,0.9766
mit problem,0.9731
based characteristic,0.9717
effectively,0.9727
distance,0.9723
characteristic following approach,0.9718
approach,0.9710
model,0.9710
beneficial,0.9727
thus causing,0.9717
sample beneficial,0.9750
experiment,0.9701
problem,0.9702
regime,0.9733
proto,0.9722
based,0.9740
assumption,0.9770
corresponding,0.9714
instead directly,0.9701
flexible,0.9744
margin learning,0.9717
model combining,0.9750
model,0.9760
condition,0.9700
system,0.9731
based,0.9711
carbon felt,0.9705
using,0.9718
carbon,0.9746
analysis,0.9723
treatment,0.9705
metal micro,0.9710
model combining,0.9795
operating,0.9702
important,0.9712
method,0.9793
hydrogen,0.9727
validation,0.9739
scale,0.9712
input,0.9716
combining,0.9738
approach,0.9710
model,0.9710
enabling,0.9755
rate based seven,0.9711
enabling circular,0.9733
prediction,0.9808
system,0.9714
based,0.9740
process,0.9719
kinetic,0.9733
carbon felt,0.9725
method hydrogen,0.9765
micro,0.9712
proper,0.9716
neural,0.9757
cross using,0.9708
value model,0.9825
value model identified,0.9714
ho value model,0.9797
combining model,0.9719
model combining model,0.9747
parameter learning,0.9767
classification,1.0000
processing,0.9724
model,0.9760
requirement,0.9703
leverage,0.9704
using,0.9718
analysis,0.9723
model effectively,0.9728
diverse,0.9721
training,0.9706
processing,0.9798
pseudo,0.9712
meta,0.9766
inference,0.9787
semi learning,0.9761
using prototype,0.9704
effectively,0.9727
significantly,0.9725
approach,0.9710
model,0.9710
requires,0.9727
requirement,0.9742
prediction,0.9808
predicted,0.9713
refined,0.9755
experiment,0.9701
problem,0.9702
coco,0.9720
leverage,0.9770
analysis shot,0.9716
neural,0.9757
meta learning,1.0000
ability,0.9706
category,0.9777
model,0.9760
system,0.9731
based,0.9711
testing,0.9720
module,0.9702
using,0.9718
mechanism,0.9777
branch impact,0.9718
training,0.9706
category,0.9753
branch,0.9721
method,0.9793
fusion learning,0.9717
application,0.9766
model,0.9710
extraction,0.9750
experiment,0.9701
problem,0.9702
method attracted,0.9732
system,0.9714
fusion,0.9739
coco,0.9720
based,0.9740
model consistently,0.9726
overcome,0.9707
testing,0.9763
process,0.9719
module,0.9760
multi,0.9774
framework,0.9755
weight,0.9702
baseline model,0.9820
baseline model coco,0.9711
opt model,0.9705
binary classification term,0.9703
model,0.9760
classification,1.0000
ranging result,0.9736
classification term,0.9742
model favorable,0.9723
ranging result demonstrate,0.9704
pseudo,0.9712
binary classification term,0.9772
meta,0.9766
model,0.9710
transfer,0.9737
model ci,0.9734
classification term,0.9772
transform,0.9777
model favorable,0.9781
frequency,0.9763
training,0.9706
adjust,0.9750
problem,0.9702
ranging result demonstrate,0.9707
interpretation,0.9723
interaction model,0.9756
knowledge interaction model,0.9725
interaction model,0.9806
knowledge interaction model,0.9770
model meta,0.9718
experimental model,0.9795
model meta,0.9711
meta learning,1.0000
analyzed,0.9709
processing,0.9724
model,0.9760
system,0.9731
based,0.9711
power,0.9723
model compared,0.9715
including application various,0.9722
carbon,0.9746
energy,0.9705
application renewable,0.9704
analyzed,0.9764
application evolutionary,0.9738
training,0.9706
hyper,0.9739
processing,0.9798
generation,0.9730
power photo,0.9726
data spat,0.9701
basis,0.9776
application,0.9766
resolution,0.9740
model,0.9710
generation representative,0.9708
photo power,0.9731
prediction,0.9808
problem,0.9702
system,0.9714
compared,0.9725
based,0.9740
model compared,0.9740
neural,0.9757
consumption,0.9700
reinforcement,0.9727
application industrial model,0.9703
algorithm model,0.9759
task,0.9709
position,0.9711
based temporal,0.9701
pattern,0.9725
model,0.9760
based,0.9711
task,0.9732
specifically meta,0.9702
interest,0.9730
based temporal,0.9726
method,0.9793
meta,0.9766
demand,0.9708
relation attracted,0.9705
pattern,0.9783
setting,0.9718
model,0.9710
sequence,0.9712
prediction,0.9808
capture,0.9703
based,0.9740
extend,0.9711
solution,0.9740
framework,0.9755
fixed,0.9705
solution knowledge,0.9701
temporal knowledge,0.9716
model knowledge,0.9747
state model,0.9703
state model,0.9813
ability,0.9706
task,0.9709
calculation,0.9750
specific,0.9720
model pumping,0.9710
model,0.9760
condition sucker,0.9718
condition,0.9700
system,0.9731
based,0.9711
task,0.9732
calculation,0.9770
specific,0.9773
threshold sucker,0.9718
assessment,0.9766
method,0.9793
specifically case lower,0.9701
based dimensional,0.9705
model pumping,0.9769
recognition specifically case,0.9718
shrink,0.9734
model,0.9710
system soft,0.9706
extraction,0.9750
condition sucker,0.9737
indicator,0.9715
initial,0.9701
experiment,0.9701
problem,0.9702
cs specific,0.9709
diagram,0.9730
system,0.9714
based,0.9740
framework,0.9755
dimensional,0.9783
frequency,0.9763
neural,0.9757
parameter model,0.9767
fine framework learning,0.9789
model utilize,0.9731
diverse need,0.9713
including response,0.9711
model,0.9760
requirement,0.9703
data includes,0.9708
using,0.9718
diverse,0.9721
empirical,0.9751
response,0.9741
using meta,0.9719
method,0.9793
meta,0.9766
fused,0.9737
context,0.9710
synthetic,0.9750
furthermore,0.9701
significantly,0.9725
input,0.9716
model,0.9710
device,0.9735
requirement,0.9742
utilize,0.9766
paradigm,0.9754
multiple,0.9713
furthermore extended,0.9708
neural,0.9757
deep learning model,0.9706
service model,0.9775
network model,0.9766
learning model,0.9744
task,0.9709
system considering,0.9768
model,0.9760
clients,0.9725
requirement,0.9703
particular design,0.9726
factor,0.9727
system,0.9731
based,0.9711
addressing,0.9701
task addressing,0.9704
mechanism,0.9777
task,0.9732
model layer,0.9704
layer opt,0.9719
filter,0.9780
training,0.9706
vector enhance,0.9725
particular,0.9707
method,0.9793
meta,0.9766
batch,0.9702
system considering,0.9738
model,0.9710
device,0.9735
dense,0.9733
requirement,0.9742
particular design,0.9707
standard,0.9735
factor,0.9740
system,0.9714
based,0.9740
addressing,0.9752
process,0.9719
task addressing,0.9704
weight,0.9702
local model,0.9732
common model,0.9779
filter model,0.9741
global model,0.9805
task,0.9709
specific,0.9720
processing,0.9724
model,0.9760
segment using,0.9736
data aug using,0.9728
using,0.9718
diagnosis,0.9738
transfer,0.9737
imaging,0.9774
mechanism,0.9777
treatment,0.9705
wells effective boots,0.9705
task,0.9732
transformation,0.9793
specific,0.9773
mechanism employ,0.9741
training,0.9706
meta use,0.9724
similarity,0.9746
costly,0.9737
processing,0.9798
certain improvement,0.9707
method,0.9793
meta,0.9766
method effectively,0.9706
magnetic,0.9718
effectively,0.9727
scale,0.9712
model,0.9710
resonance,0.9718
experiment,0.9701
certain,0.9732
sensitivity,0.9727
compared,0.9725
segment using,0.9703
dependence,0.9742
difficult,0.9709
meta model,0.9743
rec field model,0.9798
field model,0.9822
meta model achieve,0.9718
task meta model,0.9857
meta model,1.0000
image meta certain,0.9715
thereby improving,0.9702
task,0.9709
bias,0.9723
type,0.9710
model need,0.9727
model,0.9760
system,0.9731
module,0.9702
practice,0.9713
task,0.9732
bias,0.9780
training,0.9706
method,0.9793
method effectively,0.9706
setting,0.9718
effectively,0.9727
type,0.9749
model need,0.9766
model,0.9710
facilitate,0.9725
capability,0.9705
experiment,0.9701
problem,0.9702
system,0.9714
strictly,0.9749
module,0.9760
assumption,0.9770
elaborate,0.9718
indo,0.9705
cross learning,0.9846
distribution learning,0.9716
classification,1.0000
task,0.9709
method significant,0.9702
distance,0.9712
classification task,0.9741
perspective,0.9721
classify,0.9730
important weight,0.9709
based,0.9711
flow,0.9768
mechanism,0.9777
analysis,0.9723
task,0.9732
directly,0.9718
training,0.9706
important,0.9712
method,0.9793
meta,0.9766
method significant,0.9775
significant,0.9708
connected layer,0.9707
effectively,0.9727
em inserted,0.9709
distance,0.9723
dense,0.9733
structured,0.9766
mechanism effectively,0.9733
structural,0.9775
experiment,0.9701
perspective,0.9766
effectively alleviate,0.9705
classify,0.9775
connected,0.9702
important weight,0.9709
em based,0.9705
based,0.9740
state method significant,0.9704
retrieval,0.9759
layer directly classify,0.9700
neural,0.9757
weight,0.9702
metric learning,0.9741
meta learning,1.0000
task,0.9709
data based,0.9706
model,0.9760
model certain,0.9715
model second,0.9756
system,0.9731
based,0.9711
module,0.9702
subject,0.9709
using,0.9718
mechanism,0.9777
analysis,0.9723
task,0.9732
data based,0.9739
training,0.9706
method,0.9793
model,0.9710
experiment,0.9701
model certain,0.9755
model second,0.9730
certain,0.9732
system,0.9714
ex robotics,0.9707
require,0.9728
based,0.9740
suitable,0.9746
module,0.9760
subject,0.9760
framework,0.9755
fixed,0.9705
neural,0.9757
interaction model,0.9756
system adaptation model,0.9717
humans interaction model,0.9745
fixed model,0.9705
interaction model,0.9806
kin model,0.9821
system adaptation model,0.9760
framework model,0.9763
learning model,0.9744
humans interaction model,0.9719
power pre,0.9717
type,0.9710
model,0.9760
adjustment,0.9736
system,0.9731
power,0.9723
compensate,0.9740
power pre,0.9747
training,0.9706
method,0.9793
type,0.9749
approach,0.9710
model,0.9710
capability,0.9705
adjustment,0.9759
method genera,0.9755
system,0.9714
compared,0.9725
language model,0.9784
used change model,0.9766
method learning,0.9784
classification,1.0000
data require,0.9711
model,0.9760
classify,0.9730
due model,0.9742
classification lowe,0.9817
system,0.9731
empirical,0.9751
training,0.9706
labelled,0.9705
hyper,0.9739
meta,0.9766
setting,0.9718
approach,0.9710
model,0.9710
device,0.9735
capability,0.9705
experiment,0.9701
utilize,0.9766
classify,0.9775
system,0.9714
require,0.9728
solution,0.9740
licence,0.9701
difficult,0.9709
result approach,0.9708
neural,0.9757
deep learning model,0.9706
learning model,0.9744
meta learning,1.0000
deep learning learning,0.9727
system cross,0.9753
model extensive,0.9718
model,0.9760
condition,0.9700
based deep,0.9701
system,0.9731
based,0.9711
module,0.9702
specifically proposed method,0.9703
diagnosis,0.9738
rotating,0.9723
analysis,0.9723
mode rotating,0.9700
method based,0.9701
operation extracted,0.9734
labeled,0.9759
training,0.9706
operation,0.9725
operating,0.9702
system cross,0.9761
method,0.9793
meta,0.9766
diagnostic,0.9707
context,0.9710
fault diagnosis,0.9701
model de significantly,0.9735
effectively,0.9727
model extensive,0.9765
however practical industrial,0.9703
application,0.9766
significantly,0.9725
model,0.9710
specifically proposed,0.9716
experiment,0.9701
diagnostic code,0.9719
based deep,0.9713
system,0.9714
based,0.9740
module,0.9760
framework,0.9755
laboratory model,0.9754
general model,0.9804
source domain model,0.9741
domain model,0.9704
method learning,0.9784
feature learning,0.9733
learning task,1.0000
classification,1.0000
task,0.9709
model,0.9760
task modeled,0.9706
expert,0.9727
utilize ri,0.9745
unlike conventional meta,0.9714
analysis,0.9723
task,0.9732
training,0.9706
operation,0.9725
similarity,0.9746
hyper,0.9739
method,0.9793
opt optimization,0.9709
meta,0.9766
footprint,0.9766
memory,0.9722
significantly,0.9725
model,0.9710
differentiate,0.9742
modeled,0.9745
utilize,0.9766
problem,0.9702
constrained,0.9744
opt novel,0.9762
data mini,0.9719
rely,0.9709
problem resort,0.9726
task modeled,0.9717
classification,1.0000
model,0.9760
system,0.9731
based,0.9711
dependency,0.9802
using,0.9718
mechanism,0.9777
analysis,0.9723
based meta,0.9718
diverse,0.9721
similarity,0.9746
predict used,0.9704
method,0.9793
meta,0.9766
system long,0.9713
demand,0.9708
usage,0.9720
mechanism adapting,0.9711
analyzing,0.9721
memory,0.9722
model,0.9710
requires,0.9727
objective sl mechanism,0.9736
independently,0.9753
prediction,0.9808
system,0.9714
sl mechanism,0.9713
compared,0.9725
based,0.9740
suitable,0.9746
multi,0.9774
licence,0.9701
corresponding,0.9714
consumption,0.9700
weight,0.9702
prediction result model,0.9740
situation proposed model,0.9708
meta learning,1.0000
ability,0.9706
task,0.9709
gap,0.9707
database show,0.9702
recognition however,0.9720
system,0.9731
module,0.9702
method termed,0.9721
crucial,0.9753
task,0.9732
training,0.9706
method,0.9793
meta,0.9766
application,0.9766
termed,0.9753
moreover compared,0.9703
experiment,0.9701
problem,0.9702
system,0.9714
compared,0.9725
tackle,0.9713
module,0.9760
method termed,0.9752
method metal,0.9711
meta learning,1.0000
task,0.9709
category,0.9777
category given,0.9714
distance,0.9712
model,0.9760
mahal distance improve,0.9715
system,0.9731
based,0.9711
significantly affect,0.9705
utilized metal,0.9723
aerial reid,0.9722
transfer,0.9737
task,0.9732
method based ground,0.9712
reid method based,0.9725
method based,0.9701
catastrophic,0.9715
training,0.9706
interest,0.9730
similarity,0.9746
category,0.9753
method,0.9793
meta,0.9766
sampling,0.9746
surveillance,0.9701
freeze,0.9727
application,0.9766
affect,0.9746
distance,0.9723
significantly,0.9725
combining,0.9738
model,0.9710
precision,0.9771
commonly,0.9730
utilize,0.9766
problem,0.9702
system,0.9714
curriculum,0.9729
based,0.9740
multiple,0.9713
process,0.9719
framework,0.9755
difficult,0.9709
retrieve,0.9733
addition model,0.9710
large model,0.9702
mis model,0.9733
transfer learning,0.9757
general learning,0.9729
based learning,0.9701
meta learning,1.0000
learning transfer,0.9728
system recently research,0.9731
specific,0.9720
operation specifically introduce,0.9702
model,0.9760
system,0.9731
based,0.9711
thus improving,0.9715
module,0.9702
critical component,0.9719
essentially,0.9736
module incorporate,0.9720
decision,0.9717
incorporate,0.9737
system recently research,0.9725
transferring,0.9727
solution ci,0.9731
specific,0.9773
simulation,0.9750
operation,0.9725
operation specifically introduce,0.9701
demand,0.9708
system multi,0.9713
anomaly,0.9749
effectively,0.9727
system utmost,0.9700
application,0.9766
model,0.9710
importance,0.9708
system,0.9714
resulting,0.9707
based,0.9740
solution,0.9740
module,0.9760
multi,0.9774
framework,0.9755
uncertainty vehicle,0.9743
reinforcement,0.9727
importance transferring model,0.9732
control model,0.9756
design specific learning,0.9720
ability,0.9706
specific,0.9720
typically,0.9702
model,0.9760
condition,0.9700
advantage,0.9712
system,0.9731
based,0.9711
feedback,0.9738
using,0.9718
energy,0.9705
method based,0.9701
specific,0.9773
considered,0.9732
method,0.9793
meta,0.9766
generation,0.9730
system however learning,0.9719
typically,0.9705
thermal,0.9758
model,0.9710
requires,0.9727
prediction,0.9808
system machine,0.9723
system,0.9714
based,0.9740
process,0.9719
model typically,0.9700
feedback,0.9779
neural,0.9757
consumption,0.9700
learning model,0.9744
data model,0.9781
position,0.9711
expertise,0.9733
recommendation cold,0.9710
modulation,0.9716
including function,0.9723
model,0.9760
system recent,0.9701
system,0.9731
leverage,0.9704
recommendation,0.9700
via neural,0.9706
using,0.9718
model theoretically,0.9733
directly,0.9718
expertise,0.9715
shifting,0.9711
recommendation cold,0.9723
instead using,0.9707
hyper,0.9739
method,0.9793
modulation,0.9782
including function,0.9737
scaling,0.9777
model,0.9710
enabling,0.9755
problem,0.9702
system recent,0.9729
system,0.9714
leverage,0.9770
theoretically,0.9733
necessity,0.9718
framework,0.9755
recommendation,0.9744
fixed,0.9705
proper,0.9716
neural,0.9757
broad model,0.9761
broad model theoretically,0.9713
recommendation learning,0.9743
task,0.9709
model,0.9760
system,0.9731
leverage,0.9704
flow,0.9768
task,0.9732
deep model,0.9718
response,0.9741
particular,0.9707
meta,0.9766
focus,0.9740
memory,0.9722
spat model,0.9705
routine,0.9728
spat spat model,0.9703
model,0.9710
prediction,0.9808
experiment,0.9701
problem,0.9702
system,0.9714
compared,0.9725
etc particular,0.9707
leverage,0.9770
tackle,0.9713
solution,0.9740
multi,0.9774
situation tackle,0.9726
pan,0.9727
fundamental,0.9742
multi deep model,0.9801
deep model model,0.9833
classification,1.0000
task,0.9709
sensor edge,0.9708
aggregate using,0.9716
model,0.9760
classification task,0.9741
using,0.9718
task proven,0.9711
transfer,0.9737
task,0.9732
labeling,0.9769
sensor edge,0.9740
labeled,0.9759
training,0.9706
hyper,0.9739
privacy technique,0.9706
meta,0.9766
semi learning,0.9761
footprint,0.9766
application,0.9766
model,0.9710
device,0.9735
sensor,0.9742
solution,0.9740
assumption,0.9770
framework,0.9755
consumption,0.9700
set base model,0.9821
global model,0.9805
transfer learning,0.9757
meta learning,1.0000
task,0.9709
model adopt,0.9704
model,0.9760
perspective,0.9721
system,0.9731
leverage,0.9704
preference,0.9754
recommendation,0.9700
model considerably,0.9744
task,0.9732
model adopt,0.9755
training,0.9706
user leverage,0.9706
similarity,0.9746
method,0.9793
neighbor,0.9701
significance,0.9727
context,0.9710
data aug metal,0.9705
model,0.9710
capability,0.9705
prediction,0.9808
initial,0.9701
perspective,0.9766
problem,0.9702
proposal,0.9717
due learning,0.9738
system,0.9714
leverage,0.9770
preference,0.9708
process,0.9719
filtering,0.9771
recommendation,0.9744
instead global,0.9712
model considerably,0.9769
recommendation model,0.9760
learning model,0.9744
sample learning,0.9775
classification,1.0000
category,0.9777
im across category,0.9712
category make,0.9790
model,0.9760
condition,0.9700
system,0.9731
across category,0.9714
quantitative,0.9735
decision,0.9717
analysis,0.9723
genetics,0.9735
useful,0.9749
application precision,0.9709
data metal,0.9750
labeled,0.9759
physician decision dia,0.9714
similarity,0.9746
category,0.9753
method,0.9793
automated,0.9730
frequent,0.9706
furthermore,0.9701
category make,0.9743
application,0.9766
affect,0.9746
model,0.9710
precision,0.9771
problem,0.9702
system,0.9714
facial,0.9740
recognizing,0.9709
retrieval,0.9759
genetic learning,0.9702
classification model,0.9741
classification,1.0000
configuration,0.9752
domain using,0.9714
task,0.9709
method transfer,0.9712
model,0.9760
leverage,0.9704
based,0.9711
using,0.9718
classification model,0.9715
transfer,0.9737
analysis,0.9723
configuration,0.9770
domain using,0.9704
task,0.9732
understanding,0.9711
diverse,0.9721
based metal,0.9717
method,0.9793
meta,0.9766
method transfer,0.9773
approach,0.9710
model,0.9710
independently,0.9753
extraction,0.9750
distinctive,0.9731
effective method transfer,0.9702
leverage,0.9770
based,0.9740
necessity,0.9718
framework,0.9755
dimensional,0.9783
classification model,0.9728
action classification model,0.9753
transfer learning,0.9757
meta learning,1.0000
task,0.9709
model,0.9760
especially network,0.9731
system,0.9731
based,0.9711
due change,0.9753
task,0.9732
simulation,0.9750
meta,0.9766
particularly,0.9703
significant,0.9708
significantly,0.9725
model,0.9710
especially network,0.9719
system,0.9714
based,0.9740
reinforcement,0.9727
technique based model,0.9716
technique based model,0.9779
meta learning,1.0000
network learning,0.9773
model,0.9760
system,0.9731
data employing,0.9710
scale due,0.9732
using,0.9718
carbon,0.9746
recent approach metal,0.9705
deep neural,0.9743
opt complicated,0.9719
simulation,0.9750
core,0.9722
method,0.9793
meta,0.9766
precision modeled acid,0.9749
reservoir acid,0.9743
fluid,0.9739
core scale,0.9714
bore minimize acid,0.9704
volume breakthrough,0.9701
precision modeled,0.9719
simulation genetic,0.9715
scale,0.9712
modeled acid,0.9734
combining,0.9738
approach,0.9710
model,0.9710
precision,0.9771
reaction,0.9724
prediction,0.9808
method combining,0.9744
diffusion,0.9812
modeled,0.9745
process however,0.9760
problem,0.9702
procedure whose,0.9708
system,0.9714
acid,0.9761
breakthrough,0.9758
data employing,0.9750
temperature,0.9732
process,0.9719
multi,0.9774
neural,0.9757
consumption,0.9700
deep learning model,0.9706
system numerical model,0.9753
model process,0.9709
numerical model,0.9727
learning model,0.9744
learning ml neural,0.9719
network learning,0.9773
system,0.9731
model,0.9760
superior using,0.9725
task,0.9709
data hind use,0.9737
important,0.9712
system,0.9714
using,0.9718
proto,0.9722
tailored,0.9715
model,0.9710
also using,0.9708
transfer,0.9737
dense,0.9733
task,0.9732
particularly,0.9703
problem,0.9702
compare,0.9728
labelled,0.9705
translation model,0.9707
deep learning model,0.9706
learning model,0.9744
translation model,0.9797
network model,0.9766
transfer learning,0.9757
limitation metal,0.9700
recognition mainly,0.9708
advantage,0.9712
system,0.9731
utilizing,0.9730
labeled,0.9759
method,0.9793
significant,0.9708
basis,0.9776
application,0.9766
outline,0.9738
system,0.9714
compared,0.9725
breakthrough,0.9758
solution,0.9740
limitation,0.9726
sample learning,0.9775
learning task,1.0000
ability,0.9706
task,0.9709
model,0.9760
system,0.9731
based,0.9711
method paper,0.9716
task,0.9732
method based,0.9701
diverse,0.9721
useful,0.9749
method,0.9793
approach,0.9710
model,0.9710
requires,0.9727
prediction,0.9808
contrast,0.9753
system,0.9714
based,0.9740
complementary,0.9778
neural,0.9757
self learning,0.9713
system el,0.9701
task,0.9709
processing,0.9724
distance,0.9712
model,0.9760
instruction,0.9728
system,0.9731
system el,0.9776
energy,0.9705
mechanism,0.9777
dissemination,0.9735
task,0.9732
utilizing,0.9730
reducing,0.9707
survey,0.9702
processing,0.9798
exchange,0.9728
method,0.9793
application downs distributed,0.9728
learning paradigm,0.9745
incentive,0.9738
application,0.9766
distance,0.9723
model,0.9710
device,0.9735
capability,0.9705
instruction,0.9706
paradigm,0.9754
sensor,0.9742
system,0.9714
overcome,0.9707
multi,0.9774
compression,0.9821
learning model,0.9744
method learning,0.9784
single task learning,0.9720
efficient learning,0.9704
task learning,0.9801
multi learning,0.9757
knowledge task,0.9709
task,0.9709
performance crucial,0.9719
comparison,0.9779
inter comparison,0.9725
model,0.9760
model taking,0.9779
advantage,0.9712
system,0.9731
scenario contrast,0.9704
crucial,0.9753
transfer,0.9737
task,0.9732
comparison,0.9816
data metal,0.9750
training,0.9706
method,0.9793
meta,0.9766
inter comparison,0.9727
lever,0.9737
boundary,0.9711
model,0.9710
model taking,0.9760
extraction,0.9750
prediction,0.9808
capture,0.9703
algorithm bench,0.9708
experiment,0.9701
contrast,0.9753
requiring,0.9733
problem,0.9702
system,0.9714
compared,0.9725
tackle,0.9713
system contrast,0.9765
solution,0.9740
multi,0.9774
neural,0.9757
learning model,0.9744
transfer learning,0.9757
general learning,0.9729
meta learning,1.0000
bench learning,0.9718
performance learning,0.9715
task learning,0.9801
knowledge learning,0.9820
multi learning,0.9757
task,0.9709
model widely,0.9739
model need,0.9727
model,0.9760
based,0.9711
using,0.9718
flow,0.9768
cnn model need,0.9717
task,0.9732
model widely,0.9758
based metal,0.9717
training,0.9706
method,0.9793
meta,0.9766
flap,0.9705
fluid,0.9739
significant,0.9708
boundary,0.9711
application,0.9766
model need,0.9766
model,0.9710
modelling reduced,0.9702
cylinder,0.9708
therefore based,0.9706
problem,0.9702
model un,0.9716
based,0.9740
framework,0.9755
neural,0.9757
suffer challenge,0.9708
model,0.9760
based,0.9711
effective approach,0.9711
using,0.9718
bay optimization,0.9711
transfer,0.9737
analysis,0.9723
understanding,0.9711
model effectively,0.9728
empirical,0.9751
performance transfer,0.9714
meta,0.9766
effectively,0.9727
application,0.9766
using bay,0.9711
approach,0.9710
model,0.9710
opt using,0.9716
demonstrates,0.9703
behavior,0.9766
prediction,0.9808
experiment,0.9701
monitoring,0.9724
wrapping,0.9717
based,0.9740
model consistently,0.9726
tackle,0.9713
analysis demonstrates,0.9706
weight,0.9702
data show model,0.9754
learning model,0.9744
transfer learning,0.9757
ability,0.9706
classification,1.0000
task,0.9709
data employed,0.9710
based fraction,0.9704
model,0.9760
advantage,0.9712
classification task,0.9741
however model metal,0.9713
adjustment,0.9736
advantage metal,0.9712
based,0.9711
analysis,0.9723
task,0.9732
method based,0.9701
based metal,0.9717
training,0.9706
method,0.9793
data fraction,0.9702
stabilized,0.9745
method aerospace,0.9792
resolution,0.9740
model,0.9710
via fraction,0.9723
task based aerospace,0.9709
initial,0.9701
adjustment,0.9759
problem,0.9702
method rep,0.9704
based,0.9740
method based fraction,0.9712
processing,0.9724
model,0.9760
based,0.9711
distant data di,0.9715
aligned,0.9747
practice,0.9713
reducing,0.9707
training,0.9706
natural,0.9713
processing,0.9798
important,0.9712
method,0.9793
grammatical,0.9733
supervision,0.9727
meta,0.9766
generation,0.9730
furthermore,0.9701
di data term,0.9702
model,0.9710
data di,0.9734
furthermore based,0.9703
structured,0.9766
experiment,0.9701
problem,0.9702
compared,0.9725
based,0.9740
distant data di,0.9733
wit data di,0.9713
data term,0.9764
neural,0.9757
weight,0.9702
evaluation model,0.9730
human evaluation model,0.9704
data mis model,0.9717
evaluation model,0.9809
human evaluation model,0.9746
data model,0.9781
data mis model,0.9777
mis model,0.9733
meta learning,1.0000
advantage proposed,0.9724
data utilized,0.9708
task,0.9709
importantly,0.9706
deep network entitled,0.9718
issue based,0.9712
issue suffers,0.9707
advantage,0.9712
network entitled,0.9726
delivery,0.9702
system,0.9731
leverage,0.9704
based,0.9711
advantage proposed,0.9706
user term,0.9703
task,0.9732
labeled,0.9759
importantly,0.9740
approach several,0.9700
effectively,0.9727
issue based,0.9712
suggestion,0.9767
data devi,0.9750
approach,0.9710
issue suffers,0.9707
notably,0.9708
behavior,0.9766
experiment,0.9701
problem,0.9702
delivery,0.9767
system,0.9714
rental,0.9710
fusion,0.9739
leverage,0.9770
based,0.9740
tackle,0.9713
problem notably,0.9782
multi,0.9774
though eco,0.9721
frequency,0.9763
consumption,0.9700
ability,0.9706
via test training,0.9710
gap,0.9707
via test,0.9732
distance,0.9712
model,0.9760
system,0.9731
based,0.9711
issue via test,0.9708
diverse,0.9721
filter,0.9780
system de,0.9714
based metal,0.9717
training,0.9706
similarity,0.9746
hyper,0.9739
particular,0.9707
method,0.9793
hazy,0.9714
de synthesized image,0.9715
synthetic,0.9750
method essential,0.9745
distance,0.9723
termed,0.9753
model,0.9710
commonly,0.9730
experiment,0.9701
contrast,0.9753
system,0.9714
domain contrast,0.9734
based,0.9740
gap synthetic,0.9708
due domain,0.9734
framework,0.9755
model,0.9760
boost,0.9739
training,0.9706
response,0.9741
generation,0.9730
input,0.9716
approach,0.9710
model,0.9710
capture,0.9703
experiment,0.9701
multiple,0.9713
multi,0.9774
dialogue model,0.9722
configuration,0.9752
task,0.9709
task rank,0.9740
model,0.9760
task however,0.9701
model recommendation,0.9717
system,0.9731
based,0.9711
model selection,0.9707
data using,0.9718
recommendation,0.9700
using,0.9718
configuration,0.9770
task,0.9732
meta,0.9766
termed,0.9753
model,0.9710
precision,0.9771
standard,0.9735
predicted,0.9713
model recommendation,0.9737
experiment,0.9701
prosperity,0.9740
model con,0.9748
system,0.9714
viable,0.9703
based,0.9740
suitable case,0.9713
model selection,0.9766
suitable,0.9746
process,0.9719
evaluation bench,0.9730
comparative experiment carried,0.9717
framework,0.9755
data using,0.9714
extensive using,0.9708
process carried,0.9733
recommendation,0.9744
experiment carried,0.9713
neural,0.9757
deep learning model,0.9706
evaluation bench model,0.9784
bench model,0.9740
network model,0.9766
learning model,0.9744
class drug,0.9758
particularly many target,0.9708
modification,0.9710
model,0.9760
based,0.9711
validity,0.9762
crucial,0.9753
removing,0.9731
transfer,0.9737
directly,0.9718
transform,0.9777
case learning,0.9765
class drug,0.9725
modification,0.9742
important,0.9712
method,0.9793
meta,0.9766
furthermore applied meta,0.9720
particularly,0.9703
furthermore,0.9701
drug,0.9708
approach,0.9710
model,0.9710
sub em,0.9715
method case,0.9734
prediction,0.9808
crucial lu,0.9702
method meta,0.9718
modifying,0.9722
based,0.9740
screening,0.9785
motivation,0.9761
process,0.9719
enzyme metal,0.9710
framework,0.9755
difficult,0.9709
prediction model,0.9710
validity model,0.9704
model meta,0.9718
prediction model,0.9729
screening model,0.9748
data meta,0.9738
model meta,0.9711
task inspired,0.9729
task,0.9709
bias,0.9723
automatically identifying,0.9708
task paper,0.9708
task biased,0.9722
identifying,0.9714
general power,0.9703
power,0.9723
using,0.9718
deep neural,0.9743
task,0.9732
remedy,0.9715
bias,0.9780
data metal,0.9750
biased,0.9763
adjusting,0.9748
training,0.9706
method,0.9793
validation,0.9739
setting,0.9718
method consistently,0.9728
adjust,0.9750
importance,0.9708
experiment,0.9701
weight,0.9702
identifying,0.9724
extend,0.9711
multiple,0.9713
opt metal,0.9722
framework,0.9755
neural,0.9757
learning deep neural,0.9705
classification model,0.9741
classification,1.0000
task,0.9709
bias,0.9723
via training,0.9732
category,0.9777
via training classification,0.9743
type,0.9710
model,0.9760
visual prototype,0.9701
class via training,0.9706
system,0.9731
based,0.9711
classification bias classification,0.9756
suffer classification,0.9857
classification model,0.9715
task,0.9732
directly,0.9718
bias,0.9780
training,0.9706
category,0.9753
method,0.9793
training paradigm,0.9721
treated,0.9708
classification model seen,0.9750
type,0.9749
metal model accumulate,0.9712
approach,0.9710
model,0.9710
model accumulate,0.9750
semantic,0.9805
ep training paradigm,0.9711
wealthy,0.9708
experiment,0.9701
utilize,0.9766
problem,0.9702
paradigm,0.9754
system,0.9714
based,0.9740
tackle,0.9713
predicting,0.9774
licence,0.9701
recognizing,0.9709
framework,0.9755
corresponding,0.9714
bias classification model,0.9774
classification model,0.9728
training classification model,0.9747
learning model,0.9744
bias classification model,0.9745
prototype learning,0.9798
ability,0.9706
configuration,0.9752
task,0.9709
advantage model,0.9730
pattern,0.9725
model,0.9760
advantage,0.9712
testing,0.9720
decision,0.9717
mechanism,0.9777
configuration,0.9770
task,0.9732
mapping mechanism five,0.9701
compare,0.9728
particular,0.9707
method,0.9793
neighbor,0.9701
meta,0.9766
pattern,0.9783
relatively,0.9704
method consistently,0.9728
significantly,0.9725
model,0.9710
extraction,0.9750
capability,0.9705
mechanism comb,0.9775
problem,0.9702
compared,0.9725
regression,1.0000
testing,0.9763
suitable,0.9746
multi,0.9774
suitable solving,0.9739
neural,0.9757
classification,1.0000
expertise,0.9733
module along,0.9710
gap,0.9707
model,0.9760
instruction,0.9728
based,0.9711
module,0.9702
power,0.9723
practice,0.9713
diagnosis,0.9738
transfer,0.9737
imaging,0.9774
method reach,0.9716
deep neural,0.9743
expertise,0.9715
namely meta,0.9718
instead image,0.9736
based metal,0.9717
natural,0.9713
costly,0.9737
method,0.9793
meta,0.9766
diagnostic,0.9707
generation,0.9730
method namely,0.9711
application,0.9766
tumor,0.9738
model,0.9710
semantic,0.9805
instruction,0.9706
contrast,0.9753
pneumonia,0.9758
problem,0.9702
based,0.9740
tackle,0.9713
multiple,0.9713
module,0.9760
algorithm liver,0.9741
neural,0.9757
weight,0.9702
expertise model,0.9704
transfer learning,0.9757
feature learning,0.9733
ability,0.9706
classification,1.0000
task,0.9709
model specifically due,0.9724
automatic recognition,0.9709
model specifically,0.9744
task primarily,0.9729
pattern,0.9725
model,0.9760
based,0.9711
data utilizing,0.9723
crucial,0.9753
task,0.9732
utilizing,0.9730
tool,0.9715
automatic recognition,0.9710
operation,0.9725
model specifically,0.9756
similarity,0.9746
method,0.9793
pattern,0.9783
comparing,0.9738
significant,0.9708
input,0.9716
pattern tc,0.9721
model,0.9710
semantic,0.9805
utilizing metric,0.9713
experiment,0.9701
method enable,0.9715
based,0.9740
data utilizing,0.9729
relies manual,0.9713
neural,0.9757
semantic segment model,0.9717
pattern learning,0.9768
framework explain,0.9702
classification,1.0000
discipline,0.9727
specific,0.9720
classification crucial,0.9725
selection classification,0.9700
specific data combined,0.9705
framework explain recommendation,0.9710
hind application,0.9726
model,0.9760
model second,0.9756
explanation,0.9728
system,0.9731
performance specific,0.9716
recommendation,0.9700
validity,0.9762
decision,0.9717
using,0.9718
counter explain,0.9726
crucial,0.9753
framework explain,0.9741
method becoming,0.9731
causal,0.9779
crucial balance,0.9722
specific,0.9773
method,0.9793
specific data combined,0.9710
deficiency,0.9765
problem among,0.9708
application,0.9766
interpretation,0.9723
model,0.9710
experiment,0.9701
model second,0.9730
system machine,0.9723
explanation,0.9754
certain,0.9732
problem,0.9702
certain problem,0.9729
system,0.9714
overcome,0.9707
algorithm benefited,0.9753
suitable,0.9746
performance specific,0.9724
framework,0.9755
difficult,0.9709
rely,0.9709
recommendation,0.9744
learning model,0.9744
network using,0.9725
characteristic proposed,0.9719
system palm,0.9720
system,0.9731
identifying,0.9714
based,0.9711
characteristic proposed method,0.9710
characteristic,0.9725
using,0.9718
characteristic proposed,0.9779
method paper,0.9716
depending,0.9728
method significantly,0.9767
detector using,0.9711
forge,0.9702
method,0.9793
approach tackle,0.9718
suggested approach tackle,0.9708
method achieve,0.9722
suggested,0.9718
significant,0.9708
adjust,0.9750
forensic,0.9711
significantly,0.9725
input,0.9716
approach,0.9710
system palm,0.9738
demonstrates,0.9703
problem,0.9702
system,0.9714
identifying,0.9724
compared,0.9725
based,0.9740
overcome,0.9707
tackle,0.9713
characteristic proposed method,0.9706
accounted overcome,0.9717
corresponding,0.9714
allowing,0.9746
neural,0.9757
limitation,0.9726
weight,0.9702
paradigm called,0.9702
classification,1.0000
task,0.9709
label using,0.9716
classified,0.9715
typically,0.9702
distance,0.9712
performance across,0.9714
model,0.9760
based,0.9711
using,0.9718
pm approach,0.9764
task,0.9732
label using,0.9701
training,0.9706
method,0.9793
learning paradigm,0.9745
setting,0.9718
typically,0.9705
furthermore,0.9701
partial multi,0.9708
distance,0.9723
performance across,0.9719
approach,0.9710
model,0.9710
problem,0.9702
paradigm,0.9754
based,0.9740
solution,0.9740
multi,0.9774
licence,0.9701
metric learning,0.9741
multi learning,0.9757
ability,0.9706
classification,1.0000
model,0.9760
system,0.9731
based,0.9711
tier experimental result,0.9754
power,0.9723
boost,0.9739
method based,0.9701
defining,0.9702
empirical,0.9751
similarity,0.9746
method,0.9793
integrating,0.9786
setting,0.9718
distinguish,0.9732
approach,0.9710
model,0.9710
suppress,0.9738
experiment,0.9701
utilize,0.9766
connected,0.9702
system,0.9714
effective boost,0.9713
based,0.9740
data mini,0.9719
multiple,0.9713
licence,0.9701
corresponding,0.9714
neural,0.9757
network model,0.9766
information learning,0.9783
ability,0.9706
task,0.9709
model,0.9760
requirement,0.9703
system,0.9731
series multi,0.9726
mechanism trend,0.9726
mechanism,0.9777
deep neural,0.9743
task,0.9732
transform,0.9777
training,0.9706
mechanism attention,0.9701
method,0.9793
meta,0.9766
context,0.9710
inference,0.9787
anomaly,0.9749
accurately,0.9702
data excessive,0.9720
input,0.9716
model,0.9710
requirement,0.9742
series adaptive,0.9720
experiment,0.9701
problem,0.9702
system,0.9714
mechanism deep,0.9714
multi,0.9774
self mechanism,0.9729
corresponding,0.9714
neural,0.9757
network model,0.9766
detection model,0.9760
model meta,0.9718
model meta,0.9711
meta learning,1.0000
ability,0.9706
classification,1.0000
global classification,0.9856
gap,0.9707
basic classification,0.9801
system classification,0.9817
model,0.9760
advantage,0.9712
system,0.9731
classification viewpoint respectively,0.9714
grouped metal,0.9718
characteristic,0.9725
transfer,0.9737
training paradigm easily,0.9725
deep model,0.9718
paradigm easily,0.9749
training,0.9706
branch,0.9721
method,0.9793
meta,0.9766
method effectively,0.9706
training paradigm,0.9721
basic classification,0.9700
effectively,0.9727
system classification,0.9736
absorbing,0.9719
approach,0.9710
model,0.9710
ep training paradigm,0.9711
capability,0.9705
model cumulative,0.9733
initial,0.9701
experiment,0.9701
problem,0.9702
paradigm,0.9754
system,0.9714
experiment ci,0.9709
tackle,0.9713
problem absorbing,0.9704
licence,0.9701
framework,0.9755
grouped,0.9762
viewpoint,0.9750
method model,0.9716
method model,0.9801
learning model,0.9744
model meta,0.9718
model meta,0.9711
capacity learning,0.9722
general capacity learning,0.9742
attributed network attracted,0.9701
classification,1.0000
task,0.9709
research attention however,0.9717
task extensive,0.9709
support final classification,0.9763
model,0.9760
classification solve,0.9740
task attributed,0.9756
system,0.9731
leverage,0.9704
attributed network,0.9718
testing,0.9720
final classification solve,0.9718
transfer,0.9737
analysis,0.9723
task,0.9732
labeled,0.9759
training,0.9706
treating,0.9706
method,0.9793
problem insufficient labeled,0.9705
essential analysis,0.9725
model,0.9710
leverage multi,0.9728
problem,0.9702
problem insufficient,0.9712
system,0.9714
require,0.9728
proto,0.9722
leverage,0.9770
tackle,0.9713
testing,0.9763
multi,0.9774
licence,0.9701
framework,0.9755
neural,0.9757
method learning,0.9784
network learning,0.9773
