Word,Similarity
characteristics,0.9757
correction,0.9741
task,0.9709
focus,0.9740
method,0.9793
grammatical,0.9733
characteristics,0.9718
approach,0.9710
characteristics employ,0.9715
correction,0.9721
task,0.9732
focuses,0.9702
method,0.9768
effectiveness proposed approach,0.9732
novel method,0.9743
research focus,0.9725
method,0.9789
characteristics,0.9751
characteristics employ,0.9784
characteristics employ metal,0.9763
method,0.9707
characteristics,0.9710
measuring,0.9721
analyzed,0.9709
models,0.9742
measuring,0.9738
spec approach,0.9746
neural,0.9757
approach,0.9710
meta,0.9766
metal template,0.9726
similarity,0.9746
analyzed,0.9764
particular,0.9707
models,0.9707
similar data paper,0.9717
spec approach,0.9742
data paper,0.9730
data paper investigate,0.9730
data supposed,0.9710
meta landmark results,0.9741
hierarchical template evolved,0.9728
evolved spec approach,0.9700
data supposed generate,0.9713
models,0.9730
data,0.9753
particular data,0.9779
supervised learning,0.9726
based,0.9711
classification,1.0000
based data six,0.9719
typically,0.9702
pattern,0.9725
selection classification,0.9700
predicting,0.9774
comparable,0.9719
data metal,0.9750
based,0.9740
dependent,0.9760
training,0.9706
metadata convincing,0.9703
using,0.9718
multiple,0.9713
based data six,0.9711
approach,0.9710
metal optimal,0.9714
typically,0.9705
pattern,0.9783
meta,0.9766
approach meta,0.9737
standard,0.9735
typically evaluated,0.9710
based multiple,0.9709
approach meta,0.9703
predicting,0.9704
data metal,0.9763
data six,0.9743
using presented metadata,0.9721
classification,0.9741
based data six,0.9758
therefore metadata,0.9705
pattern,0.9718
approach meta,0.9726
recognition typically evaluated,0.9735
metadata used various,0.9704
typically evaluated,0.9706
data,0.9753
based multiple,0.9728
classification,0.9750
following research questions,0.9721
model,0.9760
core compete model,0.9729
influence,0.9730
core,0.9722
explains,0.9716
reflex,0.9700
market,0.9717
model,0.9710
analyze,0.9748
influence,0.9709
research design used,0.9724
insights,0.9709
knowledge knowledge,0.9718
design used,0.9750
core compete model,0.9733
research design used,0.9758
management knowledge,0.9713
artifacts authors employ,0.9741
purpose paper investigate,0.9709
following research questions,0.9727
answer following research,0.9731
model,0.9791
design used,0.9767
core compete model,0.9837
implications proposed model,0.9748
authors employ,0.9716
research design used,0.9807
reflex monitor,0.9710
purpose paper,0.9725
model,0.9705
core compete model,0.9718
research design used,0.9707
rec learning,0.9702
outs rec learning,0.9703
based,0.9711
classification,1.0000
based exploit training,0.9736
processing,0.9724
classification involving,0.9701
significantly,0.9725
problem,0.9702
comparable,0.9719
based,0.9740
training,0.9706
approach,0.9710
meta,0.9766
due complex,0.9723
prediction,0.9808
involving,0.9712
processing,0.9798
problem meta,0.9725
framework,0.9755
interest,0.9730
meta learning,1.0000
meta learning,0.9744
data classification,0.9759
classification scheme class,0.9730
classification,0.9741
classification meta,0.9748
data het across,0.9703
based exploit training,0.9720
classification scheme,0.9703
across hierarchy also,0.9704
processing,0.9709
framework,0.9765
data,0.9753
conventional classification,0.9700
classification,0.9750
meta learning,0.9841
meta learning,0.9733
meta learning,0.9733
system specifically task,0.9721
specifically task,0.9707
based,0.9711
tuning,0.9728
task,0.9709
models,0.9742
reasons,0.9722
system,0.9731
requirements,0.9741
weighted,0.9760
system specifically task,0.9724
system specifically,0.9706
specifically task,0.9713
based,0.9740
methods,0.9794
significant energy,0.9704
tuning,0.9731
method,0.9793
system minimize,0.9722
task,0.9732
appropriate para,0.9729
models,0.9707
simulation,0.9750
system,0.9714
application,0.9766
significant,0.9708
regression,1.0000
energy,0.9705
problems,0.9714
reinforcement,0.9727
difficult,0.9709
task controlling,0.9709
learning method,0.9803
method,0.9768
application,0.9700
method smart,0.9714
learning method,0.9710
learning method,0.9875
task controlling,0.9750
system specifically task,0.9749
learning method,0.9713
system specifically,0.9708
specifically task,0.9715
systems value,0.9703
task controlling h,0.9729
systems,0.9719
methods,0.9773
h system minimize,0.9727
method,0.9789
system minimize,0.9708
within fitted value,0.9707
results significant energy,0.9730
appropriate para,0.9746
models,0.9730
system,0.9758
requirements,0.9762
application,0.9765
energy control,0.9734
regression,0.9715
h system,0.9724
method,0.9707
system,0.9708
requirements,0.9723
application,0.9753
classification,1.0000
mutation,0.9739
generation,0.9730
regression,1.0000
neural,0.9757
approach,0.9710
high solutions metal,0.9720
tool,0.9715
analysis,0.9723
meta,0.9766
performance discovered mutation,0.9702
multi,0.9774
allowing,0.9746
presenting,0.9719
problems,0.9714
presented approach automatic,0.9702
regression,0.9715
operators,0.9777
classification,0.9741
high solutions metal,0.9706
analysis results,0.9748
classification,0.9750
selected,0.9718
recommendation,0.9700
based,0.9711
system,0.9731
method recommendation,0.9734
data metal,0.9750
recommendation,0.9744
based,0.9740
method,0.9793
methods metal,0.9707
suitable,0.9746
facilitate,0.9725
system facilitate,0.9727
multi,0.9774
data multi,0.9733
system,0.9714
methods,0.9794
method recommendation,0.9703
method,0.9768
learning method,0.9803
method recommendation,0.9763
learning method,0.9710
learning method,0.9875
data metal,0.9763
recommendation,0.9720
method,0.9789
data multi system,0.9732
system mas,0.9708
data metal multi,0.9719
metal multi systems,0.9769
system facilitate,0.9727
previous experiments paper,0.9716
data multi,0.9721
data,0.9753
learning method,0.9713
including parameters,0.9715
system,0.9758
systems,0.9719
methods,0.9773
method recommendation,0.9821
recommendation,0.9721
method,0.9707
system,0.9708
method recommendation,0.9723
classification cy,0.9718
inter comparison,0.9725
yet results,0.9710
comparison,0.9779
conditions,0.9754
performance classification,0.9774
classification,1.0000
model,0.9760
regardless,0.9709
priority,0.9758
influence,0.9730
regardless conditions,0.9723
filtered,0.9730
connected,0.9702
meta,0.9766
bag implemented,0.9710
conditions whereas,0.9707
interpretation,0.9723
prediction priority,0.9738
inter comparison,0.9727
training,0.9706
package,0.9705
comparison,0.9816
multi,0.9774
conditions,0.9714
tests,0.9732
varied,0.9721
methods,0.9794
multi decorate filtered,0.9715
model,0.9710
using,0.9718
analysis,0.9723
drug,0.9708
priority,0.9729
hyper,0.9739
application,0.9766
significant,0.9708
influence,0.9709
screening,0.9785
facilitate,0.9725
precision,0.9771
regardless conditions,0.9707
inhibitor mu,0.9747
prediction,0.9808
although use,0.9705
application,0.9700
different data,0.9728
conditions order,0.9763
classification cy,0.9760
conditions generally connected,0.9734
especially virtual screening,0.9706
conditions whereas,0.9730
mcc values presented,0.9726
data,0.9753
prediction priority,0.9762
inter comparison,0.9746
although use connected,0.9701
comparison,0.9756
conditions,0.9767
tests,0.9703
ib inter comparison,0.9716
methods,0.9773
presented form heat,0.9701
classification,0.9741
model,0.9791
metal inhibitor mu,0.9701
evaluated classification protein,0.9754
screening conditions,0.9724
application metal,0.9729
package evaluated classification,0.9717
application,0.9765
classification filtered,0.9780
regardless conditions,0.9713
inhibitor mu,0.9712
data well,0.9710
classification cy,0.9739
inter comparison,0.9708
comparison,0.9701
performance classification,0.9758
ib inter comparison,0.9700
classification,0.9750
model,0.9705
application,0.9753
classification filtered,0.9718
recommendation,0.9700
specific,0.9720
model able,0.9731
based,0.9711
superior data,0.9751
comparison,0.9779
guidance,0.9728
model,0.9760
characteristics,0.9757
superior data prior,0.9704
models,0.9742
processing,0.9724
problem,0.9702
recommendation,0.9744
specific,0.9773
model able,0.9714
meta,0.9766
particular,0.9707
based,0.9740
size,0.9700
metal optimal,0.9714
experiment,0.9701
comparison,0.9816
guidance,0.9744
model,0.9710
characteristics,0.9718
model increases,0.9712
analysis,0.9723
consideration,0.9731
models,0.9707
regression,1.0000
processing,0.9798
meta learning,1.0000
guidance,0.9731
model proposed,0.9714
particular data study,0.9716
relevance meta model,0.9724
novel meta model,0.9731
meta model,0.9706
meta learning,0.9744
recommendation,0.9720
given data lack,0.9722
model able,0.9762
specific data characteristics,0.9742
data paper novel,0.9718
prior comparison,0.9705
data,0.9753
given particular data,0.9751
superior data,0.9728
model able predict,0.9735
often include,0.9729
comparison,0.9756
novel meta model,0.9722
guidance,0.9757
particular data,0.9779
tools often include,0.9736
meta model metal,0.9708
model given,0.9725
model,0.9791
characteristics,0.9751
model increases,0.9751
model proposed,0.9765
specific data,0.9724
superior data prior,0.9719
models,0.9730
regression,0.9715
data study,0.9741
data paper,0.9730
particular data study,0.9800
meta model,0.9728
data characteristics,0.9819
data lack,0.9719
processing,0.9709
explain model would,0.9739
recommendation,0.9721
comparison,0.9701
guidance,0.9711
model,0.9705
characteristics,0.9710
particular data study,0.9740
data characteristics,0.9723
meta learning,0.9841
relevance meta model,0.9723
meta model,0.9760
meta learning,0.9733
meta learning,0.9733
regression model,0.9713
novel meta model,0.9725
meta model,0.9711
task paper,0.9708
based,0.9711
specific,0.9720
task,0.9709
application,0.9766
problem,0.9702
based metal,0.9717
based,0.9740
tailored,0.9715
specific,0.9773
method,0.9793
approach,0.9710
compared,0.9725
task,0.9732
tests,0.9732
problems,0.9714
input,0.9716
application,0.9700
task paper,0.9724
solutions proposed,0.9708
method,0.9768
application problem hand,0.9718
problem recommend effective,0.9734
search automatic design,0.9710
components specific application,0.9720
method tests,0.9715
application,0.9765
based metal,0.9716
task paper,0.9767
given input data,0.9741
solutions proposed,0.9760
method,0.9789
input list,0.9770
application problem hand,0.9770
task hand,0.9701
problem recommend effective,0.9725
problem recommend,0.9720
search automatic design,0.9728
main components,0.9729
components specific application,0.9778
hand specifically propose,0.9708
data compared,0.9735
tests,0.9703
list main components,0.9724
components specific,0.9718
input,0.9728
data,0.9753
method tests,0.9732
application,0.9753
task paper,0.9704
solutions proposed,0.9715
method,0.9707
components specific application,0.9708
problematic since,0.9706
type,0.9710
based,0.9711
comparison,0.9779
meta using,0.9718
classification,1.0000
model,0.9760
metal system,0.9708
system,0.9731
classify,0.9730
processing,0.9724
data metal,0.9750
acid,0.9761
approach,0.9710
meta,0.9766
sequence,0.9712
type,0.9749
problematic,0.9768
characterized,0.9715
context,0.9710
based,0.9740
induction eco,0.9777
comparison,0.9816
combining,0.9738
decision,0.9717
tests,0.9732
interest,0.9730
meta using,0.9758
model,0.9710
using,0.9718
sequences metal,0.9730
induction,0.9796
acids,0.9726
system,0.9714
uneven,0.9718
behavior,0.9766
classify,0.9775
processing,0.9798
problems,0.9714
difficult,0.9709
patterns,0.9746
data learning,0.9768
comparison decision,0.9721
metal system,0.9706
data metal,0.9763
im data,0.9720
im data problematic,0.9708
using cross tests,0.9781
problematic since,0.9718
based amino,0.9712
data,0.9753
type,0.9711
data influences,0.9752
data problematic,0.9771
context,0.9746
induction eco,0.9719
comparison,0.9756
comparison decision,0.9751
tests,0.9703
data kn,0.9716
systems,0.9719
meta using,0.9753
data problematic since,0.9726
classification,0.9741
model,0.9791
metal system,0.9784
sequences metal system,0.9767
system,0.9758
algorithm base,0.9710
metal model,0.9706
data study,0.9741
processing,0.9709
type,0.9704
comparison,0.9701
classification,0.9750
model,0.9705
metal system,0.9715
system,0.9708
data learning,0.9819
test set,0.9724
generation,0.9730
particular,0.9707
initial,0.9701
mutation,0.9739
using,0.9718
hyper,0.9739
consequence,0.9770
using genetic,0.9701
standard,0.9735
separate independent test,0.9707
independent test,0.9733
test set,0.9711
separate independent test,0.9739
test,0.9727
independent test,0.9714
systems,0.9719
operators,0.9777
test set,0.9793
consequence,0.9735
test set,0.9712
following cognitive,0.9708
based,0.9711
system mai,0.9706
system,0.9731
based,0.9740
principles,0.9728
system prescribed,0.9706
instructional,0.9780
directly,0.9718
empirical,0.9751
system mai,0.9757
presenting,0.9719
system,0.9714
intelligent learning,0.9814
general systems,0.9760
main components following,0.9703
components following,0.9719
system prescribed,0.9739
instructional,0.9700
system presenting,0.9746
knowledge base,0.9715
components following cognitive,0.9741
main components,0.9729
system mai,0.9781
system,0.9758
systems,0.9719
system,0.9708
intelligent learning,0.9715
application,0.9766
integrated,0.9716
applications learning,0.9778
application,0.9700
application,0.9765
data,0.9753
systems,0.9719
database,0.9726
application,0.9753
database,0.9710
applications learning,0.9767
using knowledge base,0.9713
based,0.9711
model,0.9760
knowledge based,0.9712
problem,0.9702
approach,0.9710
requires,0.9727
algorithm educational,0.9720
based,0.9740
model,0.9710
using,0.9718
analysis,0.9723
techniques,0.9762
insights,0.9709
difficult,0.9709
step recommend design,0.9721
model approach,0.9771
model driven approach,0.9753
knowledge based,0.9706
driven approach model,0.9770
advanced data,0.9734
using knowledge base,0.9793
algorithm educational,0.9703
techniques data,0.9766
data,0.9753
step recommend design,0.9746
users must informed,0.9703
model approach,0.9769
systems,0.9719
users must,0.9708
model,0.9791
design propose model,0.9730
model driven approach,0.9712
techniques,0.9739
data miners,0.9743
metal model,0.9706
based systems,0.9721
knowledge base,0.9715
knowledge based,0.9781
base critical,0.9728
knowledge base critical,0.9735
model,0.9705
model driven development,0.9717
driven approach model,0.9746
approach model,0.9743
based,0.9711
power assessed way,0.9717
models,0.9742
priority,0.9758
power,0.9723
generation,0.9730
resonance,0.9718
based,0.9740
analyses,0.9721
neural,0.9757
basal,0.9747
using,0.9718
analysis,0.9723
behaviors,0.9722
models,0.9707
priority,0.9729
sc studied behaviors,0.9718
behavior,0.9766
assessed,0.9728
motivation,0.9761
rebound,0.9706
discussion,0.9704
theoretical motivation,0.9766
relevant power assessed,0.9775
possible implications findings,0.9702
power assessed way,0.9733
findings using,0.9724
relevant power,0.9731
computational relevant power,0.9746
power assessed,0.9732
models,0.9730
implications findings using,0.9709
sc studied behaviors,0.9715
including problem,0.9703
model,0.9760
functional,0.9752
models,0.9742
addressing,0.9701
directions,0.9711
properties,0.9730
including problem,0.9742
problem,0.9702
directions including,0.9715
model,0.9710
neural,0.9757
encoding,0.9757
functional,0.9785
process,0.9719
plastic,0.9755
models,0.9707
addressing,0.9752
directions,0.9714
interest,0.9730
discussion,0.9704
brain learning,0.9702
including problem,0.9756
including incorporation functional,0.9719
directions including,0.9742
model,0.9791
functional,0.9761
model el,0.9719
syn plastic model,0.9713
process springer evolution,0.9710
schemes conclude,0.9729
models,0.9730
model,0.9705
functional,0.9703
brain learning,0.9716
specific,0.9720
model,0.9760
problem,0.9702
specific,0.9773
solutions due,0.9726
approach,0.9710
strategies metal,0.9707
focuses,0.9702
incorporate,0.9737
multi,0.9774
hypothesis,0.9774
tests,0.9732
practice,0.9713
model,0.9710
metal ee strategies,0.9725
incorporate ee,0.9737
model prior,0.9727
rarely,0.9710
problems,0.9714
reinforcement,0.9727
strategy address specific,0.9733
large hypothesis,0.9717
strategies metal,0.9718
strategy address specific,0.9758
ee strategy,0.9739
current solutions,0.9744
distribution illustrate,0.9771
dilemma canonical form,0.9716
hypothesis,0.9719
tests,0.9703
model,0.9791
metal ee strategies,0.9752
model prior,0.9800
three steps model,0.9721
large hypothesis,0.9743
current solutions,0.9704
model,0.9705
metal system,0.9708
ability,0.9706
system,0.9731
mutation,0.9739
problem,0.9702
problems crossover,0.9711
crossover,0.9749
termed,0.9753
compared,0.9725
problems,0.9714
system,0.9714
eli selection,0.9719
metal system,0.9706
operators proposed termed,0.9743
metal systems,0.9709
operators,0.9777
metal system,0.9784
system numerical,0.9727
operator incorporated mad,0.9714
selection operator incorporated,0.9708
operators proposed,0.9740
algorithms guide,0.9768
system,0.9758
systems,0.9719
metal system,0.9715
system,0.9708
type,0.9710
inter comparison,0.9725
pattern,0.9725
using brains,0.9714
comparison,0.9779
licensing,0.9713
priority,0.9758
system,0.9731
processing,0.9724
bin brains,0.9701
methods consensus,0.9705
acid,0.9761
automatic cluster known,0.9704
fusion,0.9739
sequence,0.9712
prediction priority,0.9738
type,0.9749
sequence vicinity,0.9745
inter comparison,0.9727
training,0.9706
neural,0.9757
pattern,0.9783
using brains,0.9703
comparison,0.9816
multi,0.9774
methods,0.9794
licensing,0.9742
boost,0.9739
method,0.9793
using,0.9718
tool,0.9715
analysis,0.9723
priority,0.9729
algorithm amino,0.9716
program,0.9703
ph features,0.9710
acids,0.9726
system,0.9714
methods state,0.9706
data pt,0.9729
residue,0.9730
compared,0.9725
precision,0.9771
prediction,0.9808
processing,0.9798
encoded,0.9701
method,0.9768
consensus methodology,0.9772
program controlled,0.9716
methods consensus,0.9715
automatic cluster known,0.9710
test,0.9727
data,0.9753
prediction priority,0.9762
type,0.9711
sequence vicinity,0.9707
inter comparison,0.9746
sequence vicinity modified,0.9720
pattern,0.9718
using brains,0.9709
comparison,0.9756
methods,0.9773
ml pattern class,0.9735
method,0.9789
selected sequence,0.9719
algorithm amino,0.9701
system,0.9758
database,0.9726
methods state,0.9762
service predict wide,0.9709
data pt,0.9741
methodology also provided,0.9734
processing,0.9709
consensus methodology,0.9758
consensus built using,0.9714
automatic cluster known,0.9709
type,0.9704
inter comparison,0.9708
comparison,0.9701
method,0.9707
selected sequence,0.9712
selected,0.9718
system,0.9708
database,0.9710
kernel choice,0.9739
choice,0.9764
priority,0.9758
problem,0.9702
kernel choice,0.9727
prediction priority,0.9738
tests,0.9732
dependent,0.9760
method,0.9793
diabetes,0.9715
comparing,0.9738
scheme motivated,0.9781
priority,0.9729
kernel,0.9734
prediction,0.9808
parameter glucose,0.9779
forecast learning,0.9752
method learning,0.9784
kernel choice,0.9704
parameter choice,0.9750
method,0.9768
scheme motivated,0.9701
scheme used,0.9711
algorithms parameter glucose,0.9752
case study controlled,0.9713
kernel choice,0.9814
data,0.9753
prediction priority,0.9762
tests,0.9703
parameters glucose,0.9746
parameter choice,0.9794
tests young,0.9703
method,0.9789
choice,0.9717
patients describe proposed,0.9717
scheme motivated,0.9784
motivated problem prediction,0.9704
scheme used,0.9721
data well,0.9710
parameter glucose,0.9743
kernel choice,0.9707
method,0.9707
forecast learning,0.9729
method learning,0.9817
blood forecast learning,0.9712
criteria,0.9744
based,0.9711
fitting classification,0.9819
classification,1.0000
model,0.9760
models,0.9742
rules feature,0.9703
generation,0.9730
criteria,0.9716
extraction,0.9750
approach,0.9710
rules,0.9719
meta,0.9766
directly,0.9718
input,0.9716
quantitative,0.9735
based,0.9740
neural,0.9757
metal optimal,0.9714
decision,0.9717
model,0.9710
using,0.9718
multiple,0.9713
analysis,0.9723
characteristic,0.9725
selection metal,0.9726
models,0.9707
characteristic meta,0.9729
approach based neural,0.9702
techniques,0.9762
prediction,0.9808
technique decision,0.9785
approach based,0.9766
technique used,0.9721
classification technique decision,0.9745
model approach,0.9771
decision rules,0.9704
model approach depends,0.9754
criteria,0.9779
classification information decision,0.9773
bay believe model,0.9723
rules,0.9708
technique decision,0.9738
approach based,0.9749
search paper,0.9710
input,0.9728
data,0.9753
classification technique decision,0.9711
fitting classification,0.9740
heidelberg decision rules,0.9754
model approach,0.9769
features related target,0.9739
classification,0.9741
model,0.9791
selection metal,0.9742
including support vector,0.9733
models,0.9730
approach based neural,0.9712
techniques,0.9739
using different classification,0.9786
rules feature,0.9748
finally formal concept,0.9720
approach depends,0.9717
work consider criteria,0.9735
including support,0.9718
criteria,0.9746
result classification,0.9715
fitting classification,0.9772
classification,0.9750
model,0.9705
selection metal,0.9702
criteria use,0.9780
based,0.9711
criteria serve,0.9707
specific,0.9720
criteria,0.9744
identifying,0.9714
preference,0.9754
derivation performance criteria,0.9719
analyze,0.9748
criterion,0.9747
problem,0.9702
based,0.9740
undergo,0.9714
simultaneous,0.9704
specific,0.9773
principle,0.9763
training,0.9706
criteria,0.9716
multiple,0.9713
neural,0.9757
approach,0.9710
investigating,0.9700
rigorous,0.9746
identifying,0.9724
analysis,0.9723
preference,0.9708
poses,0.9708
consideration,0.9731
multi,0.9774
decision,0.9717
derivation,0.9710
problems,0.9714
framework,0.9755
simulation,0.9750
practical framework,0.9703
par approach,0.9762
effectiveness proposed approach,0.9732
criteria use,0.9761
criterion,0.9752
functions undergo,0.9720
framework investigating,0.9762
objective,0.9700
criteria serve,0.9714
current study,0.9724
principle,0.9731
criteria,0.9779
practical framework,0.9723
performance criteria,0.9713
par approach,0.9783
derivation performance criteria,0.9786
performance may,0.9710
performance criteria use,0.9716
framework,0.9765
par principle,0.9710
systems,0.9719
criteria serve objective,0.9742
performance criterion,0.9732
criteria use,0.9713
criteria,0.9746
performance criteria,0.9701
competition simultaneous,0.9701
derivation performance criteria,0.9701
competition,0.9720
succeeded technique due,0.9747
configuration,0.9752
classification,1.0000
technique due,0.9713
problem,0.9702
seeking,0.9702
succeeded technique due,0.9716
techniques sv,0.9704
configuration,0.9770
using ml suggestions,0.9716
initial,0.9701
neural,0.9757
solutions higher,0.9711
suggestions,0.9732
combining,0.9738
multi,0.9774
objective multi,0.9710
hypothesis,0.9774
sv seeking configurations,0.9715
process using,0.9731
using,0.9718
treated,0.9708
analysis,0.9723
techniques ml,0.9743
technique due,0.9705
techniques,0.9762
problem metal,0.9746
suitable,0.9746
process,0.9719
compared,0.9725
using ml,0.9735
problems,0.9714
using ml suggestions,0.9702
succeeded technique due,0.9704
configuration,0.9745
sv parameters classification,0.9754
using ml suggestions,0.9780
objective,0.9700
suggestions,0.9714
multi objective,0.9702
hypothesis,0.9719
sv seeking configurations,0.9701
process using,0.9745
techniques work,0.9720
classification,0.9741
ml suggestions verified,0.9738
techniques ml,0.9775
techniques,0.9739
techniques hypothesis,0.9753
problem metal,0.9724
techniques work implemented,0.9735
using ml,0.9733
objective multi objective,0.9703
configuration,0.9701
suggestions,0.9705
classification,0.9750
ability,0.9706
model,0.9760
characteristics,0.9757
models,0.9742
using data,0.9714
system,0.9731
bias,0.9723
problem,0.9702
approach,0.9710
meta,0.9766
neural,0.9757
models constitute,0.9716
practice,0.9713
model,0.9710
characteristics,0.9718
using,0.9718
approach exploits,0.9709
selection metal,0.9726
induction,0.9796
models,0.9707
system,0.9714
application,0.9766
prediction,0.9808
bias,0.9780
performance learning,0.9715
data learning,0.9768
approach exploits,0.9726
adequate bias,0.9701
application,0.9700
system proposed approach,0.9779
different data,0.9728
algorithm whose,0.9712
data,0.9753
models constitute,0.9766
applications produce,0.9716
data may,0.9774
model given,0.9725
model,0.9791
characteristics,0.9751
approach exploits,0.9741
selection metal,0.9742
system proposed,0.9723
models,0.9730
using data,0.9791
system,0.9758
using data travel,0.9729
data together predict,0.9721
application,0.9765
different models constitute,0.9759
data characteristics,0.9819
system proposed approach,0.9800
bias,0.9721
model,0.9705
characteristics,0.9710
selection metal,0.9702
system,0.9708
application,0.9753
data characteristics,0.9723
system proposed approach,0.9721
data learning,0.9819
performance learning,0.9705
regarded method decreasing,0.9731
method comb,0.9717
metal advantage,0.9711
bias,0.9723
advantage,0.9712
meta using,0.9718
regarded method decreasing,0.9744
method comb,0.9799
method,0.9793
also sur,0.9705
training,0.9706
using,0.9718
multiple,0.9713
meta,0.9766
weight,0.9702
bias,0.9780
boost,0.9739
meta using,0.9758
regarded method decreasing,0.9705
method comb,0.9753
method,0.9768
regarded method decreasing,0.9759
method comb,0.9820
method,0.9789
also sur,0.9702
variance metal,0.9715
bias,0.9721
systems,0.9719
meta using,0.9753
method comb,0.9736
method,0.9707
subject,0.9709
system called,0.9707
classification,1.0000
model,0.9760
models,0.9742
system,0.9731
molecules,0.9700
approach,0.9710
meta,0.9766
subject,0.9760
commonly,0.9730
methods combining predict,0.9707
methods combining,0.9735
combining,0.9738
methods,0.9794
properties,0.9730
practice,0.9713
system called,0.9724
method,0.9793
model,0.9710
using,0.9718
multiple,0.9713
analysis,0.9723
models,0.9707
system,0.9714
techniques,0.9762
molecules,0.9723
described approach,0.9701
regression,1.0000
blending,0.9732
compared,0.9725
properties combining,0.9764
using genetic,0.9701
prediction,0.9808
method using,0.9728
approach given,0.9714
method,0.9768
competition methods,0.9737
winning approach given,0.9703
approach given results,0.9738
different data,0.9728
classification predict models,0.9766
models described approach,0.9725
implementation,0.9733
final entry paper,0.9716
techniques data,0.9766
data,0.9753
subject,0.9721
method using,0.9759
methods combining predict,0.9729
methods combining,0.9753
approach given,0.9721
combining predict models,0.9742
methods,0.9773
system called,0.9734
method,0.9789
models effectiveness,0.9718
classification,0.9741
model,0.9791
models described,0.9798
models,0.9730
system,0.9758
techniques,0.9739
molecules,0.9704
described approach,0.9780
regression,0.9715
competition methods,0.9755
data different,0.9706
properties combining,0.9772
approach given results,0.9787
final entry paper,0.9720
competition,0.9720
reserved classification ensemble,0.9713
prize achieving,0.9708
method,0.9707
classification,0.9750
model,0.9705
system,0.9708
regression model,0.9713
rules classify,0.9776
classification combining,0.9740
classification,1.0000
test set,0.9724
classify,0.9730
classification combining rules,0.9723
problem,0.9702
proved,0.9716
using,0.9718
multiple,0.9713
classify,0.9775
rules,0.9719
diversified,0.9700
spot,0.9715
precision,0.9771
combining,0.9738
decision,0.9717
prediction,0.9808
solution,0.9740
techniques,0.9762
test set,0.9711
ultimate decision,0.9702
rules classify,0.9772
classification combining,0.9759
classification,0.9741
test set,0.9793
rules,0.9708
scheme uses,0.9739
test,0.9727
classification combining rules,0.9702
rules classify legitimate,0.9741
researchers proposed,0.9712
techniques,0.9739
rules classify,0.9731
classification combining,0.9722
classification,0.9750
test set,0.9712
based,0.9711
task,0.9709
sar td learning,0.9704
context,0.9710
based,0.9740
adoption,0.9702
opt genetic,0.9705
approach,0.9710
important,0.9712
td learning,0.9723
task,0.9732
reinforcement,0.9727
value learning,0.9805
context,0.9746
results context,0.9717
algorithm explored,0.9715
presented findings argue,0.9738
value learning,0.9703
state value learning,0.9709
value learning,0.9710
configuration,0.9752
application,0.9766
context,0.9710
process,0.9719
metal optimal,0.9714
meta,0.9766
validation,0.9739
configuration,0.9770
configuration learning,0.9780
application,0.9700
application,0.9765
context,0.9746
test,0.9727
context metal,0.9713
configuration,0.9745
application,0.9753
configuration,0.9701
based,0.9711
model,0.9760
metal system,0.9708
system metal,0.9719
methods particular,0.9700
models,0.9742
system,0.9731
data metal,0.9750
based,0.9740
model,0.9710
suitable methods particular,0.9715
neural,0.9757
suitable,0.9746
meta,0.9766
system metal,0.9732
abilities,0.9702
multi,0.9774
methods particular,0.9773
systems onto,0.9731
particular,0.9707
models evolutionary,0.9751
models,0.9707
embodied,0.9716
system,0.9714
methods,0.9794
previous computation recommend,0.9704
meta learning,1.0000
metal system,0.9706
suitable methods particular,0.9714
network model,0.9759
suitable methods,0.9743
network model,0.9705
meta learning,0.9744
data metal,0.9763
model,0.9791
metal system,0.9784
local search metal,0.9707
suitable methods particular,0.9773
system mas,0.9708
data metal multi,0.9719
designed order allow,0.9710
system presented meta,0.9731
network model,0.9846
system metal,0.9732
system presented,0.9758
methods particular,0.9783
systems onto,0.9737
system metal multi,0.9716
models evolutionary,0.9740
models,0.9730
suitable methods,0.9766
data,0.9753
system,0.9758
systems,0.9719
particular data,0.9779
methods,0.9773
previous computation recommend,0.9738
model,0.9705
metal system,0.9715
system presented,0.9715
suitable methods,0.9703
system,0.9708
meta learning,0.9841
network model,0.9723
meta learning,0.9733
meta learning,0.9733
selection criteria,0.9799
based,0.9711
criteria,0.9744
however performance criteria,0.9701
techniques based,0.9713
data use,0.9704
knowledge based,0.9712
criterion,0.9747
problem,0.9702
based metal,0.9717
based,0.9740
proposal,0.9717
criteria,0.9716
techniques based,0.9746
approach,0.9710
selection metal,0.9726
input,0.9716
framework,0.9755
techniques,0.9762
study framework,0.9731
selection proposal,0.9713
techniques based,0.9704
data use,0.9733
framework guides,0.9720
appropriate selection,0.9710
theoretical framework,0.9703
knowledge based,0.9706
appropriate selection strategy,0.9755
input data use,0.9720
framework knowledge,0.9726
theoretical framework knowledge,0.9700
study framework,0.9740
criteria theoretical framework,0.9710
criterion,0.9752
selection criteria,0.9783
based metal,0.9716
study carried show,0.9706
proposal,0.9704
criteria,0.9779
selection proposal,0.9710
techniques based,0.9771
data use,0.9833
framework guides,0.9798
data use metal,0.9748
based systems,0.9721
theoretical framework guides,0.9761
theoretical framework,0.9795
case study framework,0.9705
performance criteria,0.9713
metal selection criteria,0.9745
data single,0.9724
selection metal,0.9742
framework purpose,0.9717
knowledge based,0.9781
selection criterion,0.9730
framework knowledge based,0.9749
input,0.9728
framework,0.9765
data,0.9753
input data use,0.9801
systems capable choose,0.9713
techniques,0.9739
systems,0.9719
framework purpose well,0.9735
selection criteria,0.9763
criteria,0.9746
selection proposal,0.9727
data use,0.9711
framework guides,0.9703
performance criteria,0.9701
metal selection criteria,0.9737
selection metal,0.9702
recommendation,0.9700
specific,0.9720
classification,1.0000
data employed,0.9710
performance classification,0.9774
predicting,0.9774
recommendation,0.9744
specific,0.9773
using,0.9718
approach,0.9710
considered,0.9732
neighbor,0.9701
tests,0.9732
furthermore,0.9701
tests used,0.9731
furthermore nearest,0.9703
predicting,0.9704
recommendation,0.9720
data case,0.9736
classification,0.9741
algorithms furthermore nearest,0.9715
data employed,0.9798
tests,0.9703
tests used,0.9806
data,0.9753
data features,0.9702
tests used rank,0.9720
recommendation,0.9721
data case,0.9700
classification,0.9750
performance classification,0.9758
tests used,0.9712
instruction,0.9728
guidance,0.9728
advantage,0.9712
system,0.9731
problem,0.9702
generation,0.9730
problem realizing,0.9706
instruction,0.9706
approach,0.9710
slides,0.9716
viewpoint,0.9750
meta,0.9766
slide,0.9738
guidance,0.9744
overcome,0.9707
system,0.9714
meta cognition,0.9759
slides advantage approach,0.9736
support guidance,0.9717
guidance,0.9731
advantage approach,0.9786
slides advantage approach,0.9723
instruction,0.9737
viewpoint,0.9705
support guidance,0.9718
guidance,0.9757
advantage approach,0.9737
system,0.9758
guidance,0.9711
system,0.9708
low describe study,0.9727
based,0.9711
technique several,0.9706
conditions,0.9754
model selection,0.9707
classification,1.0000
model,0.9760
approach,0.9710
meta,0.9766
understanding,0.9711
similar analysis,0.9708
suggests,0.9712
low describe study,0.9711
based,0.9740
technique several,0.9754
empirical,0.9751
conditions,0.9714
decomposition combined,0.9722
properties,0.9730
indicators,0.9739
model selection,0.9766
model,0.9710
using,0.9718
multiple,0.9713
treated,0.9708
analysis,0.9723
suitable,0.9746
problems,0.9714
meta learning,1.0000
test technique,0.9725
test technique several,0.9716
technique several,0.9720
model selection,0.9755
meta learning,0.9744
classification sub treated,0.9727
sep metal model,0.9713
test technique several,0.9715
extra analysis shows,0.9709
test,0.9727
data,0.9753
within data,0.9712
low describe study,0.9763
analysis shows,0.9763
technique several,0.9760
model selection similar,0.9719
conditions,0.9767
methodology indicates avoid,0.9763
indicators,0.9774
model selection,0.9820
classification,0.9741
model,0.9791
well data,0.9718
methodology indicates,0.9752
metal model,0.9706
gran level,0.9706
indicators,0.9716
model selection,0.9741
classification,0.9750
model,0.9705
meta learning,0.9841
meta learning,0.9733
meta learning,0.9733
complexity model,0.9706
classification,1.0000
overview accomplishments,0.9700
processing,0.9724
system,0.9731
directions,0.9711
techniques extract,0.9735
application,0.9766
extraction,0.9750
drill,0.9704
analysis,0.9723
meta,0.9766
system machine,0.9723
evident,0.9754
prediction,0.9808
useful,0.9749
processing,0.9798
program,0.9703
usage,0.9720
techniques,0.9762
system,0.9714
directions,0.9714
interest,0.9730
outlines,0.9735
meta learning,1.0000
application,0.9700
meta learning,0.9744
techniques extract,0.9719
application,0.9765
data useful,0.9726
terms technologies,0.9700
classification,0.9741
overview accomplishments,0.9713
system machine,0.9708
data reduction,0.9714
overview accomplishments data,0.9707
processing,0.9709
data,0.9753
usage,0.9739
research directions,0.9743
techniques,0.9739
system,0.9758
application,0.9753
classification,0.9750
research directions,0.9703
system,0.9708
meta learning,0.9841
meta learning,0.9733
meta learning,0.9733
based,0.9711
model selection,0.9707
model,0.9760
automatic selection,0.9712
simulation fuel,0.9704
models,0.9742
type,0.9710
based,0.9740
model selection,0.9766
multi objective evolutionary,0.9729
model,0.9710
resulting evolutionary,0.9724
considered,0.9732
compared,0.9725
sur based evolutionary,0.9729
multi,0.9774
model sur,0.9722
simulation fuel,0.9740
models,0.9707
types sur,0.9730
based evolutionary,0.9715
framework,0.9755
simulation,0.9750
type,0.9749
resulting,0.9707
model selection,0.9755
model selected,0.9707
effect type,0.9711
different models considered,0.9791
metal model,0.9706
objective,0.9700
model selection,0.9820
models considered paper,0.9766
model,0.9791
sur based,0.9702
model selected,0.9786
local search metal,0.9707
models evaluate,0.9795
models considered,0.9789
framework enables,0.9709
multi objective,0.9702
model sur,0.9733
simulation fuel,0.9777
effect type,0.9722
models,0.9730
types sur,0.9702
based evolutionary,0.9714
framework,0.9765
systems,0.9719
type,0.9711
model selection,0.9741
model,0.9705
model selected,0.9732
automatic selection,0.9745
selected,0.9718
effect type,0.9713
type,0.9704
configuration,0.9752
researching,0.9707
classification,1.0000
model,0.9760
distance,0.9712
system,0.9731
power,0.9723
extraction,0.9750
weighted,0.9760
constraints,0.9766
interpretation,0.9723
configuration,0.9770
sorting,0.9740
researching,0.9747
multi,0.9774
focus,0.9740
model,0.9710
merging,0.9731
distance,0.9723
framework,0.9755
system,0.9714
semantic,0.9805
plan,0.9751
manipulation,0.9702
natural,0.9713
patterns,0.9746
framework model,0.9779
key terms action,0.9731
constraints,0.9704
configuration,0.9745
key terms,0.9716
systems,0.9719
agents topics include,0.9733
classification,0.9741
model,0.9791
framework model,0.9892
framework,0.9765
system,0.9758
extraction key terms,0.9727
semantic,0.9724
bo framework model,0.9794
hierarchical plan,0.9709
special focus,0.9700
configuration,0.9701
classification,0.9750
model,0.9705
framework model,0.9735
system,0.9708
bo framework model,0.9756
model,0.9760
processing,0.9724
system,0.9731
method,0.9793
training,0.9706
model,0.9710
predicted,0.9713
meta,0.9766
system meta,0.9744
model generally methods,0.9722
prediction,0.9808
processing,0.9798
hyper,0.9739
model generally,0.9736
system,0.9714
generally methods,0.9712
methods,0.9794
meta learning,1.0000
method,0.9768
model generally methods,0.9738
learning method,0.9803
model generally,0.9745
learning method,0.9710
meta learning,0.9744
learning method,0.9875
methods applied model,0.9716
method,0.9789
methods used,0.9726
model,0.9791
predicted system,0.9727
system meta,0.9732
model generally methods,0.9829
processing,0.9709
data,0.9753
learning method,0.9713
model generally,0.9837
system,0.9758
generally methods,0.9710
methods,0.9773
method,0.9707
model,0.9705
selected,0.9718
model generally,0.9720
system,0.9708
selected training,0.9729
meta learning,0.9841
meta learning,0.9733
system meta learning,0.9717
meta learning,0.9733
applications addressed,0.9732
application,0.9766
context,0.9710
semantic,0.9805
using,0.9718
viewed,0.9718
context several,0.9731
standalone,0.9713
case supervised,0.9729
applications addressed,0.9704
constituents,0.9747
application,0.9700
local context several,0.9708
application,0.9765
context,0.9746
semantic,0.9724
local context several,0.9800
context several,0.9777
applications addressed,0.9749
data,0.9753
systems,0.9719
application,0.9753
case supervised learning,0.9745
supervised learning,0.9726
based,0.9711
depending need,0.9706
connection,0.9704
coverage,0.9700
algorithm owned,0.9725
meta,0.9766
depending,0.9728
based,0.9740
integration,0.9721
connection,0.9741
significantly,0.9725
meta learning,1.0000
selection algorithm owned,0.9712
meta learning,0.9744
algorithm owned,0.9708
data,0.9753
protocols,0.9712
integration,0.9706
systems,0.9719
algorithm owned autonomous,0.9713
selection algorithm owned,0.9730
meta learning,0.9841
meta learning,0.9733
meta learning,0.9733
comparison based,0.9712
based,0.9711
characteristics,0.9757
comparison,0.9779
task,0.9709
evaluated metal,0.9728
properties,0.9730
based,0.9740
adoption,0.9702
characteristics,0.9718
based complexity,0.9701
comparison,0.9816
compared,0.9725
basis,0.9776
task,0.9732
framework,0.9755
derived,0.9719
systems learning,0.9777
framework objective predict,0.9713
data measures,0.9723
task pair wise,0.9705
framework objective,0.9710
comparison based,0.9798
objective,0.9700
framework objective predict,0.9809
characteristics,0.9751
data measures,0.9820
traditional data set,0.9735
task pair wise,0.9712
based complexity,0.9725
interesting properties en,0.9717
traditional data,0.9728
comparison,0.9756
basis,0.9735
comparison based complexity,0.9760
framework,0.9765
evaluated metal,0.9748
data,0.9753
systems,0.9719
framework objective,0.9776
task pair,0.9706
framework objective predict,0.9701
characteristics,0.9710
comparison,0.9701
evaluated metal,0.9710
framework objective,0.9701
systems learning,0.9787
data specific,0.9735
specific,0.9720
using classification,0.9782
coding,0.9744
classification,1.0000
codes,0.9719
sampling,0.9746
problem,0.9702
data specific,0.9736
specific,0.9773
meta,0.9766
importance,0.9708
methods sampling,0.9747
balanced,0.9734
alter,0.9710
experiment,0.9701
multi,0.9774
balanced multi,0.9723
methods,0.9794
boost,0.9739
method,0.9793
coding,0.9793
scheme thorough,0.9715
using,0.9718
characteristic,0.9725
important,0.9712
conventional methods costs,0.9713
codes,0.9772
prediction,0.9808
difficult,0.9709
mistakes,0.9744
data meta,0.9738
meta learning,1.0000
novel method,0.9743
method,0.9768
meta learning,0.9744
characteristic software,0.9759
data specific,0.9823
methods predict,0.9702
im data,0.9720
methods sampling,0.9754
using classification,0.9804
data,0.9753
data classification,0.9759
using classification methods,0.9772
methods,0.9773
data balanced,0.9767
method,0.9789
scheme thorough,0.9703
classification,0.9741
original data,0.9713
conventional methods costs,0.9714
codes,0.9725
data specific,0.9708
using classification,0.9707
method,0.9707
classification,0.9750
meta learning,0.9841
data meta learning,0.9779
meta learning,0.9733
meta learning,0.9733
comparison,0.9779
analysis among,0.9722
model,0.9760
network included similarity,0.9718
problem,0.9702
synthetic,0.9750
approach,0.9710
methods bench,0.9728
technique given,0.9707
metal micro,0.9710
neural,0.9757
comparison,0.9816
empirical,0.9751
decision,0.9717
analysis among,0.9706
approach lc,0.9769
resulting,0.9707
methods,0.9794
micro,0.9712
model,0.9710
analysis,0.9723
link approach,0.9709
similarity,0.9746
approach lc recently,0.9713
micro data,0.9706
techniques,0.9762
methods link,0.9703
assessment,0.9766
link approach lc,0.9744
standard,0.9735
overcome,0.9707
methods link approach,0.9739
technique given,0.9745
approach lc,0.9753
link approach,0.9803
cluster decision,0.9702
effective many problem,0.9704
link approach lc,0.9796
domains especially,0.9707
methods bench,0.9712
methods link approach,0.9799
data,0.9753
technique given,0.9741
comparison,0.9756
metal micro data,0.9739
approach lc,0.9809
methods,0.9773
model,0.9791
link approach,0.9790
network included,0.9707
approach lc recently,0.9724
micro data,0.9793
cluster decision,0.9705
techniques,0.9739
methods link,0.9786
effective many problem,0.9727
assessment,0.9728
link approach lc,0.9817
network included similarity,0.9742
comparison,0.9701
model,0.9705
link approach lc,0.9723
estimation thought learn,0.9702
based,0.9711
model,0.9760
difficulties,0.9706
estimation thought,0.9742
profiles estimation thought,0.9705
meta,0.9766
steering,0.9725
context,0.9710
based,0.9740
multi,0.9774
varied,0.9721
method,0.9793
model,0.9710
analysis,0.9723
comparing,0.9738
difficulties,0.9754
response,0.9741
framework,0.9755
important,0.9712
assessment,0.9766
compare,0.9728
evident,0.9754
insights,0.9709
estimation thought,0.9731
meta cognition,0.9759
response learning,0.9732
method,0.9768
theoretical framework,0.9703
method variation based,0.9708
profiles estimation thought,0.9755
context,0.9746
framework based,0.9736
method,0.9789
model,0.9791
response,0.9714
framework,0.9765
theoretical framework based,0.9776
theoretical framework,0.9795
assessment,0.9728
insights school,0.9728
estimation thought,0.9733
method variation based,0.9770
method,0.9707
model,0.9705
selected,0.9718
response learning,0.9755
research dunn learning,0.9703
recommendation,0.9700
based,0.9711
classification,1.0000
characteristics,0.9757
characteristics ranks,0.9726
based commonly data,0.9701
problem,0.9702
recommendation,0.9744
extraction,0.9750
meta,0.9766
useful,0.9749
commonly,0.9730
based,0.9740
based commonly,0.9722
method extensively,0.9776
multi,0.9774
methods,0.9794
method,0.9793
characteristics,0.9718
neighbor,0.9701
algorithm distances,0.9720
based commonly data,0.9700
important,0.9712
rarely,0.9710
meta learning,1.0000
automatic recommendation,0.9730
method extensively,0.9752
automatic recommendation important,0.9730
method,0.9768
proposed recommendation method,0.9742
problem time,0.9709
recommendation method,0.9772
meta learning,0.9744
automatic recommendation method,0.9718
recommendation,0.9720
distances among data,0.9723
data,0.9753
automatic recommendation,0.9716
based commonly,0.9707
method extensively,0.9793
commonly data,0.9715
among data,0.9706
neighbor classification metal,0.9761
methods,0.9773
automatic recommendation important,0.9714
method,0.9789
classification,0.9741
results show effectiveness,0.9705
characteristics,0.9751
characteristics ranks,0.9756
appropriate ones performance,0.9702
information nearest,0.9702
methods similar,0.9701
algorithm distances,0.9749
useful paper,0.9730
based commonly data,0.9775
problem time,0.9712
recommendation,0.9721
automatic recommendation,0.9739
method,0.9707
classification,0.9750
characteristics,0.9710
characteristics ranks,0.9729
selected,0.9718
meta learning,0.9841
method ai,0.9701
automatic recommendation method,0.9744
recommendation method,0.9837
meta learning,0.9733
meta learning,0.9733
configuration,0.9752
based,0.9711
solutions provided,0.9720
mo context investigated,0.9718
classification,1.0000
model,0.9760
technique due,0.9713
problem multi,0.9724
problem,0.9702
inherently,0.9713
approach,0.9710
considered,0.9732
model moreover,0.9721
input,0.9716
configuration,0.9770
initial,0.9701
context,0.9710
based,0.9740
context investigated,0.9703
problem ml,0.9745
neural,0.9757
multi,0.9774
objective multi,0.9710
mo context investigated,0.9708
solution mo using,0.9704
model,0.9710
using,0.9718
using ml hybrid,0.9701
technique due,0.9705
solution,0.9740
problem metal,0.9746
suitable,0.9746
process,0.9719
compared,0.9725
using ml,0.9735
work proposes use,0.9701
problems,0.9714
problem learning,0.9733
design learning,0.9739
initial solutions,0.9729
problem based,0.9753
deal approach considered,0.9728
approach considered,0.9752
work proposes use,0.9707
initial solutions,0.9742
model moreover,0.9775
input,0.9728
configuration,0.9745
problem based,0.9764
ml mo cited,0.9721
sv parameters classification,0.9754
context,0.9746
objective,0.9700
context investigated,0.9774
problem ml,0.9738
solutions provided,0.9701
cited problem ml,0.9713
multi objective,0.9702
single objective support,0.9707
mo context investigated,0.9768
systems,0.9719
solution mo using,0.9780
initial solutions provided,0.9732
classification,0.9741
model,0.9791
mo using ml,0.9711
using ml hybrid,0.9728
objective support,0.9713
approach considered,0.9709
solutions provided ml,0.9712
problem metal,0.9724
using ml,0.9733
work proposes use,0.9782
objective multi objective,0.9703
problem based wells,0.9734
context investigated work,0.9700
initial solutions,0.9705
configuration,0.9701
classification,0.9750
model,0.9705
expert system,0.9707
system rules,0.9704
system,0.9731
expert systems,0.9708
cal procedures,0.9767
commons reasoning,0.9702
inherently,0.9713
rules,0.9719
meta,0.9766
useful,0.9749
suggests,0.9712
techniques improve,0.9708
expert,0.9727
integration,0.9721
combining,0.9738
procedures,0.9731
practice,0.9713
diagnosis,0.9738
analysis,0.9723
retrieval,0.9759
framework,0.9755
diagnostic,0.9707
techniques,0.9762
system,0.9714
expert systems,0.9707
patterns,0.9746
knowledge knowledge,0.9718
human knowledge knowledge,0.9725
meta learning,1.0000
generally expert systems,0.9731
techniques improve,0.9715
expert system,0.9774
expert systems,0.9736
systems knowledge,0.9745
meta learning,0.9744
cal procedures,0.9728
databases generally expert,0.9720
rules,0.9708
generally expert systems,0.9789
techniques improve,0.9777
data,0.9753
expert system rules,0.9742
algorithms assist,0.9726
integration,0.9706
framework combining,0.9742
gall data,0.9747
systems,0.9719
procedures,0.9722
expert system,0.9806
algorithms extract expert,0.9708
system rules,0.9772
algorithms assist clinic,0.9746
framework,0.9765
gall data set,0.9784
techniques,0.9739
system,0.9758
work suggests framework,0.9734
database,0.9726
expert systems,0.9818
component uses,0.9737
gall methodology,0.9738
cal procedures system,0.9759
system work suggests,0.9746
system uses,0.9767
expert system,0.9720
system rules,0.9725
system,0.9708
database,0.9710
meta learning,0.9841
meta learning,0.9733
meta learning,0.9733
classification,1.0000
processing,0.9724
limb,0.9704
method,0.9793
algorithm ts,0.9729
rotation,0.9785
multi,0.9774
decision,0.9717
processing,0.9798
input,0.9716
method metal,0.9711
integrated,0.9716
idea ensemble learning,0.9705
method,0.9768
method,0.9789
classification,0.9741
algorithm ts,0.9735
test,0.9727
algorithm integrated,0.9714
processing,0.9709
input,0.9728
data,0.9753
method metal,0.9718
method,0.9707
classification,0.9750
classification result proposed,0.9710
based,0.9711
cluster approach,0.9702
comparison,0.9779
behavior,0.9766
mutation,0.9739
application,0.9766
predicting,0.9774
context,0.9710
based,0.9740
discussed include combining,0.9703
cluster approach,0.9758
kernel,0.9734
inference,0.9787
interval,0.9709
using,0.9718
approach,0.9710
exchanging,0.9751
analysis,0.9723
mechanism,0.9777
comparison,0.9816
km comparison,0.9719
energy,0.9705
combining,0.9738
multi,0.9774
prediction,0.9808
application,0.9700
cluster approach,0.9715
comparison external,0.9720
application,0.9765
predicting,0.9704
data negative selection,0.9740
context,0.9746
km comparison external,0.9765
objective,0.9700
cluster approach,0.9805
data energy,0.9759
comparison,0.9756
km comparison,0.9767
im data,0.9720
data,0.9753
discussed include,0.9736
application,0.9753
cluster approach,0.9703
comparison,0.9701
class however,0.9733
analyzed,0.9709
properties,0.9730
behavior,0.9766
dependent,0.9760
tool,0.9715
analyzed,0.9764
neighbor,0.9701
strongly dependent data,0.9730
data used,0.9722
class however,0.9714
hand data,0.9742
data single,0.9724
dependent data,0.9768
aims show,0.9724
data,0.9753
several domains behavior,0.9728
data single measure,0.9705
rely metal,0.9730
classification,1.0000
pattern,0.9725
predicting,0.9774
problem,0.9702
rely,0.9709
method,0.9793
rely metal,0.9715
analyses,0.9721
suitable,0.9746
process,0.9719
important,0.9712
analysis,0.9723
pattern,0.9783
meta,0.9766
method,0.9768
suitable problem,0.9718
guide process,0.9744
predicting,0.9704
method,0.9789
rely metal,0.9733
classification,0.9741
suitable problem,0.9761
pattern,0.9718
hence recommend,0.9717
data,0.9753
method,0.9707
classification,0.9750
recommendation,0.9700
specific,0.9720
preference,0.9754
requirements,0.9741
problem,0.9702
recommendation,0.9744
specific,0.9773
similarities,0.9711
approach,0.9710
preference,0.9708
meta,0.9766
meta specific,0.9762
problem nature,0.9712
micro,0.9712
specific derive,0.9701
method,0.9793
similarity,0.9746
method meta,0.9718
specific derive novel,0.9748
micro data,0.9706
notion,0.9753
method limited meta,0.9732
application,0.9766
process,0.9719
flow,0.9768
problems,0.9714
recommend approach method,0.9735
hybrid recommendation,0.9707
application method,0.9759
method,0.9768
approach method,0.9786
recommend approach,0.9745
method meta,0.9703
application,0.9700
metric recommend approach,0.9779
method limited,0.9733
approach method,0.9740
recommendation,0.9720
appearing recommendation systems,0.9715
data,0.9753
des data data,0.9727
meta specific,0.9751
hybrid recommendation metal,0.9739
systems,0.9719
method,0.9789
recommendation metal,0.9703
data data work,0.9744
method meta,0.9735
data reduction,0.9714
specific derive novel,0.9748
micro data,0.9793
data demonstrate,0.9712
requirements,0.9762
method limited meta,0.9742
application,0.9765
metric recommend approach,0.9753
flow,0.9746
method limited,0.9762
data work,0.9759
recommendation,0.9721
meta specific,0.9734
method,0.9707
recommendation metal,0.9720
requirements,0.9723
application,0.9753
however adjustments model,0.9751
solutions provided,0.9720
model essential,0.9720
classification,1.0000
model,0.9760
distance,0.9712
problem multi,0.9724
problem,0.9702
mechanism,0.9777
mechanism mo,0.9738
initial,0.9701
essentially,0.9736
multi,0.9774
objective multi,0.9710
systems essentially,0.9718
model essential,0.9764
using ml compared,0.9706
solution mo using,0.9704
model,0.9710
using,0.9718
distance,0.9723
solution,0.9740
techniques,0.9762
problem metal,0.9746
suitable,0.9746
process,0.9719
compared,0.9725
using ml,0.9735
model nevertheless,0.9707
problems,0.9714
problem learning,0.9733
however adjustments model,0.9741
sv parameters classification,0.9754
mechanism mo,0.9774
objective,0.9700
mo uses,0.9710
solutions provided,0.9701
multi objective,0.9702
combination solutions provided,0.9705
systems essentially,0.9721
systems,0.9719
model essential,0.9779
modified mo uses,0.9729
using ml compared,0.9751
solution mo using,0.9780
classification,0.9741
model,0.9791
mo using ml,0.9711
techniques parameter,0.9700
techniques,0.9739
solutions provided ml,0.9712
problem metal,0.9724
techniques used,0.9716
using ml,0.9733
objective multi objective,0.9703
model nevertheless,0.9792
ml compared mo,0.9712
classification,0.9750
model,0.9705
comparison,0.9779
testing,0.9720
inaccurate,0.9715
mechanism,0.9777
training,0.9706
comparison,0.9816
mechanism enhanced,0.9719
resulting,0.9707
methods,0.9794
method,0.9793
techniques,0.9762
significantly,0.9725
testing,0.9763
labeling,0.9769
important,0.9712
coupled,0.9755
prevalent,0.9703
method,0.9768
proposed method evaluated,0.9702
test,0.9727
data,0.9753
comparison,0.9756
mechanism enhanced,0.9709
rt able significantly,0.9705
methods,0.9773
method,0.9789
proposed method evaluated,0.9711
methods various,0.9744
rt uses,0.9711
techniques,0.9739
testing,0.9705
comparison,0.9701
method,0.9707
adaptive learning,0.9740
based,0.9711
rates,0.9704
class utilized,0.9756
classification,1.0000
task,0.9709
models,0.9742
type,0.9710
lending,0.9729
implication,0.9732
based,0.9740
regression,1.0000
rates,0.9757
training,0.9706
multiple,0.9713
neural,0.9757
corporate,0.9715
important,0.9712
meta,0.9766
compared,0.9725
task,0.9732
decision,0.9717
prediction,0.9808
models,0.9707
framework,0.9755
filtering,0.9771
techniques,0.9762
type,0.9749
data outputs,0.9735
regression,0.9715
classification information decision,0.9773
classification,0.9741
related data results,0.9715
related data,0.9717
data reduction,0.9714
framework provides,0.9739
models,0.9730
framework,0.9765
data,0.9753
techniques,0.9739
systems,0.9719
type,0.9711
classification,0.9750
type,0.9704
based,0.9711
specific,0.9720
based rules,0.9712
significantly,0.9725
context,0.9710
generation,0.9730
based,0.9740
specific,0.9773
method,0.9793
approach,0.9710
rules,0.9719
meta,0.9766
compared,0.9725
method meta,0.9718
compare,0.9728
meta generation,0.9704
techniques improve,0.9708
based large,0.9703
techniques,0.9762
method,0.9768
method meta,0.9703
generation method,0.9772
techniques improve,0.9715
key point approach,0.9776
generation method,0.9711
context,0.9746
method,0.9789
results based large,0.9706
specific data,0.9724
rules,0.9708
method meta,0.9735
meta generation,0.9703
rules compare performance,0.9749
data show,0.9765
context metal,0.9713
collection data show,0.9763
method context metal,0.9711
techniques improve,0.9777
data show proposed,0.9754
data,0.9753
techniques,0.9739
key point approach,0.9734
performance figure,0.9731
method,0.9707
classification classification,0.9867
areas using,0.9746
classification,1.0000
analyzed,0.9709
models,0.9742
resonance,0.9718
imaging,0.9774
methods structural,0.9742
areas using,0.9704
experiment,0.9701
predictions,0.9718
experimentation,0.9749
methods,0.9794
method,0.9793
diagnosis,0.9738
using,0.9718
technique combined predictions,0.9717
analysis,0.9723
structural,0.9775
analyzed,0.9764
models,0.9707
diagnostic,0.9707
techniques,0.9762
application,0.9766
magnetic,0.9718
automated,0.9730
method,0.9768
technique needs,0.9728
application,0.9700
different data,0.9728
test,0.9727
classification classification,0.9718
data,0.9753
critical brain,0.9723
methods structural,0.9731
areas using,0.9777
combined predictions,0.9726
information analyzed,0.9707
predictions,0.9751
analyzed using,0.9750
methods,0.9773
results suggest application,0.9714
considering different data,0.9745
method,0.9789
classification,0.9741
technique needs,0.9729
technique combined predictions,0.9741
models,0.9730
using different data,0.9808
techniques,0.9739
application,0.9765
algorithms analyzed,0.9715
classification classification,0.9744
method,0.9707
classification,0.9750
application,0.9753
based,0.9711
processing,0.9724
system,0.9731
substantially,0.9701
system li,0.9755
based,0.9740
using,0.9718
approach,0.9710
core,0.9722
rules,0.9719
methods bench,0.9728
rule,0.9740
using association,0.9710
condensed,0.9755
processing,0.9798
standard,0.9735
system,0.9714
methods,0.9794
first approach,0.9730
data concept,0.9719
approach based,0.9766
standard association rule,0.9706
using association rules,0.9736
applied results standard,0.9741
system li,0.9733
first approach,0.9713
bench data concept,0.9771
rules,0.9708
association rules used,0.9760
data concept description,0.9809
methods bench,0.9712
association rules concept,0.9734
using association,0.9717
data concept,0.9858
approach based,0.9749
concept description,0.9728
experimental evaluate proposed,0.9753
processing,0.9709
data,0.9753
system,0.9758
methods,0.9773
standard association rule,0.9723
applied results standard,0.9723
experimental evaluate proposed,0.9715
system,0.9708
based,0.9711
review based,0.9706
classification,1.0000
models,0.9742
applications focusing,0.9739
processing,0.9724
methods index,0.9737
problem,0.9702
memory,0.9722
interpretation,0.9723
paradigm,0.9754
based,0.9740
capture,0.9703
cb learning,0.9732
concept cb,0.9715
methods,0.9794
cb paradigm,0.9721
method,0.9793
using,0.9718
cb solve,0.9703
br concepts,0.9722
similarity,0.9746
models,0.9707
applications focusing,0.9730
process,0.9719
concepts,0.9761
paradigm originally,0.9707
processing,0.9798
problems,0.9714
method,0.9768
cb seen method,0.9702
methods index,0.9800
models follow cognitive,0.9758
cb paradigm originally,0.9715
systems case base,0.9757
data,0.9753
cb paradigm wide,0.9709
concept cb,0.9702
systems,0.9719
methods,0.9773
method,0.9789
classification,0.9741
process main,0.9721
models,0.9730
therefore cb,0.9707
applications focusing,0.9745
models follow,0.9702
paradigm originally,0.9725
processing,0.9709
within cb,0.9711
method,0.9707
classification,0.9750
technique referred,0.9714
based,0.9711
comparison,0.9779
technique referred,0.9750
problem,0.9702
based,0.9740
regression,1.0000
method,0.9793
technique referred weighted,0.9705
weighted,0.9760
analysis,0.9723
meta,0.9766
comparison,0.9816
compare,0.9728
empirical,0.9751
problems without,0.9729
problems,0.9714
stack intention,0.9714
intention,0.9715
techniques,0.9762
methods,0.9794
meta learning,1.0000
technique referred,0.9716
method,0.9768
technique referred weighted,0.9704
underlying techniques,0.9725
novel method,0.9743
technique benefit,0.9742
meta learning,0.9744
technique referred,0.9773
based methods,0.9706
different data,0.9728
regression,0.9715
method,0.9789
technique referred weighted,0.9755
comparison,0.9756
comparison stack intention,0.9737
problems without,0.9712
overhead comparison,0.9742
data,0.9753
underlying techniques,0.9771
techniques,0.9739
methods,0.9773
method,0.9707
comparison,0.9701
meta learning,0.9841
meta learning,0.9733
meta learning,0.9733
classification decision,0.9796
performance classification,0.9774
advantage,0.9712
classification,1.0000
method able achieve,0.9700
extraction,0.9750
approach,0.9710
particular,0.9707
dividing rec,0.9701
useful,0.9749
training,0.9706
decision,0.9717
data highly,0.9715
dependent,0.9760
method,0.9793
approaches like,0.9712
method able,0.9724
approach particularly,0.9706
feasible authors,0.9703
significantly,0.9725
suitable,0.9746
particular data highly,0.9701
compared,0.9725
particularly,0.9703
standard,0.9735
data learning,0.9768
approach particularly useful,0.9707
classification decision,0.9700
method,0.9768
method able,0.9702
approach particularly,0.9712
training method,0.9793
accuracy class approach,0.9703
accuracy class approach,0.9709
method able achieve,0.9708
classification information decision,0.9773
data highly dependent,0.9748
search paper,0.9710
large data,0.9736
data,0.9753
grid search paper,0.9712
classification decision,0.9759
data highly,0.9749
particular data,0.9779
used training,0.9703
method,0.9789
particularly useful training,0.9720
classification,0.9741
approaches like,0.9704
method able,0.9747
approach particularly,0.9718
solutions usually lower,0.9700
particular data highly,0.9747
feasible authors feature,0.9760
also compared,0.9710
grid search achieved,0.9707
classification decision,0.9746
performance classification,0.9758
method,0.9707
classification,0.9750
opt learning,0.9752
data learning,0.9819
dependent learning,0.9725
large data learning,0.9754
factor,0.9727
criteria,0.9744
model,0.9760
characteristics,0.9757
models,0.9742
processing,0.9724
factor,0.9740
problem,0.9702
criteria,0.9716
considered,0.9732
determination,0.9705
pseudo,0.9712
criterion,0.9747
model,0.9710
characteristics,0.9718
using,0.9718
temperature,0.9732
models,0.9707
behavior,0.9766
significantly,0.9725
significant,0.9708
important,0.9712
prediction,0.9808
coupled,0.9755
processing,0.9798
proposed technique examined,0.9712
technique utilized,0.9739
algorithm included,0.9732
current study,0.9724
statistical criteria,0.9722
criteria,0.9779
using statistical criteria,0.9786
model known,0.9723
data,0.9753
criterion,0.9752
proposed technique examined,0.9716
problem current,0.9706
included data,0.9731
problem current study,0.9729
required predict behavior,0.9748
model,0.9791
characteristics,0.9751
model using,0.9789
models,0.9730
processing,0.9709
criteria,0.9746
model,0.9705
characteristics,0.9710
classification,1.0000
classifications,0.9827
genre,0.9775
task,0.9709
processing,0.9724
context,0.9710
focus,0.9740
approach,0.9710
classifications,0.9781
genre,0.9709
similarity,0.9746
task,0.9732
retrieval,0.9759
processing,0.9798
framework,0.9755
context,0.9746
classification,0.9741
classifications,0.9804
task classification,0.9746
processing,0.9709
framework,0.9765
framework report,0.9735
classification,0.9750
classifications,0.9775
task classification,0.9742
configuration,0.9752
based,0.9711
model,0.9760
models,0.9742
problem,0.9702
approach,0.9710
configuration,0.9770
settings,0.9755
based,0.9740
approach tackle,0.9718
neural,0.9757
predictions,0.9718
methods,0.9794
model,0.9710
using,0.9718
analysis,0.9723
models,0.9707
framework,0.9755
methods metal,0.9707
prediction,0.9808
problems,0.9714
tackle,0.9713
learning framework learning,0.9716
methods learning,0.9788
network learning,0.9773
prediction model,0.9720
performance model used,0.9713
technique using,0.9750
performance model,0.9793
prediction model,0.9827
performance model used,0.9757
framework learning,0.9712
model used,0.9764
configuration,0.9745
model links,0.9718
methods metal models,0.9701
predictions,0.9751
domain approach tackle,0.9727
model demonstrate,0.9759
methods,0.9773
domain approach,0.9730
model,0.9791
models,0.9730
framework,0.9765
technique using,0.9713
performance model,0.9875
configuration,0.9701
model,0.9705
performance model,0.9714
framework learning,0.9719
methods learning,0.9759
network learning,0.9760
prediction model,0.9743
problems prediction model,0.9740
task geographical,0.9714
model selection,0.9707
model,0.9760
characteristics,0.9757
metal system,0.9708
task,0.9709
system,0.9731
expert systems,0.9708
power,0.9723
selection far,0.9718
task geographical,0.9704
approach,0.9710
meta,0.9766
depending,0.9728
consumption,0.9700
system multi,0.9713
expert,0.9727
multi,0.9774
extend,0.9711
model selection,0.9766
model,0.9710
characteristics,0.9718
task,0.9732
framework,0.9755
simulation,0.9750
system,0.9714
certain,0.9732
metal system multi,0.9715
expert systems,0.9707
energy,0.9705
prediction,0.9808
demand,0.9708
selection far,0.9740
applications learning,0.9778
model selection,0.9755
metal system,0.9706
expert systems,0.9736
task geographical,0.9733
performance without depending,0.9731
systems,0.9719
model selection,0.9820
model,0.9791
characteristics,0.9751
metal system,0.9784
framework,0.9765
system,0.9758
metal system multi,0.9747
expert systems,0.9818
energy expert systems,0.9741
metal system built,0.9710
selection far,0.9724
model selection,0.9741
model,0.9705
characteristics,0.9710
metal system,0.9715
system,0.9708
selection far,0.9710
applications learning,0.9767
metal programmed map,0.9704
comparison,0.9779
interface helped,0.9705
rates,0.9704
interface,0.9704
processing,0.9724
weakness,0.9721
framework suffers,0.9707
nodes,0.9701
extraction,0.9750
relatively,0.9704
training,0.9706
comparison,0.9816
requiring,0.9733
programmed,0.9706
boost,0.9739
rates,0.9757
interface,0.9765
obvious,0.9711
framework,0.9755
significantly,0.9725
comparison pm,0.9747
scala,0.9734
processing,0.9798
problems,0.9714
difficult,0.9709
framework suffers,0.9744
data age,0.9731
data,0.9753
node comparison pm,0.9705
metal programmed map,0.9712
comparison,0.9756
systems,0.9719
interface,0.9751
algorithms requiring,0.9714
framework,0.9765
comparison pm,0.9770
processing,0.9709
urgent map,0.9703
comparison,0.9701
based,0.9711
model,0.9760
system mas onto,0.9703
instruction,0.9728
choice,0.9764
data based,0.9706
system,0.9731
application,0.9766
logic,0.9790
based,0.9740
model,0.9710
instruction,0.9706
suitable,0.9746
experiment,0.9701
meta,0.9766
multi,0.9774
systems onto,0.9731
data based,0.9739
system,0.9714
methods,0.9794
meta learning,1.0000
application,0.9700
application choice,0.9779
data based,0.9711
meta learning,0.9744
unknown data based,0.9710
application,0.9765
logic,0.9753
application choice,0.9806
model consists,0.9785
database experiment,0.9737
model,0.9791
main purpose support,0.9714
systems model,0.9814
purpose support,0.9703
system mas,0.9708
system mas onto,0.9716
instruction,0.9737
system description,0.9771
choice,0.9717
systems onto,0.9737
suitable data,0.9729
mas onto modeling,0.9735
data description,0.9832
methods database,0.9762
systems model consists,0.9715
data based,0.9808
data,0.9753
system,0.9758
systems,0.9719
methods,0.9773
database,0.9726
application,0.9753
application choice,0.9778
database experiment,0.9701
model,0.9705
data description,0.9714
system,0.9708
database,0.9710
meta learning,0.9841
meta learning,0.9733
meta learning,0.9733
particularly beneficial,0.9710
based,0.9711
applications need,0.9719
classification,1.0000
model,0.9760
models,0.9742
methods addressed,0.9702
identifying,0.9714
processing,0.9724
approach,0.9710
suggests,0.9712
based,0.9740
procedures,0.9731
methods,0.9794
method,0.9793
model,0.9710
multiple,0.9713
procedures bio,0.9701
models,0.9707
methods addressed,0.9711
beneficial,0.9727
identifying,0.9724
compared,0.9725
prediction,0.9808
particularly,0.9703
processing,0.9798
ann approach evaluated,0.9733
alternatives proposed method,0.9736
method,0.9768
approach evaluated,0.9745
method applicable,0.9742
proposed method provide,0.9740
ann approach evaluated,0.9733
addressed scenario relay,0.9703
compared alternatives,0.9732
data,0.9753
method compared,0.9705
applications classification,0.9735
classification models based,0.9726
applications need,0.9737
statistical model,0.9747
procedures,0.9722
methods,0.9773
method provide characterization,0.9723
addressed scenario,0.9729
method,0.9789
various methods addressed,0.9755
approach evaluated,0.9716
classification,0.9741
model,0.9791
procedures bio,0.9722
method applicable,0.9773
models,0.9730
methods addressed,0.9743
classification models,0.9852
methods addressed scenario,0.9763
processing,0.9709
ann data,0.9702
method,0.9707
classification,0.9750
model,0.9705
method applicable,0.9709
classification models,0.9721
based,0.9711
classification,1.0000
performance classification,0.9774
metal uses,0.9713
based metal,0.9717
based,0.9740
method,0.9793
training,0.9706
extraction,0.9750
approach,0.9710
meta,0.9766
diverse,0.9721
method degree,0.9707
method,0.9768
approach based,0.9766
based metal,0.9716
method,0.9789
classification,0.9741
method base,0.9788
algorithm based metal,0.9715
results show approach,0.9721
meta integrate classification,0.9744
approach based,0.9749
method,0.9707
classification,0.9750
performance classification,0.9758
based,0.9711
aspect,0.9724
substantially,0.9701
significantly,0.9725
analyze,0.9748
mechanism concept drift,0.9733
based,0.9740
focus,0.9740
systems focus,0.9721
using computational,0.9709
using,0.9718
mechanism using,0.9745
mechanism,0.9777
effective opt,0.9772
energy,0.9705
prediction,0.9808
predictions,0.9718
architectural,0.9711
drift,0.9751
techniques,0.9762
concept drift,0.9736
mechanism concept drift,0.9701
prediction mechanism,0.9720
mechanism using,0.9724
effective opt,0.9709
mechanism concept drift,0.9809
systems focus,0.9762
prediction mechanism,0.9746
mechanism using,0.9743
effective opt,0.9741
predictions,0.9751
mechanism concept,0.9790
techniques,0.9739
systems,0.9719
proposed analyze predict,0.9719
concept drift,0.9705
specific,0.9720
hidden characteristics machine,0.9714
data whose,0.9701
classification,1.0000
characteristics,0.9757
class dear training,0.9721
analyzed,0.9709
classify,0.9730
method able determine,0.9707
generation,0.9730
dimensional,0.9783
specific,0.9773
hidden characteristics machine,0.9719
particular,0.9707
training,0.9706
characterization metal,0.9704
method,0.9793
characteristics,0.9718
using,0.9718
tool,0.9715
method able,0.9724
simultaneously using,0.9727
analyzed,0.9764
data dimensional,0.9710
process,0.9719
important,0.9712
classify,0.9775
characteristics method able,0.9702
problems,0.9714
difficult,0.9709
data visual learning,0.9702
visual learning,0.9784
method,0.9768
method able,0.9702
characteristics method,0.9800
characteristics method able,0.9765
characteristics method,0.9715
overlap class dear,0.9760
hidden characteristics machine,0.9767
generation process results,0.9746
data,0.9753
data generation,0.9734
data analyzed,0.9722
characterization metal,0.9743
stems complexity concept,0.9741
data whose,0.9715
systems,0.9719
method,0.9789
classification,0.9741
characteristics,0.9751
method able,0.9747
characteristics method,0.9817
data dimensional,0.9764
characteristics method able,0.9819
method able determine,0.9721
overlap class dear,0.9707
method,0.9707
classification,0.9750
characteristics,0.9710
data visual learning,0.9758
based,0.9711
ranking tested,0.9749
classification,1.0000
task,0.9709
ranking metal multi,0.9719
processing,0.9724
ranking metal,0.9731
customers,0.9717
traveling,0.9727
visiting,0.9700
application,0.9766
problem,0.9702
based,0.9740
using,0.9718
accurately,0.9702
approach,0.9710
important,0.9712
meta,0.9766
compared,0.9725
approach meta,0.9737
task,0.9732
multi,0.9774
processing,0.9798
difficult,0.9709
application,0.9700
approach important,0.9713
approach meta,0.9703
based approach,0.9781
approach important consider,0.9718
classification approach,0.9720
application,0.9765
ranking tested,0.9744
classification,0.9741
scenarios using,0.9793
approach meta,0.9726
based approach,0.9767
multi layer,0.9705
according expected performance,0.9711
task address,0.9765
classification approach,0.9728
multi classification approach,0.9723
processing,0.9709
data,0.9753
important consider,0.9715
ranking metal,0.9705
based approach ranks,0.9737
application,0.9753
ranking tested,0.9717
classification,0.9750
task address,0.9705
specific,0.9720
preference,0.9754
type,0.9710
based,0.9711
comparison,0.9779
classification,1.0000
model,0.9760
ranking include,0.9711
problem,0.9702
specific,0.9773
approach,0.9710
preference,0.9708
meta,0.9766
namely model,0.9720
instead quad,0.9712
type,0.9749
based,0.9740
training,0.9706
comparison,0.9816
derived,0.9719
workshop,0.9720
techniques reduce,0.9712
model,0.9710
techniques,0.9762
compared,0.9725
problem binary,0.9713
problems,0.9714
problem learning,0.9733
meta learning,1.0000
general approach,0.9789
general approach practically,0.9709
learning model,0.9890
meta learning,0.9744
ranking include decomposition,0.9790
techniques compared,0.9747
comparisons state,0.9729
namely model,0.9769
study pair label,0.9730
label ranking include,0.9707
data,0.9753
general approach,0.9797
type,0.9711
comparison,0.9756
data contains,0.9735
systems,0.9719
workshop,0.9712
general classification,0.9745
ranking based label,0.9701
techniques reduce,0.9754
classification,0.9741
model,0.9791
ranking include,0.9720
techniques,0.9739
general approach practically,0.9711
alternatives ranking,0.9723
study pair label,0.9701
type,0.9704
comparison,0.9701
general classification,0.9814
classification,0.9750
model,0.9705
meta learning,0.9841
learning model,0.9721
meta learning,0.9733
meta learning,0.9733
spectral,0.9714
task,0.9709
task crop,0.9727
responses,0.9718
fusion approach,0.9730
approach,0.9710
mechanism,0.9777
fusion,0.9739
mechanism coffee,0.9714
extracted coffee,0.9715
combining,0.9738
spectral,0.9769
methods,0.9794
mechanisms,0.9804
methods seven,0.9732
methods majority,0.9738
using,0.9718
poses,0.9708
task,0.9732
response,0.9741
framework,0.9755
techniques,0.9762
task crop,0.9728
responses,0.9731
patterns,0.9746
fusion approach,0.9729
fusion approach base,0.9733
voting fusion approach,0.9753
effective mechanism coffee,0.9760
spectral response,0.9713
methods majority,0.9702
effective mechanism,0.9763
effective mechanisms,0.9745
fusion approach,0.9785
mechanism coffee,0.9706
objective,0.9700
images experiments showed,0.9705
fusion approach base,0.9771
voting fusion approach,0.9731
framework combining,0.9742
spectral,0.9719
effective mechanism coffee,0.9727
methods,0.9773
spectral response,0.9759
mechanisms,0.9710
methods seven,0.9750
methods majority,0.9750
showed proposed framework,0.9706
fusion region,0.9746
recognition objective,0.9731
response,0.9714
framework,0.9765
techniques,0.9739
task crop,0.9733
responses,0.9743
effective mechanisms,0.9768
region class,0.9726
fusion approach base,0.9705
image des learning,0.9714
metal using meta,0.9701
pattern,0.9725
selection ic,0.9721
metal using meta,0.9718
meta cross,0.9734
using meta cross,0.9714
using,0.9718
pattern,0.9783
using meta,0.9719
meta,0.9766
compare,0.9728
validation,0.9739
useful,0.9749
selection ic,0.9753
simulation,0.9750
selection using,0.9712
selection technique cross,0.9705
selection using,0.9744
metal using meta,0.9703
using meta cross,0.9720
useful data,0.9723
cross results provide,0.9760
pattern,0.9718
using meta,0.9708
situations metal offers,0.9702
committee software,0.9749
selection ic,0.9773
data,0.9753
evidence,0.9721
experiments demonstrate situations,0.9703
selection ic,0.9746
crucial selection,0.9722
rates,0.9704
eligibility,0.9737
problem,0.9702
crucial selection,0.9756
rates,0.9757
setting,0.9718
using,0.9718
problem delayed,0.9703
mechanism,0.9777
empirical,0.9751
crucial,0.9753
mechanism tack,0.9713
intimately,0.9713
framework,0.9755
reinforcement,0.9727
furthermore,0.9701
autonomous learning,0.9756
crucial selection,0.9702
tack problem,0.9731
crucial selection,0.9740
framework combine,0.9745
mechanism delayed,0.9703
problem delayed,0.9742
tack problem delayed,0.9711
framework,0.9765
proposed combination help,0.9725
crucial selection,0.9713
eligibility,0.9752
proposed combination help,0.9702
supervised learning,0.9726
inter learning,0.9716
autonomous learning,0.9795
particular image,0.9703
based,0.9711
model,0.9760
task,0.9709
analysis based case,0.9704
system,0.9731
particular,0.9707
closest case retrieved,0.9710
analysis based,0.9725
based,0.9740
methods,0.9794
method,0.9793
model,0.9710
analysis,0.9723
similarity,0.9746
task,0.9732
analysis based case,0.9747
system,0.9714
closest,0.9706
case learning,0.9765
parameter learning,0.9767
based learning,0.9701
method,0.9768
analysis based case,0.9736
case based,0.9743
methods parameter,0.9748
particular image,0.9714
case base comprised,0.9713
metal based case,0.9740
analysis based,0.9746
base comprised,0.9730
function described,0.9754
methods,0.9773
method,0.9789
model,0.9791
description used,0.9734
methods need lot,0.9721
analysis based case,0.9808
system,0.9758
case learning,0.9740
methods need,0.9762
case based,0.9757
case base closest,0.9720
analysis methods need,0.9769
method,0.9707
model,0.9705
system,0.9708
parameter learning,0.9774
case learning,0.9707
case based learning,0.9882
based learning,0.9801
model,0.9760
gap,0.9707
pattern,0.9725
pathway,0.9726
flying,0.9704
sampling,0.9746
showcase,0.9717
practice,0.9713
model,0.9710
neural,0.9757
pattern,0.9783
brain cooperative,0.9718
fuzzy,0.9728
understanding,0.9711
multi,0.9774
demand,0.9708
customized,0.9778
framework,0.9755
multi learning,0.9757
fuzzy model,0.9708
fuzzy model,0.9740
fuzzy model,0.9777
model framework,0.9725
model,0.9791
ne systems,0.9803
pattern,0.9718
brain cooperative,0.9729
spec data,0.9781
systems flying,0.9723
pathway,0.9701
spat spec data,0.9738
framework,0.9765
data,0.9753
systems,0.9719
discussed include,0.9736
model,0.9705
pathway,0.9717
multi learning,0.9773
fuzzy model,0.9732
fuzzy model,0.9744
instruction,0.9728
performance class,0.9713
processing,0.9724
instruction,0.9706
filters,0.9758
decision,0.9717
commonplace,0.9721
using,0.9718
filtering,0.9771
application,0.9766
processing,0.9798
natural,0.9713
filter,0.9780
application,0.9700
algorithms support,0.9729
instruction,0.9737
data,0.9753
filters,0.9715
comparisons show,0.9713
previous studies,0.9709
sentinel uses,0.9716
application,0.9765
performance class,0.9756
processing,0.9709
application,0.9753
performance class,0.9712
challenge filters,0.9702
testing,0.9720
automatically order,0.9715
based,0.9711
onto introduced paper,0.9707
classification,1.0000
interface,0.9704
classification achieved,0.9828
method based,0.9701
problem,0.9702
testing,0.9763
based,0.9740
method,0.9793
training,0.9706
inherently,0.9713
integration,0.9721
interface,0.9765
onto introduced,0.9719
multi,0.9774
integration paper,0.9710
multi learning,0.9757
method based,0.9727
method,0.9768
matching method based,0.9701
matching method,0.9749
sc matching method,0.9702
learning proposed method,0.9768
method based,0.9779
testing,0.9705
integration solve,0.9740
onto introduced paper,0.9714
method,0.9789
classification,0.9741
integration,0.9706
interface,0.9751
classification achieved,0.9704
data,0.9753
systems,0.9719
method based machine,0.9728
integration paper,0.9745
method,0.9707
classification,0.9750
classification achieved,0.9730
multi learning,0.9773
based machine learning,0.9708
model,0.9760
models using,0.9718
models,0.9742
bias,0.9723
power,0.9723
generation,0.9730
weighted,0.9760
approach,0.9710
meta,0.9766
fusion,0.9739
context,0.9710
interval,0.9709
neural,0.9757
approach power,0.9716
model,0.9710
using,0.9718
using meta,0.9719
models using,0.9731
models,0.9707
relevance weight,0.9723
using meta relevant,0.9728
application,0.9766
weight,0.9702
weighted inter,0.9741
demand,0.9708
customized,0.9778
bias,0.9780
furthermore,0.9701
lazy learning,0.9718
critical question model,0.9750
approach referred,0.9730
approach power,0.9711
information use,0.9705
application,0.9700
critical question model,0.9765
critical question model,0.9808
approach referred,0.9723
data,0.9753
db models using,0.9780
context,0.9746
approach power,0.9732
information use,0.9748
systems,0.9719
model,0.9791
using meta,0.9708
models using,0.9830
models,0.9730
context critical,0.9717
relevance weight,0.9713
using meta relevant,0.9775
application,0.9765
relevant models,0.9807
models highly,0.9722
bias,0.9721
models become,0.9704
model,0.9705
application,0.9753
relevant models,0.9703
lazy learning,0.9821
question model,0.9732
specific,0.9720
perspective,0.9721
models rely,0.9733
rates,0.9704
model,0.9760
circuits within co,0.9749
choice,0.9764
models,0.9742
typically,0.9702
specific,0.9773
behavioral,0.9731
predicted,0.9713
interpretation,0.9723
biased,0.9763
decision metal,0.9712
settings,0.9755
separation,0.9750
rely,0.9709
sub choice,0.9712
neural,0.9757
perspective,0.9766
decision,0.9717
circuits,0.9724
tests,0.9732
predictions,0.9718
models rely,0.9749
basal,0.9747
rates,0.9757
model,0.9710
models,0.9707
behavior,0.9766
advantages,0.9720
model decision,0.9717
typically,0.9705
prediction,0.9808
reinforcement,0.9727
furthermore,0.9701
model decision,0.9784
distinct circuits within,0.9703
data,0.9753
decision metal,0.9741
sub choice,0.9705
perspective,0.9756
settings provide,0.9714
tests,0.9703
predictions,0.9751
models rely,0.9779
model,0.9791
circuits within co,0.9772
choice,0.9717
models,0.9730
sub choice performance,0.9723
model decision,0.9837
within co,0.9703
sub choice,0.9738
model,0.9705
differential learning,0.9768
single learning,0.9793
based,0.9711
methods may,0.9704
cluster whereas,0.9735
based representative,0.9709
models,0.9742
application,0.9766
problem,0.9702
based,0.9740
method,0.9793
methods metal,0.9707
methods may,0.9727
assumptions,0.9730
notion utilize,0.9764
approach,0.9710
important,0.9712
determination,0.9705
analysis,0.9723
experiment,0.9701
based simple,0.9724
cluster whereas,0.9710
observation,0.9740
models,0.9707
intuitive,0.9753
measurement,0.9807
notion,0.9753
simulation,0.9750
simple notion utilize,0.9711
utilize,0.9766
methods,0.9794
application,0.9700
method,0.9768
based representative models,0.9708
effectiveness proposed method,0.9733
experiment based,0.9705
data structure,0.9768
application,0.9765
method,0.9789
methods may,0.9776
assumptions,0.9746
notion utilize,0.9713
representative models,0.9776
methods depend,0.9709
based representative models,0.9835
models,0.9730
measurement,0.9729
data,0.9753
experiment based,0.9708
simple notion utilize,0.9701
methods,0.9773
application,0.9753
method,0.9707
modulation,0.9716
priority,0.9758
processing,0.9724
bias,0.9723
behavioral,0.9731
protocol,0.9751
memory,0.9722
depending,0.9728
stimulation,0.9711
prediction priority,0.9738
inference,0.9787
experiment,0.9701
predictions,0.9718
modulation,0.9782
reaction,0.9724
operating,0.9702
using,0.9718
multiple,0.9713
prima,0.9755
response,0.9741
priority,0.9729
scales,0.9754
behavioral sal governing,0.9702
prediction,0.9808
processing,0.9798
evidence modulation,0.9703
bias,0.9780
prediction priority,0.9762
predictions,0.9751
response,0.9714
evidence,0.9721
behavioral sal governing,0.9735
processing,0.9709
evidence modulation,0.9752
bias,0.9721
specific,0.9720
components using,0.9732
based,0.9711
model,0.9760
distance,0.9712
models,0.9742
system,0.9731
specific,0.9773
setting,0.9718
approach,0.9710
components using,0.9765
precise,0.9720
oriented,0.9762
based,0.9740
multi,0.9774
experimentation,0.9749
model,0.9710
using,0.9718
analysis,0.9723
distance,0.9723
obvious,0.9711
techniques multi,0.9749
models,0.9707
productivity,0.9747
system,0.9714
techniques,0.9762
regression,1.0000
crisis,0.9732
important,0.9712
weight,0.9702
standard,0.9735
analysis used,0.9703
components using,0.9705
evaluation model,0.9748
outcomes software,0.9715
analysis used,0.9750
constructive evaluation model,0.9703
evaluation model,0.9747
concluded specific algorithm,0.9752
components using,0.9820
obvious outcomes software,0.9749
systems,0.9719
evaluation model,0.9779
model,0.9791
techniques multi,0.9739
models,0.9730
system important,0.9746
system,0.9758
techniques,0.9739
regression,0.9715
outcomes software,0.9792
analysis used,0.9782
components using,0.9704
model,0.9705
system,0.9708
evaluation model,0.9822
regression model,0.9713
constructive evaluation model,0.9724
evaluation model,0.9734
based,0.9711
eligibility,0.9737
spectral,0.9714
semi learning,0.9761
anomaly,0.9749
application,0.9766
based,0.9740
core multi,0.9701
imitation,0.9726
kernel,0.9734
using,0.9718
weighted,0.9760
core,0.9722
constrained,0.9744
fuzzy,0.9728
multi,0.9774
spectral,0.9769
micro data,0.9706
measurement,0.9807
micro,0.9712
application,0.9700
weak policy,0.9718
application,0.9765
spectral,0.9719
micro data,0.9793
application face,0.9740
measurement,0.9729
data,0.9753
discussed include,0.9736
cluster micro data,0.9719
application,0.9753
eligibility,0.9752
learning kernel,0.9714
recommendation,0.9700
based,0.9711
metal system,0.9708
system metal,0.9719
system,0.9731
problem,0.9702
contrast,0.9753
recommendation,0.9744
based,0.9740
similarities,0.9711
extraction,0.9750
accurately,0.9702
approach,0.9710
cluster contrast,0.9720
understanding,0.9711
system metal,0.9732
problems,0.9714
divides,0.9705
system,0.9714
metal system,0.9706
paper proposes use,0.9730
recommendation,0.9720
metal system,0.9784
cluster contrast,0.9732
algorithms based feature,0.9708
system metal,0.9732
paper proposes use,0.9761
data,0.9753
system,0.9758
recommendation,0.9721
metal system,0.9715
cluster contrast,0.9702
system,0.9708
based,0.9711
based,0.9740
size,0.9700
using,0.9718
approach,0.9710
meta,0.9766
fuzzy,0.9728
framework,0.9755
distinguish,0.9732
boost,0.9739
based generating,0.9714
meta learning,1.0000
approach known,0.9728
meta learning,0.9744
recognition based generating,0.9700
approach known,0.9719
framework,0.9765
data,0.9753
systems,0.9719
meta learning,0.9841
meta learning,0.9733
meta learning,0.9733
adjustment,0.9736
adjustment decision,0.9718
classification decision,0.9796
class also benefited,0.9707
benefited adjustment decision,0.9712
classification,1.0000
bias,0.9723
predicting,0.9774
adjustment,0.9759
meta,0.9766
balanced,0.9734
retrieve,0.9733
decision,0.9717
methods,0.9794
conversion,0.9727
diagnosis,0.9738
using,0.9718
application,0.9766
assessment,0.9766
suggesting,0.9741
prediction,0.9808
data aim,0.9704
bias,0.9780
dementia,0.9728
approached,0.9714
adjustment decision,0.9727
classification decision,0.9700
benefited adjustment decision,0.9710
common assessment,0.9758
application,0.9700
data aim,0.9712
predicting,0.9704
classification information decision,0.9773
algorithms examined application,0.9750
data,0.9753
adjustment decision,0.9749
classification decision,0.9759
methods,0.9773
benefited adjustment decision,0.9764
classification,0.9741
common assessment,0.9790
application,0.9765
assessment,0.9728
using ne data,0.9729
data aim,0.9800
bias,0.9721
classification decision,0.9746
classification,0.9750
application,0.9753
data aim,0.9710
identifying,0.9714
pattern,0.9725
focused specifically algorithm,0.9709
task,0.9709
including pattern,0.9709
difficulties,0.9706
focused,0.9710
problem,0.9702
survey,0.9702
identifying,0.9724
analysis,0.9723
hardness,0.9713
pattern,0.9783
task,0.9732
including pattern,0.9735
particular,0.9707
difficulties,0.9754
function paper,0.9725
problems,0.9714
framework,0.9755
techniques,0.9762
computational task,0.9707
survey related,0.9708
techniques used,0.9716
pattern,0.9718
including pattern,0.9729
particular domains including,0.9700
function paper,0.9746
framework,0.9765
domains including,0.9717
techniques,0.9739
computational task,0.9779
classification,1.0000
model,0.9760
characteristics,0.9757
pattern,0.9725
systems however,0.9707
systems however set,0.9729
processing,0.9724
phase,0.9702
system,0.9731
classification class,0.9792
phase expert,0.9727
method,0.9793
model,0.9710
expert,0.9727
characteristics,0.9718
approach,0.9710
suitable,0.9746
pattern,0.9783
meta,0.9766
method able,0.9724
combining,0.9738
obvious,0.9711
prediction,0.9808
processing,0.9798
phase,0.9749
system,0.9714
knowledge meta,0.9724
expert knowledge meta,0.9702
prediction model,0.9720
method,0.9768
method able,0.9702
approach automatically selecting,0.9740
presented method able,0.9721
classification system class,0.9818
data classification,0.9759
prediction model,0.9827
evaluation phase required,0.9709
phase expert,0.9701
method,0.9789
classification,0.9741
model,0.9791
characteristics,0.9751
required order,0.9712
classification system,0.9768
pattern,0.9718
method able,0.9747
required order achieve,0.9740
systems however,0.9734
method data,0.9703
approach automatically selecting,0.9721
method uses,0.9705
systems however set,0.9718
presented method able,0.9759
processing,0.9709
data,0.9753
system,0.9758
systems,0.9719
classification class,0.9771
classification system class,0.9734
evaluation phase required,0.9719
method,0.9707
classification,0.9750
model,0.9705
characteristics,0.9710
required order,0.9700
classification system,0.9704
system,0.9708
classification class,0.9775
prediction model,0.9743
specific,0.9720
model,0.9760
functional,0.9752
models,0.9742
application,0.9766
logic,0.9790
specific,0.9773
application concepts,0.9705
assumption,0.9770
model,0.9710
functional,0.9785
specific onto,0.9701
concepts,0.9761
multi,0.9774
models,0.9707
embodied,0.9716
techniques,0.9762
methods,0.9794
application,0.9700
application,0.9765
logic,0.9753
methods dealt,0.9709
verification mas provided,0.9738
application concepts,0.9775
model,0.9791
functional,0.9761
techniques embodied specific,0.9725
mas model formal,0.9778
data description,0.9832
models,0.9730
data,0.9753
systems closed,0.9755
techniques,0.9739
systems,0.9719
methods,0.9773
application,0.9753
model,0.9705
functional,0.9703
data description,0.9714
computational mas model,0.9777
analysis based large,0.9710
based,0.9711
classification,1.0000
comparison,0.9779
analysis based,0.9725
analysis based large,0.9724
claims,0.9701
based,0.9740
investigation,0.9721
analysis,0.9723
experiment,0.9701
comparison,0.9816
collaboration,0.9731
framework,0.9755
varied,0.9721
based large,0.9703
experiment database,0.9718
systems learning,0.9777
analysis based,0.9746
analysis based large,0.9775
results describe,0.9730
experimental comparison experimental,0.9712
classification,0.9741
framework experimental comparison,0.9763
experiments demonstrate use,0.9742
comparison,0.9756
collaboration framework,0.9759
experimental comparisons however,0.9726
framework,0.9765
systems,0.9719
database,0.9726
classification,0.9750
comparison,0.9701
database,0.9710
systems learning,0.9787
type,0.9710
based,0.9711
calculation,0.9750
conditions,0.9754
method due,0.9731
problem,0.9702
meta,0.9766
requires,0.9727
type,0.9749
search important,0.9703
based,0.9740
experiment,0.9701
calculation,0.9770
transfer,0.9737
conditions,0.9714
monitoring,0.9724
methods,0.9794
method,0.9793
using,0.9718
analysis,0.9723
analyze,0.9748
method due,0.9724
sensor,0.9742
however similar,0.9700
important,0.9712
compared,0.9725
methods uses,0.9712
meta learning,1.0000
transfer learning,0.9757
problem based,0.9753
method,0.9768
search method due,0.9710
systems knowledge,0.9745
meta learning,0.9744
important methods,0.9714
conditions order,0.9763
data,0.9753
type,0.9711
problem based,0.9764
calculation,0.9712
conditions,0.9767
using shape features,0.9720
systems,0.9719
methods,0.9773
method,0.9789
concept transfer,0.9703
data requires,0.9737
method due,0.9727
sensor,0.9705
methods uses,0.9768
type,0.9704
method,0.9707
problem based transfer,0.9747
meta learning,0.9841
concept transfer learning,0.9704
meta learning,0.9733
transfer learning,0.9722
based transfer learning,0.9710
meta learning,0.9733
models critical,0.9713
specific,0.9720
model,0.9760
model cross,0.9743
models,0.9742
model specific,0.9741
particular model,0.9726
data depend,0.9718
models critical,0.9734
specific,0.9773
model,0.9710
model increases,0.9712
using,0.9718
process,0.9719
meta,0.9766
validation stable,0.9701
requires,0.9727
validation,0.9739
particular,0.9707
model cross,0.9732
models,0.9707
model specific,0.9765
particular model,0.9720
methods,0.9794
specific sample hand,0.9703
validation reliability involved,0.9722
model specific,0.9704
particular model,0.9724
involved models critical,0.9781
data depend,0.9798
models critical,0.9760
data set requires,0.9738
model,0.9791
model increases,0.9751
particular model increases,0.9735
specific sample hand,0.9760
reliability involved,0.9746
validation stable,0.9723
involved models,0.9790
validation reliability involved,0.9782
methods valid,0.9719
model cross,0.9768
models,0.9730
model specific,0.9824
expected accuracy,0.9716
data,0.9753
expected accuracy particular,0.9765
reliability involved models,0.9826
particular model,0.9848
methods,0.9773
model,0.9705
specific sample hand,0.9705
model specific,0.9739
particular model,0.9754
configuration,0.9752
functional,0.9752
module,0.9702
orders,0.9712
characteristics,0.9757
problem,0.9702
characteristics prior,0.9716
considered,0.9732
depending,0.9728
configuration,0.9770
functional,0.9785
module,0.9760
tests,0.9732
sophisticated,0.9718
problem considered,0.9703
restrict,0.9758
specialized,0.9739
method,0.9793
characteristics,0.9718
using,0.9718
modeled,0.9745
analysis,0.9723
flexible,0.9744
characteristic,0.9725
framework,0.9755
important,0.9712
broadly,0.9758
problems,0.9714
graph learning,0.9700
elements learning,0.9780
orders test,0.9702
knowledge presented method,0.9715
problem considered,0.9707
method,0.9768
seen method sophisticated,0.9746
characteristics prior,0.9775
test,0.9727
advanced algorithm orders,0.9703
data,0.9753
configuration,0.9745
functional,0.9761
module,0.9742
tests,0.9703
orders test,0.9773
systems,0.9719
problem considered,0.9745
method,0.9789
characteristics,0.9751
configurations used,0.9760
description used,0.9734
space may modeled,0.9723
framework,0.9765
seen method sophisticated,0.9738
analysis results,0.9748
configuration,0.9701
functional,0.9703
method,0.9707
characteristics,0.9710
selected,0.9718
possible learning,0.9730
selected learning,0.9740
graph learning,0.9718
complexity learning,0.9721
significant,0.9708
context,0.9710
hurdle,0.9736
context,0.9746
comparison,0.9779
model,0.9760
useful basis,0.9719
task,0.9709
network included similarity,0.9718
predicted,0.9713
approach,0.9710
useful,0.9749
technique given,0.9707
metal micro,0.9710
comparison,0.9816
empirical,0.9751
decision,0.9717
approach lc,0.9769
resulting,0.9707
methods,0.9794
micro,0.9712
diagnosis,0.9738
model,0.9710
basis achieving,0.9710
useful basis,0.9757
analysis,0.9723
link approach,0.9709
similarity,0.9746
diagnosed,0.9736
task,0.9732
micro data,0.9706
techniques,0.9762
methods link,0.9703
cure,0.9740
routine,0.9728
assessment,0.9766
treatment,0.9705
basis,0.9776
link approach lc,0.9744
standard,0.9735
overcome,0.9707
useful basis achieving,0.9737
effective methodology,0.9736
methodology prevent,0.9748
methods link approach,0.9739
technique given,0.9745
approach lc,0.9753
useful basis individual,0.9731
useful basis,0.9721
link approach,0.9803
cluster decision,0.9702
link approach lc,0.9796
useful basis achieving,0.9760
methodology prevent,0.9800
data among,0.9734
methods link approach,0.9799
data,0.9753
comparison original lc,0.9702
technique given,0.9741
link similarity metal,0.9737
comparison,0.9756
metal micro data,0.9739
approach lc,0.9809
analysis offers,0.9727
techniques cancer,0.9720
information network included,0.9739
methods,0.9773
useful basis individual,0.9754
model,0.9791
basis achieving,0.9727
useful basis,0.9798
cluster link,0.9769
link approach,0.9790
network included,0.9707
micro data,0.9793
approach lc provides,0.9763
cluster decision,0.9705
techniques,0.9739
methods link,0.9786
lc provides,0.9704
assessment,0.9728
treatment,0.9706
data micro,0.9705
basis,0.9735
link approach lc,0.9817
network included similarity,0.9742
data among different,0.9704
need effective methodology,0.9726
comparison,0.9701
model,0.9705
cluster link,0.9710
link approach lc,0.9723
