Word,Similarity
classification,1.0000
task,0.9709
model,0.9760
requirement,0.9703
system,0.9731
based,0.9711
classification classification,0.9867
analysis,0.9723
task,0.9732
method based,0.9701
training,0.9706
data hungry,0.9714
similarity,0.9746
method,0.9793
system chinese,0.9717
process called,0.9737
application,0.9766
model,0.9710
requirement,0.9742
method alleviate,0.9753
system,0.9714
compared,0.9725
based,0.9740
process,0.9719
framework,0.9755
processed,0.9706
neural,0.9757
dependent,0.9760
deep learning model,0.9706
learning model,0.9744
cluster model,0.9776
process learning,0.9825
system,0.9731
model,0.9760
learning walter de,0.9710
pattern,0.9725
advantage,0.9712
combining,0.9738
system,0.9714
using,0.9718
method,0.9793
including neural,0.9716
approach,0.9710
meta,0.9766
model,0.9710
pattern,0.9783
algorithm alone,0.9710
method including,0.9733
accurately,0.9702
system general,0.9705
useful,0.9749
method including neural,0.9740
problem,0.9702
neural,0.9757
ensemble model,0.9710
learning model,0.9744
ensemble model,0.9765
ability,0.9706
model,0.9760
system,0.9731
based,0.9711
data using,0.9718
using,0.9718
labeled,0.9759
based metal,0.9717
training,0.9706
accurately,0.9702
input,0.9716
model,0.9710
prediction,0.9808
ratio regime,0.9752
regime,0.9733
communication exploit,0.9724
system,0.9714
dip numerical,0.9738
require,0.9728
based,0.9740
multiple,0.9713
process,0.9719
data using,0.9714
task,0.9709
method significant,0.9702
model,0.9760
investigation cross,0.9715
investigation,0.9721
task,0.9732
transformation,0.9793
transform,0.9777
training,0.9706
method,0.9793
method significant,0.9775
deficiency,0.9765
significant,0.9708
scale,0.9712
application,0.9766
model,0.9710
semantic,0.9805
extraction,0.9750
experiment,0.9701
problem,0.9702
investigation cross,0.9711
semantic transform,0.9707
ability,0.9706
method considerably,0.9713
model,0.9760
arrives significantly reducing,0.9706
balancing,0.9712
essentially,0.9736
practice,0.9713
cycle,0.9724
reducing,0.9707
state method considerably,0.9729
furthermore prediction,0.9705
model par,0.9723
operation,0.9725
method considerably,0.9777
method,0.9793
opt optimization,0.9709
solution significantly,0.9742
furthermore,0.9701
termed,0.9753
significantly,0.9725
combining,0.9738
model,0.9710
prediction,0.9808
initial,0.9701
problem,0.9702
compared,0.9725
subsequently solution,0.9717
solution,0.9740
principle,0.9763
multi,0.9774
balancing,0.9766
solution model,0.9863
meta learning task,0.9708
learning task,1.0000
ability,0.9706
data cross,0.9719
task,0.9709
system cross,0.9753
model need,0.9727
model,0.9760
even problematic,0.9716
system,0.9731
system cross recommendation,0.9750
recommendation,0.9700
using,0.9718
data cross,0.9723
task,0.9732
diverse,0.9721
biased,0.9763
training,0.9706
system cross,0.9761
meta,0.9766
significant,0.9708
problematic,0.9768
analyze,0.9748
model need,0.9766
model,0.9710
importance,0.9708
precision,0.9771
problem,0.9702
system,0.9714
require,0.9728
resulting,0.9707
licence,0.9701
system cross recommendation,0.9727
behavioral,0.9731
recommendation,0.9744
recommendation model,0.9760
cross recommendation model,0.9727
meta learning,1.0000
task ag learning,0.9708
task meta learning,0.9774
task,0.9709
model namely,0.9703
distance,0.9712
pan challenging data,0.9709
model,0.9760
condition,0.9700
observation,0.9740
using,0.9718
transfer,0.9737
task,0.9732
model namely,0.9744
est mobility,0.9707
training,0.9706
response,0.9741
important,0.9712
particular,0.9707
method,0.9793
meta,0.9766
using deep meta,0.9718
method including,0.9733
accurately,0.9702
weighted,0.9760
facilitated,0.9742
furthermore,0.9701
distance,0.9723
model,0.9710
problem,0.9702
extend,0.9711
licence,0.9701
framework,0.9755
method metal,0.9711
pan,0.9727
task,0.9709
approach significantly,0.9705
test set,0.9724
distance,0.9712
model,0.9760
leverage,0.9704
based,0.9711
tuning,0.9728
task particular,0.9723
specifically approach,0.9704
using,0.9718
analysis,0.9723
vale prediction,0.9703
model integrating,0.9768
task,0.9732
transform,0.9777
specifically approach significantly,0.9750
approach significantly,0.9781
hyper,0.9739
particular,0.9707
fault propose novel,0.9705
integrating,0.9786
encoding,0.9757
furthermore,0.9701
memory,0.9722
distance,0.9723
significantly,0.9725
approach,0.9710
model,0.9710
importance,0.9708
extraction,0.9750
data opt,0.9707
prediction,0.9808
fusion,0.9739
leverage,0.9770
based,0.9740
tuning,0.9731
sentiment,0.9714
multi,0.9774
task particular,0.9706
specifically approach,0.9729
self learning,0.9713
ability,0.9706
classification,1.0000
task,0.9709
importantly,0.9706
type,0.9710
model,0.9760
leverage,0.9704
task notably,0.9745
additionally model,0.9714
task focus,0.9743
training mechanism,0.9704
coverage,0.9700
incorporate,0.9737
diagnosis,0.9738
mechanism,0.9777
analysis,0.9723
treatment,0.9705
deep neural,0.9743
task,0.9732
state method classic,0.9709
classic,0.9710
computational method exhibit,0.9717
importantly,0.9740
training,0.9706
method,0.9793
meta,0.9766
drug mod incorporate,0.9708
validation,0.9739
significant,0.9708
topology,0.9721
approach term,0.9777
splitting,0.9749
effectively,0.9727
focus,0.9740
application,0.9766
importantly model,0.9722
type,0.9749
drug,0.9708
approach,0.9710
model,0.9710
notably,0.9708
precision,0.9771
extraction,0.9750
capability,0.9705
metal diagnosis drug,0.9702
demonstrates,0.9703
method classic,0.9770
method exhibit,0.9722
reaction,0.9724
ga effectively leverage,0.9725
experiment,0.9701
leverage,0.9770
screening,0.9785
model sur,0.9722
task notably,0.9725
additionally model sur,0.9709
method exhibiting,0.9728
predicting,0.9774
multi,0.9774
additionally model,0.9719
task mm,0.9702
training mechanism,0.9745
effectively leverage,0.9724
neural,0.9757
notably task,0.9709
information knowledge,0.9748
system,0.9731
system classification,0.9817
ability,0.9706
model,0.9760
based,0.9711
classification,1.0000
model di,0.9706
thereby improving,0.9702
model towards,0.9748
well classification,0.9716
model selective,0.9731
category,0.9777
system,0.9714
method,0.9793
system classification,0.9736
approach,0.9710
model,0.9710
based,0.9740
transfer,0.9737
model di,0.9767
effective dual,0.9723
capability,0.9705
model towards,0.9729
multi,0.9774
recognizing,0.9709
framework,0.9755
dual,0.9724
model selective,0.9751
category labelled,0.9704
focus,0.9740
labelled,0.9705
category,0.9753
model knowledge,0.9747
information knowledge,0.9748
metric learning,0.9741
multi learning,0.9757
condition road,0.9710
safety however,0.9738
type,0.9710
model,0.9760
condition,0.9700
classify,0.9730
testing,0.9720
using,0.9718
crucial,0.9753
training,0.9706
costly,0.9737
method,0.9793
neighbor,0.9701
meta,0.9766
automated,0.9730
lever,0.9737
application,0.9766
type,0.9749
approach,0.9710
model,0.9710
commonly,0.9730
monitoring,0.9724
classify,0.9775
problem,0.9702
compared,0.9725
rental,0.9710
testing,0.9763
solution,0.9740
suitable,0.9746
predicting,0.9774
involving,0.9712
framework,0.9755
problem classify,0.9747
dual,0.9724
case predicting,0.9743
meta learning,1.0000
learning task,1.0000
classification,1.0000
task,0.9709
data rely,0.9726
dependency,0.9802
analysis,0.9723
data bench,0.9717
task,0.9732
contrast propose,0.9744
insight,0.9762
local dependency,0.9758
insight method,0.9738
additional insight method,0.9712
field data rely,0.9710
method,0.9793
approach,0.9710
data em metal,0.9702
refined,0.9755
capture,0.9703
instead modelling,0.9706
contrast,0.9753
paradigm,0.9754
field instead modelling,0.9737
data rely,0.9749
rely,0.9709
weight,0.9702
method learning,0.9784
novel method learning,0.9761
classification,1.0000
model,0.9760
system,0.9731
data using,0.9718
using,0.9718
analysis,0.9723
method called,0.9706
method,0.9793
meta,0.9766
accurately,0.9702
potential using,0.9740
encoding,0.9757
furthermore,0.9701
even linear,0.9714
comparable,0.9719
model,0.9710
facilitate,0.9725
prediction,0.9808
experiment,0.9701
problem,0.9702
proposal,0.9717
system,0.9714
compared,0.9725
regression,1.0000
lower bound,0.9703
solution,0.9740
suitable,0.9746
suitable na,0.9729
data using,0.9714
neural,0.9757
data high model,0.9832
model meta,0.9718
model meta,0.9711
meta general,0.9700
method learning,0.9784
procedure due,0.9701
classification,1.0000
analyzed,0.9709
resulted model,0.9714
connection,0.9704
approach resulted,0.9701
model,0.9760
factor beyond chemical,0.9742
factor,0.9727
addressing,0.9701
treatment,0.9705
metal furthermore model,0.9723
analyzed,0.9764
connection,0.9741
treating,0.9706
similarity,0.9746
derived,0.9719
particular,0.9707
bio however,0.9725
significant,0.9708
encompasses,0.9730
bio however study,0.9748
multiple factor beyond,0.9737
furthermore,0.9701
model employing,0.9755
application,0.9766
problem analyzed,0.9708
multiple factor,0.9740
drug,0.9708
distinct strategy,0.9710
approach resulted,0.9704
approach,0.9710
model,0.9710
demonstrates,0.9703
application van,0.9751
factor beyond chemical,0.9710
problem,0.9702
factor,0.9740
approach resulted model,0.9732
addressing,0.9752
tackle,0.9713
multiple,0.9713
predicting,0.9774
bio encompasses,0.9716
employing het siam,0.9717
neural,0.9757
network model,0.9766
bio model,0.9744
classification model,0.9741
classification,1.0000
task,0.9709
model superior,0.9735
model named,0.9701
guidance,0.9728
model,0.9760
classification model named,0.9700
classification task,0.9741
scar model,0.9716
system,0.9731
based,0.9711
classification classification,0.9867
method term,0.9705
dependency,0.9802
using,0.9718
scar method,0.9705
classification model,0.9715
mechanism,0.9777
task,0.9732
transform,0.9777
model superior,0.9734
model effectively,0.9728
method arc,0.9750
method,0.9793
guidance,0.9744
method early,0.9732
setting,0.9718
lever,0.9737
effectively,0.9727
application,0.9766
distinguish,0.9732
data synthesized,0.9715
model,0.9710
sequence,0.9712
based sequence,0.9716
classification model named,0.9743
mechanism fai,0.9753
capture,0.9703
experiment,0.9701
method arc able,0.9708
problem,0.9702
system,0.9714
based,0.9740
self mechanism,0.9729
classification model superior,0.9702
framework,0.9755
application xi,0.9730
method term,0.9789
data scar model,0.9709
classification model,0.9728
data scar model,0.9782
data scar learning,0.9707
learning task,1.0000
task,0.9709
influencing,0.9720
critical problem,0.9708
model,0.9760
factor,0.9727
system,0.9731
based,0.9711
preference,0.9754
recommendation,0.9700
task,0.9732
influencing,0.9734
labeled,0.9759
critical problem,0.9711
important,0.9712
meta,0.9766
integrating,0.9786
effectively,0.9727
approach,0.9710
model,0.9710
behavior,0.9766
initial,0.9701
experiment,0.9701
problem,0.9702
paradigm,0.9754
factor,0.9740
system,0.9714
based,0.9740
preference,0.9708
exploited,0.9719
recommendation,0.9744
relevance learning,0.9734
bias,0.9723
class due,0.9700
model,0.9760
perspective,0.9721
label novel class,0.9711
producing,0.9700
paradigm multi,0.9715
utilizing,0.9730
bias,0.9780
natural,0.9713
inference paradigm,0.9734
pseudo,0.9712
method,0.9793
method ones,0.9738
learning paradigm,0.9745
inference,0.9787
ni inference producing,0.9714
furthermore,0.9701
ni inference,0.9723
approach,0.9710
outline,0.9738
model,0.9710
semantic,0.9805
abstract ones,0.9709
capability,0.9705
standard,0.9735
refined,0.9755
perspective,0.9766
problem,0.9702
paradigm,0.9754
framework seen,0.9718
paradigm reduce,0.9730
coco,0.9720
perspective alleviate,0.9712
multi,0.9774
licence,0.9701
framework,0.9755
semantic bias model,0.9711
semantic bias model,0.9726
model perspective,0.9737
bias model,0.9787
prototype learning,0.9798
task,0.9709
information across,0.9720
model,0.9760
system,0.9731
testing,0.9720
model focusing,0.9754
quantitative,0.9735
task,0.9732
transformation,0.9793
compare,0.9728
assessment,0.9766
spec since,0.9726
meta,0.9766
sharing spec specifically,0.9701
inherently,0.9713
setting,0.9718
approach,0.9710
model,0.9710
model enabling,0.9723
enabling,0.9755
toxic,0.9707
experiment,0.9701
model preferred,0.9753
system,0.9714
multiple,0.9713
testing,0.9763
model focusing,0.9744
predicting,0.9774
multi,0.9774
multiple spec,0.9735
flexible,0.9744
multi model,0.9798
learning model,0.9744
eco learning,0.9714
knowledge learning,0.9820
multi learning,0.9757
classification,1.0000
task,0.9709
leverage,0.9704
based,0.9711
module,0.9702
task,0.9732
similarity,0.9746
method,0.9793
meta,0.9766
highlighting,0.9733
solar,0.9707
input,0.9716
prediction,0.9808
initial,0.9701
experiment,0.9701
proposal,0.9717
compared,0.9725
leverage,0.9770
based,0.9740
regression,1.0000
process,0.9719
module,0.9760
licence,0.9701
corresponding,0.9714
processed,0.9706
challenging paper,0.9723
comparison,0.9779
model,0.9760
based deep,0.9701
system,0.9731
based,0.9711
thus training,0.9716
module,0.9702
bearing fault diagnosis,0.9715
diagnosis,0.9738
rotating,0.9723
analysis,0.9723
embedded,0.9767
method based,0.9701
comparison,0.9816
filter,0.9780
data metal,0.9750
labeled,0.9759
training,0.9706
method,0.9793
fault diagnosis,0.9701
effectively,0.9727
model,0.9710
requires,0.9727
device,0.9735
deep learning fault,0.9706
experiment,0.9701
consequence,0.9770
based deep,0.9713
system,0.9714
effectively nonlinear,0.9728
resulting,0.9707
based,0.9740
thus training,0.9730
module,0.9760
method based model,0.9718
data metal model,0.9756
method based model,0.9816
classification,1.0000
task,0.9709
classification ic,0.9733
based intra,0.9700
distance,0.9712
classification task,0.9741
based,0.9711
module,0.9702
power,0.9723
transfer,0.9737
task,0.9732
directly,0.9718
embedded,0.9767
labeled,0.9759
training,0.9706
method,0.9793
meta,0.9766
accordingly paper,0.9707
based intra,0.9703
freeze,0.9727
distance,0.9723
integrated,0.9716
problem directly,0.9718
experiment,0.9701
problem,0.9702
compared,0.9725
proto,0.9722
based,0.9740
overcome,0.9707
module,0.9760
weight,0.9702
learning transfer,0.9728
classification,1.0000
using feature,0.9714
processing,0.9724
model,0.9760
requirement,0.9703
based,0.9711
using,0.9718
removing,0.9731
transfer,0.9737
beam,0.9720
algorithm wooden,0.9751
method based,0.9701
training,0.9706
similarity,0.9746
processing,0.9798
orientation,0.9730
classification layer,0.9709
method,0.9793
input,0.9716
model,0.9710
requirement,0.9742
grain,0.9723
problem,0.9702
compared,0.9725
based,0.9740
multi,0.9774
licence,0.9701
neural,0.9757
method model,0.9716
processing method model,0.9701
method model,0.9801
processing method model,0.9751
transfer learning,0.9757
learning transfer,0.9728
task,0.9709
position,0.9711
result tracking,0.9701
model,0.9760
model due,0.9748
based,0.9711
overs problem metal,0.9719
greatly overs problem,0.9733
incorporate,0.9737
implication,0.9732
incorporate pi,0.9720
analysis,0.9723
task,0.9732
due differentiation,0.9723
method based,0.9701
reducing,0.9707
based metal,0.9717
training,0.9706
important,0.9712
method,0.9793
automated,0.9730
application,0.9766
model due differentiation,0.9709
model,0.9710
based reinforcement,0.9724
initial,0.9701
experiment,0.9701
problem,0.9702
data lot,0.9712
based,0.9740
overs problem metal,0.9725
overcome,0.9707
process,0.9719
difficult,0.9709
problem metal,0.9746
integration,0.9721
reinforcement,0.9727
tracking model,0.9728
object tracking model,0.9745
learning task,1.0000
classification,1.0000
task,0.9709
based system,0.9718
model newly,0.9706
system requires,0.9705
knowledge based,0.9712
model,0.9760
system,0.9731
leverage,0.9704
based,0.9711
module,0.9702
decision,0.9717
mechanism,0.9777
analysis,0.9723
task,0.9732
utilizing,0.9730
empirical,0.9751
training,0.9706
method,0.9793
meta,0.9766
inference,0.9787
hypothesis,0.9774
effectively,0.9727
experimental extensive,0.9720
model,0.9710
requires,0.9727
semantic,0.9805
model emerging,0.9719
system,0.9714
leverage,0.9770
based,0.9740
theoretically,0.9733
decision module,0.9711
module,0.9760
multi,0.9774
framework,0.9755
system adaptation model,0.9717
system adaptation model,0.9760
system learning,0.9838
learning task,1.0000
task,0.9709
model,0.9760
system,0.9731
analysis,0.9723
task,0.9732
diverse,0.9721
empirical,0.9751
training,0.9706
operation,0.9725
method,0.9793
method cross,0.9739
method diverse,0.9748
significantly,0.9725
approach,0.9710
model,0.9710
market,0.9717
system,0.9714
mutation,0.9739
framework,0.9755
neural,0.9757
framework learning model,0.9723
learning model,0.9744
function learning,0.9770
control ind metal,0.9715
model,0.9760
model first,0.9701
method,0.9793
model,0.9710
method quad,0.9779
framework,0.9755
control method quad,0.9710
simulation,0.9750
inversion,0.9753
classification,1.0000
task,0.9709
classification allowing whole,0.9776
classification allowing,0.9781
transfer,0.9737
task,0.9732
method called,0.9706
limiting,0.9755
insight,0.9762
test modern,0.9721
method,0.9793
setting,0.9718
memory,0.9722
approach,0.9710
requires,0.9727
problem,0.9702
compared,0.9725
overcome,0.9707
regression,1.0000
allowing,0.9746
result approach,0.9708
neural,0.9757
limitation,0.9726
reinforcement,0.9727
problem approach,0.9701
transfer learning,0.9757
learning transfer,0.9728
deep learning learning,0.9727
model,0.9760
condition,0.9700
system,0.9731
power,0.9723
using,0.9718
energy,0.9705
model renewable,0.9707
particular pv,0.9748
photo power li,0.9723
depending,0.9728
particular,0.9707
method,0.9793
system long,0.9713
system lisbon,0.9701
integrating,0.9786
generation,0.9730
power photo,0.9726
significant,0.9708
memory,0.9722
model,0.9710
blending,0.9732
photo power,0.9731
prediction,0.9808
rooftop,0.9714
system,0.9714
multiple,0.9713
solution,0.9740
metal photo power,0.9710
essential integrating,0.9716
neural,0.9757
numerical model,0.9727
condition model,0.9751
brain learning,0.9702
system deep learning,0.9718
adjusted considering connectivity,0.9712
adjusted considering,0.9708
type,0.9710
model,0.9760
system investigated,0.9719
using se,0.9706
system,0.9731
power,0.9723
model compared,0.9715
using,0.9718
scale pv,0.9720
prediction original,0.9721
method,0.9793
forecast deter,0.9708
generation,0.9730
scala,0.9734
furthermore,0.9701
scale,0.9712
solar,0.9707
properly,0.9720
type,0.9749
combining,0.9738
model,0.9710
importance,0.9708
radiation,0.9743
size,0.9700
system investigated,0.9717
using se,0.9701
prediction,0.9808
method designed,0.9709
system,0.9714
compared,0.9725
algorithm solar,0.9748
fundamental,0.9742
model compared,0.9740
ability,0.9706
comparison,0.9779
importantly,0.9706
pattern,0.9725
type,0.9710
model,0.9760
identifying,0.9714
therefore identifying,0.9733
crucial,0.9753
analysis,0.9723
novel supervised contrast,0.9719
tool,0.9715
useful,0.9749
comparison,0.9816
labeled,0.9759
importantly,0.9740
im moreover approach,0.9705
derived,0.9719
method,0.9793
meta,0.9766
pattern,0.9783
approach remarkably,0.9714
interpretation,0.9723
type,0.9749
approach,0.9710
model,0.9710
specifically proposed,0.9716
revealing,0.9730
prediction,0.9808
contrast,0.9753
certain,0.9732
identifying,0.9724
predicting,0.9774
framework predicting,0.9715
frame,0.9702
framework,0.9755
deep learning model,0.9706
learning model,0.9744
bio contrast learning,0.9711
quality learning task,0.9755
learning task,1.0000
task,0.9709
functional,0.9752
superiority proposed model,0.9708
model,0.9760
amongst factor,0.9744
conclusion,0.9713
factor,0.9727
system,0.9731
task including,0.9711
subject,0.9709
superiority proposed,0.9754
amongst factor reveal,0.9722
using,0.9718
diagnosis,0.9738
imaging,0.9774
treatment,0.9705
gibbs,0.9701
task,0.9732
model identify,0.9709
functional,0.9785
training,0.9706
labelled,0.9705
costly,0.9737
assessment,0.9766
method,0.9793
automated,0.9730
comparing,0.9738
significant,0.9708
measurement,0.9807
bulk,0.9739
magnetic,0.9718
image artifact cardiovascular,0.9730
however automated,0.9708
application,0.9766
model,0.9710
requires,0.9727
however automated iq,0.9704
resonance,0.9718
experiment,0.9701
treatment large,0.9724
factor,0.9740
system,0.9714
reveal,0.9714
resulting,0.9707
method cm,0.9707
necessity,0.9718
suitable,0.9746
process,0.9719
subject,0.9760
cardiac,0.9753
fundamental,0.9742
proper,0.9716
movement,0.9751
task model,0.9716
task model,0.9833
task,0.9709
limit,0.9728
model utilizing,0.9733
typically,0.9702
especially deep learning,0.9704
model,0.9760
fine data,0.9709
prediction however,0.9743
power,0.9723
design using,0.9707
using,0.9718
infancy,0.9712
task,0.9732
utilizing,0.9730
transform,0.9777
specialized,0.9739
training,0.9706
moreover metal,0.9724
derived,0.9719
limit,0.9739
considered,0.9732
restrict,0.9758
particular,0.9707
model utilizing,0.9740
setting,0.9718
significant,0.9708
typically,0.9705
regime combining,0.9775
transform developed,0.9705
application,0.9766
combining,0.9738
drug,0.9708
model,0.9710
pot,0.9701
prediction,0.9808
regime,0.9733
compared,0.9725
application drug,0.9739
fine data,0.9713
prediction however,0.9746
classification,1.0000
payment,0.9718
model called,0.9707
model,0.9760
system,0.9731
leverage,0.9704
particularly detecting,0.9701
using,0.9718
biased,0.9763
payment,0.9746
method,0.9793
meta,0.9766
sampling,0.9746
model called,0.9737
usage,0.9720
particularly,0.9703
anomaly,0.9749
relatively,0.9704
anomaly utilize,0.9743
therefore detection,0.9733
approach,0.9710
overlapping,0.9730
model,0.9710
utilize,0.9766
paradigm,0.9754
system,0.9714
leverage,0.9770
process,0.9719
particularly detecting,0.9702
approach particularly,0.9706
learning model,0.9744
general learning,0.9729
classification,1.0000
based low,0.9702
task,0.9709
information troubled sample,0.9737
model,0.9760
based,0.9711
crucial,0.9753
task,0.9732
genetics,0.9735
furthermore prediction,0.9705
training,0.9706
method,0.9793
significance,0.9727
meta,0.9766
accurately,0.9702
ex learning,0.9703
furthermore,0.9701
troubled,0.9713
data sub,0.9706
model,0.9710
sequence,0.9712
prediction,0.9808
initial,0.9701
problem,0.9702
compared,0.9725
based,0.9740
method accurately,0.9708
neural,0.9757
prediction model,0.9710
prediction model,0.9729
ability,0.9706
classification,1.0000
task,0.9709
model specifically,0.9744
model,0.9760
task including,0.9711
testing,0.9720
characteristic,0.9725
incorporate,0.9737
analysis,0.9723
task,0.9732
rule,0.9740
deep model,0.9718
diverse,0.9721
training,0.9706
model specifically,0.9756
important,0.9712
meta,0.9766
input,0.9716
model,0.9710
importance,0.9708
semantic,0.9805
outlined,0.9712
scheme leading,0.9709
prediction,0.9808
experiment,0.9701
estimation received,0.9750
testing,0.9763
framework,0.9755
opt predict model,0.9728
trust model,0.9746
classification,1.0000
task,0.9709
bias,0.9723
category,0.9777
distance,0.9712
based,0.9711
task,0.9732
bias,0.9780
method based,0.9701
reducing,0.9707
category,0.9753
important,0.9712
method,0.9793
meta,0.9766
distance,0.9723
encoded,0.9701
experiment,0.9701
problem,0.9702
compared,0.9725
based,0.9740
multi,0.9774
licence,0.9701
recognition em,0.9703
difficult,0.9709
method metal,0.9711
weight,0.9702
meta learning,1.0000
self learning,0.9713
task meta learning,0.9774
model,0.9760
requirement,0.9703
candidate operation,0.9708
system,0.9731
based,0.9711
deep model,0.9718
embedded,0.9767
reducing,0.9707
training,0.9706
operation,0.9725
meta,0.9766
flex,0.9718
usage,0.9720
setting,0.9718
effectively,0.9727
memory,0.9722
combining,0.9738
model,0.9710
device,0.9735
enabling,0.9755
requirement,0.9742
condensed,0.9755
experiment,0.9701
candidate operation,0.9704
standalone,0.9713
system,0.9714
based,0.9740
solution,0.9740
neural,0.9757
classification,1.0000
task,0.9709
significantly within across,0.9731
gap,0.9707
modulation,0.9716
distance,0.9712
model,0.9760
task however,0.9701
classification cross,0.9705
based,0.9711
adopt mahal distance,0.9705
analysis,0.9723
task,0.9732
labeling,0.9769
interest,0.9730
compare,0.9728
hyper,0.9739
method,0.9793
problem tackle,0.9727
adaptation domain,0.9702
modulation,0.9782
distance,0.9723
significantly,0.9725
model,0.9710
integrated,0.9716
behavior,0.9766
problem,0.9702
regime,0.9733
based,0.9740
tackle,0.9713
multiple,0.9713
solution,0.9740
licence,0.9701
adopt mahal distance,0.9713
behavioral,0.9731
fundamental,0.9742
metric model,0.9721
learning model,0.9744
cross learning,0.9846
behavior learning,0.9837
capability realized,0.9723
task,0.9709
skill,0.9707
condition,0.9700
observation,0.9740
task,0.9732
useful,0.9749
simulation,0.9750
collapse,0.9735
interest,0.9730
meta,0.9766
usage,0.9720
basis,0.9776
function layer,0.9705
radial reinforcement,0.9720
conditioned,0.9709
investigating,0.9700
importance,0.9708
capability,0.9705
behavior,0.9766
resulting,0.9707
solution,0.9740
licence,0.9701
dimensional,0.9783
layer meta,0.9700
reinforcement,0.9727
meta learning,1.0000
research importantly argue,0.9715
importantly argue,0.9717
importantly,0.9706
significantly benefited,0.9722
model,0.9760
system,0.9731
spotlight,0.9702
transfer,0.9737
remedy,0.9715
model transfer,0.9743
simulation,0.9750
importantly,0.9740
spanning,0.9727
enabled,0.9716
significant,0.9708
large scale system,0.9705
problem spanning mega,0.9729
scale,0.9712
focus,0.9740
application,0.9766
significantly,0.9725
system sim,0.9709
model,0.9710
behavior,0.9766
system machine,0.9723
problem,0.9702
proposal,0.9717
system,0.9714
macro,0.9710
multi,0.9774
flexible,0.9744
micro,0.9712
mobility model,0.9722
flexible general model,0.9781
large foundation model,0.9716
general model,0.9804
learning model,0.9744
transfer learning,0.9757
task,0.9709
model,0.9760
system,0.9731
leverage,0.9704
based,0.9711
confrontation,0.9728
expanding,0.9708
opt combining,0.9713
task,0.9732
rule,0.9740
method called,0.9706
simulation,0.9750
training,0.9706
response,0.9741
method,0.9793
meta,0.9766
system multi,0.9713
problem electromagnetic,0.9730
generation,0.9730
combining,0.9738
based simple,0.9724
approach,0.9710
model,0.9710
capability,0.9705
paradigm first,0.9706
strengthening,0.9735
modeled,0.9745
problem,0.9702
paradigm,0.9754
system,0.9714
curriculum,0.9729
leverage,0.9770
based,0.9740
overcome,0.9707
confrontation,0.9705
multi,0.9774
framework,0.9755
difficult,0.9709
generally modeled,0.9707
limitation,0.9726
based electromagnetic,0.9703
meta model,0.9743
second meta model,0.9750
meta model,1.0000
method learning,0.9784
auto learning,0.9782
task,0.9709
due application shaped,0.9701
producing,0.9700
neighbor,0.9701
approach,0.9710
overcome,0.9707
integrating,0.9786
task,0.9732
due application shaped,0.9737
validation,0.9739
significant,0.9708
application shaped,0.9726
charge,0.9749
structural,0.9775
empirical,0.9751
focus,0.9740
application,0.9766
limitation,0.9726
neighbor learning,0.9712
configuration,0.9752
task,0.9709
expertise,0.9733
application large,0.9708
data lower,0.9702
distance,0.9712
model,0.9760
including simple,0.9704
system,0.9731
identifying,0.9714
based,0.9711
using,0.9718
objective using,0.9701
configuration,0.9770
task,0.9732
expertise,0.9715
measure however,0.9703
based meta,0.9718
hyper,0.9739
particular,0.9707
recent evolution machine,0.9718
meta,0.9766
application large,0.9738
demand,0.9708
context,0.9710
significant,0.9708
accurately,0.9702
application,0.9766
distance,0.9723
approach,0.9710
model,0.9710
importance,0.9708
extraction,0.9750
deliver,0.9708
including simple,0.9712
system machine,0.9723
problem,0.9702
system,0.9714
identifying,0.9724
based,0.9740
solution,0.9740
process,0.9719
dimensional,0.9783
meta model,0.9743
kn meta model,0.9784
meta model meta,0.9747
model meta,0.9718
meta model,1.0000
model meta,0.9711
data learning,0.9768
classification,1.0000
bias,0.9723
gap,0.9707
type,0.9710
per classification margin,0.9749
addressing,0.9701
per classification,0.9725
bias,0.9780
diverse,0.9721
specifically dynamic,0.9737
training,0.9706
method,0.9793
meta,0.9766
sampling,0.9746
method achieve,0.9722
synthetic,0.9750
often focus,0.9719
measurement,0.9807
effectively,0.9727
focus,0.9740
type,0.9749
approach,0.9710
experiment,0.9701
resulting,0.9707
balanced,0.9734
addressing,0.9752
multiple,0.9713
process,0.9719
allowing,0.9746
including ci,0.9708
meta learning,1.0000
distribution learning,0.9716
task,0.9709
category,0.9777
system,0.9731
based,0.9711
module,0.9702
observation,0.9740
incorporate,0.9737
based develop,0.9737
task,0.9732
useful,0.9749
oriented,0.9762
category,0.9753
fusion enhance,0.9701
method,0.9793
capability fu,0.9724
effectively,0.9727
thermal,0.9758
extraction,0.9750
capability,0.9705
fusion multiple,0.9722
experiment,0.9701
problem,0.9702
system,0.9714
fusion,0.9739
based,0.9740
multiple,0.9713
observation thus providing,0.9706
solution,0.9740
module,0.9760
multi,0.9774
viewpoint,0.9750
complementary,0.9778
neural,0.9757
graph learning,0.9700
domain using,0.9714
system require,0.9711
specific,0.9720
based system,0.9718
module facilitate,0.9709
model,0.9760
system,0.9731
based,0.9711
module,0.9702
using,0.9718
analysis,0.9723
domain using,0.9704
particular detection,0.9722
specific,0.9773
data metal,0.9750
training,0.9706
domain system require,0.9700
particular,0.9707
method,0.9793
module facilitate,0.9734
effectively,0.9727
application,0.9766
model moreover,0.9721
comparable,0.9719
model,0.9710
facilitate,0.9725
semantic,0.9805
request,0.9710
capture,0.9703
experiment,0.9701
system,0.9714
require,0.9728
based,0.9740
module,0.9760
multi,0.9774
framework,0.9755
particular detection model,0.9703
domain cross model,0.9727
particular detection model,0.9750
data metal model,0.9756
detection model,0.9760
detection detection model,0.9711
domain cross model,0.9827
classification model,0.9741
classification,1.0000
task,0.9709
higher method editorial,0.9729
influence,0.9730
distance,0.9712
influence caused,0.9716
model,0.9760
showed classification,0.9774
condition,0.9700
classification model adapted,0.9738
decision,0.9717
classification model,0.9715
mechanism,0.9777
task,0.9732
survey,0.9702
training,0.9706
core,0.9722
important,0.9712
method,0.9793
higher method editorial,0.9756
setting,0.9718
influence,0.9709
accurately,0.9702
effectively,0.9727
method editorial,0.9720
distance,0.9723
model,0.9710
structural,0.9775
experiment,0.9701
problem,0.9702
difficult,0.9709
weight,0.9702
classification model,0.9728
deep learning model,0.9706
image classification model,0.9798
learning model,0.9744
sample learning,0.9775
metric learning,0.9741
data deep learning,0.9731
according data feature,0.9732
however personal scheme,0.9716
model,0.9760
system,0.9731
based,0.9711
analysis,0.9723
reducing,0.9707
method,0.9793
approach opt,0.9726
method achieve,0.9722
analyze,0.9748
approach,0.9710
model,0.9710
experiment,0.9701
problem,0.9702
system,0.9714
based,0.9740
multiple,0.9713
approach emerged,0.9710
framework,0.9755
method metal,0.9711
common model,0.9779
transmission,0.9717
position,0.9711
system approximate,0.9727
system approximate front,0.9701
system,0.9731
phase,0.9702
power,0.9723
energy,0.9705
opt xu bench,0.9739
transmission,0.9707
diverse,0.9721
overlooked,0.9718
descent,0.9731
considered,0.9732
system approximate,0.9721
meta,0.9766
furthermore,0.9701
phase shift,0.9700
approach,0.9710
algorithm mill,0.9742
indicator,0.9715
regime,0.9733
system,0.9714
compared,0.9725
mill communication,0.9717
solution,0.9740
multi,0.9774
phase,0.9749
regime paper,0.9754
utilization learning,0.9709
system,0.9731
model,0.9760
module,0.9702
although learning technique,0.9714
challenge although,0.9702
module cross,0.9748
system,0.9714
approach,0.9710
meta,0.9766
model,0.9710
boost,0.9739
module,0.9760
multi,0.9774
module cross,0.9734
training,0.9706
scale,0.9712
multi patch attention,0.9724
issue model,0.9700
meta learning,1.0000
training reid model,0.9733
processing,0.9724
influence,0.9730
model however,0.9706
model,0.9760
data demonstrate superiority,0.9710
system,0.9731
based,0.9711
person reid setting,0.9718
divide training,0.9702
superiority proposed,0.9754
diverse,0.9721
reid model consists,0.9720
training,0.9706
processing,0.9798
pseudo,0.9712
reid approach combine,0.9722
method,0.9793
supervision,0.9727
meta,0.9766
setting,0.9718
influence,0.9709
reid approach,0.9740
model however,0.9703
divide,0.9737
approach,0.9710
model,0.9710
meta step use,0.9715
prediction,0.9808
predicted,0.9713
method adapt,0.9712
system,0.9714
based,0.9740
pseudo gradually ref,0.9711
licence,0.9701
viewpoint,0.9750
method metal,0.9711
bridge model,0.9783
interaction method,0.9708
feature learning,0.9733
task,0.9709
issue considering multiple,0.9753
limit,0.9728
model including,0.9705
model,0.9760
considering multiple,0.9720
issue considering,0.9734
factor,0.9727
method issue,0.9706
producing,0.9700
median,0.9743
task,0.9732
limit,0.9739
method,0.9793
meta,0.9766
technological,0.9725
technique meta finally,0.9708
ml technique meta,0.9735
approach,0.9710
model,0.9710
capability,0.9705
prediction,0.9808
admitted,0.9705
modeled,0.9745
factor,0.9740
data multi,0.9733
macro newly,0.9714
method flaw,0.9735
method issue,0.9705
tackle,0.9713
multiple,0.9713
macro,0.9710
predicting,0.9774
multi,0.9774
factor modeled,0.9716
neural,0.9757
limitation,0.9726
prediction model,0.9710
single prediction model,0.9701
prediction model,0.9729
task,0.9709
model,0.9760
segment adopt,0.9720
imaging,0.9774
analysis,0.9723
task,0.9732
framework significantly,0.9715
training,0.9706
core,0.9722
considered,0.9732
method,0.9793
segment adopt computational,0.9703
proxy,0.9756
validation,0.9739
effectively,0.9727
significantly,0.9725
proxy unseen test,0.9702
model,0.9710
connected,0.9702
compared,0.9725
experimentation,0.9749
solution,0.9740
framework,0.9755
state segment model,0.9746
comparison,0.9779
system,0.9731
based,0.9711
targeted information,0.9730
decision,0.9717
energy,0.9705
transfer,0.9737
fragile,0.9716
comparison,0.9816
operation,0.9725
important,0.9712
demand,0.9708
context,0.9710
particularly,0.9703
integrated,0.9716
capture,0.9703
system machine,0.9723
important context paper,0.9712
system,0.9714
based,0.9740
regression,1.0000
neural,0.9757
ability,0.9706
fault knowledge,0.9700
condition,0.9700
system,0.9731
based,0.9711
using,0.9718
diagnosis,0.9738
analysis,0.9723
using generation,0.9742
rule,0.9740
method based,0.9701
based metal,0.9717
method,0.9793
meta,0.9766
sampling,0.9746
inference,0.9787
generation,0.9730
fault diagnosis,0.9701
effectively implemented,0.9709
effectively,0.9727
fault rule,0.9719
data ci,0.9723
structured,0.9766
prediction,0.9808
experiment,0.9701
problem,0.9702
system,0.9714
based,0.9740
method sampling,0.9742
data nell,0.9738
difficult,0.9709
method knowledge,0.9715
graph learning,0.9700
system,0.9731
model,0.9760
based,0.9711
classification,1.0000
task paper,0.9708
task,0.9709
data based,0.9706
typically,0.9702
characteristic,0.9725
approach cat,0.9720
system,0.9714
branch,0.9721
method,0.9793
require,0.9728
paradigm learning,0.9721
approach,0.9710
model,0.9710
importance,0.9708
based,0.9740
data based paper,0.9739
deep neural,0.9743
inference,0.9787
task,0.9732
data based,0.9739
process,0.9719
survey,0.9702
typically,0.9705
insight,0.9762
effectively,0.9727
training,0.9706
paradigm,0.9754
neural,0.9757
metric model,0.9721
network learning,0.9773
transmission,0.9717
thereby improving,0.9702
specific,0.9720
model,0.9760
advantage,0.9712
delivery,0.9702
system,0.9731
based,0.9711
energy,0.9705
transfer,0.9737
mechanism,0.9777
transmission,0.9707
technology address,0.9727
deep neural,0.9743
transferring,0.9727
specific,0.9773
simulation,0.9750
training,0.9706
method,0.9793
meta,0.9766
algorithm term,0.9734
utilization method,0.9708
enabled,0.9716
scala,0.9734
effectively,0.9727
furthermore,0.9701
model het,0.9702
model,0.9710
extraction,0.9750
capability,0.9705
effectively utilize,0.9702
utilize,0.9766
problem,0.9702
delivery,0.9767
system,0.9714
compared,0.9725
fusion,0.9739
based,0.9740
multi,0.9774
self mechanism,0.9729
dual,0.9724
switching,0.9720
neural,0.9757
consumption,0.9700
reinforcement,0.9727
method knowledge,0.9715
general shared model,0.9773
meta learning,1.0000
model,0.9760
discussed include comparison,0.9713
comparison,0.9779
using,0.9718
model,0.9710
fusion,0.9739
bay optimization,0.9711
treatment,0.9705
discussed include comparison,0.9718
extraction,0.9750
solution,0.9740
generation,0.9730
fluid,0.9739
predicting,0.9774
multi,0.9774
prediction,0.9808
comparison,0.9816
simulation,0.9750
data aim,0.9704
boundary,0.9711
elastic,0.9791
problem,0.9702
response,0.9741
operation,0.9725
application,0.9766
using bay,0.9711
language model,0.9784
ability,0.9706
classification model,0.9741
classification,1.0000
task,0.9709
classification use,0.9729
processing,0.9724
model focus,0.9732
model,0.9760
system,0.9731
using,0.9718
classification model,0.9715
task,0.9732
labeling,0.9769
labeled,0.9759
training,0.9706
processing,0.9798
method,0.9793
meta,0.9766
model focus,0.9725
focus,0.9740
model,0.9710
requires,0.9727
experiment,0.9701
contrast,0.9753
model un,0.9716
system,0.9714
neglect,0.9706
predicting,0.9774
method expands,0.9730
author contrast learning,0.9705
state model,0.9703
classification model,0.9728
text classification model,0.9729
state model,0.9813
amount learning,0.9724
focus learning,0.9728
self learning,0.9713
meta learning task,0.9708
learning task,1.0000
task,0.9709
data without,0.9715
model called,0.9707
model,0.9760
performance primary,0.9700
system,0.9731
flow,0.9768
analysis,0.9723
task bio,0.9704
task,0.9732
transferring,0.9727
data without,0.9736
reducing,0.9707
catastrophic,0.9715
method,0.9793
meta,0.9766
model called,0.9737
model,0.9710
device,0.9735
problem,0.9702
system,0.9714
solution,0.9740
problem sequential,0.9751
framework,0.9755
system adaptation model,0.9717
adaptive model,0.9796
system adaptation model,0.9760
task adaptive model,0.9812
meta learning,1.0000
classification,1.0000
task,0.9709
comparison,0.9779
although learning zero,0.9704
guidance,0.9728
problem although,0.9707
local task low,0.9714
transfer,0.9737
deep neural,0.9743
task,0.9732
directly,0.9718
comparison,0.9816
survey,0.9702
method,0.9793
guidance,0.9744
problem although,0.9728
analyze,0.9748
problem,0.9702
breakthrough,0.9758
neural,0.9757
transfer learning,0.9757
system,0.9731
model,0.9760
based,0.9711
condition,0.9700
system,0.9714
method,0.9793
meta,0.9766
model,0.9710
requires,0.9727
based,0.9740
transfer,0.9737
deep neural,0.9743
based meta,0.9718
method based,0.9701
data large,0.9713
phenomenon deep,0.9706
labeled,0.9759
experiment,0.9701
effectively,0.9727
problem metal,0.9746
training,0.9706
problem,0.9702
neural,0.9757
problem transfer,0.9746
transfer learning,0.9757
meta learning,1.0000
learning transfer,0.9728
network learning,0.9773
task,0.9709
recommendation cold,0.9710
task involves,0.9700
model,0.9760
system,0.9731
preference,0.9754
recommendation,0.9700
analysis,0.9723
task,0.9732
recommendation cold,0.9723
method,0.9793
method utilize,0.9708
model,0.9710
facilitate,0.9725
capture,0.9703
experiment,0.9701
utilize,0.9766
problem,0.9702
system,0.9714
preference,0.9708
licence,0.9701
problem metal,0.9746
recommendation,0.9744
fundamental,0.9742
reduction model,0.9748
system learning,0.9838
method learning task,0.9717
learning task,1.0000
task,0.9709
processing,0.9724
distance,0.9712
model,0.9760
factor,0.9727
based,0.9711
using,0.9718
imaging,0.9774
analysis,0.9723
task,0.9732
specialized,0.9739
labeled,0.9759
training,0.9706
processing,0.9798
method,0.9793
meta,0.9766
application achieve,0.9705
process combined,0.9713
factor opt,0.9700
setting,0.9718
accurately,0.9702
magnetic,0.9718
application,0.9766
opt semantic,0.9709
distance,0.9723
input,0.9716
approach,0.9710
model,0.9710
analysis using,0.9741
accurately labeled training,0.9701
semantic,0.9805
resonance,0.9718
experiment,0.9701
factor,0.9740
compared,0.9725
based,0.9740
suitable,0.9746
process,0.9719
framework,0.9755
corresponding,0.9714
however supervised,0.9713
combined approach model,0.9709
combined approach model,0.9767
approach model,0.9782
input model,0.9869
method learning,0.9784
stability learning,0.9737
ability,0.9706
task,0.9709
model,0.9760
system,0.9731
among many learning,0.9702
task,0.9732
method called,0.9706
utilized accelerate,0.9705
labeled,0.9759
training,0.9706
descent,0.9731
natural,0.9713
method,0.9793
adjust,0.9750
model,0.9710
system machine,0.9723
problem,0.9702
system,0.9714
licence,0.9701
fitting fisher,0.9729
neural,0.9757
opt model,0.9705
method learning,0.9784
classification,1.0000
classification achieved,0.9828
processing,0.9724
data showed proposed,0.9719
model,0.9760
system,0.9731
decision,0.9717
using,0.9718
boost,0.9739
algorithm trained,0.9724
natural,0.9713
processing,0.9798
method,0.9793
spreading,0.9710
furthermore,0.9701
model employ,0.9717
model pol,0.9764
model,0.9710
semantic,0.9805
precision,0.9771
binary multi,0.9728
problem,0.9702
system,0.9714
sentiment,0.9714
multi,0.9774
licence,0.9701
evaluation model,0.9730
algorithm trained model,0.9777
model pol data,0.9721
evaluation model,0.9809
data evaluation model,0.9784
general model,0.9804
stack learning,0.9775
task,0.9709
model,0.9760
system,0.9731
based,0.9711
recommendation,0.9700
furthermore light,0.9700
task,0.9732
metal micro,0.9710
based meta,0.9718
specifically meta,0.9702
training,0.9706
meta,0.9766
model adopting,0.9715
integrating,0.9786
significant,0.9708
joint representation micro,0.9738
furthermore,0.9701
input,0.9716
approach,0.9710
model,0.9710
poly,0.9718
approach however,0.9705
experiment,0.9701
lattice,0.9726
however static multi,0.9717
micro recommendation,0.9714
system,0.9714
fusion,0.9739
based,0.9740
recommendation integrating,0.9708
multi,0.9774
framework,0.9755
micro multi,0.9718
recommendation,0.9744
micro,0.9712
neural,0.9757
recommendation model,0.9760
classification,1.0000
task,0.9709
choice,0.9764
category,0.9777
however critical task,0.9715
model,0.9760
classification task,0.9741
eliminating need,0.9715
critical task,0.9729
system,0.9731
testing,0.9720
using,0.9718
analysis,0.9723
task,0.9732
labeled,0.9759
training,0.9706
category,0.9753
however approach,0.9701
method,0.9793
application constrained,0.9721
setting,0.9718
ex learning,0.9703
detection per,0.9724
application,0.9766
approach,0.9710
model,0.9710
monitoring,0.9724
inaccurate,0.9715
system,0.9714
testing wide,0.9723
method rely,0.9750
constrained,0.9744
multiple,0.9713
testing,0.9763
application like,0.9736
difficult,0.9709
rely,0.9709
threshold learning,0.9751
metal stem need,0.9725
model,0.9760
based,0.9711
task,0.9709
observation,0.9740
using meta,0.9719
using,0.9718
carbon,0.9746
compared,0.9725
meta used,0.9729
meta,0.9766
model,0.9710
based,0.9740
stem,0.9722
task,0.9732
validation,0.9739
meta used study,0.9708
process,0.9719
deep model,0.9718
stem need,0.9714
flux,0.9736
solar,0.9707
resolution,0.9740
ensemble deep model,0.9720
data learning,0.9768
limit,0.9728
model,0.9760
experimentation h data,0.9731
based,0.9711
automatically opt,0.9710
method paper,0.9716
training,0.9706
limit,0.9739
method,0.9793
meta,0.9766
sampling,0.9746
usage,0.9720
relatively,0.9704
focus,0.9740
application,0.9766
model,0.9710
requires,0.9727
reaction,0.9724
prediction,0.9808
problem,0.9702
experimentation,0.9749
based,0.9740
opt metal,0.9722
framework,0.9755
automatically opt,0.9701
weight,0.9702
model initial,0.9705
meta using,0.9718
task,0.9709
model,0.9760
condition,0.9700
system,0.9731
model initial,0.9726
using,0.9718
meta using,0.9758
fracture,0.9718
particular reduce,0.9716
vary,0.9752
task,0.9732
diverse,0.9721
labeled,0.9759
method significantly,0.9767
training,0.9706
particular,0.9707
method,0.9793
significance,0.9727
data especially,0.9719
meta,0.9766
especially condition,0.9706
scale,0.9712
focus,0.9740
thus failure,0.9740
significantly,0.9725
analyze,0.9748
approach,0.9710
model,0.9710
data scale,0.9720
initial,0.9701
experiment,0.9701
approach address,0.9718
system,0.9714
multi,0.9774
meta learning,1.0000
using data,0.9714
model,0.9760
condition,0.9700
data need,0.9710
model due,0.9748
system,0.9731
model due intricate,0.9709
data using,0.9718
pushed individual site,0.9725
spectral,0.9714
using,0.9718
model prior,0.9727
training,0.9706
method,0.9793
approach extended,0.9724
meta,0.9766
particularly,0.9703
scala,0.9734
approach,0.9710
model,0.9710
structural,0.9775
experiment,0.9701
utilize,0.9766
system,0.9714
stem,0.9722
multiple,0.9713
data using,0.9714
experiment carried,0.9713
spectral,0.9769
meta model,0.9743
bo meta model,0.9738
ai model,0.9760
meta model,1.0000
learning task,1.0000
task,0.9709
noisy enrolled course,0.9713
mechanism ranking,0.9723
model however,0.9706
model,0.9760
course via,0.9707
recommendation,0.9700
using,0.9718
mechanism,0.9777
analysis,0.9723
transforms learned,0.9710
refining,0.9737
task,0.9732
kernel,0.9734
transforms,0.9769
mechanism ranking,0.9762
meta,0.9766
demand,0.9708
significant,0.9708
measurement,0.9807
model however,0.9703
furthermore,0.9701
application,0.9766
approach,0.9710
model,0.9710
extraction,0.9750
tackle,0.9713
solution,0.9740
dimensional,0.9783
recommendation,0.9744
reinforcement,0.9727
model representation,0.9709
deep learning model,0.9706
baseline model,0.9820
model representation,0.9709
learning model,0.9744
meta learning,1.0000
data alone investigated,0.9726
data alone,0.9707
influence,0.9730
syn use,0.9715
model,0.9760
performance leave,0.9713
decision,0.9717
compensate,0.9740
data alone investigated,0.9704
aperture,0.9700
assessment,0.9766
method,0.9793
integrating,0.9786
synthetic,0.9750
data alone,0.9718
influence,0.9709
furthermore integrating,0.9723
syn use,0.9760
multiple level integrating,0.9734
furthermore,0.9701
memory,0.9722
data ml,0.9740
model,0.9710
precision,0.9771
prediction,0.9808
method integrating,0.9749
compared,0.9725
model applicable,0.9736
level integrating,0.9709
multiple,0.9713
regression,1.0000
predicting,0.9774
multi,0.9774
framework,0.9755
prediction model,0.9710
ml model,0.9747
prediction model,0.9729
characteristics,0.9757
characteristics result,0.9744
requirement,0.9703
considering hardware,0.9715
system,0.9731
system challenging,0.9703
energy,0.9705
embedded,0.9767
labeled,0.9759
household,0.9715
training,0.9706
characteristics,0.9718
important,0.9712
method,0.9793
meta,0.9766
context,0.9710
effectively,0.9727
footprint,0.9766
application,0.9766
memory,0.9722
significantly,0.9725
specifically exploit,0.9710
device,0.9735
enabling,0.9755
requirement,0.9742
utilization micro,0.9715
resource lower,0.9702
system,0.9714
compared,0.9725
compression,0.9821
micro,0.9712
consumption,0.9700
meta learning,1.0000
meta continual learning,0.9703
based,0.9711
comparison,0.9779
targeted information,0.9730
method multiple,0.9707
method,0.9793
energy,0.9705
based,0.9740
transfer,0.9737
integrated,0.9716
multiple,0.9713
extraction,0.9750
topology,0.9721
comparison,0.9816
neural,0.9757
task,0.9709
considering general,0.9715
model able,0.9731
model extensive,0.9718
model,0.9760
transfer,0.9737
analysis,0.9723
task,0.9732
meta,0.9766
setting,0.9718
model able,0.9714
model extensive,0.9765
effortlessly,0.9716
focus,0.9740
application,0.9766
model,0.9710
integrated,0.9716
sequence,0.9712
usually focus,0.9704
prediction,0.9808
etc argue,0.9722
experiment,0.9701
problem,0.9702
multiple,0.9713
multi,0.9774
framework,0.9755
prediction model,0.9710
multiple prediction model,0.9709
prediction model,0.9729
transfer learning,0.9757
meta learning trajectory,0.9720
cross meta learning,0.9794
meta learning,1.0000
additionally flexible,0.9701
guidance,0.9728
model,0.9760
coding,0.9744
condition,0.9700
factor,0.9727
system,0.9731
additionally flexible,0.9730
using,0.9718
interaction cross,0.9745
diagnosis,0.9738
facilitated cross,0.9721
analysis,0.9723
training,0.9706
operating,0.9702
method,0.9793
guidance,0.9744
meta,0.9766
flex,0.9718
diagnostic,0.9707
factor designed,0.9716
fault diagnosis,0.9701
facilitated,0.9742
encoding,0.9757
adjust,0.9750
model,0.9710
enabling,0.9755
guidance factor,0.9713
extraction,0.9750
condition driven,0.9728
coding,0.9793
problem,0.9702
factor,0.9740
system,0.9714
multiple,0.9713
multi,0.9774
flexible,0.9744
weight,0.9702
meta additionally,0.9713
ability,0.9706
task,0.9709
general head comparison,0.9703
comparison,0.9779
skill,0.9707
paradigm considering,0.9724
model,0.9760
instruction,0.9728
system,0.9731
paradigm considering seven,0.9720
system several,0.9704
power,0.9723
using,0.9718
human systematic opt,0.9709
task,0.9732
comparison,0.9816
training,0.9706
compare,0.9728
ml approach,0.9742
learning paradigm,0.9745
famously,0.9712
paradigm considering,0.9761
rigid,0.9743
approach,0.9710
model,0.9710
novel combination known,0.9722
system several systematic,0.9722
standard,0.9735
instruction,0.9706
experiment,0.9701
contrast,0.9753
paradigm,0.9754
system,0.9714
viable,0.9703
flexible un neural,0.9710
flexible,0.9744
neural,0.9757
connection,0.9704
model,0.9760
system,0.9731
regime result highlight,0.9734
feedback,0.9738
mechanism,0.9777
rule,0.9740
deep model,0.9718
connection,0.9741
training,0.9706
model neurological,0.9733
approach,0.9710
model,0.9710
biological plausible plastic,0.9702
experiment,0.9701
regime,0.9733
system,0.9714
plastic,0.9755
resulting,0.9707
alignment offer,0.9710
syn plastic brain,0.9709
rely,0.9709
feedback,0.9779
biological constraint,0.9726
fixed,0.9705
neural,0.9757
learning model,0.9744
alternative model,0.9744
feedback learning,0.9746
classification,1.0000
task,0.9709
model labeled,0.9768
phase improve classification,0.9733
system classification,0.9817
model,0.9760
method requiring,0.9701
condition,0.9700
system,0.9731
based,0.9711
phase,0.9702
analysis,0.9723
task,0.9732
reducing,0.9707
model labeled,0.9727
labeled,0.9759
hyper,0.9739
assessment,0.9766
method,0.9793
meta,0.9766
sampling,0.9746
fine model labeled,0.9721
effectively,0.9727
model moreover,0.9721
significantly,0.9725
method utilize,0.9708
bottle limitation,0.9735
system classification,0.9736
model,0.9710
experiment,0.9701
requiring,0.9733
utilize,0.9766
problem,0.9702
method meta,0.9718
system,0.9714
based,0.9740
multiple,0.9713
dependence,0.9742
phase,0.9749
limitation,0.9726
classification performance model,0.9739
meta designed model,0.9757
meta learning,1.0000
self learning,0.9713
classification,1.0000
task,0.9709
condition,0.9700
classification task,0.9741
typical regression,0.9750
crucial,0.9753
er approach,0.9735
task,0.9732
additionally particle,0.9749
charge,0.9749
training,0.9706
method particle,0.9763
hyper,0.9739
method,0.9793
accurately,0.9702
distinguish,0.9732
approach,0.9710
size,0.9700
filtered,0.9730
certain,0.9732
algorithm incorporated,0.9746
regression,1.0000
filtering,0.9771
cong spectrum basis,0.9719
ability,0.9706
transmission,0.9717
task,0.9709
due comb action,0.9702
model,0.9760
system,0.9731
based,0.9711
cong spectrum basis,0.9727
decision,0.9717
method suffer,0.9770
transmission,0.9707
task,0.9732
reducing,0.9707
carrier,0.9722
simulation,0.9750
training,0.9706
prevalent,0.9703
method,0.9793
spectrum,0.9736
meta,0.9766
basis,0.9776
approach,0.9710
model,0.9710
process radio,0.9734
problem,0.9702
system,0.9714
based method suffer,0.9705
based,0.9740
process,0.9719
multi,0.9774
frequency,0.9763
method besides,0.9736
therefore reducing,0.9725
reinforcement,0.9727
policy model,0.9722
meta learning,1.0000
system deep learning,0.9718
task,0.9709
specific,0.9720
protection,0.9734
factor,0.9727
multiple factor,0.9740
method,0.9793
approach,0.9710
tailored,0.9715
crucial,0.9753
bay optimization,0.9711
multiple,0.9713
factor privacy,0.9750
task,0.9732
synthetic,0.9750
generation,0.9730
framework,0.9755
specific,0.9773
driven multiple factor,0.9711
protection,0.9704
factor,0.9740
targeting,0.9702
furthermore stealth per,0.9734
gap,0.9707
based,0.9711
furthermore stealth per,0.9708
method flipping,0.9711
intensive,0.9739
useful,0.9749
similarity,0.9746
derived,0.9719
method,0.9793
method noticeable,0.9712
meta,0.9766
method effectively,0.9706
particularly,0.9703
significant,0.9708
topology,0.9721
lever,0.9737
effectively,0.9727
furthermore,0.9701
focus,0.9740
suppress,0.9738
lever notion,0.9749
structural,0.9775
experiment,0.9701
scenario targeting,0.9703
based,0.9740
notion,0.9753
neural,0.9757
method effectively de,0.9701
classification,1.0000
task,0.9709
processing,0.9724
notion prevalent,0.9741
model however,0.9706
model,0.9760
test consist series,0.9706
condition,0.9700
model especially,0.9712
system,0.9731
measuring,0.9721
based,0.9711
power,0.9723
diagnosis,0.9738
imaging,0.9774
analysis,0.9723
deep neural,0.9743
task,0.9732
directly,0.9718
embedded,0.9767
labeled,0.9759
training,0.9706
prevalent,0.9703
processing,0.9798
particular,0.9707
method,0.9793
geometric,0.9713
limb,0.9704
drawing notion prevalent,0.9719
notion prevalent,0.9761
model however,0.9703
affect,0.9746
rigid,0.9743
model,0.9710
device,0.9735
enabling,0.9755
framework dia,0.9722
contrast,0.9753
monitoring,0.9724
model especially,0.9749
system,0.9714
em use,0.9708
method rely,0.9750
measuring,0.9738
based,0.9740
sy,0.9717
notion,0.9753
framework,0.9755
rely,0.9709
neural,0.9757
metric learning,0.9741
learning task,1.0000
classification,1.0000
task,0.9709
gap,0.9707
model,0.9760
condition,0.9700
advantage,0.9712
system,0.9731
advantage metal,0.9712
based involved paper,0.9717
based,0.9711
characteristic,0.9725
using,0.9718
approach comparatively,0.9748
boost,0.9739
deep neural,0.9743
task,0.9732
training,0.9706
oriented,0.9762
branch,0.9721
method,0.9793
method machine,0.9771
comparatively,0.9701
application complicated,0.9725
setting,0.9718
focus,0.9740
application,0.9766
input scarce,0.9704
routine,0.9728
input,0.9716
approach,0.9710
model,0.9710
demonstrates,0.9703
problem,0.9702
sensitivity,0.9727
system,0.9714
based,0.9740
overcome,0.9707
previous approach large,0.9715
licence,0.9701
recognizing,0.9709
imprint routine,0.9704
approach large,0.9700
neural,0.9757
limitation,0.9726
branch model,0.9707
branch model,0.9844
system condition learning,0.9784
method learning,0.9784
learning deep neural,0.9705
condition learning,0.9719
network learning,0.9773
task learning,0.9801
visual learning,0.9784
system recent,0.9701
system,0.9731
model named,0.9701
model,0.9760
based,0.9711
recommendation,0.9700
favorably model,0.9741
system recent,0.9729
system,0.9714
model,0.9710
based,0.9740
precision,0.9771
framework,0.9755
recommendation,0.9744
problem,0.9702
compare,0.9728
prevalent,0.9703
test model,0.9854
system learning,0.9838
ability,0.9706
model suppress,0.9733
model,0.9760
limit,0.9728
using,0.9718
method,0.9793
model suppress,0.9723
diagnosis,0.9738
model,0.9710
suppress,0.9738
transfer,0.9737
device,0.9735
diagnostic,0.9707
analysis,0.9723
deep learning fault,0.9706
extraction,0.9750
fault diagnosis,0.9701
grain,0.9723
faulty,0.9710
corresponding,0.9714
function metal,0.9719
hybrid attention,0.9724
training,0.9706
using modified fine,0.9723
limit,0.9739
extraction ability model,0.9754
ability model,0.9730
function learning,0.9770
ability,0.9706
task,0.9709
recognition ship,0.9713
distance,0.9712
identifying,0.9714
based,0.9711
scattering,0.9700
recognition base,0.9705
using,0.9718
transfer,0.9737
task,0.9732
additionally space,0.9733
closed data,0.9701
training,0.9706
similarity,0.9746
method,0.9793
meta,0.9766
significant,0.9708
accurately,0.9702
method degree,0.9707
resolution,0.9740
distance,0.9723
structural,0.9775
certain,0.9732
identifying,0.9724
based,0.9740
method accurately,0.9708
process,0.9719
multi,0.9774
recognizing,0.9709
characterized,0.9715
limitation,0.9726
scattering,0.9750
meta learning,1.0000
base learning,0.9841
ability,0.9706
classification,1.0000
task,0.9709
connection,0.9704
classification however,0.9832
including channel,0.9701
model,0.9760
classification task,0.9741
including channel attention,0.9704
system,0.9731
module,0.9702
task labeled,0.9708
spectral,0.9714
using,0.9718
mechanism,0.9777
essential feature dense,0.9705
task,0.9732
labeling,0.9769
labeled,0.9759
method significantly,0.9767
connection,0.9741
training,0.9706
similarity,0.9746
hyper,0.9739
method,0.9793
mechanism dense,0.9766
comparing,0.9738
significantly,0.9725
em module,0.9715
model,0.9710
sub deep learning,0.9703
dense,0.9733
extraction,0.9750
utilize,0.9766
system,0.9714
compared,0.9725
dependence,0.9742
module,0.9760
method metal,0.9711
spectral,0.9769
relation learning,0.9721
network learning,0.9773
task,0.9709
model,0.9760
system,0.9731
power,0.9723
using,0.9718
analysis,0.9723
task,0.9732
hyper,0.9739
method,0.9793
meta,0.9766
significant,0.9708
however main,0.9702
effectively,0.9727
combining,0.9738
approach,0.9710
model,0.9710
tune,0.9714
size,0.9700
commonly,0.9730
experiment,0.9701
problem,0.9702
system,0.9714
require,0.9728
reveal,0.9714
sentiment,0.9714
deep learning model,0.9706
learning model,0.9744
method learning,0.9784
data deep learning,0.9731
meta deep learning,0.9859
deep learning learning,0.9727
ability,0.9706
system student,0.9703
ability based short,0.9700
model,0.9760
system,0.9731
based,0.9711
testing,0.9720
module,0.9702
diagnosis,0.9738
system student,0.9729
approach suffers,0.9725
response,0.9741
however approach,0.9701
method,0.9793
method furthermore,0.9737
furthermore,0.9701
approach,0.9710
model,0.9710
framework slow,0.9711
sequence newly,0.9713
sequence,0.9712
initial,0.9701
experiment,0.9701
framework selection,0.9708
system,0.9714
based,0.9740
testing,0.9763
sequence however,0.9711
suitable,0.9746
module,0.9760
framework,0.9755
retrieve,0.9733
limitation,0.9726
ability,0.9706
classification,1.0000
processing,0.9724
performance improve classification,0.9722
system due powerful,0.9713
model,0.9760
coding,0.9744
condition,0.9700
based deep,0.9701
system,0.9731
based,0.9711
system due,0.9722
bearing fault diagnosis,0.9715
diagnosis,0.9738
mechanism,0.9777
analysis,0.9723
operation,0.9725
processing,0.9798
method,0.9793
fault diagnosis,0.9701
angle,0.9717
input,0.9716
model,0.9710
residual,0.9764
extraction,0.9750
coding,0.9793
problem,0.9702
based deep,0.9713
system,0.9714
require,0.9728
based,0.9740
overcome,0.9707
difficult,0.9709
fixed,0.9705
condition learning,0.9719
feature learning,0.9733
calculation,0.9750
comparison,0.9779
limit,0.9728
requirement,0.9703
comparison state,0.9713
easily result,0.9727
energy,0.9705
calculation,0.9770
diverse,0.9721
comparison,0.9816
limit,0.9739
method,0.9793
meta,0.9766
focus,0.9740
memory,0.9722
investigating,0.9700
sequence,0.9712
requirement,0.9742
comparison state,0.9701
utilize,0.9766
problem,0.9702
calculation edge,0.9701
corresponding,0.9714
neural,0.9757
consumption,0.9700
meta learning,1.0000
based,0.9711
analyzed,0.9709
pseudo,0.9712
branch,0.9721
using,0.9718
method,0.9793
based,0.9740
diagnostic,0.9707
process,0.9719
analyzed,0.9764
method based,0.9701
experiment,0.9701
training,0.9706
problem,0.9702
neural,0.9757
general learning,0.9729
cross learning,0.9846
network learning,0.9773
classification,1.0000
stage belongs,0.9738
limit,0.9728
gap,0.9707
model however,0.9706
model,0.9760
system,0.9731
based,0.9711
testing,0.9720
module,0.9702
method term,0.9705
effective approach,0.9711
mechanism,0.9777
reducing,0.9707
training,0.9706
limit,0.9739
essential approach result,0.9708
approach result,0.9743
method,0.9793
inference,0.9787
significant,0.9708
state method term,0.9715
model however,0.9703
input,0.9716
approach,0.9710
model,0.9710
behavior,0.9766
prediction,0.9808
experiment,0.9701
problem,0.9702
system,0.9714
based,0.9740
testing,0.9763
module,0.9760
multi,0.9774
system awe,0.9702
framework,0.9755
method term,0.9789
rely,0.9709
consumption,0.9700
reinforcement,0.9727
weight,0.9702
multi model,0.9798
forecast learning,0.9752
domain using,0.9714
position,0.9711
data without,0.9715
model,0.9760
system,0.9731
testing,0.9720
power,0.9723
data weight,0.9707
using,0.9718
analysis,0.9723
incompatible,0.9746
domain using,0.9704
labeling,0.9769
data without,0.9736
training,0.9706
approach coupled,0.9753
using meta,0.9719
system achieve,0.9709
meta,0.9766
sampling,0.9746
context,0.9710
coupled,0.9755
approach,0.9710
model,0.9710
scenario labeling,0.9734
monitoring,0.9724
system,0.9714
testing,0.9763
approach coupled weight,0.9748
frequency,0.9763
consumption,0.9700
weight,0.9702
learning fine model,0.9703
meta learning,1.0000
network learning,0.9773
analyzed,0.9709
classified,0.9715
model,0.9760
system,0.9731
tuning,0.9728
producing,0.9700
using,0.9718
analyzed,0.9764
tool,0.9715
method,0.9793
meta,0.9766
etc result,0.9714
demand,0.9708
enabled,0.9716
significant,0.9708
method incorporated,0.9758
application,0.9766
approach,0.9710
model,0.9710
behavior,0.9766
problem delivering,0.9711
delivering,0.9733
problem,0.9702
system,0.9714
compared,0.9725
problem meta,0.9725
tuning,0.9731
problem metal,0.9746
limit,0.9728
model,0.9760
recovery,0.9719
system,0.9731
identifying,0.9714
using,0.9718
using ml,0.9735
training,0.9706
similarity,0.9746
system increasingly,0.9718
limit,0.9739
victim,0.9720
meta,0.9766
ml system,0.9711
frequent,0.9706
increasingly using,0.9712
clone,0.9709
focus,0.9740
model,0.9710
model intrusion,0.9744
recovery,0.9780
data frequent,0.9703
experiment,0.9701
system machine,0.9723
problem,0.9702
minimal,0.9707
system,0.9714
identifying,0.9724
compared,0.9725
resulting,0.9707
multiple,0.9713
solution,0.9740
data victim,0.9708
framework,0.9755
implementing,0.9724
distribution target model,0.9772
field model,0.9822
focus implementing model,0.9727
access target model,0.9786
learning model,0.9744
system target model,0.9804
problem field model,0.9722
target model,0.9709
meta learning,1.0000
