Word,Similarity
method recommendation,0.9734
method transfer,0.9712
recommendation,0.9700
module,0.9702
based,0.9711
tackle cold problem,0.9703
recovery,0.9719
preference,0.9754
system,0.9731
model,0.9760
novel method recommendation,0.9720
method recommendation,0.9703
transfer,0.9737
problem,0.9702
approach,0.9710
method transfer,0.9773
recommendation,0.9744
tackle,0.9713
process,0.9719
effectively,0.9727
capture,0.9703
significant,0.9708
module,0.9760
mechanism,0.9777
based,0.9740
module intra,0.9712
transfer cross,0.9745
compared,0.9725
neighbor,0.9701
meta,0.9766
recovery,0.9780
preference,0.9708
particularly,0.9703
system,0.9714
model,0.9710
transfer cross recommendation,0.9702
method,0.9793
method achieve,0.9722
baseline model,0.9820
recommendation method transfer,0.9705
based,0.9711
ability,0.9706
model,0.9760
perspective,0.9721
transfer,0.9737
problem,0.9702
experiment,0.9701
angle,0.9717
transformation,0.9793
difficult,0.9709
mechanism,0.9777
based,0.9740
mechanism explore,0.9732
rotation,0.9785
catastrophic,0.9715
meta,0.9766
sample mit catastrophic,0.9704
scala,0.9734
multiple,0.9713
model,0.9710
perspective,0.9766
multi,0.9774
method,0.9793
method knowledge,0.9715
scoring function model,0.9716
scoring function model,0.9787
function model,0.9877
meta learning,1.0000
classification,1.0000
guidance,0.9728
power,0.9723
system considering,0.9768
adjustment,0.9736
based,0.9711
preference,0.9754
system,0.9731
model,0.9760
condition,0.9700
neural,0.9757
focus,0.9740
prediction sequential,0.9764
guidance,0.9744
transfer,0.9737
using,0.9718
integrating,0.9786
based metal,0.9717
initial,0.9701
prediction,0.9808
charging,0.9741
method based,0.9701
complementary,0.9778
system considering,0.9738
flow,0.9768
adjustment,0.9759
compression,0.9821
application,0.9766
mechanism,0.9777
based,0.9740
magnetic,0.9718
integrated,0.9716
dominance,0.9701
method multi,0.9735
indicator,0.9715
generation,0.9730
analysis,0.9723
storm optimization,0.9702
preference,0.9708
system,0.9714
investigation,0.9721
photo power,0.9731
lighting,0.9717
energy,0.9705
model,0.9710
weight,0.9702
diffusion,0.9812
cortex,0.9787
multi,0.9774
extraction,0.9750
method,0.9793
transfer learning,0.9757
hierarchical learning,0.9729
multi classification method,0.9706
particularly training,0.9705
standing utilizing machine,0.9720
particularly training across,0.9726
system metal,0.9719
system,0.9731
model,0.9760
condition,0.9700
neural,0.9757
framework,0.9755
boost,0.9739
approach,0.9710
decision,0.9717
independently,0.9753
embedded,0.9767
significant,0.9708
utilizing,0.9730
meta,0.9766
system metal,0.9732
particularly,0.9703
system,0.9714
model,0.9710
training,0.9706
centrally,0.9702
system cy,0.9716
enabling,0.9755
collaborative model,0.9713
cy system learning,0.9755
system learning,0.9838
addressing,0.9701
based,0.9711
task,0.9709
task addressing,0.9704
common performance,0.9745
system,0.9731
model,0.9760
advantage,0.9712
tailored,0.9715
experiment,0.9701
decision,0.9717
prediction,0.9808
steer,0.9713
addressing,0.9752
flow,0.9768
based,0.9740
overlooked,0.9718
task,0.9732
task addressing,0.9704
automated,0.9730
function metal,0.9719
common performance,0.9708
multiple,0.9713
system,0.9714
measurement,0.9807
model,0.9710
operation,0.9725
solution,0.9740
affect,0.9746
predicted,0.9713
tangled,0.9715
forecast learning,0.9752
specific,0.9720
based,0.9711
ability,0.9706
data containing,0.9715
system,0.9731
model,0.9760
testing,0.9720
problem,0.9702
assessment,0.9766
approach,0.9710
using,0.9718
experiment,0.9701
distorted,0.9739
specific,0.9773
based,0.9740
therefore traditional,0.9713
meta,0.9766
dependency,0.9802
system,0.9714
model,0.9710
testing,0.9763
synthetic,0.9750
method,0.9793
learning model,0.9744
deep learning model,0.9706
meta learning,1.0000
problem deep learning,0.9718
deep learning learning,0.9727
better state method,0.9720
desired result testing,0.9712
bias,0.9723
category,0.9777
based,0.9711
grouping,0.9782
task,0.9709
task early,0.9715
model,0.9760
based le screening,0.9708
condition,0.9700
neural,0.9757
bias,0.9780
problem,0.9702
size,0.9700
diffuse,0.9705
approach,0.9710
marker,0.9720
using,0.9718
model identify,0.9709
imaging,0.9774
based skin,0.9700
ex research study,0.9712
category,0.9753
screening,0.9785
application,0.9766
based,0.9740
grouping,0.9738
tests,0.9732
task,0.9732
differentiate,0.9742
application feasible,0.9722
tool,0.9715
expert,0.9727
meta,0.9766
diagnosed,0.9736
validation,0.9739
model,0.9710
training,0.9706
approach extremely,0.9703
multi,0.9774
sensitivity,0.9727
method,0.9793
protocol,0.9751
case improving model,0.9709
ai model,0.9760
meta learning,1.0000
case improving model,0.9755
imaging protocol,0.9715
bias,0.9723
task related,0.9735
classified,0.9715
despite task related,0.9711
specific,0.9720
despite task,0.9715
based,0.9711
congestion single,0.9725
task,0.9709
system,0.9731
model,0.9760
limit,0.9728
model towards,0.9748
bias,0.9780
using la,0.9738
problem,0.9702
global model dip,0.9722
approach,0.9710
using,0.9718
algorithm faced,0.9721
simulation,0.9750
constrained,0.9744
process,0.9719
setting,0.9718
specific,0.9773
application,0.9766
based,0.9740
task,0.9732
process however,0.9760
model dip,0.9735
fixed,0.9705
system,0.9714
model,0.9710
monitoring,0.9724
training,0.9706
approach dip,0.9759
limit,0.9739
model towards,0.9729
multi,0.9774
using la approach,0.9716
local model,0.9732
learning global model,0.9703
global model,0.9805
multi learning,0.9757
task,0.9709
required task work,0.9711
tuning,0.9728
system,0.9731
model,0.9760
configuration,0.9752
neural,0.9757
deep model,0.9718
approach,0.9710
using,0.9718
experiment,0.9701
imaging,0.9774
meta employed,0.9714
simulation,0.9750
diverse,0.9721
furthermore,0.9701
task,0.9732
using meta,0.9719
tuning,0.9731
meta,0.9766
hyper,0.9739
system,0.9714
model,0.9710
solution,0.9740
configuration,0.9770
corresponding,0.9714
method,0.9793
learning model,0.9744
deep learning model,0.9706
image deep learning,0.9717
classification,1.0000
using data,0.9714
performance classification,0.9774
superiority proposed,0.9754
superiority proposed method,0.9725
based,0.9711
testing,0.9720
analyzed,0.9709
analyze,0.9748
problem,0.9702
boundary,0.9711
using,0.9718
experiment,0.9701
using data meta,0.9753
initial,0.9701
process,0.9719
meta selection metal,0.9721
precision,0.9771
method based,0.9701
boundary strategy,0.9702
mechanism,0.9777
based,0.9740
selection metal,0.9726
compared,0.9725
indicator,0.9715
meta,0.9766
pseudo,0.9712
mutation,0.9739
solution,0.9740
testing,0.9763
sensitivity,0.9727
method,0.9793
analyzed,0.9764
data meta,0.9738
data meta feature,0.9756
meta feature,0.9809
effectiveness method,0.9733
diversity method,0.9753
performance method,0.9726
selection method,0.9713
class skeptical,0.9705
label training however,0.9719
correction,0.9741
model,0.9760
transition,0.9810
problem,0.9702
mit problem,0.9731
require,0.9728
approach,0.9710
shifting,0.9711
experiment,0.9701
data metal,0.9750
skeptical,0.9701
process,0.9719
lever,0.9737
particularly lever,0.9700
correction,0.9721
particularly,0.9703
multiple,0.9713
model,0.9710
training,0.9706
issue noisy,0.9716
synthetic,0.9750
method,0.9793
however method,0.9717
classification,1.0000
processing,0.9724
gap,0.9707
classification belongs,0.9811
module,0.9702
classification con,0.9704
pattern,0.9725
task,0.9709
model,0.9760
neural,0.9757
structural,0.9775
processing,0.9798
problem,0.9702
experiment ea,0.9717
approach,0.9710
experiment,0.9701
reveal,0.9714
core,0.9722
process,0.9719
certain,0.9732
classification belongs,0.9707
module,0.9760
pattern,0.9783
task,0.9732
resulting,0.9707
standard,0.9735
model,0.9710
approach suffers,0.9725
operation,0.9725
training,0.9706
semantic,0.9805
similarity,0.9746
ec module,0.9719
sample model,0.9835
sample model learned,0.9707
popular direction learning,0.9706
guidance,0.9728
coding,0.9744
module,0.9702
ability proposed,0.9727
task,0.9709
ability,0.9706
classify,0.9730
typically,0.9702
system,0.9731
method termed,0.9721
classify label,0.9700
des independently,0.9717
joint,0.9700
guidance,0.9744
approach,0.9710
using,0.9718
experiment,0.9701
limitation,0.9726
prediction,0.9808
independently,0.9753
coding,0.9793
capture,0.9703
focused,0.9710
module,0.9760
dense,0.9733
ability proposed,0.9718
task,0.9732
labeled,0.9759
enrichment,0.9766
termed masked,0.9714
context,0.9710
coco,0.9720
termed,0.9753
classify,0.9775
dependency,0.9802
typically,0.9705
system,0.9714
method termed,0.9752
encoding,0.9757
method,0.9793
mutual dependency,0.9741
prototype learning,0.9798
task prototype learning,0.9746
joint learning method,0.9707
learning method,0.9746
type,0.9710
based,0.9711
task,0.9709
phase,0.9702
system learned,0.9703
including system,0.9722
system metal,0.9719
system,0.9731
subject,0.9709
neural,0.9757
framework,0.9755
approach,0.9710
using,0.9718
experiment,0.9701
critical application,0.9717
embedded,0.9767
barrier,0.9737
deep neural,0.9743
type,0.9749
important,0.9712
application,0.9766
based,0.9740
task,0.9732
phase,0.9749
compared,0.9725
system learned,0.9743
meta,0.9766
generation,0.9730
system metal,0.9732
system,0.9714
inclusion,0.9707
training,0.9706
reinforcement,0.9727
subject,0.9760
method,0.9793
system subject,0.9774
meta learning,1.0000
safety constraint approach,0.9743
safety application,0.9717
classification feasible reaching,0.9744
classification,1.0000
classification feasible,0.9803
classification considering,0.9850
classification considering mirage,0.9802
task related,0.9735
system classification,0.9817
classification task,0.9741
task,0.9709
classify,0.9730
system,0.9731
leverage,0.9704
classification feasible,0.9767
costly,0.9737
paradigm,0.9754
transfer,0.9737
assessment,0.9766
approach,0.9710
empirical,0.9751
process unfortunately,0.9764
process unfortunately collecting,0.9725
however requires,0.9706
process,0.9719
system classification,0.9736
effective classify,0.9712
paradigm meta,0.9731
task,0.9732
variant namely,0.9726
labeling,0.9769
labeled,0.9759
meta,0.9766
classify,0.9775
requires,0.9727
operating,0.9702
system,0.9714
training,0.9706
crypt,0.9744
solution,0.9740
practice,0.9713
leverage,0.9770
transfer learning,0.9757
paradigm meta learning,0.9718
meta learning,1.0000
classification,1.0000
system,0.9731
metal system,0.9708
data employed,0.9710
integrated,0.9716
system,0.9714
system integrated fuzzy,0.9707
fuzzy,0.9728
integrated fuzzy broad,0.9708
dimensional,0.9783
fuzzy learning,0.9735
transmission,0.9717
system suffer,0.9726
module,0.9702
based,0.9711
pattern,0.9725
task,0.9709
recovery,0.9719
system,0.9731
model,0.9760
neural,0.9757
problem recent,0.9755
transfer,0.9737
problem,0.9702
experiment,0.9701
transmission,0.9707
based metal,0.9717
system suffer,0.9717
rely,0.9709
em linear,0.9715
module,0.9760
based,0.9740
pattern,0.9783
task,0.9732
novel sequential tensor,0.9752
meta,0.9766
recovery,0.9780
system,0.9714
measurement,0.9807
model,0.9710
monitoring,0.9724
operation,0.9725
due measurement,0.9741
method,0.9793
method achieve,0.9722
catch,0.9701
study model,0.9767
meta learning,1.0000
using smart,0.9707
protocol using,0.9732
based,0.9711
webb application,0.9725
selection nepali,0.9705
correction,0.9741
system,0.9731
protection,0.9734
model,0.9760
configuration,0.9752
contention,0.9772
connection,0.9704
focus,0.9740
device,0.9735
framework,0.9755
assessment,0.9766
approach,0.9710
adjacent,0.9732
using,0.9718
prediction,0.9808
embedded,0.9767
cipher,0.9783
setting,0.9718
protocol using,0.9730
correction adjacent,0.9734
application,0.9766
mechanism,0.9777
based,0.9740
floating,0.9732
market,0.9717
mechanism opt using,0.9725
opt using,0.9716
automated,0.9730
selection nepali,0.9704
compressor,0.9761
suitable,0.9746
correction,0.9721
analysis,0.9723
analyzing,0.9721
effective contention,0.9717
diagram,0.9730
operating,0.9702
system,0.9714
protection,0.9704
model,0.9710
crypt,0.9744
scale,0.9712
system topic,0.9750
multi,0.9774
configuration,0.9770
protocol,0.9751
contention,0.9714
connection,0.9741
model diagram,0.9710
connection model,0.9824
data diverse,0.9724
method tend fall,0.9705
model,0.9760
including metal,0.9718
tuning,0.9728
analyze,0.9748
data diverse,0.9701
approach remarkably,0.9714
diverse,0.9721
model,0.9710
approach result,0.9743
approach significant,0.9765
problem,0.9702
approach fine,0.9716
approach,0.9710
tuning,0.9731
method tend,0.9733
data metal,0.9750
significant,0.9708
method,0.9793
problem approach,0.9701
bench code,0.9706
system,0.9731
modulation,0.9716
based,0.9711
method filtered,0.9710
based meta,0.9718
system,0.9714
filtering,0.9771
modulation,0.9782
descent,0.9731
boundary,0.9711
method based,0.9701
meta,0.9766
filter,0.9780
accurately,0.9702
extraction,0.9750
based boundary,0.9732
method,0.9793
core,0.9722
filtered,0.9730
based,0.9740
meta learning,1.0000
detection method,0.9740
gradient method,0.9721
ratio method,0.9736
classification,1.0000
task,0.9709
task multiple,0.9707
type,0.9710
multiple,0.9713
task,0.9732
sampling labeled,0.9751
training,0.9706
sampling,0.9746
labeled,0.9759
approach,0.9710
method momentum,0.9726
type,0.9749
pseudo,0.9712
method,0.9793
sampling de,0.9712
due simplicity,0.9701
backbone en momentum,0.9719
dual,0.9724
momentum,0.9736
learning method,0.9746
practical approach,0.9732
system,0.9731
task,0.9709
model,0.9760
however work target,0.9723
neural,0.9757
system,0.9714
task,0.9732
market,0.9717
model,0.9710
training,0.9706
experiment market,0.9741
experiment,0.9701
meta,0.9766
reveal,0.9714
significant,0.9708
general model,0.9804
meta learning,1.0000
layer jointly leverage,0.9711
ability,0.9706
leverage,0.9704
integrated,0.9716
multiple,0.9713
layer jointly,0.9720
diverse,0.9721
weight,0.9702
supervision,0.9727
problem,0.9702
multi knowledge di,0.9700
tailored,0.9715
specialized,0.9739
method explore,0.9710
experiment,0.9701
multi,0.9774
meta,0.9766
method,0.9793
leverage,0.9770
flexibility method,0.9776
processing,0.9724
based,0.9711
task,0.9709
system,0.9731
model,0.9760
focus,0.9740
processing,0.9798
method meta,0.9718
experiment,0.9701
sampling,0.9746
based,0.9740
natural,0.9713
involving,0.9712
task,0.9732
compared,0.9725
meta,0.9766
generation,0.9730
analysis,0.9723
usually focus,0.9704
system,0.9714
model,0.9710
training,0.9706
reinforcement,0.9727
method,0.9793
model meta,0.9718
model meta,0.9711
training method,0.9760
critical training method,0.9783
classification,1.0000
classification classify,0.9777
classified,0.9715
performance wound,0.9722
classify,0.9730
based,0.9711
analyze,0.9748
em based,0.9705
framework contrast,0.9742
healing,0.9711
framework,0.9755
wound framework,0.9717
transfer,0.9737
assessment,0.9766
sequence,0.9712
approach,0.9710
intervention,0.9727
using,0.9718
performance wound,0.9738
setting,0.9718
similarity,0.9746
analysis,0.9723
classify,0.9775
contrast,0.9753
based,0.9740
transfer learning,0.9757
feature learning,0.9733
assessment framework,0.9714
devised capture,0.9721
recommendation,0.9700
superiority proposed,0.9754
particularly city,0.9701
pattern,0.9725
preference,0.9754
system,0.9731
spat information,0.9712
leverage,0.9704
paradigm,0.9754
framework,0.9755
transfer,0.9737
experiment,0.9701
recommendation,0.9744
capture,0.9703
significant,0.9708
thus facilitating,0.9709
behavioral,0.9731
pattern,0.9783
context,0.9710
meta,0.9766
behavior,0.9766
preference,0.9708
particularly,0.9703
system,0.9714
principle,0.9763
mere,0.9715
learning paradigm,0.9745
leverage,0.9770
meta learning,1.0000
information learning,0.9783
classification,1.0000
model require,0.9739
model choice,0.9759
classification task,0.9741
task,0.9709
system,0.9731
model,0.9760
using f training,0.9718
choice,0.9764
focus,0.9740
f training paradigm,0.9716
paradigm,0.9754
data feasible,0.9701
model require,0.9724
transfer,0.9737
require,0.9728
model choice,0.9746
empirical,0.9751
using,0.9718
model effectively,0.9728
effectively reused,0.9713
effectively,0.9727
task,0.9732
regime paper,0.9754
proto,0.9722
meta,0.9766
training paradigm,0.9721
compare,0.9728
paradigm hybrid,0.9701
system,0.9714
model,0.9710
training,0.9706
scale,0.9712
encoding,0.9757
regime,0.9733
equivalent model,0.9706
scale model,0.9740
learning model,0.9744
deep learning model,0.9706
effective model,0.9791
transfer learning,0.9757
sample learning,0.9775
meta learning,1.0000
prototype learning,0.9798
modeling learning,0.9730
learning transfer,0.9728
power,0.9723
factor,0.9727
transmission,0.9717
accelerated bi,0.9708
measurement,0.9807
training,0.9706
factor,0.9740
memory,0.9722
compared,0.9725
transmission,0.9707
optic,0.9717
fiber,0.9769
limitation,0.9726
distance,0.9712
classified,0.9715
specific,0.9720
task,0.9709
measuring,0.9721
leverage,0.9704
connection,0.9704
structural,0.9775
problem recent,0.9755
problem metal,0.9746
framework,0.9755
distance,0.9723
problem,0.9702
approach,0.9710
empirical,0.9751
prediction,0.9808
aug technique drug,0.9738
tackle,0.9713
predicting,0.9774
specific,0.9773
directly,0.9718
screening,0.9785
difficult,0.9709
due highly,0.9701
task,0.9732
parameter specific,0.9745
vocabulary,0.9772
technique drug,0.9770
labeled,0.9759
measuring,0.9738
drug,0.9708
analysis,0.9723
multiple,0.9713
memory,0.9722
corresponding,0.9714
method,0.9793
leverage,0.9770
connection,0.9741
aug technique drug,0.9713
system emphasizing need,0.9743
recommendation,0.9700
task,0.9709
preference,0.9754
system,0.9731
model,0.9760
system emphasizing,0.9718
connection,0.9704
paradigm,0.9754
transfer,0.9737
approach,0.9710
using,0.9718
data metal,0.9750
limitation,0.9726
emphasizing,0.9701
recommendation,0.9744
importance,0.9708
effectively overcome,0.9703
initial,0.9701
precision,0.9771
technological,0.9725
effectively,0.9727
task,0.9732
compared,0.9725
meta,0.9766
overcome,0.9707
transferring,0.9727
preference,0.9708
system,0.9714
model,0.9710
system emphasizing,0.9758
connection,0.9741
transfer learning,0.9757
classification,1.0000
model require,0.9739
training mechanism,0.9704
classification task,0.9741
module,0.9702
based,0.9711
task,0.9709
system,0.9731
model,0.9760
neural,0.9757
focus,0.9740
due limitation,0.9719
model require,0.9724
problem,0.9702
require,0.9728
particular,0.9707
using,0.9718
breakthrough,0.9758
limitation,0.9726
training mechanism,0.9745
adjust,0.9750
module,0.9760
difficult,0.9709
application,0.9766
mechanism,0.9777
based,0.9740
task,0.9732
fusion,0.9739
labeled,0.9759
suitable,0.9746
multiple,0.9713
system,0.9714
measurement,0.9807
model,0.9710
training,0.9706
scale,0.9712
extraction,0.9750
method,0.9793
learning model,0.9744
deep learning model,0.9706
extraction model,0.9777
method learning,0.9784
sample learning,0.9775
feature learning,0.9733
classification,1.0000
model require,0.9739
based,0.9711
system,0.9731
model,0.9760
classification model,0.9741
meta pest,0.9703
model require,0.9724
transfer,0.9737
require,0.9728
experiment,0.9701
method based,0.9701
based,0.9740
model pest,0.9761
labeled,0.9759
classification model require,0.9706
meta,0.9766
system,0.9714
model,0.9710
training,0.9706
classification model,0.9715
solution,0.9740
corresponding,0.9714
method,0.9793
classification meta model,0.9723
meta model,0.9743
genera meta model,0.9761
classification meta model,0.9900
meta model pest,0.9719
meta model,1.0000
classification model,0.9728
level classification model,0.9755
image classification model,0.9798
learning method,0.9746
classification model,0.9705
processing,0.9724
system however study,0.9732
system,0.9731
bias,0.9723
model,0.9760
feedback,0.9738
limit,0.9728
neural,0.9757
focus,0.9740
processing,0.9798
system however study,0.9710
system,0.9714
bias,0.9780
prediction,0.9808
model,0.9710
feedback,0.9779
predicting,0.9774
resulting,0.9707
limit,0.9739
problem,0.9702
compared,0.9725
size,0.9700
labeled,0.9759
sentiment,0.9714
meta,0.9766
accurately,0.9702
hardness,0.9713
contrast,0.9753
state model,0.9703
state model,0.9813
system,0.9731
model,0.9760
simulation,0.9750
response,0.9741
system,0.9714
characteristic,0.9725
system via risen,0.9724
model,0.9710
beam,0.9720
compared,0.9725
size,0.9700
require,0.9728
res electromagnetic characteristic,0.9709
multi,0.9774
setting,0.9718
method,0.9793
application,0.9766
self learning model,0.9732
learning model,0.9744
self learning,0.9713
learning specific task,0.9701
system,0.9731
task,0.9709
model,0.9760
specific,0.9720
task limiting,0.9756
based,0.9711
multiple,0.9713
based meta,0.9718
emission,0.9718
system,0.9714
task,0.9732
energy,0.9705
model,0.9710
branch,0.9721
solution,0.9740
approach,0.9710
reinforcement,0.9727
experiment,0.9701
integrating,0.9786
meta,0.9766
specific,0.9773
important,0.9712
task limiting,0.9716
application,0.9766
limiting,0.9755
based,0.9740
vehicle learning,0.9746
gradient step approach,0.9732
system,0.9731
due foundation,0.9723
paradigm,0.9754
size,0.9700
require,0.9728
system bile,0.9726
diamond,0.9718
approach,0.9710
significantly,0.9725
experiment,0.9701
momentum,0.9736
integration,0.9721
capability,0.9705
natural,0.9713
system multi,0.9713
compared,0.9725
approach diamond,0.9762
system,0.9714
solution,0.9740
learning paradigm,0.9745
reinforcement,0.9727
algorithm enjoys,0.9725
multi,0.9774
multi learning,0.9757
network learning,0.9773
system learning,0.9838
classification,1.0000
system,0.9731
based,0.9711
based sorting,0.9737
analyzing,0.9721
standard,0.9735
simulation,0.9750
system,0.9714
principle,0.9763
sorting,0.9740
affect,0.9746
compared,0.9725
using,0.9718
based metal,0.9717
directly,0.9718
based,0.9740
deep learning traffic,0.9706
classification,1.0000
system base,0.9729
based,0.9711
average classification,0.9703
system,0.9731
model,0.9760
problem,0.9702
concept drift large,0.9709
approach,0.9710
concept drift,0.9736
prediction,0.9808
predicting,0.9774
drift,0.9751
system base,0.9725
application,0.9766
based,0.9740
labelled,0.9705
tool,0.9715
compared,0.9725
meta,0.9766
delay,0.9707
system,0.9714
model,0.9710
monitoring,0.9724
learning model,0.9744
meta feature,0.9809
traditional meta learning,0.9729
meta learning,1.0000
workshop,0.9720
specific model difficult,0.9734
transmission,0.9717
coding,0.9744
specific model,0.9709
specific,0.9720
module,0.9702
task,0.9709
model uneven,0.9740
due limitation module,0.9704
ability,0.9706
calculation,0.9750
system,0.9731
model,0.9760
model difficult,0.9704
neural,0.9757
uneven,0.9718
data spat,0.9701
due limitation,0.9719
specific model difficult,0.9738
assumption,0.9770
transmission,0.9707
reaction,0.9724
limitation,0.9726
prediction,0.9808
coding,0.9793
specific,0.9773
system continuous,0.9732
module,0.9760
difficult,0.9709
input,0.9716
mechanism,0.9777
task,0.9732
model uneven,0.9767
suitable,0.9746
meta,0.9766
calculation,0.9770
system,0.9714
system linear,0.9772
sensor,0.9742
model,0.9710
diffusion,0.9812
encoding,0.9757
vulnerability,0.9722
model difficult,0.9730
system con,0.9732
method,0.9793
system paper,0.9713
prediction model,0.9710
prediction model,0.9729
equation show model,0.9701
learning model,0.9744
deep learning model,0.9706
domain specific model,0.9831
meta learning,1.0000
data deep learning,0.9731
structure learning,0.9775
classification,1.0000
based deep,0.9701
based,0.9711
system,0.9731
model,0.9760
classification model,0.9741
neural,0.9757
paradigm,0.9754
framework deep,0.9702
framework,0.9755
based deep,0.9713
approach,0.9710
importance,0.9708
characterized,0.9715
deep neural,0.9743
based,0.9740
reflecting,0.9707
labeled,0.9759
producing,0.9700
relatively,0.9704
validation,0.9739
effective paradigm,0.9785
system,0.9714
metal model strategy,0.9718
model deeply,0.9701
model,0.9710
descent,0.9731
classification model,0.9715
method,0.9793
gradient classification model,0.9762
gradient classification model,0.9761
learning model,0.9744
model framework,0.9712
network model,0.9766
classification model,0.9728
method learning,0.9784
variation learning,0.9717
gradient method,0.9721
framework gradient method,0.9708
validation approach shown,0.9742
classification model,0.9705
learning task,1.0000
module,0.9702
task,0.9709
system,0.9731
data without,0.9715
leverage,0.9704
requiring,0.9733
framework,0.9755
transfer,0.9737
approach,0.9710
significantly,0.9725
experiment,0.9701
additionally design,0.9734
interaction however,0.9716
diverse,0.9721
module,0.9760
lever,0.9737
task,0.9732
compared,0.9725
context,0.9710
meta,0.9766
technique significantly,0.9746
system,0.9714
training,0.9706
reinforcement,0.9727
data without,0.9736
method,0.9793
leverage,0.9770
system knowledge,0.9729
meta learning,1.0000
classification,1.0000
system,0.9731
task,0.9709
model,0.9760
task utilizing metal,0.9745
system classification,0.9817
classification task,0.9741
classification task classification,0.9773
task utilizing,0.9706
system,0.9714
task,0.9732
model,0.9710
utilizing,0.9730
labeled,0.9759
system classification,0.9736
approach,0.9710
context,0.9710
experiment,0.9701
method,0.9793
task utilizing,0.9701
application,0.9766
deep learning learning,0.9727
driven learning,0.9738
data using,0.9718
model first,0.9701
system,0.9731
task,0.9709
model,0.9760
data consisting,0.9710
using pilot,0.9733
data without,0.9715
system metal,0.9719
based,0.9711
neural,0.9757
algorithm considering,0.9710
data using,0.9714
simulation,0.9750
system,0.9714
task,0.9732
fading,0.9701
model,0.9710
training,0.9706
data consisting,0.9709
compared,0.9725
furthermore,0.9701
using pilot,0.9703
deep neural,0.9743
using,0.9718
significantly,0.9725
meta,0.9766
data without,0.9736
accurately,0.9702
system metal,0.9732
system propose,0.9716
method,0.9793
coherent,0.9733
based,0.9740
fading model,0.9731
system propose model,0.9777
learning method,0.9746
pattern,0.9725
essential process chip,0.9726
type,0.9710
ability,0.9706
pattern,0.9783
essential process chip,0.9731
process,0.9719
framework,0.9755
transfer,0.9737
size,0.9700
vision transform,0.9704
silicon,0.9785
effectively,0.9727
multi,0.9774
meta,0.9766
chip defect,0.9730
type,0.9749
extraction,0.9750
method effectively,0.9706
method,0.9793
transform,0.9777
process chip,0.9760
transfer learning,0.9757
information learning,0.9783
classification feasible reaching,0.9744
classification,1.0000
classification feasible,0.9803
classification considering,0.9850
classification considering mirage,0.9802
system classification,0.9817
classification task,0.9741
task,0.9709
classify,0.9730
system,0.9731
task labeled,0.9708
leverage,0.9704
classification feasible,0.9767
costly,0.9737
paradigm,0.9754
transfer,0.9737
assessment,0.9766
approach,0.9710
empirical,0.9751
process unfortunately,0.9764
process unfortunately collecting,0.9725
however requires,0.9706
process,0.9719
system classification,0.9736
effective classify,0.9712
paradigm meta,0.9731
task,0.9732
labeling,0.9769
labeled,0.9759
meta,0.9766
classify,0.9775
requires,0.9727
operating,0.9702
system,0.9714
training,0.9706
crypt,0.9744
solution,0.9740
practice,0.9713
leverage,0.9770
transfer learning,0.9757
paradigm meta learning,0.9718
meta learning,1.0000
classification,1.0000
processing,0.9724
particular model,0.9726
distinct failing,0.9719
task,0.9709
novel task reference,0.9726
classification achieve,0.9822
model,0.9760
trend technique tackle,0.9725
processing,0.9798
particular model sur,0.9741
approach,0.9710
particular,0.9707
particular model,0.9720
experiment,0.9701
demonstrates,0.9703
transforming,0.9713
tackle,0.9713
transformation,0.9793
task,0.9732
differentiate,0.9742
novel task reference,0.9704
approach heavily,0.9720
fixed,0.9705
model,0.9710
model sur,0.9722
semantics sampled,0.9749
topology,0.9721
method,0.9793
tar,0.9721
state model,0.9703
data particular model,0.9795
superiority state model,0.9715
state model,0.9813
task semantics,0.9701
processing,0.9724
type,0.9710
based span pay,0.9705
based,0.9711
task,0.9709
system,0.9731
model,0.9760
limit,0.9728
task involves,0.9700
recognition ne challenging,0.9711
method term,0.9705
identifying,0.9714
processing,0.9798
joint,0.9700
framework,0.9755
boundary,0.9711
using,0.9718
method based,0.9701
type,0.9749
based,0.9740
natural,0.9713
task,0.9732
labeled,0.9759
meta,0.9766
system,0.9714
model,0.9710
training,0.9706
limit,0.9739
semantic,0.9805
additionally reduce,0.9708
method,0.9793
method term,0.9789
however method,0.9717
identifying,0.9724
sample reliability model,0.9728
reliability model,0.9788
entity learning,0.9833
meta learning,1.0000
information entity learning,0.9715
performance author learning,0.9721
method term performance,0.9718
reliability model,0.9745
recommendation,0.9700
system,0.9731
model,0.9760
specific,0.9720
based,0.9711
recommendation,0.9744
multiple,0.9713
system,0.9714
model,0.9710
selection metal,0.9726
using bench,0.9722
problem,0.9702
based stacked,0.9701
approach,0.9710
depending,0.9728
using,0.9718
experiment,0.9701
proper,0.9716
meta,0.9766
specific,0.9773
opt metal,0.9722
varies,0.9721
complex previous,0.9715
based,0.9740
recommendation model,0.9760
auto learning,0.9782
problem recommendation,0.9712
metal recommendation model,0.9708
model consisting,0.9741
typically,0.9702
system,0.9731
model,0.9760
testing,0.9720
neural,0.9757
device,0.9735
model consisting,0.9732
transfer,0.9737
problem,0.9702
targeted reducing,0.9704
using,0.9718
significantly,0.9725
prediction,0.9808
characteristic,0.9725
rely,0.9709
charging,0.9741
input,0.9716
charge,0.9749
weighted,0.9760
reducing,0.9707
fusion,0.9739
typically,0.9705
multiple,0.9713
system,0.9714
model,0.9710
training,0.9706
memory,0.9722
testing,0.9763
method,0.9793
problem model,0.9743
problem model low,0.9722
weak base model,0.9746
system b model,0.9714
transfer learning,0.9757
fusion method,0.9733
classification,1.0000
task,0.9709
class however,0.9733
neural,0.9757
method machine,0.9771
suggesting,0.9741
rule,0.9740
multiple,0.9713
task,0.9732
rely,0.9709
technique rely,0.9719
yielding,0.9709
problem,0.9702
context,0.9710
using,0.9718
multi,0.9774
definition,0.9750
method,0.9793
processing,0.9724
factor,0.9727
functional,0.9752
adjustment,0.9736
ability proposed,0.9727
task,0.9709
modulation,0.9716
tuning,0.9728
ability,0.9706
system,0.9731
model,0.9760
thus inevitable,0.9706
processing,0.9798
spectrum,0.9736
framework,0.9755
factor,0.9740
problem,0.9702
approach,0.9710
experiment,0.9701
decision,0.9717
method alleviate,0.9753
limitation,0.9726
imaging,0.9774
functional,0.9785
adjust,0.9750
autism,0.9769
directly,0.9718
adjustment,0.9759
mechanism,0.9777
ability proposed,0.9718
magnetic,0.9718
diagnostic decision several,0.9714
task,0.9732
modulation,0.9782
mechanism extract,0.9718
tuning,0.9731
analysis,0.9723
multiple,0.9713
system,0.9714
diagnostic decision,0.9717
model,0.9710
exchange,0.9728
training,0.9706
cal feature,0.9712
diagnosis,0.9738
multi,0.9774
diagnostic,0.9707
extraction,0.9750
method,0.9793
resonance,0.9718
universal model,0.9748
site model,0.9730
data model,0.9781
domain model,0.9704
target domain model,0.9720
data prior model,0.9816
training method,0.9760
model adjustment approach,0.9732
method consists,0.9707
information called low,0.9711
information called,0.9717
using solution,0.9712
task,0.9709
system,0.9731
identifying,0.9714
neural,0.9757
problem,0.9702
locating,0.9750
using,0.9718
using solution,0.9705
using solution neural,0.9713
flow,0.9768
layer con siam,0.9707
task,0.9732
attracting,0.9727
merging,0.9731
branch,0.9721
requires,0.9727
system,0.9714
training,0.9706
solution,0.9740
multi,0.9774
dispatch,0.9704
method,0.9793
identifying,0.9724
recommendation,0.9700
system,0.9731
model,0.9760
model specifically,0.9744
problem,0.9702
experiment,0.9701
recommendation,0.9744
initial,0.9701
compatibility comet,0.9727
tackle,0.9713
method limited mainly,0.9708
capability,0.9705
mainly utilize,0.9702
utilize,0.9766
weighted,0.9760
meta,0.9766
system,0.9714
useful,0.9749
model,0.9710
model specifically,0.9756
similarity,0.9746
method,0.9793
recommendation model,0.9760
meta learning,1.0000
system deep learning,0.9718
capability method,0.9750
classification,1.0000
processing,0.9724
different classification task,0.9734
classification task,0.9741
thereby improving,0.9702
task,0.9709
ability,0.9706
system,0.9731
model,0.9760
neural,0.9757
processing,0.9798
ratio unmanned,0.9736
transfer,0.9737
mechanism attention,0.9701
sampling,0.9746
deep neural,0.9743
different classification task,0.9700
effectively,0.9727
capture,0.9703
information large,0.9714
significant,0.9708
offset,0.9723
difficult,0.9709
mechanism,0.9777
scaling,0.9777
reducing,0.9707
task,0.9732
meta,0.9766
system,0.9714
model,0.9710
training,0.9706
extraction,0.9750
training sample model,0.9703
training sample model,0.9826
sample model,0.9835
model meta,0.9718
mechanism model,0.9764
model meta,0.9711
meta learning,1.0000
data learning,0.9768
network learning,0.9773
mechanism model,0.9712
system,0.9731
model,0.9760
identifying,0.9714
costly,0.9737
toy,0.9702
size,0.9700
approach,0.9710
empirical,0.9751
causal,0.9779
interest,0.9730
inference,0.9787
significant,0.9708
compared approach toy,0.9714
compared,0.9725
meta,0.9766
derived,0.9719
system,0.9714
model,0.9710
reinforcement,0.9727
intervention,0.9727
setup,0.9754
identifying,0.9724
meta learning,1.0000
spelling,0.9748
meta,0.9766
meta learning,1.0000
fault meta learning,0.9747
classification,1.0000
system,0.9731
model,0.9760
classification setting,0.9835
approach inner,0.9702
system,0.9714
model,0.9710
catastrophic,0.9715
problem,0.9702
approach,0.9710
using,0.9718
experiment,0.9701
method consistently,0.9728
setting,0.9718
compare,0.9728
varied,0.9721
isolated,0.9741
method,0.9793
scenario model,0.9712
extension model,0.9701
scenario model,0.9813
classification setting model,0.9704
loop model,0.9842
extension model,0.9805
classification,1.0000
processing,0.9724
distance,0.9712
considering traditional,0.9704
type,0.9710
task,0.9709
phase,0.9702
comparison state,0.9713
mode comprising,0.9709
testing,0.9720
comparison,0.9779
focus,0.9740
processing,0.9798
problem extensive,0.9748
distance,0.9723
transfer,0.9737
problem,0.9702
boundary,0.9711
experiment,0.9701
considering traditional,0.9710
decision,0.9717
demonstrates,0.9703
traditional euclidean,0.9719
tackle,0.9713
capability,0.9705
type,0.9749
method hs,0.9716
integrated,0.9716
task,0.9732
resulting,0.9707
phase,0.9749
labeled,0.9759
meta,0.9766
analysis,0.9723
hyper,0.9739
opt decision,0.9714
comparison state,0.9701
training,0.9706
mode comprising,0.9730
testing,0.9763
interpretation,0.9723
extraction,0.9750
comparison,0.9816
timing,0.9713
method,0.9793
dual,0.9724
transfer learning,0.9757
domain learning,0.9812
method hs,0.9703
method comparison,0.9702
system highly,0.9708
model focusing,0.9754
recommendation,0.9700
model cold,0.9742
based,0.9711
system,0.9731
model,0.9760
gift,0.9702
neural,0.9757
system highly,0.9743
problem extensive,0.9748
problem,0.9702
using,0.9718
model focusing,0.9744
recommendation,0.9744
model cold,0.9703
network model cold,0.9705
based,0.9740
interaction using,0.9702
fusion,0.9739
meta,0.9766
unable,0.9712
system,0.9714
model,0.9710
affect,0.9746
fundamental,0.9742
gift,0.9704
network model,0.9766
meta learning,1.0000
performance model,0.9717
superiority proposed framework,0.9739
superiority proposed,0.9754
module,0.9702
task,0.9709
model,0.9760
structural,0.9775
framework,0.9755
problem,0.9702
size,0.9700
aspect anomaly,0.9740
experiment,0.9701
model effectively,0.9728
aspect,0.9724
coarse,0.9707
effectively,0.9727
important,0.9712
module,0.9760
effectively extract,0.9704
difficult,0.9709
task,0.9732
drug,0.9708
model,0.9710
anomaly,0.9749
sample model,0.9835
classification,1.0000
performance stacked,0.9701
based,0.9711
tuning,0.9728
system,0.9731
protection,0.9734
model,0.9760
io involves con,0.9703
model scored across,0.9733
device,0.9735
measure defending,0.9705
approach,0.9710
using,0.9718
precision,0.9771
standalone,0.9713
based,0.9740
regression,1.0000
compared,0.9725
tuning,0.9731
cross procedure secondly,0.9734
hyper,0.9739
system,0.9714
protection,0.9704
model,0.9710
grouped,0.9762
cleaned,0.9707
method,0.9793
system widely,0.9754
procedure secondly,0.9715
evaluation model,0.9730
evaluation model,0.9809
classification,1.0000
gap,0.9707
classification f requires,0.9708
ability,0.9706
focus,0.9740
problem metal,0.9746
transfer,0.9737
problem,0.9702
require,0.9728
particular,0.9707
significantly,0.9725
meta,0.9766
method focus,0.9730
method,0.9793
requires,0.9727
method significantly,0.9767
learning transfer,0.9728
goal learning,0.9809
meta learning,1.0000
focus learning,0.9728
meta long learning,0.9780
previous learning method,0.9740
learning method,0.9746
model,0.9760
style,0.9725
choice,0.9764
focus,0.9740
standard,0.9735
spectrum,0.9736
characteristic,0.9725
therefore focus,0.9752
model,0.9710
problem,0.9702
compared,0.9725
furthermore,0.9701
style,0.9734
spectra,0.9758
setting,0.9718
method,0.9793
trait,0.9768
enabling,0.9755
choice effect model,0.9704
effect model,0.9795
choice effect model,0.9744
bench end learning,0.9770
problem learning,0.9733
bias,0.9723
category,0.9777
merit proposed,0.9729
based,0.9711
merit,0.9719
typically,0.9702
model,0.9760
advantage,0.9712
focus,0.9740
bias,0.9780
transfer,0.9737
boost,0.9739
problem,0.9702
approach,0.9710
based metal,0.9717
tackle,0.9713
process,0.9719
significant,0.9708
category,0.9753
based,0.9740
data term,0.9764
meta,0.9766
standard,0.9735
typically,0.9705
principle,0.9763
model,0.9710
training,0.9706
approach tackle,0.9718
tune,0.9714
observation,0.9740
novel class model,0.9706
detection model,0.9760
meta long learning,0.9780
learning transfer,0.9728
detection result,0.9704
competitive detection result,0.9703
classification,1.0000
guidance,0.9728
power,0.9723
system considering,0.9768
adjustment,0.9736
based,0.9711
preference,0.9754
system,0.9731
model,0.9760
condition,0.9700
neural,0.9757
focus,0.9740
prediction sequential,0.9764
guidance,0.9744
transfer,0.9737
using,0.9718
integrating,0.9786
based metal,0.9717
initial,0.9701
prediction,0.9808
charging,0.9741
method based,0.9701
complementary,0.9778
system considering,0.9738
flow,0.9768
adjustment,0.9759
compression,0.9821
application,0.9766
mechanism,0.9777
based,0.9740
magnetic,0.9718
integrated,0.9716
dominance,0.9701
method multi,0.9735
indicator,0.9715
generation,0.9730
analysis,0.9723
storm optimization,0.9702
preference,0.9708
system,0.9714
investigation,0.9721
photo power,0.9731
lighting,0.9717
energy,0.9705
model,0.9710
weight,0.9702
diffusion,0.9812
cortex,0.9787
multi,0.9774
extraction,0.9750
method,0.9793
transfer learning,0.9757
hierarchical learning,0.9729
multi classification method,0.9706
despite lack prior,0.9704
module,0.9702
category,0.9777
task proposed,0.9730
based,0.9711
method meanwhile performance,0.9739
task,0.9709
ability,0.9706
system,0.9731
model,0.9760
radar learning,0.9721
method roughly,0.9744
problem,0.9702
experiment,0.9701
demonstrates,0.9703
imaging,0.9774
capability,0.9705
method comprises,0.9726
module,0.9760
category,0.9753
based,0.9740
method meanwhile performance,0.9755
task,0.9732
compared,0.9725
labeled,0.9759
dependency,0.9802
aperture,0.9700
system,0.9714
model,0.9710
training,0.9706
synthetic,0.9750
method comprise,0.9737
corresponding,0.9714
method,0.9793
method model,0.9716
problem model,0.9743
method model,0.9801
sai problem model,0.9704
imaging model,0.9799
category model,0.9821
imaging learning,0.9743
module learning,0.9765
deep learning method,0.9712
task proposed method,0.9728
imaging model,0.9720
imaging method roughly,0.9746
sai imaging method,0.9724
learning method,0.9746
imaging method,0.9703
classification,1.0000
system,0.9731
model,0.9760
en fitting multiple,0.9741
combining,0.9738
boost,0.9739
experiment,0.9701
prediction,0.9808
opt stacked,0.9704
process,0.9719
fitting multiple,0.9732
penetration,0.9723
multiple,0.9713
system,0.9714
model,0.9710
method metal,0.9711
training,0.9706
method combining,0.9744
method,0.9793
ensemble model,0.9710
ensemble model,0.9765
het cat model,0.9723
stack learning,0.9775
learning method metal,0.9715
learning method,0.9746
well learning method,0.9754
model,0.9760
neural,0.9757
incorporate,0.9737
constrained,0.9744
prediction,0.9808
model,0.9710
problem,0.9702
approach,0.9710
setting,0.9718
method,0.9793
general model,0.9804
discussed include contrast,0.9701
classify,0.9730
neural,0.9757
hyper,0.9739
dementia,0.9728
surveillance,0.9701
manipulation,0.9702
approach,0.9710
empirical,0.9751
using,0.9718
multi,0.9774
metal empirical,0.9716
elastic,0.9791
compression,0.9821
classify,0.9775
contrast,0.9753
momentum,0.9736
data continuous,0.9743
basis automatically detect,0.9708
pattern,0.9725
unique survey cover,0.9730
system,0.9731
unique survey,0.9739
analyze,0.9748
paradigm,0.9754
problem,0.9702
approach,0.9710
significantly,0.9725
basis automatically detect,0.9710
ml approach,0.9742
basis,0.9776
application,0.9766
pattern,0.9783
automated,0.9730
tool,0.9715
survey,0.9702
allowing,0.9746
system machine,0.9723
behavior,0.9766
system,0.9714
understanding,0.9711
operation,0.9725
affect,0.9746
learning paradigm,0.9745
reader,0.9722
survey learning,0.9744
classification,1.0000
typically,0.9702
representation however,0.9750
task,0.9709
perspective,0.9721
however manually pre,0.9703
novel uniform multi,0.9714
specific,0.9720
unified specific,0.9724
overcome,0.9707
method typically,0.9738
typically,0.9705
derived,0.9719
criterion,0.9747
task,0.9732
process,0.9719
framework,0.9755
perspective,0.9766
problem,0.9702
fusion,0.9739
manipulation,0.9702
using,0.9718
novel uniform multi,0.9745
multi,0.9774
meta,0.9766
specific,0.9773
extraction,0.9750
method,0.9793
meta specifically formulated,0.9726
unified specific,0.9736
multi learning,0.9757
learning method,0.9746
based,0.9711
task,0.9709
mission,0.9721
system,0.9731
model,0.9760
cycle,0.9724
technique introduced,0.9709
problem,0.9702
multi deep reinforcement,0.9707
approach,0.9710
viable,0.9703
significantly,0.9725
experiment,0.9701
decision,0.9717
minimal,0.9707
initial,0.9701
effectively,0.9727
significant,0.9708
based,0.9740
task,0.9732
resulting,0.9707
compared,0.9725
meta,0.9766
system,0.9714
model,0.9710
weight,0.9702
solution,0.9740
reinforcement,0.9727
multi,0.9774
method,0.9793
learning model,0.9744
meta learning,1.0000
classification,1.0000
model,0.9760
specific,0.9720
based,0.9711
neural,0.9757
paradigm,0.9754
combining,0.9738
model,0.9710
framework,0.9755
training,0.9706
model eventually,0.9701
largest,0.9705
approach,0.9710
using,0.9718
meta,0.9766
specific,0.9773
method,0.9793
application,0.9766
based,0.9740
ep global model,0.9728
patient global model,0.9701
global model,0.9805
network learning,0.9773
meta learning,1.0000
task,0.9709
model,0.9760
testing,0.9720
model particularly,0.9731
focus,0.9740
particularly,0.9703
task,0.9732
transforming,0.9713
model,0.9710
tackle,0.9713
framework,0.9755
training,0.9706
transfer,0.9737
memory,0.9722
compared,0.9725
approach,0.9710
empirical,0.9751
experiment,0.9701
testing,0.9763
meta,0.9766
directly,0.9718
cl model particularly,0.9731
method,0.9793
model particularly,0.9785
learning transfer,0.9728
meta long learning,0.9780
specific,0.9720
module,0.9702
task,0.9709
system,0.9731
model,0.9760
problem,0.9702
particular,0.9707
experiment,0.9701
process,0.9719
generally utilize,0.9704
furthermore,0.9701
effectively,0.9727
specific,0.9773
method effectively,0.9706
module,0.9760
method several,0.9744
utilize,0.9766
model allowed,0.9704
task,0.9732
general model several,0.9710
meta,0.9766
classic,0.9710
task popular,0.9701
system,0.9714
useful,0.9749
model,0.9710
method metal,0.9711
training,0.9706
method,0.9793
general model,0.9804
domain learning,0.9812
learning method metal,0.9715
learning method,0.9746
processing,0.9724
system,0.9731
model,0.9760
reviewer need,0.9720
processing,0.9798
system,0.9714
technique transform,0.9730
model,0.9710
process,0.9719
training,0.9706
using,0.9718
crucial,0.9753
transform,0.9777
screening,0.9785
natural,0.9713
processing model,0.9721
processing model,0.9777
technique model,0.9739
pre technique model,0.9732
technique transform,0.9707
technique model,0.9737
pre technique model,0.9712
pattern,0.9725
model,0.9760
forecast metal,0.9715
based,0.9711
combining forecast metal,0.9705
approach combining,0.9721
sophisticated,0.9718
multiple,0.9713
combining,0.9738
technique enable,0.9706
pattern,0.9783
regression,1.0000
model,0.9710
memory,0.9722
problem,0.9702
problem demonstrating,0.9716
compared,0.9725
approach,0.9710
method combining,0.9744
typical approach,0.9720
method,0.9793
incorporating,0.9746
based,0.9740
combining forecast metal,0.9708
typically,0.9702
task,0.9709
model,0.9760
performance hand rule,0.9712
rule however,0.9707
cap,0.9716
method typically,0.9738
rule,0.9740
fixed,0.9705
typically,0.9705
initial,0.9701
task,0.9732
model,0.9710
framework,0.9755
training,0.9706
method reduce,0.9708
problem,0.9702
size,0.9700
problem cv,0.9746
capability,0.9705
experiment,0.9701
inference,0.9787
setting,0.9718
synthetic,0.9750
method,0.9793
traveling,0.9727
effectiveness method,0.9733
classification,1.0000
processing,0.9724
distance,0.9712
particularly involving threat,0.9717
based,0.9711
pattern,0.9725
data containing,0.9715
system,0.9731
model,0.9760
comparison,0.9779
neural,0.9757
frequency,0.9763
processing,0.9798
victim,0.9720
spectrum,0.9736
distance,0.9723
approach,0.9710
using,0.9718
experiment,0.9701
system discrete,0.9722
significant,0.9708
input,0.9716
based,0.9740
involving,0.9712
pattern,0.9783
trauma,0.9728
meta,0.9766
allowing,0.9746
analysis,0.9723
transforms,0.9769
particularly,0.9703
system,0.9714
investigation,0.9721
model,0.9710
extraction,0.9750
comparison,0.9816
transform,0.9777
classification,1.0000
processing,0.9724
requirement,0.9703
system,0.9731
bias,0.9723
task,0.9709
model however,0.9706
model,0.9760
classification task,0.9741
ability,0.9706
based,0.9711
processing,0.9798
requirement,0.9742
system,0.9714
bias,0.9780
task,0.9732
model however,0.9703
model,0.9710
generic multi,0.9745
using bench,0.9722
framework,0.9755
data cub,0.9726
degradation,0.9718
fusion,0.9739
labeled,0.9759
fusion learning,0.9717
using,0.9718
gem,0.9702
multi,0.9774
meta,0.9766
information large,0.9714
transform,0.9777
analysis,0.9723
fusion cross,0.9731
based,0.9740
natural,0.9713
state model,0.9703
state model,0.9813
data learning,0.9768
cross learning,0.9846
learning task,1.0000
performance across,0.9714
requirement,0.9703
based,0.9711
task,0.9709
ability,0.9706
system,0.9731
task historical,0.9752
condition,0.9700
framework,0.9755
problem,0.9702
experiment,0.9701
performance across,0.9719
reaction,0.9724
requirement,0.9742
diverse,0.9721
application,0.9766
based,0.9740
market,0.9717
task,0.9732
compared,0.9725
bloom,0.9714
meta,0.9766
multiple,0.9713
system,0.9714
task historical,0.9730
solution,0.9740
fundamental,0.9742
reinforcement,0.9727
proper,0.9716
multi,0.9774
method,0.9793
system maximize,0.9705
meta learning,1.0000
novel meta learning,0.9764
factor,0.9727
based,0.9711
system,0.9731
model,0.9760
method term,0.9705
residual,0.9764
framework,0.9755
factor,0.9740
problem,0.9702
significantly,0.9725
system general,0.9705
adjusting,0.9748
simulation,0.9750
prediction,0.9808
characteristic,0.9725
process,0.9719
based,0.9740
integrated,0.9716
model integrated,0.9707
automated,0.9730
system,0.9714
model,0.9710
weight,0.9702
multi,0.9774
method,0.9793
method term,0.9789
method term model,0.9740
term model,0.9733
unknown environment model,0.9750
method term model,0.9791
multi model,0.9798
learning model,0.9744
environment model,0.9834
term model,0.9840
process learning,0.9825
multi learning,0.9757
feature utmost need,0.9706
per feature ranking,0.9753
des without testing,0.9700
based,0.9711
important feature ranked,0.9721
model,0.9760
testing,0.9720
proficient,0.9718
structural,0.9775
approach,0.9710
using,0.9718
experimentation,0.9749
importance,0.9708
important,0.9712
based,0.9740
significance,0.9727
meta,0.9766
behavior,0.9766
compound using,0.9710
model,0.9710
testing,0.9763
quantitative,0.9735
learning model,0.9744
consensus model,0.9735
meta learning,1.0000
learning task,1.0000
task,0.9709
leverage,0.9704
based,0.9711
framework leverage,0.9723
task,0.9732
theoretically,0.9733
framework,0.9755
problem,0.9702
sequence,0.9712
reinforcement,0.9727
empirical,0.9751
meta,0.9766
setting,0.9718
method,0.9793
observation,0.9740
leverage,0.9770
application,0.9766
based,0.9740
based,0.9711
data across,0.9724
model,0.9760
data across end,0.9705
device,0.9735
method aug label,0.9728
data highly,0.9715
transfer,0.9737
degradation,0.9718
approach,0.9710
significantly,0.9725
utilizing marginal,0.9748
integration di,0.9761
minimal,0.9707
demonstrates,0.9703
unique method aug,0.9740
integration,0.9721
furthermore,0.9701
furthermore study,0.9718
adoption,0.9702
demand,0.9708
application,0.9766
based,0.9740
utilizing,0.9730
fusion,0.9739
model,0.9710
algorithm offer,0.9705
solution,0.9740
methodology utilizing marginal,0.9721
groundbreaking,0.9752
data mad,0.9725
method,0.9793
solution model,0.9863
prior solution model,0.9736
transfer learning,0.9757
sk data approach,0.9720
pattern,0.9725
model,0.9760
specific,0.9720
pattern,0.9783
model,0.9710
merging,0.9731
framework,0.9755
training,0.9706
solution,0.9740
problem,0.9702
sampling,0.9746
compared,0.9725
approach,0.9710
reinforcement,0.9727
significantly,0.9725
solution specific,0.9703
experiment,0.9701
meta,0.9766
request,0.9710
specific,0.9773
intuitive,0.9753
method,0.9793
local model,0.9732
including tasks,0.9732
ability,0.9706
based,0.9711
analyze,0.9748
gibbs,0.9701
joint,0.9700
framework,0.9755
training,0.9706
joint meta,0.9707
dependence,0.9742
parameter including,0.9705
meta,0.9766
algorithm term,0.9734
sy,0.9717
based,0.9740
meta general,0.9700
bound learning,0.9798
meta learning,1.0000
learning task,1.0000
data learning task,0.9700
classification,1.0000
explanation,0.9728
specific,0.9720
task,0.9709
system,0.9731
model,0.9760
testing,0.9720
task paper,0.9708
problem,0.9702
effective approach,0.9711
approach,0.9710
empirical,0.9751
explanation,0.9754
process,0.9719
furthermore,0.9701
studied classification,0.9715
suitable explanation,0.9723
specific,0.9773
reducing,0.9707
task,0.9732
regression,1.0000
compared,0.9725
labeled,0.9759
suitable,0.9746
analysis,0.9723
thus enhancing,0.9707
scala,0.9734
system,0.9714
model,0.9710
testing,0.9763
method,0.9793
enabling,0.9755
ensemble model,0.9710
ensemble model,0.9765
data learning,0.9768
learning method,0.9746
problem limited research,0.9710
classification,1.0000
bias,0.9723
bias caused,0.9700
model unfair,0.9725
data taking,0.9756
category conventional,0.9751
model leverage,0.9770
category,0.9777
based,0.9711
task,0.9709
among age,0.9733
model,0.9760
condition,0.9700
leverage,0.9704
aging,0.9706
paradigm,0.9754
bias,0.9780
bias caused,0.9724
log develops,0.9739
approach,0.9710
model unfair,0.9756
data taking,0.9720
category conventional,0.9725
constrained,0.9744
initial,0.9701
model leverage,0.9775
category,0.9753
based,0.9740
task,0.9732
regression,1.0000
facial,0.9740
compared,0.9725
meta,0.9766
analysis,0.9723
multiple,0.9713
measurement,0.9807
model,0.9710
elaborate,0.9718
training,0.9706
intervention,0.9727
method,0.9793
leverage,0.9770
method achieve,0.9722
paradigm exceeds,0.9712
meta learning,1.0000
estimation learning,0.9704
however process dramatically,0.9709
specific,0.9720
task,0.9709
system,0.9731
leverage,0.9704
framework,0.9755
process dramatically,0.9714
size,0.9700
empirical,0.9751
using,0.9718
prediction,0.9808
process,0.9719
however process dramatically,0.9727
specific relation devi,0.9700
specific,0.9773
prediction metal,0.9737
task,0.9732
neighbor,0.9701
meta,0.9766
different relation paper,0.9715
system,0.9714
semantic,0.9805
method,0.9793
leverage,0.9770
method achieve,0.9722
relations feature,0.9739
method learning,0.9784
system,0.9731
task,0.9709
model,0.9760
based,0.9711
system,0.9714
task,0.9732
regression,1.0000
model,0.9710
framework,0.9755
training,0.9706
transfer,0.9737
labeled,0.9759
furthermore,0.9701
approach,0.9710
kernel,0.9734
compare,0.9728
method,0.9793
analysis,0.9723
based,0.9740
data learning,0.9768
transfer learning,0.9757
goal learning,0.9809
task goal learning,0.9705
kernel learning,0.9773
learning sensor task,0.9739
processing,0.9724
vis adaptation,0.9722
functional,0.9752
crucial multi vis,0.9719
pattern,0.9725
task,0.9709
inverted study,0.9764
importantly,0.9706
ability,0.9706
task remains,0.9703
neural,0.9757
structural,0.9775
vis rotation,0.9722
processing,0.9798
using,0.9718
experiment,0.9701
vis adaptation,0.9756
crucial,0.9753
derived structural,0.9705
imaging,0.9774
functional,0.9785
performance using,0.9717
crucial multi,0.9708
suggests,0.9712
crucial multi vis,0.9702
focused,0.9710
mechanism,0.9777
magnetic,0.9718
rigorous distinguish,0.9741
suggesting,0.9741
pattern,0.9783
task,0.9732
rotation,0.9785
movement,0.9751
inverted study,0.9749
vis adaptation multi,0.9724
importantly,0.9740
notably,0.9708
context,0.9710
analysis,0.9723
dependency,0.9802
rigorous,0.9746
derived,0.9719
multiple,0.9713
stimulation,0.9711
inverted,0.9734
stem,0.9722
sensor,0.9742
encoding,0.9757
distinguish,0.9732
cortex,0.9787
data focused,0.9735
multi,0.9774
similarity,0.9746
resonance,0.9718
efficiency learning,0.9770
structural learning,0.9791
performance using,0.9701
classification,1.0000
model second,0.9756
performance due,0.9747
based,0.9711
due im data,0.9735
system,0.9731
model,0.9760
comparison,0.9779
identifying,0.9714
model second,0.9730
boost,0.9739
approach,0.9710
implementing,0.9724
imaging,0.9774
experimentation,0.9749
prediction,0.9808
model furthermore,0.9746
furthermore,0.9701
significant,0.9708
dense,0.9733
based,0.9740
weighted,0.9760
utilizing,0.9730
fusion,0.9739
method including,0.9733
overcome,0.9707
multiple,0.9713
system,0.9714
architecture including v,0.9702
model,0.9710
training,0.9706
diagnosis,0.9738
comparison,0.9816
method,0.9793
model fu,0.9713
identifying,0.9724
learning model,0.9744
deep learning model,0.9706
baseline model,0.9820
multiple baseline model,0.9720
image deep learning,0.9717
fusion method,0.9733
classification,1.0000
classification task,0.9741
based,0.9711
task,0.9709
model reaching,0.9740
classify,0.9730
model,0.9760
constraint metal,0.9703
testing,0.9720
leverage,0.9704
analyzed,0.9709
batch,0.9702
framework,0.9755
significantly,0.9725
experiment,0.9701
initial,0.9701
model conduct,0.9741
effectively,0.9727
setting,0.9718
method effectively,0.9706
based,0.9740
lever,0.9737
method classify,0.9774
task,0.9732
neighbor,0.9701
method leverage,0.9748
analysis,0.9723
model reaching,0.9743
classify,0.9775
model,0.9710
training,0.9706
ao leverage batch,0.9710
solution,0.9740
leverage batch,0.9724
testing,0.9763
method,0.9793
leverage,0.9770
analyzed,0.9764
method achieve,0.9722
metric model,0.9721
efficiency learning,0.9770
feature learning,0.9733
performance model,0.9717
learning method,0.9746
typically,0.9702
task,0.9709
model,0.9760
task however,0.9701
spat representation across,0.9739
scar model,0.9716
neural,0.9757
model spat,0.9750
approach address,0.9718
utilize,0.9766
typically,0.9705
task,0.9732
prediction,0.9808
utilize cross,0.9724
model,0.9710
training,0.9706
furthermore,0.9701
deep neural,0.9743
approach,0.9710
experiment,0.9701
model fail utilize,0.9707
meta,0.9766
method,0.9793
data scar model,0.9709
data scar model,0.9782
spat predict model,0.9710
forecast learning,0.9752
prediction method,0.9710
functionality,0.9757
rule paper,0.9713
coding,0.9744
style main,0.9723
preference,0.9754
system,0.9731
model,0.9760
style,0.9725
leverage,0.9704
rule,0.9740
transfer,0.9737
facilitate,0.9725
project,0.9737
approach,0.9710
experiment,0.9701
comprehension,0.9732
functionality,0.9764
aspect,0.9724
coding,0.9793
capability,0.9705
directly,0.9718
capture,0.9703
transformation,0.9793
idea leverage,0.9716
style main,0.9741
supervision,0.9727
metal implemented,0.9721
retrieval,0.9759
generation,0.9730
requires,0.9727
transferring,0.9727
preference,0.9708
system,0.9714
model,0.9710
model metal implemented,0.9709
style,0.9734
retrieve,0.9733
method,0.9793
leverage,0.9770
processing,0.9724
task specific,0.9750
advantage proposed,0.9724
specific,0.9720
based,0.9711
task,0.9709
ability,0.9706
due task specific,0.9715
advantage,0.9712
processing,0.9798
problem traditionally,0.9751
problem,0.9702
approach,0.9710
using,0.9718
based metal,0.9717
basis,0.9776
process,0.9719
task specific,0.9724
advantage proposed,0.9706
specific,0.9773
difficult,0.9709
input,0.9716
based,0.9740
task,0.9732
resulting,0.9707
meta,0.9766
method lesser,0.9729
due task specific,0.9701
understanding,0.9711
semantic,0.9805
multi,0.9774
extraction,0.9750
method,0.9793
specific,0.9720
located area goal,0.9718
task,0.9709
typically,0.9702
system,0.9731
model,0.9760
condition,0.9700
problem ground,0.9711
framework,0.9755
problem,0.9702
approach,0.9710
initial,0.9701
specific,0.9773
task,0.9732
instead training,0.9709
compared,0.9725
meta,0.9766
requires,0.9727
however approach,0.9701
typically,0.9705
system,0.9714
vary,0.9752
model,0.9710
training,0.9706
descent,0.9731
solution,0.9740
reinforcement,0.9727
solution specific,0.9703
method,0.9793
method model,0.9716
method model,0.9801
area tasks model,0.9720
training tasks model,0.9718
method learning,0.9784
meta learning,1.0000
gradient method,0.9721
model,0.9760
type,0.9710
specific,0.9720
leverage,0.9704
neural,0.9757
switching,0.9720
requiring,0.9733
introduces paradigm,0.9701
paradigm,0.9754
problem ordinary,0.9711
model,0.9710
weight,0.9702
training,0.9706
solution,0.9740
problem,0.9702
diversified,0.9700
capability,0.9705
using,0.9718
solution specific,0.9703
inference,0.9787
type,0.9749
specific,0.9773
paper introduces paradigm,0.9737
corresponding,0.9714
rather solution,0.9717
method,0.9793
leverage,0.9770
general learning,0.9729
operator learning,0.9803
