Word,Similarity,yesno
knowledge task,0.9709,0
learning task,1,1
examining,0.9738,0
task suggesting,0.9707,0
terminology,0.9729,0
idea using,0.9709,0
method highs,0.9703,0
across methodology,0.9704,0
circumstance small observation,0.9723,0
issue forgetting,0.9701,0
issue using,0.9737,0
recommendation,0.97,1
classification task,0.9741,1
comparison within,0.9726,0
large data proposed,0.9704,0
di scale organized,0.9713,0
due data,0.9751,0
issue along suggested,0.9708,0
bias,0.9723,0
especially large,0.9704,0
integration monte,0.971,0
concerning spec challenge,0.9736,0
including way,0.9705,0
category conducted proposed,0.973,0
model us prior,0.9731,0
signature using,0.9718,0
irs step,0.9705,0
conclusion,0.9713,0
particularly learning,0.9725,0
recognition competition,0.9705,0
algorithm despite,0.971,0
due ability utilize,0.9706,0
model pathway,0.9703,0
within hierarchical bay,0.9714,0
classify,0.973,0
model concentrate,0.9705,0
research addressed issue,0.9715,0
stat novel,0.9708,0
condition,0.97,0
model incorporating,0.9744,0
network called,0.9744,0
module,0.9702,0
performance due,0.9747,0
model need,0.9727,0
illustrates mechanism signifies,0.9753,0
factor,0.9727,0
phase,0.9702,0
comparison,0.9779,0
proposed comprehend strategy,0.9701,0
additionally numerical,0.973,0
test set,0.9724,0
requirement,0.9703,0
despite advancement issue,0.9717,0
conditioning,0.9716,0
model leverage,0.977,0
model ri,0.9723,0
advantage metal,0.9712,0
overall model,0.9719,0
forgetting result,0.9758,0
forget intra distribution,0.9703,0
data containing,0.9715,0
task suggests,0.9717,0
data divided overlapping,0.9706,0
model called,0.9707,0
task including,0.9711,0
output across,0.9702,0
processing,0.9724,0
goal scale,0.9724,0
focusing developing,0.9705,0
model,0.976,0
spec requiring method,0.971,0
behind diagnostic recommendation,0.9705,0
comparison leading,0.9709,0
performance split argued,0.9704,0
due focus,0.9704,0
data comprised,0.9706,0
research addressed,0.9704,0
fig streamlined work,0.9706,0
gap,0.9707,0
classification,1,1
previous step word,0.9701,0
data called,0.9718,0
calculation,0.975,0
distance last,0.9736,0
tackled problem,0.972,0
tuning,0.9728,0
based,0.9711,0
category lp comprised,0.9742,0
requiring method disc,0.9701,0
task directly considering,0.9701,0
symmetry,0.9719,0
hierarchical bay,0.971,0
class regarding,0.9724,0
em comparison,0.9743,0
large data tested,0.9712,0
system,0.9731,0
craving large data,0.9719,0
task incorporating,0.9752,0
adjustment,0.9736,0
model considered,0.9717,0
model termed,0.9737,0
advantage,0.9712,0
performance class,0.9713,0
addressing,0.9701,0
data novel,0.9734,0
model able,0.9731,0
method highs decision,0.9708,0
model focus,0.9732,0
limit,0.9728,0
leverage,0.9704,0
task figure,0.9733,0
testing,0.972,0
additionally employing model,0.9703,0
subject single,0.972,0
balancing,0.9712,0
task addressing,0.9704,0
however practice di,0.9718,0
application across,0.9747,0
method disc,0.9729,0
direct comparison,0.9705,0
guidance,0.9728,0
typically,0.9702,0
information coupled,0.9717,0
cross performance,0.9734,0
distance,0.9712,0
model focusing,0.9754,0
based proximity,0.9726,0
category,0.9777,0
layer extended,0.9712,0
method broader,0.9703,0
model inner,0.9715,0
overview weight,0.9727,0
spec task scratch,0.9712,0
model initiated,0.9746,0
learning across di,0.9712,0
targeted ones,0.9703,0
categorized scope metal,0.9711,0
weighted sentence,0.9721,0
task following,0.9703,0
leverage previous,0.9728,0
ability,0.9706,0
without requiring training,0.9722,0
data divided,0.9716,0
performance across di,0.9711,0
grouping,0.9782,0
system metal,0.9719,0
category accordingly,0.9717,0
performance across,0.9714,0
pattern,0.9725,0
measuring,0.9721,0
network weight,0.971,0
method valuable,0.9712,0
due complexity,0.9706,0
overview cutting study,0.9705,0
pathway,0.9726,0
category conducted,0.9716,0
subject,0.9709,0
model particularly,0.9731,0
explanation,0.9728,0
feeding stat prototype,0.9701,0
scar distinctive feature,0.9703,0
task,0.9709,0
culminating classification,0.9756,0
belief,0.9723,0
stat novel extension,0.9711,0
model typical,0.972,0
task numerical,0.9751,0
position,0.9711,0
semantic,0.9805,0
paradigm model leverage,0.9717,0
combination hardest,0.9701,0
examining,0.9744,0
hardest,0.9706,0
prediction metal,0.9737,0
gel,0.9727,0
pivotal,0.9733,0
suitable,0.9746,0
discussion,0.9704,0
ep training paradigm,0.9711,0
theoretically,0.9733,0
scaling,0.9777,0
terminology,0.9807,0
method ranging,0.9746,0
metal integrating explain,0.97,0
consequently enhancement,0.9721,0
idea using,0.9746,0
decline,0.9717,0
capture,0.9703,0
integration mc,0.9751,0
method highs,0.9748,0
method transition,0.9781,0
opt combining,0.9713,0
method quite,0.9747,0
across methodology,0.9705,0
approach,0.971,0
issue forgetting,0.9719,0
process called,0.9737,0
limitation,0.9726,0
extended proto,0.9714,0
prediction,0.9808,0
issue using,0.9702,0
recommendation,0.9744,1
rule,0.974,0
flow,0.9768,0
comparison within,0.973,0
utilizing neural,0.9723,0
interest,0.973,0
transferring,0.9727,0
survey metal,0.9717,0
large data proposed,0.9702,0
critical characteristic,0.9736,0
encompass,0.97,0
di scale organized,0.9722,0
method generally,0.9709,0
compare,0.9728,0
spec requirement,0.9751,0
model moreover,0.9721,0
spec read,0.9731,0
demonstrates,0.9703,0
opt standard,0.9703,0
approach address,0.9718,0
bias,0.978,0
importance,0.9708,0
integration monte,0.977,0
tri,0.972,0
setting compared,0.9715,0
data di,0.9734,0
signature using,0.9706,0
evaluation bench,0.973,0
cf predict label,0.9752,0
cycle,0.9724,0
data metal,0.975,0
irs step,0.9709,0
method,0.9793,0
similarly introduced,0.97,0
tune,0.9714,0
incorporate,0.9737,0
require,0.9728,0
examining spec,0.9711,0
alphabet,0.975,0
module basically,0.9718,0
boundary,0.9711,0
particularly learning,0.9726,0
algorithm despite,0.9702,0
principle,0.9763,0
connected,0.9702,0
evident,0.9754,0
specialized,0.9739,0
distinctive,0.9731,0
precision,0.9771,0
task transfer,0.9717,0
model pathway,0.9723,0
like concept activation,0.97,0
model able distinguish,0.9715,0
intuitive,0.9753,0
symmetrical,0.975,0
comparable,0.9719,0
tool,0.9715,
cutting,0.9773,0
calculation argued,0.9718,0
empirical,0.9751,0
classify,0.9775,0
concept activation,0.9725,0
delay,0.9707,0
model concentrate,0.9729,0
suggesting,0.9741,0
idea motivated,0.9733,0
energy,0.9705,0
accordingly paper,0.9707,0
model incorporating,0.9767,0
contrasting,0.975,0
substantially,0.9701,0
predicted,0.9713,0
requiring,0.9733,0
multi,0.9774,0
comparing cutting,0.971,0
task incorporating spatial,0.9701,0
module,0.976,0
data necessity,0.9761,0
investigation,0.9721,0
module di,0.9723,0
hyper,0.9739,0
survey,0.9702,0
model need,0.9766,0
phase alleviate di,0.9712,0
ama res memory,0.9715,0
transition,0.981,0
comparing,0.9738,0
coupling,0.9795,0
focused,0.971,0
method primarily,0.9752,0
dimensional,0.9783,0
factor,0.974,0
suggested,0.9718,0
allowing,0.9746,0
phase,0.9749,0
standard,0.9735,0
comparison,0.9816,0
novel model learn,0.9701,0
cutting transform,0.9716,0
technique suggested,0.9705,0
using,0.9718,0
compared,0.9725,0
varies,0.9721,0
diagnostic,0.9707,0
rather content,0.9703,0
decision additionally employing,0.9709,
method metal,0.9711,0
model diverse,0.9713,0
method crucial,0.9752,0
additionally numerical,0.9726,0
based prediction,0.974,0
memory metal,0.9704,0
capability,0.9705,0
knowledge related,0.9712,0
aspect category,0.9726,0
attributed ability leverage,0.9702,0
requirement,0.9742,0
extraction,0.975,0
enabling,0.9755,0
notably uncertainty,0.9713,0
method called,0.9706,0
wing explain,0.9707,0
automated,0.973,0
seeking,0.9702,0
conditioning,0.9747,0
model leverage,0.9775,0
model ri,0.9742,0
performance bench,0.9716,0
vary,0.9752,0
biased,0.9763,0
analysis intent,0.9735,0
novel extension,0.973,0
emphasis,0.9761,0
transition simple,0.9721,0
strategy argued,0.971,0
forgetting result,0.9725,
catastrophic,0.9715,0
outline,0.9738,0
suggestion,0.9767,0
method method broader,0.9736,0
feature vector late,0.9714,0
batch,0.9702,0
instead using,0.9707,0
crucial,0.9753,0
label limitation,0.9707,0
descent,0.9731,0
core,0.9722,0
cascade,0.9727,0
mechanism focus,0.9744,0
model con,0.9748,0
instead con layer,0.9718,0
dime,0.9715,
reinforcement,0.9727,0
visually,0.9701,0
model called,0.9737,0
useful multi,0.9711,0
output across,0.9706,0
processing,0.9798,0
vector explain,0.9725,0
simple word neural,0.9706,0
problem proto,0.9763,0
theory used,0.9701,0
term siam,0.9719,0
certain,0.9732,0
large data mini,0.9709,0
model,0.971,0
commonly,0.973,0
initial method like,0.9707,0
combining,0.9738,0
application,0.9766,0
mechanism focusing,0.9724,0
concept employed,0.9739,0
integrating explain,0.9742,0
spec requiring method,0.9753,0
shifting,0.9711,0
predicted processing,0.9705,0
utilizing,0.973,0
vector utilized,0.9775,0
distinguish,0.9732,0
task important,0.9704,0
method figure,0.9712,0
initial,0.9701,0
comparison leading,0.9715,0
training,0.9706,0
tame,0.9722,0
resembles,0.9737,0
problem,0.9702,0
setting,0.9718,0
metal application across,0.973,0
weight,0.9702,0
adaptation domain,0.9702,0
due focus,0.9714,0
multiple,0.9713,0
inaccurate,0.9715,0
analyze,0.9748,0
di bird spec,0.97,0
instead con,0.97,0
research addressed,0.9706,0
characteristic,0.9725,0
labeled,0.9759,0
lower bound,0.9703,0
technique suggested wherein,0.9711,0
useful,0.9749,0
transform,0.9777,0
problem reviewed,0.9712,0
algorithm remarkable,0.9716,0
method like,0.9708,0
vector instead,0.972,0
closest,0.9706,0
similarity,0.9746,0
understanding,0.9711,0
model able detect,0.97,0
interfere,0.9704,0
pattern ku,0.9722,0
practice,0.9713,0
analysis,0.9723,0
categorized,0.9754,0
data called,0.9719,0
aspect,0.9724,0
method comprises,0.9726,0
characterized,0.9715,0
calculation,0.977,0
qin,0.9736,0
tuning,0.9731,0
based,0.974,0
mechanism substantially,0.9723,0
descent iteration believed,0.9702,0
model un,0.9716,0
mechanically,0.9713,0
encoding,0.9757,0
data combining,0.9746,0
data valuable,0.9709,0
approach quite,0.9714,0
context,0.971,0
symmetry,0.9764,0
data ml,0.974,0
hierarchical bay,0.9724,0
em comparison,0.9778,0
paradigm model,0.9716,0
proto threshold,0.9707,0
instead scala,0.9713,0
method progress,0.9748,0
evidenced application complex,0.9728,0
imitation,0.9726,0
termed,0.9753,0
weighted prototype,0.9766,0
instead individual,0.9714,0
including gin,0.971,0
naming,0.973,0
diagnostic metal,0.9713,0
due focus prediction,0.9726,0
system,0.9714,0
extract responsible,0.97,0
problem metal,0.9746,0
based weighted,0.9709,0
varied,0.9721,0
mechanism attention,0.9701,0
mechanism,0.9777,0
method proto,0.9778,0
architectural,0.9711,0
costly,0.9737,0
em vector utilized,0.9715,0
framework,0.9755,0
facilitate,0.9725,0
spec experience,0.973,0
consideration,0.9731,0
separation,0.975,0
method basically,0.9732,0
adjustment,0.9759,0
model considered,0.9738,0
cid,0.9704,0
data mini,0.9719,0
model termed,0.9769,0
minimal,0.9707,0
experiment,0.9701,0
model argued,0.9733,0
addressing,0.9752,0
method ac,0.9713,0
data novel,0.9745,0
novelty,0.9727,0
basically extract,0.9733,0
reader,0.9722,0
model able,0.9714,0
rus,0.9704,0
disagreement,0.9744,0
traditional contrast,0.9713,0
nu approach,0.9716,0
module combining,0.9728,0
model focus,0.9725,0
directly,0.9718,0
struggle,0.9716,0
training paradigm,0.9721,0
zen,0.9705,0
streamlined,0.9736,0
consolidated,0.9738,0
based normal,0.9735,0
limit,0.9739,0
leverage,0.977,0
program,0.9703,0
unrelated,0.9737,0
comparison siam,0.9711,0
task figure,0.9725,0
coupled,0.9755,0
sampling,0.9746,0
argument,0.9711,0
certain method stand,0.9713,0
basically combining proto,0.9704,0
employing km cluster,0.9722,0
due reliance method,0.9705,0
meta,0.9766,0
without extensive hyper,0.97,0
origin,0.9725,0
testing,0.9763,0
cross using,0.9708,0
important,0.9712,0
additionally employing model,0.9702,0
phase called,0.9701,0
observation,0.974,0
small data phase,0.9712,0
namely meta,0.9718,0
subject single,0.9722,0
paradigm balancing,0.9729,0
utilizing om bench,0.9709,0
balancing,0.9766,0
decision,0.9717,0
transformation,0.9793,0
showcase,0.9717,0
retrieve,0.9733,0
kernel,0.9734,0
task addressing,0.9704,0
however practice di,0.9715,0
multi data valuable,0.9721,0
split,0.9712,0
behavior,0.9766,0
em enhancing,0.9705,0
depending,0.9728,0
application across,0.9732,0
encoded,0.9701,0
essentially,0.9736,0
weighted,0.976,0
method disc,0.9754,0
direct comparison,0.9711,0
instead pre,0.9709,0
guidance,0.9744,0
typically,0.9705,0
bay model meta,0.9707,0
vision however,0.9715,0
di subject single,0.9732,0
gao,0.9705,0
operation,0.9725,0
reminiscent,0.9709,0
information coupled,0.9745,0
integration metal,0.9719,0
method crucial el,0.9714,0
learning paradigm,0.9745,0
preliminary terminology,0.972,0
harness,0.973,0
method multi,0.9735,0
integrating,0.9786,0
contrast,0.9753,0
process,0.9719,0
complementary,0.9778,0
memory,0.9722,0
generation,0.973,0
insight,0.9762,0
certain method,0.972,0
distance,0.9723,0
approached,0.9714,0
particularly,0.9703,0
model focusing,0.9744,0
problem principal,0.9719,0
tailored,0.9715,0
category,0.9753,0
incorporating,0.9746,0
layer extended,0.9727,0
based euclidean,0.9727,0
method broader,0.976,0
claimed,0.971,0
model inner,0.9761,0
method mini,0.9701,0
instead initial,0.9714,0
natural,0.9713,0
subtle,0.9719,0
cutting study,0.9705,0
overlapping,0.973,0
access spec,0.9714,0
spec task,0.972,0
pan,0.9727,0
integration,0.9721,0
incorporating neural,0.97,0
multi cross,0.971,0
notably,0.9708,0
network deter,0.9714,0
model initiated,0.9743,0
converting,0.9757,0
method recent,0.9783,0
inherently,0.9713,0
partition,0.9703,0
spec model,0.9703,0
throughout optimization,0.9727,0
considered,0.9732,0
typically rep,0.9703,0
conditioned,0.9709,0
focus,0.974,0
model arrive,0.9705,0
necessity,0.9718,0
scala,0.9734,0
input,0.9716,0
spec extension incorporates,0.9705,0
spec requiring,0.9714,0
weighted sentence,0.9732,0
compressed,0.9739,0
operating,0.9702,0
lever,0.9737,0
size,0.97,0
leverage previous,0.9703,0
connected layer,0.9707,0
sentiment,0.9714,0
due complexity cub,0.9727,0
infancy,0.9712,0
incorporating meta,0.9748,0
method spec,0.9782,0
paradigm,0.9754,0
neural,0.9757,0
interpreted,0.9716,0
information spec,0.9708,0
mechanism threshold,0.9712,0
grouping,0.9738,0
manipulation,0.9702,0
argument developed,0.9702,0
system metal,0.9732,0
demand,0.9708,0
data task metal,0.9728,0
performance argued,0.9708,0
diverse,0.9721,0
performance across,0.9719,0
quantitative,0.9735,0
pattern,0.9783,0
spec extension,0.9765,0
activation,0.9733,0
measuring,0.9738,0
spectrum,0.9736,0
metric model compete,0.9711,0
network weight,0.9747,0
culminating,0.9704,0
scar primary,0.9724,0
aspect rc,0.9727,0
method valuable,0.9794,0
approach di,0.9724,0
due complexity,0.9758,0
problem di,0.9751,0
transfer,0.9737,0
phase model initiated,0.9703,0
proto,0.9722,0
suggests,0.9712,0
movement,0.9751,0
data soft,0.9719,0
inner product scale,0.9712,0
proximity,0.9702,0
subject,0.976,0
sophisticated,0.9718,0
utilize,0.9766,0
layer called,0.9705,0
model particularly,0.9785,0
explanation,0.9754,0
feeding stat prototype,0.9719,0
inference,0.9787,0
task,0.9732,0
arguably,0.9759,0
regression,1,1
forgetting ieee,0.971,0
belief,0.9715,0
neural erin,0.9731,0
cycle termed,0.9719,0
phase word,0.9761,0
model typical,0.9719,0
deep neural,0.9743,0
producing,0.97,0
ex component la,0.9722,0
task numerical,0.9705,0
method bench,0.9776,0
pei,0.9706,0
paradigm meta,0.9731,0
data like,0.9703,0
based con recognition,0.9732,0
stat simple,0.9705,0
data ci,0.9723,0
utilizing om,0.972,0
tackled,0.9716,0
vector late,0.9766,0
mechanism simply,0.9714,0
tackle,0.9713,0
incorporating meta meta,0.9705,0
boost,0.9739,0
model decision,0.9717,0
resulting,0.9707,0
scale,0.9712,0
model meta,0.9711,0
class feature,0.9708,0
feature rc,0.9705,0
network learning,0.9773,0
performance name learning,0.9761,0
large group learning,0.9701,0
paradigm meta learning,0.9718,0
transfer learning,0.9757,1
step learning,0.9712,2
process learning,0.9825,0
concept meta learning,0.9843,2
idea learning,0.971,2
data learning,0.9768,2
concept learning,0.9879,2
capability learning,0.9799,2
meta learning,1,1
multi learning,0.9757,2
dynamic learning,0.9763,2
e learning,0.9723,0
key idea learning,0.9717,0
parameter learning,0.9767,2
method learning,0.9784,2
word learning,0.971,0
task learning,0.9801,2
form learning,0.9748,2
term learning,0.9706,2
gradient learning,0.979,0
