Word,Similarity,yesno
learning task,1,1
knowledge task,0.9709,1
task fed,0.9703,0
task note,0.9714,0
aggregate using,0.9716,0
importantly,0.9706,0
test set,0.9724,0
adjustment however,0.9725,0
task hui,0.9711,0
advantage,0.9712,0
however network readily,0.9702,0
category,0.9777,0
outer performance across,0.9704,0
task specific,0.975,0
classification,1,1
technique need,0.9713,0
fashion hence,0.97,0
factor,0.9727,0
module,0.9702,0
sect used,0.9705,0
relies special model,0.9762,0
despite advantage proto,0.9717,0
comparison single,0.9719,0
metal used training,0.9716,0
limit,0.9728,0
category provides,0.9718,0
model initial,0.9705,0
connecting,0.9706,0
non inner summary,0.9704,0
comparison may,0.9724,0
throughout adopt taxonomy,0.9721,0
suffer performance,0.9708,0
system,0.9731,0
conclusion,0.9713,0
testing,0.972,0
regret basic idea,0.9733,0
task diverse following,0.9723,0
classified,0.9715,0
ability,0.9706,0
opt see,0.971,0
structured follows,0.9718,0
era ability trained,0.9733,0
fig classification decision,0.9738,0
task including,0.9711,0
model towards,0.9748,0
section give,0.9713,0
task allowing,0.9725,0
reward trial,0.9708,0
multitude task,0.9722,2
task seen,0.9701,0
mitchell need bias,0.9718,0
context called,0.9703,0
significantly need,0.9712,0
meta using,0.9718,0
performance across di,0.9711,0
feedback,0.9738,0
comparison,0.9779,0
additionally proto,0.9702,0
position,0.9711,0
expected reward trial,0.9722,0
reflected training procedure,0.9719,0
task containing,0.9741,0
system leverage,0.9756,0
regulation,0.9747,0
model however,0.9706,0
adjustment,0.9736,0
phase,0.9702,0
based,0.9711,0
distance mini,0.9701,0
classification decision,0.9796,0
setting investigating,0.9706,0
category mentioned,0.9749,0
task consisting,0.975,0
task despite,0.9705,0
overview technique di,0.9705,0
label using,0.9716,0
leverage,0.9704,0
reader referred,0.9704,0
belief,0.9723,0
network using,0.9725,
prediction despite broad,0.9741,0
overall task,0.9728,0
specific,0.972,0
task,0.9709,0
respectively overview,0.9703,0
system curran,0.9715,0
kala minimize regret,0.9725,0
outer performance,0.9763,0
condition,0.97,0
performance across,0.9714,0
importantly label assumed,0.9705,0
despite advantage,0.9737,0
covered optimization metal,0.9701,0
respectively note,0.9706,0
due method improvement,0.9726,0
consequently performance,0.9752,0
pattern,0.9725,0
connection,0.9704,0
power,0.9723,0
based deep,0.9701,0
weakness,0.9721,0
terminology,0.9729,0
jurisdiction,0.971,0
evaluation require,0.9733,0
performance due,0.9747,0
task seen training,0.9724,0
type,0.971,0
bias,0.9723,0
skin les class,0.9718,0
prediction despite,0.9744,0
task consist,0.9733,0
model attempt,0.9768,0
gap,0.9707,0
classification task,0.9741,1
perspective,0.9721,0
typically,0.9702,0
choice,0.9764,0
classification intern,0.9779,0
advantage model,0.973,0
ale attention mechanism,0.9708,0
model,0.976,0
task used training,0.9734,0
classify,0.973,0
task summary,0.9714,0
across task consisting,0.9721,0
measuring,0.9721,0
requirement,0.9703,0
task outer metal,0.9709,0
conditioning,0.9716,0
ability follows,0.9716,0
category vin,0.9748,0
model third,0.9753,0
coding,0.9744,0
however top,0.9701,0
processing,0.9724,0
effectively split,0.9713,0
section taking,0.9759,0
distance,0.9712,0
task diverse,0.9709,0
network weight,0.971,0
gel,0.9727,0
similarity,0.9746,0
task fed,0.9711,0
topology,0.9721,0
multi,0.9774,0
corresponding,0.9714,0
technique opt,0.9746,0
resemblance,0.9726,0
importantly,0.974,0
incorporate,0.9737,0
sophisticated,0.9718,0
opt metal using,0.971,0
ph metal,0.9723,0
layer aug,0.9726,0
however input,0.9711,0
process single,0.9731,0
similarity siam,0.9745,0
deep neural,0.9743,0
buffer,0.9719,0
pursuit,0.9733,0
tolerance,0.9731,0
algorithm raj,0.9719,0
precise,0.972,0
metal procedure learn,0.9705,0
well reducing,0.9721,0
using,0.9718,0
split,0.9712,0
al related technique,0.9707,0
core,0.9722,0
category,0.9753,0
approach address,0.9718,0
grouped,0.9762,0
technique rely,0.9719,0
opt setting,0.971,0
malik,0.9705,0
shifting,0.9711,0
paradigm,0.9754,0
basel technique opt,0.9748,0
task specific,0.9724,0
inner opt additionally,0.9735,0
method,0.9793,0
instead training,0.9709,0
technique need,0.9714,0
initial,0.9701,0
approach however,0.9705,0
altered,0.9711,0
decimal,0.9736,0
fashion hence,0.9727,0
rule,0.974,0
application deep,0.971,0
per form nearest,0.9701,0
system ipa,0.9729,0
fact directly opt,0.9736,0
rule opt mali,0.9704,0
processed,0.9706,0
predicting,0.9774,0
contrast basel,0.9744,0
factor,0.974,0
decision,0.9717,0
module,0.976,0
vector nic,0.9721,0
al problem visual,0.9711,0
limiting,0.9755,0
effectively,0.9727,0
accord,0.9709,0
generally use,0.9709,0
technique domain,0.9716,0
reader,0.9722,0
limit,0.9739,0
per form low,0.9718,0
extraction,0.975,0
standard,0.9735,0
matching give,0.9724,0
modeled,0.9745,0
algorithm led,0.9726,0
input need,0.9706,0
since learning,0.9703,0
al exposing model,0.9732,0
dependence,0.9742,0
specifically proposed,0.9716,0
model initial,0.9726,0
based reinforcement,0.9724,0
rent neural,0.9713,0
plastic,0.9755,0
aspect,0.9724,0
problem,0.9702,0
connecting,0.9712,0
comparison may,0.975,0
sequence,0.9712,0
coincide,0.9709,0
throughout adopt taxonomy,0.9718,0
data bench,0.9717,0
however simpler,0.9701,0
burr,0.9701,0
al apply technique,0.9702,0
inaccurate,0.9715,0
system,0.9714,0
hyper,0.9739,0
producing,0.97,0
adjust,0.975,0
testing,0.9763,0
architectural,0.9711,0
phase learning,0.9707,0
vary,0.9752,0
biological plausible downs,0.9711,
embedded,0.9767,0
model proceeds,0.9728,0
weighted,0.976,0
regression ml metal,0.9765,0
derivative ignored,0.9746,0
pivotal,0.9733,0
model con,0.9748,0
transfer,0.9737,0
syn learning,0.9715,0
requires,0.9727,0
opt meta,0.9724,0
case reinforcement,0.9745,0
resulting,0.9707,0
approach scale,0.976,0
problem metal,0.9746,0
regime,0.9733,0
downs approach,0.9733,0
based rec,0.9731,0
broad sense limiting,0.9749,0
investigating,0.97,0
flow,0.9768,0
os conclusion rep,0.9702,0
defining,0.9702,0
contrast,0.9753,0
resembles,0.9737,0
observation,0.974,0
opt see,0.9707,0
fused,0.9737,0
approach,0.971,0
argument,0.9711,0
deep metal obtained,0.9703,0
instead sampling,0.9722,0
network rely,0.9703,0
res ti approach,0.9722,0
importantly developed,0.9703,0
scala,0.9734,0
method categorized,0.9706,0
sim similarity,0.9749,0
coherent,0.9733,0
insight,0.9762,0
activation,0.9733,0
era ability trained,0.9702,0
mold,0.9738,0
hence use,0.9725,0
absorbed,0.9725,0
nicely,0.9721,0
meta bench,0.9743,0
model towards,0.9729,0
fashion hence os,0.9707,0
fusion,0.9739,0
relation hui,0.9708,0
gao,0.9705,0
beneficial,0.9727,0
kala,0.9729,0
dense expo tia,0.9714,0
empirical,0.9751,0
easiest,0.9717,0
discussion,0.9704,0
facilitate,0.9725,0
principle,0.9763,0
j model initial,0.9707,0
allowing,0.9746,0
retrieve,0.9733,0
opt li,0.9717,0
sub contrast basel,0.9742,0
en model,0.9711,0
opt standard,0.9703,0
multitude task,0.9709,0
mach,0.9705,0
constrained,0.9744,0
task seen,0.9712,0
process,0.9719,0
yielding,0.9709,0
mitchell need bias,0.9712,0
context called,0.9724,0
algorithm guided,0.9716,0
meta using,0.9758,0
usage,0.972,0
task important,0.9704,0
idea generalized,0.9712,0
coupled,0.9755,0
behavior,0.9766,0
feedback,0.9779,0
basel approach,0.9716,0
opt basel,0.9725,0
comparison,0.9816,0
opt batch,0.9714,0
additionally proto,0.9706,0
interpretation,0.9723,0
however approach,0.9701,0
instead learning,0.9713,0
interval backbone,0.9756,0
fixed,0.9705,0
assumption,0.977,0
transition,0.981,0
memory,0.9722,0
however practice gradient,0.9705,0
fearing,0.9709,0
directly,0.9718,0
batch,0.9702,0
weight exploited presented,0.9708,0
task containing,0.971,0
framework,0.9755,0
tailored,0.9715,0
useful,0.9749,0
reaction,0.9724,0
concept proceeding,0.9711,0
fig relationship covered,0.9721,0
gan disadvantage,0.9712,0
mach learn,0.972,0
criterion,0.9747,0
combining,0.9738,0
system leverage,0.9738,0
also attempt,0.9712,0
rep learning trajectory,0.9731,0
opt di,0.9724,0
technique related,0.9705,0
size,0.97,0
opt however,0.9736,0
phase learned,0.9711,0
model however,0.9703,0
adjustment,0.9759,0
stimulated,0.9732,0
performance due method,0.971,0
phase,0.9749,0
based,0.974,0
computational however,0.972,0
scale,0.9712,0
input,0.9716,0
tier ci,0.9717,0
due simplicity,0.9701,0
process primarily,0.9759,0
technique related express,0.9733,0
obvious,0.9711,0
parameter basel,0.9719,0
infinite,0.9725,0
zen,0.9705,0
setting investigating,0.9705,0
licence,0.9701,0
opaque,0.9721,0
largest,0.9705,0
problem mann external,0.9706,0
gradient expression metal,0.9734,0
squared,0.9722,0
snail attention mechanism,0.9709,0
using principle,0.9714,0
opt lower,0.9701,0
summarized,0.9736,0
concluding,0.9707,0
label using,0.9701,0
kernel,0.9734,0
structured,0.9766,0
spec every,0.9722,0
snail applied supervised,0.9704,0
opt metal,0.9722,0
leverage,0.9769,0
encoded,0.9701,0
interacting,0.9739,0
contrast siam,0.9793,0
model technique despite,0.9727,0
suitable,0.9746,0
neural,0.9757,0
belief,0.9715,0
al note hyper,0.9705,0
alphabet,0.975,0
affect,0.9746,0
embedded using,0.9723,0
absorb,0.9701,0
carrier,0.9722,0
regression,1,0
compared,0.9725,0
case preserve,0.971,0
mechanism,0.9777,0
setting,0.9718,0
diverse,0.9721,0
idea predicting,0.9708,0
technique operate,0.9743,0
problematic,0.9768,0
system broader,0.9734,0
implying,0.9733,0
al application,0.9701,0
solution,0.974,0
investigating use,0.9716,0
though use,0.9714,0
network sub siam,0.9713,0
vis setting,0.9726,0
rely,0.9709,0
practice,0.9713,0
reducing,0.9707,0
weight,0.9702,0
procedure metal,0.9726,0
mechanism coupled,0.9733,0
furthermore,0.9701,0
pan,0.9727,0
notion,0.9753,0
vector wu,0.9753,0
labeled,0.9759,0
specific,0.9773,0
final layer,0.9717,0
task,0.9732,0
system curran,0.9753,0
opt exposed,0.9704,0
area machine,0.9745,0
outer performance,0.97,0
lever,0.9737,0
performance across,0.9719,0
crafted,0.9719,0
augmented deep,0.9722,0
model goal,0.9717,0
focus,0.974,0
tool,0.9715,0
circle,0.9721,0
predicted,0.9713,0
interval,0.9709,0
al linear su,0.9701,0
basel approach dubbed,0.9741,0
opt optimization,0.9709,0
understanding,0.9711,0
thus affect,0.9709,0
presumably,0.9715,0
rule opt,0.9717,0
cluster nicely,0.9713,0
clear technique model,0.9727,0
due method improvement,0.9753,0
approach dubbed,0.9759,0
pattern,0.9783,0
os conclusion,0.9722,0
conditioned,0.9709,0
upon idea siam,0.9729,0
basis,0.9776,0
lever prior,0.9713,0
meta called,0.9706,0
connection,0.9741,0
nodes,0.9701,0
problem meta,0.9725,0
investigation,0.9721,0
dependency,0.9802,0
meta,0.9766,0
al technique reinforcement,0.9736,0
diagnosis,0.9738,0
meta use largest,0.9717,0
dime,0.9715,0
based deep,0.9713,0
furthermore task,0.9705,0
stat trained,0.9708,0
md learning,0.9723,0
model technique restricted,0.9715,0
terminology,0.9807,0
case learning,0.9765,0
solution single,0.971,0
metal learning rule,0.973,0
jurisdiction,0.974,0
dense,0.9733,0
resulting em,0.9705,0
mi vector,0.9707,0
vector wu least,0.9723,0
require,0.9728,0
type,0.9749,0
partition,0.9703,0
multiple,0.9713,0
approach quite,0.9714,0
input using,0.9709,0
intuitive,0.9753,0
closest,0.9706,0
suggests,0.9712,0
proto,0.9722,0
bias,0.978,0
specifically prediction computed,0.971,0
meta opt trained,0.9725,0
setup,0.9754,0
test hyper basel,0.9731,0
instead scala,0.9713,0
using architecture evaluated,0.9708,0
sampling,0.9746,0
prediction despite,0.9718,0
mechanism focus,0.9744,0
architecture involved component,0.9727,0
depending,0.9728,0
instead individual,0.9714,0
categorized,0.9754,0
important,0.9712,0
demand,0.9708,0
transform,0.9777,0
task rag,0.9708,0
model attempt,0.9767,0
approach term,0.9777,0
method improvement,0.9729,0
rule contrast,0.9739,0
era deep,0.9704,0
opt additionally,0.9707,0
tune,0.9714,0
perspective,0.9766,0
manipulation,0.9702,0
instead distinct,0.9723,0
typically,0.9705,0
facilitated,0.9742,0
experiment,0.9701,0
degradation,0.9718,0
characterized,0.9715,0
resulting ones,0.9723,0
context,0.971,0
collapse,0.9735,0
importance,0.9708,0
soy,0.9718,0
compare,0.9728,0
response,0.9741,0
mechanism va,0.9744,0
horizon,0.9712,0
model,0.971,0
prediction,0.9808,0
comparing,0.9738,0
update correspond basel,0.9705,0
reinforcement,0.9727,0
dependent,0.976,0
validation,0.9739,0
holder,0.9701,0
sub siam,0.9712,0
dimensional,0.9783,0
classify,0.9775,0
exploited,0.9719,0
additionally input,0.9709,0
difficult,0.9709,0
meta used,0.9729,0
hidden layer,0.9719,0
key observation neural,0.9702,0
instead step,0.9716,0
pseudo,0.9712,0
specifically prediction,0.9754,0
input specific,0.9724,0
additionally finding,0.9706,0
technique underlying,0.9709,0
remark,0.9712,0
descent,0.9731,0
problem mann,0.9706,0
appealing,0.9745,0
etc simplicity,0.9729,0
inference,0.9787,0
per form well,0.9703,0
vis learning sl,0.9708,0
extend,0.9711,0
differentiate,0.9742,0
measuring,0.9738,0
tr due random,0.9742,0
flexible,0.9744,0
requirement,0.9742,0
remembered model technique,0.9736,0
instead pre,0.9709,0
survey,0.9702,0
biased,0.9763,0
suggested,0.9718,0
tri,0.972,0
significantly,0.9725,0
opt achieving,0.9721,0
conditioning,0.9747,0
instead tasks,0.9709,0
rec rent neural,0.9732,0
model third,0.9705,0
process summarized,0.9724,0
coding,0.9793,0
deep model,0.9718,0
application,0.9766,0
md case,0.9728,0
processing,0.9798,0
meta use,0.9724,0
resulting hui,0.9718,0
training,0.9706,0
section taking,0.9724,0
distance,0.9723,0
sy,0.9717,0
data metal,0.975,0
test specifically,0.9705,0
task diverse,0.9713,0
unable,0.9712,0
minimal,0.9707,0
approximation bay,0.972,0
task opt,0.9701,0
instead maxim,0.9709,0
overcome,0.9707,0
network weight,0.9747,0
enabling,0.9755,0
en system leverage,0.9727,0
alter,0.971,0
based particle,0.9709,0
adaptive levin,0.9737,0
granting,0.9706,0
rus,0.9704,0
capture,0.9703,0
class feature,0.9708,0
meta continual learning,0.9703,2
network learning,0.9773,2
h meta learning,0.9759,0
word learning,0.971,2
learning transfer,0.9728,0
data learning,0.9768,2
step learning,0.9712,2
state meta learning,0.9727,2
transfer learning,0.9757,1
metric learning,0.9741,2
meta x learning,0.9732,0
meta learning,1,1
self learning,0.9713,2
r meta learning,0.972,0
sense parameter learning,0.9711,2
visual rep learning,0.9739,2
multi learning,0.9757,2
set learning,0.9722,2
speed learning,0.9701,2
goal learning,0.9809,2
layer learning,0.9725,2
task learning,0.9801,2
inference learning,0.9788,2
parameter learning,0.9767,2
