Word,Similarity,yesno
learning introduction task,0.9743,2
standard classification,0.9764,0
system need,0.9725,0
following research question,0.9717,0
models,0.9742,0
automatic genus,0.9728,0
tuning,0.9728,0
system metal,0.9719,0
data employed,0.971,0
bias,0.9723,0
method recommendation,0.9734,0
although trend,0.9701,0
evaluation prominent,0.9726,0
system ranked,0.9749,0
metal system taking,0.9724,0
regarding method,0.9745,0
algorithm beside,0.9709,0
ability,0.9706,0
survey kn,0.9705,0
advantage using,0.9704,0
class selection however,0.9719,0
classification x,0.9721,0
structured follows,0.9718,0
similarly emphasis,0.9703,0
liz knowledge obtained,0.9703,0
classification ib,0.9739,0
expectation maxi performance,0.9701,0
gap,0.9707,0
selection classification,0.97,0
analyzed,0.9709,0
leverage,0.9704,0
categorized competitive term,0.9732,0
metric tough condition,0.9717,0
categorized competitive,0.9753,0
advantage,0.9712,0
data upon,0.9718,0
system beside,0.9711,0
classification task,0.9741,0
ordering,0.9738,0
identifying,0.9714,0
classification task prior,0.9751,0
perspective,0.9721,0
interface,0.9704,0
category,0.9777,0
among candi experiment,0.9715,0
performance classification,0.9774,0
landmark measure,0.9706,0
survey show,0.972,0
linking nearest,0.9709,0
task typical,0.9708,0
typically,0.9702,0
although relevant study,0.9709,0
classification,1,1
defined denotes classification,0.971,0
choice,0.9764,0
based rely distribution,0.9726,0
neighbor classification pat,0.9726,0
cluster approach,0.9702,0
data regarded,0.9714,0
candidate classification,0.975,0
preference,0.9754,0
data upon meta,0.9711,0
system first,0.9714,0
data hind rigorous,0.9705,0
factor,0.9727,0
model,0.976,0
module,0.9702,0
classification cal,0.9874,0
work compared,0.9714,0
classify,0.973,0
system contrary,0.972,0
specific,0.972,0
categorized top,0.9751,0
ex knowledge first,0.9701,0
task,0.9709,0
step involved construction,0.9715,0
selection recommendation,0.9717,0
ri particular task,0.9713,0
condition,0.97,0
selection presented,0.9701,0
comparison,0.9779,0
employed literature classification,0.9703,0
task depends,0.971,0
potentially mari table,0.9702,0
especially data fairly,0.9701,0
automatic genus ti,0.9752,0
task preferred,0.9742,0
system taking,0.9755,0
model initial,0.9705,0
metal system,0.9708,0
line regarding performance,0.9725,0
classification pat,0.9785,0
meta developing metal,0.9726,0
bias landmark considered,0.9752,0
alonso ph classification,0.9713,0
measuring,0.9721,0
paradigm called,0.9702,0
data represented,0.9704,0
requirement,0.9703,0
rq learning,0.972,0
pattern,0.9725,0
data characteristic,0.9703,0
using data,0.9714,0
classification al,0.9771,0
formulation novel,0.9704,0
method term,0.9705,0
system,0.9731,0
model selection,0.9707,0
conclusion,0.9713,0
automatic selection,0.9712,0
shown classification,0.9726,0
merit,0.9719,0
task however,0.9701,0
recommendation,0.97,1
classification ti,0.9802,0
testing,0.972,0
individual measure across,0.9721,0
recommended task,0.9748,1
weakness,0.9721,0
distance,0.9712,0
human factor,0.9718,0
phase,0.9702,0
based,0.9711,0
data identifying,0.9723,0
candidate classification al,0.9732,0
evaluation following,0.9735,0
especially data,0.972,0
recommended system,0.9734,1
performance class,0.9713,0
assessing sent classification,0.9792,0
type,0.971,0
kn neighbor training,0.9719,0
algorithm choice,0.9734,0
based ml,0.9712,0
data involves,0.9734,0
het employed meta,0.9709,0
multiple,0.9713,0
project,0.9737,0
models,0.9707,0
flex,0.9718,0
characteristic using,0.9719,0
automatic genus,0.9766,0
similarity,0.9746,0
integrated,0.9716,0
tuning,0.9731,0
system metal,0.9732,0
micro,0.9712,0
algorithm ml,0.9717,0
quantitative,0.9735,0
approach meta,0.9737,0
bias,0.978,0
method recommendation,0.9703,0
infinite,0.9725,0
metadata penal,0.9708,0
multi,0.9774,0
setup,0.9754,0
definition,0.975,0
flow,0.9768,0
ter figure rice,0.9724,0
largest,0.9705,0
due variation,0.9712,0
method famous,0.9739,0
problem contrary,0.9751,0
evaluation prominent,0.9743,0
metal system taking,0.9728,0
sampling,0.9746,0
corresponding,0.9714,0
moreover performance,0.9708,0
definition tough,0.9708,0
algorithm beside,0.97,0
system adopt,0.9751,0
neighbor,0.9701,0
particular,0.9707,0
method multi,0.9735,0
kn approach,0.9736,0
incorporating meta,0.9748,0
costly,0.9737,0
problem certain,0.9729,0
incorporate,0.9737,0
significance,0.9727,0
method nevertheless,0.9708,0
based meta,0.9718,0
steer,0.9713,0
categorized,0.9754,0
considered,0.9732,0
similarly emphasis,0.972,0
summarized,0.9736,0
important,0.9712,0
demand,0.9708,0
diversified,0.97,0
approach,0.971,0
selection metal,0.9726,0
liz knowledge obtained,0.9704,0
focused,0.971,0
collaboration,0.9731,0
se learning,0.9718,0
meta advantage,0.97,2
indication,0.9709,0
structured,0.9766,0
system meta,0.9744,0
based method al,0.9705,0
micro data,0.9706,2
analyzed,0.9764,0
leverage,0.9769,0
rigorous,0.9746,0
precise,0.972,0
specialized,0.9739,0
system beside,0.9705,0
model ob,0.9729,0
consideration,0.9731,0
selection ti,0.9735,0
standard diverse,0.9712,0
measure candi,0.9705,0
suggesting,0.9741,0
using,0.9718,0
tune,0.9714,0
ordering,0.9728,0
identifying,0.9724,0
suitable,0.9746,0
seminal model,0.9721,0
neural,0.9757,0
tackled,0.9716,0
generic multi,0.9745,0
emphasis,0.9761,0
core,0.9722,0
perspective,0.9766,0
interface,0.9765,0
prominent method,0.9746,0
manipulation,0.9702,0
problem specific,0.9736,0
category,0.9753,0
consequently lack,0.9702,0
grouped,0.9762,0
problem considered,0.9703,0
boundary,0.9711,0
incorporating,0.9746,0
landmark measure,0.972,1
algorithm bench,0.9708,0
affect,0.9746,0
typically,0.9705,0
paradigm,0.9754,0
candi research,0.9711,0
experiment,0.9701,0
regression,1,1
data like,0.9703,0
compared,0.9725,0
fusion,0.9739,0
dimensional includes,0.9718,0
meta generation,0.9704,2
visiting,0.97,0
using micro,0.9715,0
method,0.9793,0
algorithm nearest,0.9736,0
diverse,0.9721,0
complementary,0.9778,0
data dimensional,0.971,0
method prior,0.9704,0
context,0.971,0
theoretically,0.9733,0
based rely distribution,0.9724,0
method ac,0.9713,0
task whereas,0.9716,0
workshop,0.972,0
aging,0.9706,0
initial,0.9701,0
cluster approach,0.9758,0
empirical,0.9751,0
certain,0.9732,0
rule,0.974,0
se approach,0.9705,0
preference,0.9708,0
like prior,0.972,0
discussion,0.9704,0
ri approach,0.9747,0
fixed data however,0.9712,0
principle,0.9763,0
data upon meta,0.9713,0
importance,0.9708,0
experiment landmark,0.9743,0
rely,0.9709,0
theoretically analyzed,0.972,0
relatively,0.9704,0
compare,0.9728,0
problem employed,0.9702,0
predicting,0.9774,0
essence,0.9703,0
factor,0.974,0
problem enable,0.9704,0
decision,0.9717,0
furthermore,0.9701,0
evidence significance,0.9702,0
model,0.971,0
module,0.976,0
prediction,0.9808,0
method slightly,0.9707,0
comparing,0.9738,0
characteristic meta,0.9729,0
classification cal,0.9728,0
dependent,0.976,0
based rely,0.9709,0
mach,0.9705,0
validation,0.9739,0
accord,0.9709,0
process,0.9719,0
dimensional,0.9783,0
multi based ml,0.9704,0
similarly various,0.9711,0
classify,0.9775,0
system contrary,0.9741,0
package,0.9705,0
problem commonly,0.9721,0
labeled,0.9759,0
specific,0.9773,0
survey meta,0.9702,0
frequency,0.9763,0
significant,0.9708,0
difficult,0.9709,0
incorporating meta candi,0.9705,0
tackle,0.9713,0
data ne,0.9708,0
task,0.9732,0
analyze,0.9748,0
data able,0.972,0
method relating,0.9769,0
selection recommendation,0.9706,0
comparatively,0.9701,0
meta used,0.9729,0
data structural,0.9733,0
sal approach,0.9715,0
meta employed,0.9714,0
utilize,0.9766,0
lever,0.9737,0
extraction,0.975,0
standard,0.9735,0
using initially study,0.9701,0
like instance,0.9701,0
data multi,0.9733,0
rec figure,0.9717,0
loren,0.9722,0
inclusion,0.9707,0
technique identifying,0.9718,0
based ml ri,0.9703,0
seminal model based,0.9731,0
comparison,0.9816,0
focus,0.974,0
broad application machine,0.9728,0
holm procedure,0.9723,0
tool,0.9715,0
automatic genus ti,0.9701,0
task preferred,0.9715,0
structural,0.9775,0
system taking,0.9746,0
ratio meta,0.9745,0
predicted,0.9713,0
method based,0.9701,0
problem promising,0.9738,0
specific characteristic,0.9736,0
model initial,0.9726,0
metal system ing,0.9709,0
linking,0.9756,0
fixed,0.9705,0
analysis show,0.9716,0
bench however study,0.9702,0
problem,0.9702,0
commonly,0.973,0
method moreover,0.9701,0
method cal,0.9772,0
independently,0.9753,0
memory,0.9722,0
understanding,0.9711,0
method al,0.9716,0
method lit,0.9747,0
directly,0.9718,0
extend,0.9711,0
characteristic,0.9725,0
suitable selection,0.9735,0
measuring,0.9738,0
framework,0.9755,0
cid,0.9704,0
requirement,0.9742,0
method offer,0.9711,0
induction,0.9796,0
selection comb,0.9706,0
based notation,0.971,0
algorithm ml trained,0.9717,0
fold cross,0.9736,0
accordance,0.9729,0
survey,0.9702,0
problem fold,0.9782,0
test ri,0.9705,0
rq learning,0.9723,0
standalone,0.9713,0
useful,0.9749,0
interest,0.973,0
pattern,0.9783,0
data characteristic,0.978,0
methods,0.9794,0
based naive,0.9714,0
prediction single,0.9722,0
varies,0.9721,0
formulation novel,0.9743,0
method term,0.9789,0
system,0.9714,0
mach learn,0.972,0
criterion,0.9747,0
model selection,0.9766,0
data metal ml,0.9712,80
method largely,0.9767,0
properly,0.972,0
like rule based,0.9709,0
problem meta,0.9725,0
data anal,0.9702,0
hyper,0.9739,0
dependency,0.9802,0
analysis,0.9723,0
recommendation,0.9744,1
meta,0.9766,0
coverage,0.97,0
generation,0.973,0
like neural,0.9704,0
application,0.9766,0
sy methodology,0.9726,0
adjust,0.975,0
testing,0.9763,0
pinto,0.9709,0
size,0.97,0
problem fold cross,0.9746,0
meta categorized,0.9709,0
bas,0.9722,0
bias landmark,0.9711,0
ti problem,0.9752,0
boost,0.9739,0
vary,0.9752,0
recommended task,0.9703,1
meta regarding,0.9731,0
filter,0.978,0
training,0.9706,0
geometric,0.9713,0
dime,0.9715,0
problem regard,0.9702,0
meta related,0.9723,0
method survey,0.9732,0
distance,0.9723,0
limitation,0.9726,0
embedded,0.9767,0
transforming,0.9713,0
expert,0.9727,0
sy,0.9717,0
data metal,0.975,0
approach meta merit,0.9737,0
fold,0.9751,0
techniques,0.9762,0
method meta,0.9718,0
traveling,0.9727,0
based metal,0.9717,0
phase,0.9749,0
based,0.974,0
minimal,0.9707,0
motivation,0.9761,0
si multiple,0.9717,0
also paradigm,0.9719,0
algorithm latest,0.9723,0
transfer,0.9737,0
especially data,0.9734,0
based meta employed,0.9745,0
overcome,0.9707,0
framed,0.97,0
thus specialized,0.9719,0
meta organized,0.9734,2
lit,0.9725,0
characterization metal,0.9704,0
automated,0.973,0
specifically choice,0.97,0
input,0.9716,0
bas complexity,0.972,0
filtering,0.9771,0
requires,0.9727,0
type,0.9749,0
com posed method,0.9736,0
algorithm choice,0.9714,0
based ml,0.9714,0
lab,0.9714,0
problem metal,0.9746,0
capture,0.9703,0
rec transformed,0.9716,0
meta knowledge,1,1
construction meta database,0.9758,0
rec knowledge database,0.9708,0
meta database,0.9814,2
form meta database,0.9721,0
algorithm knowledge database,0.9843,2
recommendation knowledge database,0.9787,2
data meta database,0.9823,2
ratio meta database,0.9739,0
meta multiple,0.9711,0
data meta,0.9738,0
meta feature,0.9809,1
data meta feature,0.9756,2
meta learning,1,1
step meta learning,0.9795,2
self learning,0.9713,2
process meta learning,0.9729,0
concept learning,0.9879,2
result learning,0.9756,2
applied learning,0.9758,2
lazy learning,0.9718,2
based learning,0.9701,2
database learning,0.9799,2
process learning,0.9825,2
core concept learning,0.9728,2
metric learning,0.9741,2
competence learning,0.9772,2
meta process learning,0.9781,2
information learning,0.9783,2
multi learning,0.9757,2
mapping learning,0.9714,2
