Word,Similarity,yesno
learning method task,0.9781,2
data use,0.9704,0
test set,0.9724,0
knowledge ol directly,0.9731,0
supposed incorporate class,0.9705,0
advantage,0.9712,0
identifying,0.9714,0
classification add,0.9731,0
category,0.9777,0
task concept,0.9768,2
membership decided,0.9717,0
task specific,0.975,2
classification,1,1
divide training,0.9702,0
data split,0.9713,0
factor,0.9727,0
module,0.9702,0
model encoded,0.9737,0
belongs category,0.9715,0
limit,0.9728,0
al adopt framework,0.9702,0
though requirement,0.9701,0
system,0.9731,0
calculation,0.975,0
conclusion,0.9713,0
classification liang,0.9702,0
task see,0.9735,0
testing,0.972,0
task liu insufficient,0.9709,0
single task cross,0.9729,0
category genre,0.9739,0
method incorporating label,0.9705,0
experimental objective,0.9724,0
including advantage,0.9723,0
task known,0.9728,0
task divided based,0.9725,0
multi however effectiveness,0.9728,0
classified,0.9715,0
classification hu,0.9849,0
method balancing,0.9727,0
method divide training,0.9709,0
ability,0.9706,0
task following,0.9703,0
classification huang,0.9732,0
classification yao,0.977,0
fusion ignoring fact,0.9716,0
data across,0.9724,0
synth new data,0.9713,0
task evenly,0.9702,0
method divide,0.9721,0
model conditioned,0.9752,0
model recognize,0.9703,0
modification wan,0.9736,0
classification xi,0.9752,0
task despite success,0.9718,0
modification,0.971,0
comparison,0.9779,0
based cross,0.9714,0
classification rus,0.9784,0
explanation,0.9728,0
correction,0.9741,0
framework except,0.9705,0
genre,0.9775,0
data characteristic,0.9703,1
adapted task semantic,0.9707,0
notably advantage,0.9738,0
model first,0.9701,0
classification ju,0.9793,0
adjustment,0.9736,0
classification yu,0.9838,0
task involved optimization,0.9722,0
predict novel,0.9708,0
phase,0.9702,0
based,0.9711,0
task encoded,0.9708,0
method although,0.9716,0
modulation,0.9716,0
limitation meta model,0.9756,0
task despite,0.9705,0
however general ability,0.9725,0
classification liu,0.9819,0
category learned,0.9722,0
leverage,0.9704,0
task adopt,0.9722,0
model inner,0.9715,0
task cross,0.9736,0
class however,0.9733,0
evidence shown,0.9709,0
research supposed accompanied,0.9713,0
task evidenced due,0.9748,0
application large,0.9708,0
task although,0.9744,0
generalized across,0.9721,0
specific,0.972,0
concept labeled,0.9717,0
task,0.9709,0
investigation multi,0.9715,0
condition,0.97,0
framework major weakness,0.9716,0
rule detailed,0.9741,0
method realized,0.9707,0
among task,0.9723,0
task multiple,0.9707,0
comparison feed ding,0.97,0
due ability metal,0.9717,0
pattern,0.9725,0
particular model,0.9726,0
connection,0.9704,0
despite sampling requires,0.9733,0
power,0.9723,0
task pri,0.9705,0
balancing,0.9712,0
weakness,0.9721,0
task yao,0.9702,0
model tri,0.975,0
dime task training,0.9717,0
including advantage however,0.9714,0
type,0.971,0
bias,0.9723,0
task liu,0.9718,0
tom classify speech,0.9706,0
model requires,0.9724,0
gap,0.9707,0
aggregation head,0.9701,0
classification task,0.9741,1
including learning,0.9708,0
perspective,0.9721,0
including methodology,0.9712,0
performance condition,0.9738,0
based pairing,0.9707,0
model tri lots,0.9706,0
category including,0.9757,0
classification assumes,0.9713,0
nonetheless risk,0.97,0
typically,0.9702,0
choice,0.9764,0
task divided,0.973,0
task combination,0.9719,0
data based,0.9706,0
visual prototype,0.9701,0
model,0.976,0
integrated base,0.9717,0
classify,0.973,0
task aligned,0.9731,0
task involved,0.9728,0
model deter,0.97,0
limited factor,0.9733,0
measuring,0.9721,0
paradigm called,0.9702,0
requirement,0.9703,0
promising investigate siam,0.9701,0
due across mod,0.9701,0
visual ground,0.9701,0
task choice,0.9772,0
conditioning,0.9716,0
classification zhang,0.9775,0
data apart,0.9724,0
need aligned training,0.9702,0
processing,0.9724,0
divide training class,0.9731,0
distance,0.9712,0
influence,0.973,0
model region,0.9701,0
including task,0.9721,0
model due,0.9748,0
similarity,0.9746,0
multi,0.9774,0
survey discus,0.9701,0
corresponding,0.9714,0
highlighting,0.9733,0
mod specific,0.9719,0
due scala,0.9721,0
comparison measuring,0.9748,0
incorporate,0.9737,0
dime task,0.9719,0
knowledge ol directly,0.9711,0
tier https,0.9705,0
textual involved,0.9721,0
module im,0.9701,0
capability,0.9705,0
deep neural,0.9743,0
catastrophic,0.9715,0
method incorporating,0.9762,0
pursuit,0.9733,0
system ts,0.9702,0
customized,0.9778,0
consideration,0.9731,0
using,0.9718,0
method fe,0.9706,0
instead using,0.9707,0
split,0.9712,0
pairing,0.9722,0
identifying,0.9724,0
method focus,0.973,0
data modeled,0.9716,0
category,0.9753,0
task concept,0.9707,0
boundary,0.9711,0
task trained,0.9702,0
paradigm,0.9754,0
paradigm relevant,0.9712,0
task specific,0.9724,0
semantic,0.9805,0
method,0.9793,0
algorithm zhao,0.9737,0
alignment para,0.9718,0
initial,0.9701,0
rule,0.974,0
paradigm discussed,0.9716,0
proper,0.9716,0
data split,0.9725,0
processed,0.9706,0
retrieval cross,0.9714,0
predicting,0.9774,0
essence,0.9703,0
factor,0.974,0
alignment paradigm,0.9788,0
decision,0.9717,0
module,0.976,0
effectively,0.9727,0
model encoded,0.9724,0
selection bay,0.9705,0
belongs category,0.972,0
limit,0.9739,0
deficiency,0.9765,0
extraction,0.975,0
standard,0.9735,0
modeled,0.9745,0
sequential data,0.9717,0
accurately,0.9702,0
efficiency task complicated,0.9716,0
al linear combine,0.9705,0
dependence,0.9742,0
dual,0.9724,0
aspect,0.9724,0
problem,0.9702,0
though requirement,0.9716,0
sequence,0.9712,0
method believe,0.9757,0
characteristic,0.9725,0
transferring,0.9727,0
system,0.9714,0
calculation,0.977,0
di considered,0.9705,0
modular,0.9722,0
hyper,0.9739,0
producing,0.97,0
diffusion,0.9812,0
adjust,0.975,0
testing,0.9763,0
definition metal,0.9733,0
single task cross,0.9713,0
method believe although,0.9718,0
comparison em,0.9762,0
implication,0.9732,0
neglect,0.9706,0
shaping,0.9718,0
embedded,0.9767,0
transforming,0.9713,0
training thus used,0.9706,0
weighted,0.976,0
method incorporating label,0.9744,0
alignment cross,0.9719,0
pair mining,0.9732,0
experimental objective,0.9723,0
rotating,0.9723,0
transfer,0.9737,0
syn learning,0.9715,2
requires,0.9727,0
therefore transforming,0.9721,0
model identify,0.9709,0
pear,0.9733,0
resulting,0.9707,0
regime,0.9733,0
signal using,0.9714,0
project,0.9737,0
flex,0.9718,0
meta including,0.9718,0
system multi,0.9713,0
multi however effectiveness,0.9746,0
prototype leverage,0.9721,0
method balancing,0.9747,0
contrast,0.9753,0
partial multi,0.9708,0
observation,0.974,0
interest chinese,0.9704,0
weighted inter,0.9741,0
classification huang,0.9709,0
rely design,0.9722,0
sequential cross,0.9705,0
fused,0.9737,0
diversified,0.97,0
approach,0.971,0
pattern sim,0.9706,0
fusion ignoring fact,0.9704,0
scala,0.9734,0
instead expensive,0.9743,0
integrated problem,0.9746,0
insight,0.9762,0
vision however,0.9715,0
task modulation,0.9751,0
spec di task,0.9702,0
neo,0.9723,0
activation,0.9733,0
sentiment,0.9714,0
incorporating,0.9746,0
computed life,0.9704,0
notion partially,0.9761,0
system fig,0.9725,0
fusion,0.9739,0
multi input including,0.9703,0
method divide,0.9768,0
gao,0.9705,0
variant meta fig,0.9707,0
model conditioned,0.9748,0
neural vance,0.9735,0
arguably,0.9759,0
ml focus,0.9725,0
perspective term,0.9757,0
aging,0.9706,0
model recognize,0.9746,0
modifying,0.9722,0
ist specific,0.9701,0
particularly,0.9703,0
empirical,0.9751,0
modification wan,0.9716,0
discussion,0.9704,0
proximity,0.9702,0
facilitate,0.9725,0
principle,0.9763,0
supervision,0.9727,0
evenly,0.9715,0
based convex,0.9717,0
relatively,0.9704,0
including modifying multi,0.97,0
en model,0.9711,0
meta need,0.9703,0
mach,0.9705,0
process,0.9719,0
arguably shifted,0.973,0
significant,0.9708,0
si multi,0.9711,0
modification,0.9742,0
method variant,0.9701,0
meta learned audio,0.97,0
integration sensitive,0.974,0
usage,0.972,0
wrapped,0.9713,0
behavior,0.9766,0
comparison,0.9816,0
interpretation,0.9723,0
however approach,0.9701,0
therefore often,0.9702,0
regime cross,0.9748,0
refining,0.9737,0
method based,0.9701,0
factor could employed,0.9712,0
mode collapse,0.9764,0
assumption,0.977,0
based cross,0.9719,0
encoding,0.9757,0
paradigm finally,0.9709,0
memory,0.9722,0
en learning,0.9727,2
spanning,0.9727,0
process classify,0.9705,0
directly,0.9718,0
batch,0.9702,0
proved,0.9716,0
framework,0.9755,0
utilizing,0.973,0
explanation,0.9754,0
correction,0.9721,0
kernel related,0.9716,0
useful,0.9749,0
genre,0.9709,0
data characteristic,0.978,1
algorithm involve,0.9728,0
semi learning,0.9761,2
adapted task semantic,0.9715,0
combining,0.9738,0
potential alignment paradigm,0.976,0
also attempt,0.9712,0
input including,0.9714,0
recognition ic deep,0.9704,0
size,0.97,0
especially variant,0.9724,0
boost,0.9739,0
geometric,0.9713,0
meta related,0.9723,0
bypassed,0.9712,0
data objective,0.9724,0
frame,0.9702,0
problem cp,0.9717,0
adjustment,0.9759,0
task involved optimization,0.9739,0
characteristic multi,0.9726,0
based metal,0.9717,0
phase,0.9749,0
based,0.974,0
framework divide,0.9723,0
task encoded,0.972,0
certain concept,0.9707,0
phenomenon multi,0.9706,0
task evidenced,0.9704,0
scale,0.9712,0
automated,0.973,0
adjusting,0.9748,0
cross retrieval,0.9705,0
input,0.9716,0
based natural,0.9705,0
data ri,0.9719,0
optimization involved,0.9703,0
process synthesized,0.9742,0
recognizing,0.9709,0
mod involve analysis,0.9728,0
al extend model,0.9721,0
integrated,0.9716,0
theoretically learning,0.9704,0
novel perspective term,0.9721,0
effectively opt,0.9714,0
obvious,0.9711,0
method although,0.9736,0
definition,0.975,0
modulation,0.9782,0
multi data however,0.9712,0
distinctive,0.9731,0
costly,0.9737,0
task concept metal,0.9722,0
considered,0.9732,0
summarized,0.9736,0
kernel,0.9734,0
leverage,0.9769,0
data tribute,0.9715,0
encoded,0.9701,0
distinguish,0.9732,0
meta cross,0.9734,0
suitable similarity,0.9736,0
task disc,0.971,0
suitable,0.9746,0
neural,0.9757,0
multi information tan,0.9731,0
including supervised,0.9705,0
affect,0.9746,0
model inner,0.9761,0
regression,1,1
compared,0.9725,0
mechanism,0.9777,0
task cross,0.9706,0
opt exact,0.9743,0
setting,0.9718,0
diverse,0.9721,0
theoretically,0.9733,0
variant meta,0.9747,0
certain,0.9732,0
solution,0.974,0
method including,0.9733,0
facial,0.974,0
rely,0.9709,0
practice,0.9713,0
reducing,0.9707,0
weight,0.9702,0
rigid,0.9743,0
research supposed accompanied,0.9706,0
furthermore,0.9701,0
pan,0.9727,0
application large,0.9738,0
notion,0.9753,0
generalized across,0.9727,0
labeled,0.9759,0
specific,0.9773,0
concept labeled,0.9764,0
necessity,0.9718,0
tackle,0.9713,0
task,0.9732,0
multi meta low,0.9704,0
protocol,0.9751,0
investigation multi,0.9718,0
unified opt sequential,0.9719,0
migrating,0.9741,0
paradigm promote,0.9705,0
convenience,0.9706,0
lever,0.9737,0
algorithm gan,0.9739,0
data however introduced,0.97,0
rule detailed,0.9714,0
focus,0.974,0
discovery using,0.9726,0
integrating,0.9786,0
overlooked,0.9718,0
method heavily,0.9738,0
method realized,0.9756,0
realization multi,0.9717,0
factor hardly,0.9713,0
predicted,0.9713,0
interests,0.9721,0
data seeing,0.9721,0
computed hybrid,0.974,0
opt optimization,0.9709,0
eventually proto,0.9704,0
explains,0.9716,0
commonly,0.973,0
model multiple,0.9732,0
branch,0.9721,0
understanding,0.9711,0
interest,0.973,0
pattern,0.9783,0
particular model,0.972,0
conditioned,0.9709,0
textual involved mod,0.9706,0
problem rep,0.97,0
connection,0.9741,0
program,0.9703,0
investigation,0.9721,0
analysis,0.9723,0
meta,0.9766,0
generation,0.973,0
cot multi,0.9735,0
method cross,0.9739,0
task pri,0.9709,0
similar instance,0.9709,0
coil,0.9759,0
balancing,0.9766,0
algorithm embodied,0.9703,0
embodied,0.9716,0
method opt,0.9759,0
dime,0.9715,0
data hearing,0.9711,0
gan survey,0.9731,0
task yao,0.9701,0
model tri,0.9732,0
system method divide,0.9738,0
combined appears paper,0.9724,0
data neglect,0.9714,0
divide,0.9737,0
comparison feed,0.9739,0
comparison multi,0.9766,0
require,0.9728,0
type,0.9749,0
semantic concept,0.9701,0
multiple,0.9713,0
enrichment,0.9766,0
intuitive,0.9753,0
suggests,0.9712,0
aligned,0.9747,0
proto,0.9722,0
em module,0.9715,0
bias,0.978,0
including multi,0.9717,0
sampling,0.9746,0
particular,0.9707,0
depending,0.9728,0
determination,0.9705,0
task liu,0.9707,0
measurement,0.9807,0
model requires,0.9706,0
connected,0.9702,0
important,0.9712,0
demand,0.9708,0
transform,0.9777,0
focused,0.971,0
collaboration,0.9731,0
alter mari,0.9714,0
differentiated,0.9756,0
aligned multi,0.9711,0
multi model encoded,0.9718,0
including learning,0.9704,0
recognition co,0.9738,0
training paradigm,0.9721,0
apart data objective,0.974,0
recognition ic,0.9704,0
perspective,0.9766,0
res relationship category,0.9708,0
useful original,0.9722,0
nonetheless risk,0.9712,0
typically,0.9705,0
using genera,0.9704,0
specific meta,0.9722,0
experiment,0.9701,0
context although,0.9702,0
wise addition,0.9703,0
system ho,0.9718,0
vega,0.9715,0
effectively https,0.9705,0
context,0.971,0
workshop,0.972,0
characteristic multiple,0.9736,0
novel propagation,0.9759,0
collapse,0.9735,0
task combination,0.9705,0
mechanism ones,0.9729,0
sensor,0.9742,0
transformation,0.9793,0
requiring,0.9733,0
paradigm based,0.9729,0
importance,0.9708,0
compare,0.9728,0
data based,0.9739,0
model,0.971,0
integrated base,0.9701,0
prediction,0.9808,0
reinforcement,0.9727,2
method including learning,0.972,0
validation,0.9739,0
dimensional,0.9783,0
classify,0.9775,0
natural,0.9713,0
exploited,0.9719,0
difficult,0.9709,0
analyze,0.9748,0
task aligned,0.9723,0
boundary learning,0.9744,0
method many,0.9708,0
utilize,0.9766,0
concept used,0.9712,0
survey metal,0.9717,0
instability,0.9811,0
unified multi,0.9711,0
phonetic,0.9738,0
loren,0.9722,0
model deter,0.9768,0
integration,0.9721,0
retrieval,0.9759,0
assumption combine,0.9737,0
mod textual involved,0.9702,0
descent,0.9731,0
analogy,0.9743,0
limited factor,0.9745,0
generation summarized,0.9718,0
paradigm multi,0.9715,0
pot,0.9701,0
inference,0.9787,0
extend,0.9711,0
measuring,0.9738,0
flexible,0.9744,0
paradigm initial,0.972,0
requirement,0.9742,0
definition metal multi,0.9705,0
optimization involved meta,0.9725,0
survey,0.9702,0
mod particular,0.9716,0
tri,0.972,0
implementing,0.9724,0
conditioning,0.9747,0
application,0.9766,0
problem originated,0.9729,0
processing,0.9798,0
specific sub,0.9732,0
training,0.9706,0
distance,0.9723,0
limitation,0.9726,0
influence,0.9709,0
sy,0.9717,0
data metal,0.975,0
notably,0.9708,0
multiple data fe,0.972,0
multi en enrichment,0.9704,0
task opt,0.9701,0
overcome,0.9707,0
transforms,0.9769,0
rather predicting,0.9703,0
framework major,0.9735,0
operating,0.9702,0
enabling,0.9755,0
alter,0.971,0
rus,0.9704,0
capture,0.9703,0
domain knowledge,0.9718,2
meta model knowledge,0.9783,2
model knowledge,0.9747,2
knowledge meta,0.9724,0
information knowledge,0.9748,0
object feature,0.9726,0
visual object feature,0.9702,0
model meta,0.9711,0
meta ones,0.9709,0
focus learning,0.9728,2
performance learning,0.9715,2
learning type learning,0.9708,2
network learning,0.9773,2
application learning,0.974,2
input learning,0.9808,2
extended learning,0.9701,2
method learning,0.9784,2
survey learning,0.9744,2
sample learning,0.9775,2
metric learning,0.9741,2
general learning,0.9729,2
term learning,0.9706,2
meta learning,1,1
self learning,0.9713,2
meta ones learning,0.9702,2
sequential learning,0.9741,2
perspective learning,0.9754,2
meta deep learning,0.9859,1
cross learning,0.9846,2
multi learning,0.9757,2
visual learning,0.9784,2
variation learning,0.9717,2
problem learning,0.9733,2
complex learning,0.977,2
type learning,0.9727,2
meta ac learning,0.9734,0
parameter learning,0.9767,2
