Word,Similarity,yesno
learning task,1,0
constitute task mentioned,0.9714,0
module,0.9702,0
data lower,0.9702,0
en model utilized,0.9707,0
task depends,0.971,0
model regarded,0.9766,0
layer use,0.9714,0
data across,0.9724,0
feedback,0.9738,0
specific model,0.9709,0
task regarded,0.9759,0
sampled training,0.9706,0
methodology following category,0.9703,0
upon integration,0.9706,0
belongs model category,0.9764,0
classification,1,1
meta using,0.9718,0
pattern,0.9725,0
classification word,0.978,0
main factor work,0.9719,0
task mahal distance,0.9745,0
requirement,0.9703,0
module consulted,0.9735,0
publication steven,0.9701,0
limit,0.9728,0
etc comparison,0.9713,0
model considers,0.9702,0
task promising,0.9713,0
cid approximation first,0.9724,0
tad show testing,0.973,0
network using,0.9725,0
including en model,0.9712,0
classification however,0.9832,0
training iteration metal,0.9719,0
model selection,0.9707,0
bias,0.9723,0
conditioning,0.9716,0
following procedure action,0.9719,0
complete metal system,0.9715,0
task considered,0.9753,0
class soft,0.9704,0
large data hand,0.9731,0
modification,0.971,0
especially data,0.972,0
comparison,0.9779,0
conclusion,0.9713,0
upon output,0.9718,0
system brad,0.9738,0
selected considers using,0.9754,0
data include,0.9717,0
system,0.9731,0
model incorporating,0.9744,0
classification within,0.9796,0
method within,0.9733,0
model progressive,0.9717,0
task model metal,0.9723,0
advantage,0.9712,0
data regarded,0.9714,0
data using,0.9718,0
choice,0.9764,0
model however,0.9706,0
model compared,0.9715,0
type,0.971,0
task layered metal,0.9715,0
classification task,0.9741,1
upon model,0.972,0
model regarded meta,0.9744,0
task seen metal,0.9703,0
task include,0.9702,0
belongs model,0.9746,0
model though,0.9722,0
model intriguing,0.9732,0
model explains,0.9745,0
super testing,0.97,0
typically,0.9702,0
label using,0.9716,0
category cid,0.9734,0
required deep learning,0.9705,0
application famous,0.9749,0
condition,0.97,0
classify,0.973,0
data use,0.9704,0
upon data,0.9701,0
bay program,0.9705,0
connection,0.9704,0
calculation,0.975,0
without expert action,0.9704,0
per category,0.975,0
mission,0.9721,0
though data,0.9711,0
model recommendation,0.9717,0
instead testing,0.9719,0
factor,0.9727,0
model highest,0.9724,0
distance,0.9712,0
model comprehensive overview,0.9702,0
accounted deco network,0.97,0
task specified,0.9732,0
influence,0.973,0
data represented,0.9704,0
data might subject,0.9702,0
generated hand,0.9709,0
recommendation,0.97,1
using feature,0.9714,0
using feed,0.9708,0
classification roughly,0.975,0
guidance,0.9728,0
model typical,0.972,0
formula constitutes,0.971,0
regression need,0.9739,0
model considered,0.9717,0
class compared former,0.9721,0
classification bay,0.9749,0
upon adaptation,0.9704,0
link using,0.9701,0
model finally,0.9708,0
network model highest,0.9723,0
class sampled,0.9716,0
network weight,0.971,0
task typical,0.9708,0
hierarchical bay,0.971,0
additionally model,0.9714,0
method containing,0.971,0
task mentioned,0.9748,0
task however,0.9701,0
classification category,0.985,0
task related,0.9735,0
label metal validation,0.9728,0
complex task resort,0.9726,0
task mahal,0.972,0
regarded metal,0.9711,0
using testing,0.9734,0
subject,0.9709,0
additional classification,0.974,0
among task,0.9723,0
metal system,0.9708,0
data lifelong,0.972,0
data novel,0.9734,0
position,0.9711,0
perspective,0.9721,0
model expected,0.9734,0
sampled policy,0.9709,0
task,0.9709,0
classification recent,0.9743,0
task remains,0.9703,0
task see,0.9735,0
avoidance,0.971,0
graph regarded metal,0.972,0
functionality,0.9757,0
model moderate,0.9752,0
task specific,0.975,0
bay procedure worth,0.9727,0
processing,0.9724,0
bay decision,0.971,0
tuning,0.9728,0
data considers,0.971,0
model,0.976,0
main factor,0.9758,0
tier useful,0.9704,0
based,0.9711,0
method reviewed,0.971,0
data based,0.9706,0
adaptation metal base,0.9712,0
using training,0.9761,0
task figure,0.9733,0
ik sampled policy,0.9715,0
measuring,0.9721,0
procedure worth,0.9725,0
within pre,0.9704,0
classification th,0.9704,0
model need,0.9727,0
consists task case,0.9721,0
category,0.9777,0
model difficult,0.9704,0
bay model marginal,0.9713,0
asa classification category,0.9714,0
skill,0.9707,0
task seen,0.9701,0
using performance,0.9702,0
model examined,0.9713,0
model combined deep,0.9702,0
setup proto,0.9708,0
model bp,0.9707,0
using data,0.9714,0
strategy required,0.9724,0
novel task however,0.9714,0
data labeled,0.9759,0
cooperation modelled game,0.9708,0
stat recent development,0.9724,0
model utilized,0.9716,0
task regarded finding,0.9734,0
identifying,0.9714,0
data weight,0.9707,0
power,0.9723,0
data divided,0.9716,0
upon output label,0.9716,0
forecast metal,0.9715,0
worse model,0.9706,0
ability,0.9706,0
classification model,0.9741,0
model advance,0.9724,0
cluster mentioned,0.9718,0
task task specific,0.9727,0
belief,0.9723,0
framework mahal distance,0.9748,0
regulation,0.9747,0
model widely,0.9739,0
classification based,0.9748,0
classification power,0.9781,0
sub methodology,0.9718,0
specific,0.972,0
testing,0.972,0
task relies,0.9709,0
using visual,0.9709,0
module,0.976,0
survey,0.9702,0
cid simultaneous maxim,0.9704,0
model combine deep,0.9706,0
flexible,0.9744,0
en model utilized,0.9748,0
based metal,0.9717,0
defining,0.9702,0
model regarded,0.9755,0
importance,0.9708,0
context ci,0.971,0
layer use,0.9729,0
hyper,0.9739,0
mil,0.9703,0
model respond,0.9752,0
feedback,0.9779,0
model marginal,0.9765,0
sy,0.9717,0
using meta,0.9719,0
meta model explains,0.9726,0
proceeding ji,0.9704,0
solution,0.974,0
task opt,0.9701,0
protocol,0.9751,0
self proposed,0.9703,0
parameter utilizes,0.9736,0
model adaptation metal,0.9716,0
task regarded,0.9723,0
collapse,0.9735,0
tri,0.972,0
boredom,0.9702,0
approach among,0.9702,0
valued,0.9738,0
combined pi,0.9709,0
stroke,0.9732,0
methodology following category,0.9711,0
standard,0.9735,0
upon integration,0.9701,0
belongs model category,0.9704,0
explains,0.9716,0
meta using,0.9758,0
consideration,0.9731,0
infinite,0.9725,0
pattern,0.9783,0
classification word,0.9732,0
tackle,0.9713,0
retrieval,0.9759,0
classification snail,0.9727,0
split,0.9712,0
compare trial,0.9734,0
concept primary,0.9728,0
case opt,0.9753,0
weighted,0.976,0
requirement,0.9742,0
analysis,0.9723,0
en model regarded,0.9715,0
module consulted,0.9755,0
capture,0.9703,0
extraction,0.975,0
method many,0.9708,0
lever,0.9737,0
tool,0.9715,0
limit,0.9739,0
sequential data forget,0.9723,0
ins prediction metal,0.9711,0
etc comparison,0.9743,0
model considers,0.9727,0
operation,0.9725,0
model rep,0.975,0
recent development classification,0.9701,0
hess meta learning,0.9705,0
network model beat,0.9721,0
tune,0.9714,0
vary,0.9752,0
upon deep model,0.9702,0
inference,0.9787,0
experiment,0.9701,0
architecture using,0.9706,0
including en model,0.9737,0
requires,0.9727,0
kernel,0.9734,0
adi,0.9714,0
model also vastly,0.9718,0
inversion,0.9753,0
varies,0.9721,0
mechanism distance,0.9741,0
using meta cid,0.971,0
require,0.9728,0
model selection,0.9766,0
data ci,0.9723,0
layered,0.9734,0
model conduct,0.9741,0
diverse,0.9721,0
scaling,0.9777,0
strictly,0.9749,0
bias,0.978,0
demand,0.9708,0
conditioning,0.9747,0
integration expected,0.9724,0
largest,0.9705,0
model based upon,0.9702,0
method metal,0.9711,0
based meta,0.9718,0
mechanism combine,0.9778,0
opt discrete,0.9736,0
class soft,0.9702,0
simultaneous,0.9704,0
prediction metal continually,0.9704,0
mechanism,0.9777,0
instead using,0.9707,0
interval,0.9709,0
prefer,0.9717,0
focus,0.974,0
modification,0.9742,0
encoded,0.9701,0
aspect integrating,0.9717,0
depending,0.9728,0
sentiment,0.9714,0
data instead training,0.9711,0
especially data,0.9734,0
precise,0.972,0
comparison,0.9816,0
criterion,0.9747,0
decision,0.9717,0
necessity,0.9718,0
pursuit,0.9733,0
facial,0.974,0
model goal,0.9717,0
layer layer,0.9708,0
model also widely,0.9704,0
pre model deep,0.9705,0
incorporating,0.9746,0
descent,0.9731,0
implying,0.9733,0
deep model conduct,0.9728,0
model impose,0.9722,0
method sub,0.9738,0
system brad,0.9737,0
utilize,0.9766,0
topology,0.9721,0
relative extract exceed,0.972,0
gradient explode,0.9724,0
system,0.9714,0
computation donald,0.9726,0
strict,0.9706,0
integration bay,0.9724,0
model comprehensive,0.9704,0
model incorporating,0.9767,0
theoretically,0.9733,0
method within,0.9765,0
method rep,0.9704,0
method based,0.9701,0
buffer,0.9719,0
reinforcement,0.9727,1
prom pro,0.9701,0
method adapt,0.9712,0
method accurately,0.9708,0
layer mapping,0.9725,0
meta maximize,0.9701,0
data sub,0.9706,0
model intensive,0.975,0
bay procedure,0.9722,0
approach proceeding,0.9736,0
aspect,0.9724,0
often method,0.9703,0
scala,0.9734,0
model progressive,0.9783,0
imitation,0.9726,0
directly,0.9718,0
behavior market,0.9724,0
task model metal,0.9716,0
regression last,0.9717,0
project,0.9737,0
model interesting,0.9714,0
bay genera model,0.9734,0
momentum ada,0.9788,0
res model,0.9702,0
method meta,0.9718,0
neighbor,0.9701,0
data using,0.9714,0
model combine,0.974,0
rake,0.9722,0
trans metal,0.9705,0
proceeding este,0.9716,0
context,0.971,0
usually indexed,0.9707,0
method bay,0.9779,0
applied task metal,0.9715,0
ld trial,0.9716,0
transfer,0.9737,0
model however,0.9703,0
lt learning,0.9717,0
outline,0.9738,0
deep model,0.9718,0
setup,0.9754,0
lower bound,0.9703,0
boundary,0.9711,0
transformation,0.9793,0
model compared,0.974,0
treatment,0.9705,0
integrated deep siam,0.9713,0
final layer,0.9717,0
type,0.9749,0
data highly,0.9715,0
function metal,0.9719,0
upon graph regarded,0.9715,0
saber,0.97,0
certain,0.9732,0
data posterior,0.9737,0
problems metal,0.9721,0
upon model,0.9748,0
deep model specified,0.9704,0
stem,0.9722,0
model regarded meta,0.9771,0
ind term application,0.9704,0
layer meta,0.97,0
combined solve,0.9705,0
input,0.9716,0
application recent,0.9734,0
regression mini,0.9719,0
instead training,0.9709,0
model intriguing,0.9737,0
model explains,0.9731,0
data sur,0.97,0
transition,0.981,0
snail viewed modification,0.9706,0
extended meta,0.971,0
data especially,0.9719,0
accurately,0.9702,0
model consist,0.9725,0
model integrating,0.9768,0
automated,0.973,0
meta rep without,0.9703,0
hierarchical bay th,0.97,0
method combining,0.9744,0
typically,0.9705,0
label using,0.9701,0
sampling,0.9746,0
induction,0.9796,0
gel,0.9727,0
principle,0.9763,0
transferring,0.9727,0
paradigm,0.9754,0
upon robotics,0.9725,0
indicator,0.9715,0
commonly,0.973,0
application famous,0.9743,0
connected,0.9702,0
data task metal,0.9728,0
viewed,0.9718,0
comparable,0.9719,0
soy,0.9718,0
upon integration machine,0.972,0
classify,0.9775,0
model combined,0.9724,0
using cid,0.9729,0
activation,0.9733,0
compared,0.9725,0
horizon,0.9712,0
embedded,0.9767,0
metal feasible,0.9709,0
model rep extended,0.9724,0
upon data,0.971,0
method recent,0.9783,0
adjust,0.975,0
costly,0.9737,0
mechanism extract,0.9718,0
natural,0.9713,0
size,0.97,0
validation,0.9739,0
algorithm scratch,0.9708,0
since deep neural,0.9702,0
momentum,0.9736,0
rec model,0.9703,0
ai consider,0.9731,0
similarly imitation,0.9706,0
deep neural,0.9743,0
bay regression,0.98,0
clone,0.9709,0
connection,0.9741,0
large data million,0.9729,0
model ind,0.9745,0
framed,0.97,0
integrated reinforcement,0.9767,0
calculation,0.977,0
rule,0.974,0
analyze,0.9748,0
sequence,0.9712,0
workshop,0.972,0
generation,0.973,0
opt using,0.9716,0
model recommendation,0.9737,0
shifting,0.9711,0
additionally case,0.972,0
observation,0.974,0
instead testing,0.9754,0
market,0.9717,0
effective adaptation,0.9728,0
outlined,0.9712,0
treated,0.9708,0
flow,0.9768,0
rare situation based,0.971,0
rather prediction,0.9702,0
kala,0.9729,0
factor,0.974,0
difficult,0.9709,0
problem metal,0.9746,0
useful,0.9749,0
dependence,0.9742,0
distance,0.9723,0
fitting combined,0.9707,0
method focus,0.973,0
fearing,0.9709,0
upon sampling,0.9734,0
rely,0.9709,0
sophisticated,0.9718,0
data metal,0.975,0
influence,0.9709,0
meta,0.9766,0
manipulation,0.9702,0
model integrated deep,0.9711,0
setting,0.9718,0
recommendation,0.9744,0
proved,0.9716,0
using genetic,0.9701,0
demonstrates,0.9703,0
etc integral,0.9712,0
labeled,0.9759,0
method,0.9793,0
data deeper,0.9717,0
computation drug,0.9766,0
though process,0.9748,0
using feed,0.9719,0
guidance,0.9744,0
model typical,0.9719,0
intention,0.9715,0
mechanism embedded,0.9701,0
relatively,0.9704,0
regression need,0.9746,0
model considered,0.9738,0
en model,0.9711,0
deep residual comprehensive,0.9719,0
dimensional,0.9783,0
system around,0.9735,0
predicted,0.9713,0
affect,0.9746,0
problem,0.9702,0
fundamental,0.9742,0
cid,0.9704,0
definition,0.975,0
layer res,0.9727,0
feasible tack,0.9707,0
dependent,0.976,0
survey metal,0.9717,0
labelled,0.9705,0
deep model required,0.9711,0
network model highest,0.9743,0
method pearl,0.9762,0
similarity,0.9746,0
cluster algorithm trained,0.9708,0
categorized,0.9754,0
frequent,0.9706,0
inherently,0.9713,0
response,0.9741,0
class sampled,0.9721,0
parameter located,0.9704,0
task similar trained,0.9702,0
network weight,0.9747,0
crucial,0.9753,0
novel task opt,0.9733,0
logical,0.9726,0
survey meta,0.9702,0
derived,0.9719,0
upon sequence,0.9705,0
multi learned,0.9701,2
hierarchical bay,0.9724,0
convergence see,0.9719,0
process soft,0.9751,0
method belong,0.9747,0
data large,0.9713,0
additionally model,0.9719,0
performance cactus,0.97,0
meta contrary notation,0.9733,0
method containing,0.9736,0
compare,0.9728,0
framework deep,0.9702,0
opt since,0.9701,0
integrated,0.9716,0
expert,0.9727,0
policy using,0.973,0
linking,0.9756,0
task transfer,0.9717,0
self theoretically achieve,0.9713,0
tal differential,0.9705,0
model layered,0.9717,0
framework mahal,0.9716,0
assumption,0.977,0
however memory,0.9714,0
typical problem,0.9706,0
branch,0.9721,0
extend,0.9711,0
specification,0.971,0
approach mentioned,0.9712,0
combination viewed,0.9711,0
complex task resort,0.972,0
prediction metal,0.9737,0
producing,0.97,0
operation layer,0.9705,0
rare situation metal,0.9748,0
integrating,0.9786,0
exchange,0.9728,0
framework treated,0.9727,0
method slightly,0.9707,0
model identify,0.9709,0
constrained,0.9744,0
imagination,0.9719,0
era capability,0.9725,0
utilizes margin,0.9716,0
task mahal,0.9702,0
framework recent,0.9711,0
using testing,0.9721,0
subject,0.976,0
integration metal,0.9719,0
process,0.9719,0
connected layer,0.9707,0
using adaptation,0.9707,0
boost,0.9739,0
important,0.9712,0
semantic,0.9805,0
task trained,0.9702,0
data lifelong,0.9704,0
data novel,0.9745,0
perspective,0.9766,0
model expected,0.9751,0
behavior,0.9766,0
malik learning opt,0.9709,0
relative extract modified,0.971,0
model integrated,0.9707,0
sampled policy,0.9713,0
task,0.9732,0
partition,0.9703,0
using computation,0.9704,0
accounted deco,0.972,0
dependency,0.9802,0
multi,0.9774,0
integrated meta,0.9723,0
robot need,0.9707,0
batch,0.9702,0
application,0.9766,0
method comparable,0.9727,0
frame,0.9702,0
framework viewed,0.9714,0
graph regarded metal,0.974,0
gao,0.9705,0
procedure metal,0.9726,0
learning proposed classify,0.9717,0
functionality,0.9764,0
complementary,0.9778,0
dense,0.9733,0
curve vital,0.9733,0
model moderate,0.9766,0
combining,0.9738,0
task specific,0.9724,0
bay procedure worth,0.9726,0
dependency ms metal,0.9707,0
processing,0.9798,0
understanding,0.9711,0
tuning,0.9731,0
integration,0.9721,0
progressively using,0.9718,0
model,0.971,0
training,0.9706,0
malik,0.9705,0
soft mapping,0.9766,0
along optimization,0.9719,0
behavioral,0.9731,0
inference late,0.972,0
system nature,0.9723,0
precision,0.9771,0
layer ax,0.9732,0
tier useful,0.9718,0
based,0.974,0
neural,0.9757,0
method reviewed,0.9708,0
data based,0.9739,0
causal,0.9779,0
reaction,0.9724,0
cortex,0.9787,0
self using,0.97,0
method regard,0.9731,0
using training,0.972,0
objective estimate trial,0.9713,0
encoding,0.9757,0
regression chelsea,0.9714,0
suitable,0.9746,0
task figure,0.9725,0
closest,0.9706,0
data instead testing,0.9705,0
algorithm trained,0.9724,0
measuring,0.9738,0
procedure worth,0.9719,0
opt metal,0.9722,0
model need,0.9766,0
instability,0.9811,0
consists task case,0.9708,0
regret function ft,0.9713,0
based genetic,0.971,0
opt scale,0.977,0
scale,0.9712,0
fixed,0.9705,0
category,0.9753,0
data super,0.9708,0
heavy computation metal,0.9707,0
interest,0.973,0
model difficult,0.973,0
bay model marginal,0.9767,0
contrary notation,0.9762,0
opt solution,0.9711,0
ex labor hyper,0.9704,0
data mini,0.9719,0
temperature,0.9732,0
multiple,0.9713,0
task case,0.9716,0
application deep,0.971,0
task seen,0.9712,0
using performance,0.9718,0
proper,0.9716,0
regression,1,0
graph regarded,0.9714,0
characteristic,0.9725,0
model examined,0.9745,0
model applicable,0.9736,0
model combined deep,0.9713,0
considered,0.9732,0
model sub,0.9726,0
intensive,0.9739,0
weight,0.9702,0
deep model considered,0.9719,0
setup proto,0.9745,0
properly,0.972,0
sv meta objective,0.9705,0
seeking,0.9702,0
model bp,0.976,0
empirical,0.9751,0
environment figure,0.9704,0
using sg,0.9701,0
using,0.9718,0
memory,0.9722,0
predicting,0.9774,0
inference predict,0.9706,0
process layered,0.9701,0
integrated deep,0.9711,0
memory metal,0.9704,0
sequential data,0.9717,0
using data novel,0.9733,0
meta regarded random,0.973,0
novel task however,0.97,0
framework,0.9755,0
data labeled,0.9719,0
method include,0.9708,0
model al,0.9752,0
residual,0.9764,0
initial,0.9701,0
plan,0.9751,0
deep extract,0.9748,0
concept proceeding,0.9711,0
spot,0.9715,0
like integrated,0.972,0
model utilized,0.9717,0
flex,0.9718,0
identifying,0.9724,0
integrated problem,0.9746,0
degree autonomy smart,0.9701,0
rarely,0.971,0
comparison bench,0.9741,0
drug,0.9708,
motivation,0.9761,0
origin,0.9725,0
approach,0.971,0
allowing,0.9746,0
uniquely,0.9742,0
mechanism layer,0.9726,0
integration genera,0.9713,0
upon sequence sub,0.97,0
data sufficiently,0.9713,0
pan,0.9727,0
problems,0.9714,0
focused,0.971,0
rus,0.9704,0
especially simulated mechanical,0.9705,0
utilizing,0.973,0
corresponding,0.9714,0
inference marginal,0.9714,0
classification model,0.9715,0
bay optimization,0.9711,0
movement,0.9751,0
su importance,0.9721,0
program,0.9703,0
belief,0.9715,0
proto,0.9722,0
power modelled,0.9765,0
capability,0.9705,0
alphabet,0.975,0
system jan,0.9718,0
thus adapting,0.9738,0
simulation,0.975,0
model widely,0.9758,0
layer cid,0.9724,0
squared,0.9722,0
prediction,0.9808,0
specific,0.9773,0
metal curiosity algorithm,0.9704,0
testing,0.9763,0
meta cognition,0.9759,0
class feature,0.9708,0
model meta,0.9711,0
meta data feature,0.9739,0
data meta,0.9738,0
meta feature,0.9809,1
efficient learning,0.9704,2
visual learning,0.9784,2
step size learning,0.9712,2
parameter learning,0.9767,2
hyper learning,0.9741,2
self learning,0.9713,2
human concept learning,0.9775,2
meta learning,1,2
multi learning,0.9757,2
task meta learning,0.9774,2
environment learning,0.9733,2
learning deep neural,0.9705,0
inference learning,0.9788,2
primary component learning,0.9731,2
transfer learning,0.9757,2
causal learning,0.9784,2
network learning,0.9773,2
size learning,0.9732,2
concept learning,0.9879,2
metric learning,0.9741,2
cross learning,0.9846,2
meta meta learning,0.9796,2
component learning,0.9848,2
data learning,0.9768,2
