Word,Similarity,yesno
knowledge task,0.9709,2
learning task,1,1
rev learning task,0.9719,0
bank using,0.9732,0
module,0.9702,0
especially large,0.9704,0
layer use,0.9714,0
feedback,0.9738,0
distinct issue using,0.9719,0
specific model,0.9709,0
model na,0.9724,0
classification term,0.9742,0
method significant,0.9702,0
era performance,0.9715,0
based class classification,0.9715,0
classification,1,1
conclusion need,0.9718,0
pattern,0.9725,0
preference,0.9754,0
classification zhang h,0.9758,0
including sampling,0.9731,0
phase focused,0.9731,0
requirement,0.9703,0
according level,0.9724,0
second stage learned,0.9723,0
limit,0.9728,0
among factor,0.9746,0
classification ic,0.9733,0
regardless length,0.9704,0
phase,0.9702,0
information across,0.972,0
relied thesis,0.9733,0
fault considered,0.9704,0
payment,0.9718,0
based duct,0.9725,0
bias,0.9723,0
importantly discover,0.9706,0
task despite,0.9705,0
spec learning,0.9709,2
model depends,0.9718,0
comparison,0.9779,0
conclusion,0.9713,0
task feeding,0.9718,0
task requiring,0.9736,0
especially text,0.9718,0
system using,0.9727,0
task despite interest,0.9752,0
system,0.9731,0
category trained,0.979,0
test case,0.9701,0
section give,0.9713,0
algorithm choice,0.9734,0
coding,0.9744,0
general power,0.9703,0
researching,0.9707,0
pont learning,0.9713,2
factor metal need,0.9722,0
based deep,0.9701,0
including classification,0.9813,0
classification zhang,0.9775,0
model initial,0.9705,0
models,0.9742,0
task summary,0.9714,0
using metal issue,0.9704,0
advantage,0.9712,0
model especially,0.9712,0
detection sal bo,0.9732,0
data using,0.9718,0
model whose,0.9706,0
detection proceeding conference,0.9721,0
according level te,0.9739,0
process allowing,0.9716,0
choice,0.9764,0
regarding high,0.9714,0
comprehensive system metal,0.9711,0
type,0.971,0
except research method,0.9702,0
sec considering change,0.9708,0
res inadequate training,0.971,0
leverage,0.9704,0
classification task,0.9741,1
connecting,0.9706,0
based di,0.9721,0
style,0.9725,0
model implied,0.9731,0
classifications,0.9827,0
typically,0.9702,0
label using,0.9716,0
model called,0.9707,0
condition,0.97,0
com ing using,0.9704,0
task consists,0.9749,0
research based,0.9724,0
category clustered near,0.9716,0
method term,0.9705,0
connection,0.9704,0
feature using,0.9701,0
calculation,0.975,0
factor,0.9727,0
task requires,0.9714,0
analyzed,0.9709,0
distance,0.9712,0
influence,0.973,0
due security,0.97,0
causal link,0.9724,0
recommendation,0.97,0
za costs learning,0.9708,0
classification met,0.972,0
configuration,0.9752,0
task caused,0.9731,0
classification sam,0.9809,0
problem focusing,0.9703,0
important weight,0.9709,0
data employed,0.971,0
network weight,0.971,0
classification sk,0.9862,0
based ph,0.9713,0
ability last,0.9714,0
expert system,0.9707,0
gap,0.9707,0
style shen,0.97,0
task related,0.9735,0
data scar need,0.9711,0
class require,0.9701,0
category current,0.9709,0
researched conclusion need,0.9712,0
selection tian,0.9756,0
model whose performance,0.9708,0
model specific,0.9741,0
subject,0.9709,0
due spatial dependence,0.9716,0
sensor combining,0.9722,0
classification km,0.974,0
need data,0.9703,0
perspective,0.9721,0
task including,0.9711,0
task,0.9709,0
additionally depth,0.9706,0
method due,0.9731,0
task significant,0.9751,0
segment consuming,0.9711,0
issue using,0.9737,0
processing,0.9724,0
tuning,0.9728,0
model,0.976,0
suitable dealing,0.9713,0
method credit,0.9702,0
survey recent ultimately,0.9712,0
based node,0.9703,0
based,0.9711,0
data based,0.9706,0
survey multi,0.9742,0
task tian,0.971,0
measuring,0.9721,0
aux significant challenge,0.9707,0
well classification,0.9716,0
model need,0.9727,0
mainly order,0.9725,0
comparison emphasizes,0.9703,0
using credit,0.9732,0
category,0.9777,0
weakness,0.9721,0
involving model,0.9708,0
model decrease,0.9738,0
using performance,0.9702,0
data among relying,0.9701,0
opt cis within,0.9714,0
importantly,0.9706,0
regardless,0.9709,0
test set,0.9724,0
system metal,0.9719,0
implement classification,0.9743,0
adjustment,0.9736,0
power,0.9723,0
via sg training,0.971,0
ability,0.9706,0
classification jp proceeding,0.9722,0
weighing,0.9712,0
classification model,0.9741,0
segment using,0.9736,0
regulation,0.9747,0
problem emphasis,0.9712,0
issue involved,0.9725,0
specific,0.972,0
testing,0.972,0
deliver,0.9708,0
module,0.976,0
utilizing inform,0.9702,0
approach although,0.9748,0
survey,0.9702,0
persona,0.9707,0
balanced,0.9734,0
experimental result rely,0.9703,0
sensor mining,0.9701,0
model sharing,0.9709,0
flexible,0.9744,0
assessment,0.9766,0
structured,0.9766,0
based metal,0.9717,0
model ad genera,0.9729,0
importance,0.9708,0
layer use,0.9729,0
hyper,0.9739,0
addition sk,0.9722,0
minimal,0.9707,0
practical due,0.9704,0
feedback,0.9779,0
al application,0.9701,0
based rely,0.9709,0
sy,0.9717,0
behavior metal,0.9776,0
distinct issue using,0.9712,0
framework comb,0.9717,0
solution,0.974,0
binding,0.9759,0
problem cope,0.9712,0
performance reinforcement,0.9712,0
effort extracted,0.9703,0
transform,0.9777,0
model na,0.9716,0
systemic,0.976,0
research automatic parameter,0.9739,0
agra assessment,0.9726,0
spinal,0.9751,0
classification term,0.9772,0
method significant,0.9775,0
task term,0.9723,0
diagnosis,0.9738,0
imaging,0.9774,0
feedback delayed,0.9707,0
sample specific,0.9738,0
first phase focused,0.9702,0
concept drift,0.9736,0
process brit,0.9706,0
system da,0.9731,0
method combine,0.9751,0
method dependence,0.9717,0
basis,0.9776,0
modules,0.974,0
pattern,0.9783,0
data di,0.9734,0
system li,0.9755,0
preference,0.9708,0
ari process,0.9705,0
fault solving,0.9755,0
tc learning,0.9725,0
summarized,0.9736,0
operating,0.9702,0
including sampling,0.9738,0
phase focused,0.9747,0
fluid,0.9739,0
weighted,0.976,0
requirement,0.9742,0
analysis,0.9723,0
cal approach protecting,0.9705,0
model generally,0.9736,0
according level,0.9702,0
capture,0.9703,0
extraction,0.975,0
problem gen,0.9769,0
fault diagnosis,0.9701,0
lever,0.9737,0
model efficiency,0.9726,0
tool,0.9715,0
limit,0.9739,0
model financial,0.9719,0
scenario investigate use,0.9711,0
recognition ic deep,0.9704,0
spec presented,0.9735,0
synthetic,0.975,0
operation,0.9725,0
framework jiang,0.9721,0
practice,0.9713,0
vary,0.9752,0
ref model deep,0.9733,0
inference,0.9787,0
experiment,0.9701,0
phase,0.9749,0
biased,0.9763,0
requires,0.9727,0
kernel,0.9734,0
model nevertheless lack,0.9703,0
relied thesis,0.9731,0
concept somewhat,0.9707,0
spat model,0.9705,0
requirement snail relatively,0.9706,0
payment,0.9746,0
poly,0.9718,0
require,0.9728,0
based duct,0.9711,0
diverse,0.9721,0
scaling,0.9777,0
approach starting,0.9719,0
bias,0.978,0
demand,0.9708,0
algorithm including,0.9705,0
medical image lin,0.9723,0
based meta,0.9718,0
importantly discover,0.9713,0
opt cis,0.9719,0
significantly,0.9725,0
objective based cn,0.9712,0
specialized,0.9739,0
grain,0.9723,0
problem ci,0.974,0
mechanism,0.9777,0
instead using,0.9707,0
focus,0.974,0
isa transaction,0.9705,0
sentiment,0.9714,0
spec learning,0.979,0
comparison,0.9816,0
decision,0.9717,0
model en leverage,0.9751,0
het investigate application,0.9751,0
model goal,0.9717,0
layer layer,0.9708,0
method generally,0.9709,0
method could employed,0.9715,0
incorporating,0.9746,0
intervention,0.9727,0
worm,0.9718,0
investigating,0.97,0
using genera,0.9704,0
descent,0.9731,0
data greater,0.9719,0
however method,0.9717,0
em module,0.9715,0
problem sk,0.9724,0
label e learned,0.9701,0
system using,0.9728,0
ou model,0.9708,0
rec vin understanding,0.9754,0
system,0.9714,0
requiring,0.9733,0
limitation,0.9726,0
framework predicting,0.9715,0
strict,0.9706,0
deficiency,0.9765,0
algorithm choice,0.9714,0
task accumulation,0.9703,0
coding,0.9793,0
method based,0.9701,0
reinforcement,0.9727,1
system elf,0.9746,0
researching,0.9747,0
computed truth,0.9726,0
approach proceeding,0.9736,0
pont learning,0.9712,2
scala,0.9734,0
based deep,0.9713,0
divide,0.9737,0
carbon,0.9746,0
method achieve,0.9722,0
imitation,0.9726,0
directly,0.9718,0
learned test catastrophic,0.9717,0
model initial,0.9726,0
models,0.9707,0
fed research,0.9716,0
project,0.9737,0
basis extended,0.9749,0
tackled,0.9716,0
algorithm recent,0.9707,0
model especially,0.9749,0
method meta,0.9718,0
dime,0.9715,0
recognition ic,0.9704,0
slice,0.9714,0
neighbor,0.9701,0
generally phase,0.9713,0
data using,0.9714,0
model whose,0.9762,0
tar,0.9721,0
framework naga,0.9702,0
rake,0.9722,0
context,0.971,0
paradigm used,0.9709,0
cal approach,0.9736,0
process divided,0.9725,0
quantitative,0.9735,0
process allowing,0.9718,0
transfer,0.9737,0
yang survey multi,0.9753,0
deep model,0.9718,0
model expand,0.9776,0
tc multi,0.9722,0
using dl concept,0.9713,0
boundary,0.9711,0
comprehensive system metal,0.9724,0
diffusion,0.9812,0
form however,0.9715,0
hidden layer,0.9719,0
type,0.9749,0
reporting,0.9705,0
treating,0.9706,0
method reinforcement,0.9705,0
learning deal tian,0.9701,0
involving,0.9712,0
certain,0.9732,0
situ,0.9718,0
thomas meta approach,0.9706,0
leverage,0.9769,0
model overly,0.9701,0
connecting,0.9712,0
layer meta,0.97,0
based di,0.9717,0
algorithm credit,0.9738,0
discussion,0.9704,0
particular,0.9707,0
input,0.9716,0
dual,0.9724,0
layer lc,0.9734,0
sliding,0.9717,0
transaction pune model,0.9702,0
style,0.9734,0
model implied,0.9773,0
classifications,0.9781,1
automated,0.973,0
integrated contrast,0.9748,0
typically,0.9705,0
computational effort paradigm,0.97,0
label using,0.9701,0
sampling,0.9746,0
model called,0.9737,0
induction,0.9796,0
principle,0.9763,0
paradigm,0.9754,0
using model trained,0.9705,0
method strategy proved,0.971,0
method zhang,0.9768,0
commonly,0.973,0
connected,0.9702,0
magnetic,0.9718,0
method widely,0.9764,0
visually,0.9701,0
comparable,0.9719,0
filter,0.978,0
system kind,0.9717,0
soy,0.9718,0
influenced,0.9702,0
image lin,0.9707,0
model combined,0.9724,0
activation,0.9733,0
compared,0.9725,0
horizon,0.9712,0
embedded,0.9767,0
method recent,0.9783,0
data frequent,0.9703,0
adjust,0.975,0
diversified,0.97,0
costly,0.9737,0
natural,0.9713,0
size,0.97,0
model res,0.9717,0
method term,0.9789,0
including spatial,0.9716,0
resolving,0.9738,0
deep neural,0.9743,0
problem tian,0.9735,0
connection,0.9741,0
calculation,0.977,0
catching,0.972,0
rule,0.974,0
scheme arnold,0.9751,0
analyze,0.9748,0
sequence,0.9712,0
workshop,0.972,0
generation,0.973,0
shifting,0.9711,0
observation,0.974,0
phase credit,0.9726,0
research automatic,0.9726,0
word based lim,0.9722,0
market,0.9717,0
outlined,0.9712,0
bas,0.9722,0
treated,0.9708,0
flow,0.9768,0
mach,0.9705,0
approach considerable,0.9763,0
factor,0.974,0
small data gen,0.9703,0
difficult,0.9709,0
similar instance,0.9709,0
useful,0.9749,0
analyzed,0.9764,0
furthermore,0.9701,0
forefront,0.9718,0
dependence,0.9742,0
distance,0.9723,0
method focus,0.973,0
fearing,0.9709,0
rely,0.9709,0
sophisticated,0.9718,0
method including,0.9733,0
cycle,0.9724,0
influence,0.9709,0
framework contrast,0.9742,0
meta,0.9766,0
based prediction,0.974,0
isolated,0.9741,0
setting,0.9718,0
recommendation,0.9744,0
proved,0.9716,0
catastrophic,0.9715,0
demonstrates,0.9703,0
labeled,0.9759,0
modeled,0.9745,0
method,0.9793,0
za costs learning,0.9716,0
hc approach metal,0.9718,0
configuration,0.977,0
relatively,0.9704,0
advanced method designed,0.9708,0
km detect eco,0.9702,0
al considered distribution,0.9718,0
dimensional,0.9783,0
affect,0.9746,0
problem,0.9702,0
fundamental,0.9742,0
tree naive,0.9755,0
cid,0.9704,0
definition,0.975,0
due dynamic,0.9721,0
specifically meta,0.9702,0
dependent,0.976,0
survey metal,0.9717,0
algorithm focusing,0.9711,0
consequently study,0.9744,0
often optimal,0.9721,0
arc method focused,0.9713,0
opt category,0.9739,0
grouped,0.9762,0
representation bee,0.9722,0
similarity,0.9746,0
important weight,0.9709,0
distinguish,0.9732,0
rotating,0.9723,0
contrast,0.9753,0
frequent,0.9706,0
response,0.9741,0
per stability alpha,0.9721,0
labeling,0.9769,0
selection labeled,0.9714,0
network weight,0.9747,0
consumption,0.97,0
classification sk,0.9716,0
method focused,0.9725,0
based ph,0.972,0
using ari,0.9704,0
system th,0.9735,0
derived,0.9719,0
al application possibility,0.9722,0
relationship cork h,0.9706,0
perspective regular,0.974,0
detection financial,0.9701,0
conditioned,0.9709,0
compare,0.9728,0
framework deep,0.9702,0
model fraudulent,0.9702,0
phase study,0.972,0
ne optimization metal,0.9703,0
style shen,0.9732,0
integrated,0.9716,0
expert,0.9727,0
task transfer,0.9717,0
sam basis extended,0.9735,0
paradigm solving,0.9762,0
model transfer,0.9743,0
assumption,0.977,0
anomaly,0.9749,0
method measuring,0.9718,0
mechanism using,0.9745,0
training adapt h,0.9706,0
class require,0.9703,0
integrated method,0.9713,0
prediction metal,0.9737,0
perspective multi,0.9735,0
core,0.9722,0
compensate,0.974,0
integrating,0.9786,0
exchange,0.9728,0
selection tian,0.9738,0
approach term,0.9777,0
constrained,0.9744,0
process classical,0.9784,0
delay,0.9707,0
adjusting,0.9748,0
differing,0.9721,0
model specific,0.9765,0
device,0.9735,0
sensor,0.9742,0
suggested,0.9718,0
investigation,0.9721,0
subject,0.976,0
process,0.9719,0
sensor combining,0.9743,0
using deep meta,0.9718,0
boost,0.9739,0
important,0.9712,0
semantic,0.9805,0
problem insufficient,0.9712,0
perspective,0.9766,0
overlooked,0.9718,0
behavior,0.9766,0
task,0.9732,0
drift,0.9751,0
prediction using,0.9724,0
partition,0.9703,0
retrieve,0.9733,0
dependency,0.9802,0
survey ying,0.9702,0
nevertheless lack,0.9701,0
multi,0.9774,0
method due,0.9724,0
syn learning,0.9715,0
restrict,0.9758,0
batch,0.9702,0
application,0.9766,0
classic,0.971,0
algorithm focus,0.9709,0
frame,0.9702,0
control using,0.9701,0
ti problem,0.9752,0
gao,0.9705,0
emphasis,0.9761,0
complementary,0.9778,0
lc layer,0.9711,0
tracked,0.9704,0
combining,0.9738,0
significant,0.9708,0
task significant,0.9712,0
segment consuming,0.9708,0
finely,0.9707,0
issue using,0.9702,0
processing,0.9798,0
method suitable dealing,0.9729,0
understanding,0.9711,0
tuning,0.9731,0
scattered,0.9714,0
model,0.971,0
supervision,0.9727,0
training,0.9706,0
reducing,0.9707,0
fusion,0.9739,0
selection along,0.9713,0
suitable dealing,0.9748,0
beam,0.972,0
cal rat approach,0.9722,0
zen,0.9705,0
method credit,0.9741,0
model long,0.9717,0
en leverage,0.9714,0
behavioral,0.9731,0
data suitable dealing,0.9711,0
problem zhang,0.9727,0
focused problem sk,0.9718,0
bon prediction sensor,0.9733,0
mechanism multi,0.9728,0
comprehension,0.9732,0
based,0.974,0
data leverage,0.9734,0
reader,0.9722,0
neural,0.9757,0
layer general,0.9716,0
viewing,0.9724,0
data based,0.9739,0
problem greater,0.9744,0
fast trans consisted,0.97,0
adaptation term,0.9702,0
causal,0.9779,0
hc approach,0.9748,0
management na treated,0.9721,0
data opt,0.9707,0
specific model directly,0.9708,0
encoding,0.9757,0
algorithm arab,0.9742,0
survey multi,0.9765,0
suitable,0.9746,0
data ol,0.9725,0
closest,0.9706,0
model nevertheless,0.9707,0
combined structured sur,0.9709,0
measuring,0.9738,0
broadly,0.9758,0
method describe,0.9707,0
cap,0.9716,0
port sentence answer,0.971,0
model need,0.9766,0
elaborate,0.9718,0
therefore studies,0.9702,0
relied thesis ada,0.9756,0
struggle,0.9716,0
resonance,0.9718,0
based approach bearing,0.9705,0
comparison emphasizes,0.971,0
scale,0.9712,0
fixed,0.9705,0
category,0.9753,0
typical classification term,0.9721,0
borg,0.9702,0
interest,0.973,0
involving model,0.9727,0
multiple,0.9713,0
evident,0.9754,0
model decrease,0.977,0
problem isa,0.9767,0
im learning,0.9712,0
hybrid attention,0.9724,0
using performance,0.9718,0
proper,0.9716,0
regression,1,1
characteristic,0.9725,0
considered,0.9732,0
learning paradigm,0.9745,2
integrated method focus,0.9714,0
intensive,0.9739,0
weight,0.9702,0
semi learning,0.9761,2
holder,0.9701,0
component using,0.9737,0
importantly,0.974,0
wei costs learning,0.9721,0
empirical,0.9751,2
using,0.9718,0
opt term automatic,0.9704,0
memory,0.9722,0
predicting,0.9774,0
sy reinforcement,0.9704,0
analysis main,0.9719,0
approach meta,0.9737,0
model fu,0.9713,0
layer fl multi,0.9717,0
method ml,0.9738,0
system mi quarterly,0.9715,0
framework,0.9755,0
thus improve,0.9708,0
system metal,0.9732,0
meta use,0.9724,0
residual,0.9764,0
initial,0.9701,0
method relatively,0.976,0
important weight ieee,0.9709,0
integrated moving,0.9706,0
effectively,0.9727,0
adjustment,0.9759,0
approach,0.971,0
allowing,0.9746,0
sensor combining un,0.9713,0
dispersal,0.9756,0
pan,0.9727,0
focused,0.971,0
algorithm significantly,0.9741,0
qin,0.9736,0
method designed,0.9709,0
weighing,0.9737,0
utilizing,0.973,0
corresponding,0.9714,0
classification model,0.9715,0
facilitate,0.9725,0
problem zhao,0.9745,0
segment using,0.9703,0
proto,0.9722,0
enabled,0.9716,
task sized,0.9715,
capability,0.9705,
due complex,0.9723,
simulation,0.975,
proposal,0.9717,
sim memory nicholas,0.973,
bearing fault diagnosis,0.9715,
consequence,0.977,
problem emphasis,0.9764,
prediction,0.9808,
using con,0.9709,
specific,0.9773,
testing,0.9763,
information knowledge,0.9748,
model knowledge,0.9747,
model meta,0.9711,
meta capture,0.9715,
task learning,0.9801,
learning transfer,0.9728,
prediction learning,0.981,
visual learning,0.9784,
sample learning,0.9775,
parameter learning,0.9767,
cost learning,0.9713,
step learning,0.9712,
derivative deep learning,0.9733,
problem learning,0.9733,
meta multi learning,0.9711,
sequential learning,0.9741,
meta learning,1,
ter meta learning,0.9704,
multi learning,0.9757,
learning via meta,0.9705,
learning base learning,0.9752,
learning deep neural,0.9705,
hyper spec learning,0.9738,
local factor learning,0.9704,
natural purpose learning,0.9765,
data deep learning,0.9731,
purpose learning,0.9766,
transfer learning,0.9757,
process learning,0.9825,
network learning,0.9773,
factor learning,0.9817,
image learning,0.9742,
space learning,0.9793,
advantage learning,0.974,
deep learning learning,0.9727,
metric learning,0.9741,
graph learning,0.97,
force learning,0.9762,
base learning,0.9841,
deep meta learning,0.9744,
data learning,0.9768,
system learning,0.9838,
information learning,0.9783,
