Word,Similarity,yesno
learning task,1,1
range learning task,0.9741,2
learning relationship task,0.9763,0
prior learning task,0.9759,0
sv classification task,0.9808,0
hierarchical bay,0.971,0
tuning,0.9728,0
vans understanding machine,0.972,0
bias,0.9723,0
configuration tried,0.9711,0
landmark variant,0.9703,0
gravity,0.9709,0
model yielding,0.9738,0
per classification,0.9725,0
ability,0.9706,0
even access,0.9714,0
test set,0.9724,0
task decide,0.9713,0
proceeding pak,0.9718,0
model trained ranking,0.9701,0
landmark systematically test,0.9722,0
selection classification,0.97,0
per task training,0.974,0
leverage,0.9704,0
ranking model,0.9727,0
especially large,0.9704,0
functional,0.9752,0
classification given many,0.976,0
classification task,0.9741,1
including ranking,0.9735,0
task described,0.9745,0
per factor,0.9742,0
multi ranking including,0.9722,0
application joaquin vans,0.9703,0
perspective,0.9721,0
given classification al,0.9776,0
category,0.9777,0
model including,0.9705,0
task including,0.9711,0
typically,0.9702,0
recommended given classification,0.9799,0
using ib metal,0.9709,0
classification,1,1
rank lin,0.9702,0
choice,0.9764,0
training sur model,0.9729,0
meta per classification,0.976,0
ranking ie ordered,0.9738,0
model include,0.972,0
divide training,0.9702,0
network using,0.9725,0
landmark weight,0.9733,0
task related,0.9735,0
ml task lecture,0.9707,0
across data,0.9707,0
task leverage,0.9703,0
data based,0.9706,0
skill,0.9707,0
system david,0.973,0
bias success story,0.9752,0
factor,0.9727,0
al different approach,0.971,0
task allowing,0.9725,0
model,0.976,0
model specific,0.9741,0
comparison abdul,0.9734,0
classify,0.973,0
performance specific,0.9716,0
specific,0.972,0
task,0.9709,0
model landmark,0.9708,0
selection via metal,0.9736,0
task recommended,0.9755,0
landmark evaluated,0.9703,0
selected evaluated included,0.972,0
task weight,0.9736,0
feedback,0.9738,0
comparison,0.9779,0
hut using,0.9728,0
pont learning,0.9713,0
across task recommended,0.9735,0
task recommendation,0.974,0
mayo towards framework,0.9705,0
configuration,0.9752,0
metal system,0.9708,0
rule single,0.9756,0
hut evaluated,0.9703,0
survey joaquin vans,0.9729,0
per factor usually,0.9721,0
based factor,0.9744,0
survey joaquin,0.9736,0
method lin,0.9704,0
pattern,0.9725,0
using training,0.9761,0
prediction warm guide,0.971,0
data characteristic,0.9703,0
al propose approach,0.9712,0
system involve,0.9706,0
factor requires,0.9732,0
classification al,0.9771,0
system,0.9731,0
model selection,0.9707,0
connection,0.9704,0
vans importance tuning,0.9716,0
conclusion,0.9713,0
automatic selection,0.9712,0
per task look,0.9705,0
recommendation,0.97,1
structurally,0.9703,0
testing see,0.9717,0
predicting rank,0.9729,0
testing,0.972,0
power,0.9723,0
processing,0.9724,0
per form feature,0.9724,0
distance,0.9712,0
influence,0.973,0
given classification,0.9807,0
pratt take model,0.971,0
bas concept,0.9706,0
based,0.9711,0
based hand,0.9708,0
standardized overcome problem,0.9727,0
based promising,0.9701,0
survey starting,0.9726,0
robbins aspect sequential,0.9702,0
performance class,0.9713,0
al task hand,0.9713,0
type,0.971,0
hen discovering hierarchy,0.978,0
vans selecting classification,0.9729,0
stern,0.9702,0
multiple,0.9713,0
spectrum,0.9736,0
task dee,0.9725,0
model rep,0.975,0
selection tod,0.9717,0
similarity,0.9746,0
hierarchical bay,0.9724,0
configuration yielding,0.9721,0
al approach hyper,0.9734,0
tuning,0.9731,0
technique joaquin vans,0.9707,0
cycle,0.9724,0
cb approach,0.9759,0
approach meta,0.9737,0
proto,0.9722,0
bias,0.978,0
infinite,0.9725,0
configuration tried,0.9714,0
data joaquin,0.9711,0
multi,0.9774,0
opt proceeding pri,0.9757,0
landmark variant,0.9721,0
gravity,0.9715,0
using bay neural,0.9705,0
approach semi,0.974,0
model yielding,0.9784,0
defining,0.9702,0
using genetic,0.9701,0
sampling,0.9746,0
corresponding,0.9714,0
based empirical,0.9706,0
hut hyper importance,0.9704,0
neighbor,0.9701,0
model combine,0.974,0
particular,0.9707,0
observation,0.974,0
baxter,0.9706,0
useful meta warm,0.9722,0
measurement,0.9807,0
method lin stud,0.9746,0
residual,0.9764,0
proceeding pak,0.9706,0
considered,0.9732,0
important,0.9712,0
approach ic,0.9775,0
approach,0.971,0
selection metal,0.9726,0
practical comparison,0.9747,0
landmark systematically test,0.9728,0
capability,0.9705,0
opt using,0.9716,0
focused,0.971,0
collaboration,0.9731,0
deep neural,0.9743,0
operation,0.9725,0
indication,0.9709,0
kernel,0.9734,0
structured,0.9766,0
method wire,0.9724,0
synthetic,0.975,0
perspective cold,0.9701,0
tome,0.9708,0
regression landmark within,0.9743,0
leverage,0.9769,0
freeze,0.9727,0
sur model based,0.9744,0
al many application,0.9701,0
functional,0.9785,0
method somewhat,0.9762,0
survey mana,0.9726,0
probing,0.9722,0
scala,0.9734,0
beam,0.972,0
pro le using,0.9712,0
using ib,0.9713,0
factor propose,0.9735,0
using,0.9718,0
tune,0.9714,0
tuna,0.9706,0
task meta trained,0.9707,0
application joaquin vans,0.9709,0
suitable,0.9746,0
neural,0.9757,0
activation,0.9733,0
perspective,0.9766,0
model prior,0.9727,0
survey mart,0.971,0
category,0.9753,0
model kn,0.9709,0
malik,0.9705,0
task trained,0.9702,0
sanjay,0.9701,0
typically,0.9705,0
shifting,0.9711,0
warm sur model,0.9705,0
task transfer,0.9717,0
experiment,0.9701,0
leaf,0.9754,0
regression,1,1
fusion,0.9739,0
combination bay,0.9712,0
including hyper,0.9714,0
deng prediction,0.9702,0
mechanism,0.9777,0
proceeding ib,0.9709,0
model rosen,0.9765,0
method,0.9793,0
setting,0.9718,0
bas concept variation,0.9727,0
complementary,0.9778,0
training sur model,0.972,0
landmark vector,0.972,0
sorting,0.974,0
application joaquin,0.9732,0
workshop,0.972,0
mutation,0.9739,0
initial,0.9701,0
task case,0.9716,0
application ph,0.9741,0
meta proceeding pak,0.9717,0
model generally,0.9736,0
particularly,0.9703,0
empirical,0.9751,0
factor technique,0.9731,0
algorithm brazilian,0.9726,0
certain,0.9732,0
rule,0.974,0
proper,0.9716,0
solution,0.974,0
al extend approach,0.9708,0
discussion,0.9704,0
unrelated,0.9737,0
principle,0.9763,0
requiring,0.9733,0
allowing,0.9746,0
optimization joaquin vans,0.9712,0
importance,0.9708,0
stump,0.9705,0
retrieve,0.9733,0
soy,0.9718,0
labelled,0.9705,0
relatively,0.9704,0
response,0.9741,0
task leverage,0.9729,0
weight,0.9702,0
data based,0.9739,0
system david,0.9763,0
leaf agreement,0.9745,0
predicting,0.9774,0
approach density,0.973,0
factor,0.974,0
decision,0.9717,0
model,0.971,0
prediction,0.9808,0
comparing,0.9738,0
model specific,0.9765,0
comparison abdul,0.9764,0
pan,0.9727,0
reinforcement,0.9727,1
dependent,0.976,0
configuration sc bard,0.973,0
factor automated,0.9743,0
effectively,0.9727,0
however method,0.9717,0
mach,0.9705,0
using bay,0.9711,0
process,0.9719,0
yielding,0.9709,0
dimensional,0.9783,0
classify,0.9775,0
natural,0.9713,0
performance specific,0.9724,0
opt synthetic,0.9715,0
task tune,0.9701,0
specific,0.9773,0
significant,0.9708,0
difficult,0.9709,0
tackle,0.9713,0
task,0.9732,0
opt performance davis,0.9704,0
model landmark,0.9735,0
using meta,0.9719,0
model sur,0.9722,0
algorithm guided,0.9716,0
dimensional mic,0.9707,0
task important,0.9704,0
derivation,0.971,0
meta used,0.9729,0
resolution,0.974,0
application bi,0.9743,0
task weight,0.9712,0
lever,0.9737,0
survey metal,0.9717,0
standard,0.9735,0
behavior,0.9766,0
modeled,0.9745,0
feedback,0.9779,0
loren,0.9722,0
via model sur,0.9716,0
via sampling,0.9719,0
comparison,0.9816,0
focus,0.974,0
hut using,0.9719,0
al use experiment,0.9718,0
integrating,0.9786,0
tool,0.9715,0
accurately,0.9702,0
feedback manuscript metal,0.9721,0
instead learning,0.9713,0
integration,0.9721,0
pont learning,0.9712,0
modified multi,0.9704,0
feature need,0.9709,0
al weight predict,0.9711,0
algorithm across,0.9718,0
predicted,0.9713,0
case optimal,0.9738,0
interval,0.9709,0
configuration,0.977,0
causal,0.9779,0
scaling,0.9777,0
al sur model,0.9711,0
descent,0.9731,0
thru reinforcement,0.971,0
analogy,0.9743,0
fixed,0.9705,0
malik learning opt,0.9709,0
aspect,0.9724,0
utilizing regression,0.9721,0
technique multi,0.9754,0
problem,0.9702,0
commonly,0.973,0
independently,0.9753,0
varied,0.9721,0
branch,0.9721,0
memory,0.9722,0
understanding,0.9711,0
sequence,0.9712,0
groundbreaking,0.9752,0
evaluation landmark,0.9717,0
inference,0.9787,0
directly,0.9718,0
batch,0.9702,0
extend,0.9711,0
allowing neural,0.9717,0
characteristic,0.9725,0
per factor usually,0.9715,0
based factor,0.9707,0
procedure fe,0.9707,0
flexible,0.9744,0
framework,0.9755,0
induction,0.9796,0
utilizing,0.973,0
opt e using,0.9721,0
particular fertile,0.9735,0
factor multi,0.9762,0
survey,0.9702,0
method lin,0.9777,0
useful,0.9749,0
recipe,0.9751,0
pattern,0.9783,0
using training,0.972,0
factor approach,0.9723,0
data characteristic,0.978,1
al propose approach,0.9728,0
system involve,0.9732,0
transferring,0.9727,0
semi learning,0.9761,0
learning proceeding ic,0.9734,0
process using,0.9731,0
conditioned,0.9709,0
factor requires,0.9724,0
system de,0.9714,0
tri,0.972,0
understood inference,0.9714,0
system,0.9714,0
mach learn,0.972,0
significantly,0.9725,0
lever prior,0.9713,0
model selection,0.9766,0
combining,0.9738,0
instead manually,0.9708,0
connection,0.9741,0
factor propose deep,0.9717,0
model including hyper,0.9704,0
hyper,0.9739,0
analysis,0.9723,0
recommendation,0.9744,1
meta,0.9766,0
structurally,0.9749,0
producing,0.97,0
algorithm novel,0.9758,0
generation,0.973,0
testing see,0.9722,0
application,0.9766,0
adjust,0.975,0
testing,0.9763,0
pinto,0.9709,0
size,0.97,0
processing,0.9798,0
similarity take,0.9705,0
bas,0.9722,0
process specific,0.9746,0
meta use,0.9724,0
suitable transfer,0.9703,0
al recommend initial,0.9704,0
filter,0.978,0
training,0.9706,0
ri using,0.9713,0
useful meta,0.9713,0
distance,0.9723,0
limitation,0.9726,0
influence,0.9709,0
model comprise,0.9745,0
radically,0.971,0
weighted,0.976,0
expert,0.9727,0
survey jurgen,0.9704,0
cha utilizing regression,0.9818,0
sy,0.9717,0
estimation de,0.9702,0
model transfer,0.9743,0
based metal,0.9717,0
framework distance,0.9739,0
based,0.974,0
inherently,0.9713,0
method machine,0.9771,0
transfer,0.9737,0
based promising,0.971,0
divide,0.9737,0
instead prediction,0.9712,0
certain concept,0.9707,0
phased,0.9751,0
overcome,0.9707,0
wire,0.9718,0
bay optimization,0.9711,0
scale,0.9712,0
model factor,0.9723,0
automated,0.973,0
input,0.9716,0
bas complexity,0.972,0
filtering,0.9771,0
requires,0.9727,0
robbins aspect sequential,0.9712,0
via relative,0.9707,0
type,0.9749,0
adaptive levin,0.9737,0
hut evaluated technique,0.9716,0
resulting,0.9707,0
opt proceeding ec,0.9775,0
task sur,0.9705,0
rarely,0.971,0
knowledge empirical,0.9707,0
discovery database,0.9712,0
experiment database,0.9718,0
knowledge discovery database,0.9877,0
performance experiment database,0.9729,0
focus component,0.9702,0
data meta,0.9738,0
meta feature,0.9809,1
power meta feature,0.9779,0
data meta loren,0.9715,0
meta learning,1,1
transfer learning,0.9757,1
performance learning,0.9715,2
evolution learning,0.9779,2
network learning,0.9773,2
auto learning,0.9782,2
range learning,0.9729,2
goal learning,0.9809,2
task learning,0.9801,2
cross learning,0.9846,2
learning transfer,0.9728,0
multi learning,0.9757,2
type learning,0.9727,2
step learning,0.9712,2
set learning,0.9722,2
