Word,Similarity,yesno
distance,0.9712,0
influence,0.973,0
processing,0.9724,0
task tuning,0.9712,0
tuning,0.9728,0
model,0.976,0
model initial,0.9705,0
data intent,0.9709,0
configuration,0.9752,0
based,0.9711,0
task sentiment,0.9731,0
task consideration,0.9745,0
data han,0.9716,0
sampled training,0.9706,0
task figure,0.9733,0
choice,0.9764,0
interface,0.9704,0
classification,1,1
network weight,0.971,0
type,0.971,0
category,0.9777,0
stud tended system,0.9702,0
classification task,0.9741,1
algorithm despite,0.971,0
task accompanied,0.9706,0
classification yi,0.9769,0
tended system developed,0.9727,0
task related,0.9735,0
test set,0.9724,0
task bert,0.9705,0
data comprised,0.9706,0
network using,0.9725,0
validation following,0.9714,0
survey wen,0.9701,0
task significantly,0.9708,0
including training task,0.9711,0
classification label,0.9729,2
milestone transfer,0.97,0
task thru pratt,0.9703,0
task cola,0.9723,0
classification model,0.9741,0
model expected,0.9734,0
task,0.9709,0
tended system,0.9736,0
sampled training task,0.973,0
task ata,0.9724,0
system,0.9731,0
specific,0.972,0
testing,0.972,0
class intent,0.975,0
gao,0.9705,0
pot,0.9701,0
essentially para,0.9702,0
strict,0.9706,0
distance,0.9723,0
ric learning,0.9751,0
interpreted,0.9716,0
glue,0.9766,0
survey,0.9702,0
rely,0.9709,0
problem contrast,0.9767,0
influence,0.9709,0
meta,0.9766,0
processing,0.9798,0
task tuning,0.9735,0
resolution,0.974,0
understanding,0.9711,0
tuning,0.9731,0
routine,0.9728,0
model,0.971,0
training,0.9706,0
comparing,0.9738,0
scala,0.9734,0
labeled,0.9759,0
essentially problem,0.9721,0
method,0.9793,0
model initial,0.9726,0
bert generalized,0.9732,0
data intent,0.9738,0
instead opt,0.9732,0
configuration,0.977,0
based,0.974,0
recognition ic,0.9704,0
neighbor,0.9701,0
transform,0.9777,0
neural,0.9757,0
specific nl,0.9735,0
task sentiment,0.9726,0
essentially,0.9736,0
model maximal,0.9708,0
cal optimization,0.9761,0
problem,0.9702,0
task consideration,0.9705,0
cid,0.9704,0
data han,0.9713,0
definition,0.975,0
survey metal,0.9717,0
task leopard,0.9711,0
novelty,0.9727,0
transfer,0.9737,0
task figure,0.9725,0
tri,0.972,0
similarity,0.9746,0
contrast,0.9753,0
interface,0.9765,0
instead strict siam,0.9718,0
standard,0.9735,0
particularly,0.9703,0
network weight,0.9747,0
consideration,0.9731,0
type,0.9749,0
problem essentially,0.9735,0
metadata di,0.9707,0
treating,0.9706,0
process newly,0.9716,0
category,0.9753,0
opt need,0.9738,0
survey meta,0.9702,0
derived,0.9719,0
algorithm despite,0.9702,0
task accompanied,0.9707,0
multiple,0.9713,0
split,0.9712,0
tended,0.973,0
type john,0.9728,0
weighted,0.976,0
ample ic,0.9701,0
analysis,0.9723,0
tended system developed,0.9705,0
input,0.9716,0
generation bert,0.9736,0
compare,0.9728,0
detection han,0.972,0
recognition ic deep,0.9704,0
weight,0.9702,0
problem cat,0.9702,0
algorithm nic,0.9747,0
proposed learning,0.9701,0
vary,0.9752,0
using,0.9718,0
inference,0.9787,0
embedded spoken,0.9721,0
induction,0.9796,0
gel,0.9727,0
opt efficiency,0.9733,0
separation,0.975,0
requires,0.9727,0
specification,0.971,0
framework,0.9755,0
core,0.9722,0
initial,0.9701,0
diverse,0.9721,0
compared,0.9725,0
embedded,0.9767,0
differs sg,0.9723,0
approach,0.971,0
significantly,0.9725,0
natural,0.9713,0
realistic bench,0.9738,0
validation,0.9739,0
process,0.9719,0
data trained,0.9718,0
task significantly,0.9713,0
focus,0.974,0
deep neural,0.9743,0
sentiment,0.9714,0
contrast rep,0.9742,0
classification label,0.9704,2
task trained,0.9702,0
rus,0.9704,0
framed,0.97,0
task cola,0.9701,0
classification model,0.9715,1
data cl mainly,0.971,0
model expected,0.9751,0
workshop,0.972,0
generation,0.973,0
claimed,0.971,0
task,0.9732,0
investigating,0.97,0
si multiple,0.9717,0
especially application,0.9734,0
descent,0.9731,0
proto,0.9722,0
treated,0.9708,0
multi,0.9774,0
flow,0.9768,0
essentially addition,0.971,0
batch,0.9702,0
application,0.9766,0
res learning,0.9726,0
milestone,0.9728,0
prediction,0.9808,0
task ata,0.9703,0
system,0.9714,0
specific,0.9773,0
testing,0.9763,0
class intent,0.9715,0
useful,0.9749,0
model meta,0.9711,0
task learning,0.9801,0
performance learning,0.9715,2
efficient learning,0.9704,0
metric learning,0.9741,2
domain learning,0.9812,2
meta learning,1,2
multi learning,0.9757,2
data learning,0.9768,2
transfer learning,0.9757,2
network learning,0.9773,2
