Word,Similarity
participants cognitive,0.9705
explanation,0.9728
using tests performance,0.9718
participants within,0.9722
test regardless,0.9718
tests use,0.9712
benefited practice,0.9741
evidence discuss,0.9729
investigated degree testing,0.9704
considerations,0.9730
benefited taking,0.9735
ri considering differences,0.9718
tests influenced,0.9713
power,0.9723
different results acknowledge,0.9711
adherence tap,0.9709
instruction,0.9728
ability,0.9706
following research questions,0.9721
studies reveal method,0.9705
tests within,0.9713
designs use,0.9714
phase requiring,0.9717
studies attempted explore,0.9710
ph called,0.9717
category,0.9777
significantly results posts,0.9719
strategies following,0.9745
factors factors include,0.9707
conditions,0.9754
calculation,0.9750
despite confidence,0.9709
recommendation,0.9700
comparison,0.9779
analysis addressed,0.9701
test students took,0.9734
judgments,0.9739
classification,1.0000
weaknesses,0.9708
standards,0.9740
based selection criteria,0.9738
coding,0.9744
merit,0.9719
characteristics,0.9757
typically,0.9702
crucial response,0.9700
although positive learning,0.9706
although suggests students,0.9701
guidance,0.9728
wide array,0.9702
conclusion,0.9713
typical recognition,0.9700
delivery,0.9702
feedback included tests,0.9705
feedback,0.9738
analysis revealed use,0.9704
test among,0.9750
mats final test,0.9700
criteria,0.9744
processing,0.9724
grading,0.9729
highlighting need,0.9705
analysis revealed practice,0.9713
categorized rest,0.9702
judging,0.9705
analyzed,0.9709
testing effect beyond,0.9705
procedure see,0.9715
testing beyond,0.9716
impoverished cue,0.9700
selection criteria,0.9799
eligibility,0.9737
areas need,0.9754
regarding mastery,0.9712
reasons,0.9722
based,0.9711
issues surrounding,0.9703
method within,0.9733
theoretical tap,0.9724
cases read,0.9725
aggression,0.9723
belief,0.9723
models,0.9742
standards unlike roe,0.9715
tests using,0.9706
survey qu,0.9716
regardless,0.9709
factor,0.9727
powerful test,0.9704
al using practice,0.9721
following criteria contrast,0.9730
category nu findings,0.9718
due variability testing,0.9709
phelps summary research,0.9720
evidence meta provide,0.9700
assessments highs,0.9710
quiz chapter,0.9708
studies required participants,0.9713
lip,0.9713
consequently testing,0.9716
choice,0.9764
adjustment,0.9736
superior transfer,0.9746
retrieval since,0.9734
payment,0.9718
coined testing,0.9717
superiority study,0.9752
gap,0.9707
habits,0.9704
memo paired associates,0.9713
testing versus review,0.9701
factors balanced across,0.9726
hedges ol using,0.9726
classified,0.9715
testing condition,0.9727
studies included meta,0.9713
ally consist presentation,0.9718
model,0.9760
studies would required,0.9703
across educational levels,0.9721
cal use need,0.9712
directions,0.9711
difficulties,0.9706
students took,0.9709
specific,0.9720
instructions,0.9708
limit,0.9728
effective reading,0.9721
type,0.9710
analyses based,0.9703
ab ties learned,0.9719
scores could caused,0.9713
understand opposed testing,0.9703
task,0.9709
method flaws,0.9702
data using,0.9718
phase,0.9702
surrounding tests,0.9704
ultimately benefit,0.9701
therefore students,0.9707
using tests,0.9738
windows,0.9733
due use tap,0.9719
beyond additional practice,0.9708
skill,0.9707
targeted information answer,0.9711
responses,0.9718
condition,0.9700
targeted information,0.9730
inhibition,0.9710
influence,0.9730
regardless test,0.9731
examining,0.9738
highlighting need research,0.9723
advantage,0.9712
specifically investigated,0.9705
based cue,0.9720
laps,0.9729
though majority studies,0.9708
standards unlike,0.9707
ex motivation grades,0.9705
bias,0.9723
gaps,0.9712
results acknowledge factors,0.9732
testing,0.9720
test studied,0.9720
note research supported,0.9706
criterion,0.9747
testing effect di,0.9709
focuses,0.9702
procedures often,0.9716
semantic,0.9805
explanation,0.9754
using tests performance,0.9719
doi bore hedges,0.9702
often studies,0.9703
assumption,0.9770
test regardless,0.9716
tests use,0.9747
benefited practice,0.9739
method strengths,0.9724
though categories,0.9702
narrative,0.9728
inaccurate,0.9715
considerations,0.9736
largest,0.9705
burden grading,0.9701
using,0.9718
summarized,0.9736
spelling,0.9748
tests influenced,0.9706
limits,0.9746
cap,0.9716
due inter technique,0.9719
methods including,0.9721
adherence tap,0.9705
coincide,0.9709
instruction,0.9706
due burden grading,0.9711
analysis,0.9723
vary,0.9752
con comparison,0.9710
require,0.9728
tests within,0.9701
designs use,0.9748
mechanism,0.9777
phase requiring,0.9709
methods,0.9794
setting,0.9718
feedback delayed,0.9707
format weighted,0.9708
incorporated wide,0.9719
natural,0.9713
tests whereas,0.9710
morris benefits retrieval,0.9704
confirming,0.9730
biased,0.9763
since learning,0.9703
ph called,0.9740
answers,0.9707
using meta,0.9719
category,0.9753
conditions,0.9714
commonly,0.9730
fundamental,0.9742
furthermore findings,0.9706
calculation,0.9770
ro feedback,0.9717
recommendation,0.9744
comparison,0.9816
analysis addressed,0.9745
independently,0.9753
empirical,0.9751
method fe,0.9706
requires,0.9727
flow,0.9768
lit,0.9725
feedback notable,0.9716
tap suggests,0.9701
consideration,0.9731
indicator,0.9715
poses,0.9708
techniques,0.9762
weaknesses,0.9725
hypothesis multiple,0.9731
compare,0.9728
indeed survey,0.9718
standards,0.9731
frequency,0.9763
sampling,0.9746
relatively,0.9704
coding,0.9793
database searched,0.9700
unrelated,0.9737
retrieve,0.9733
dual,0.9724
reveal,0.9714
assessments,0.9745
memory,0.9722
contrast,0.9753
characteristics,0.9718
typically,0.9705
crucial response,0.9710
generation,0.9730
incentives,0.9757
influenced,0.9702
interval,0.9709
attempting,0.9739
treatment,0.9705
hedges,0.9733
utilizing,0.9730
tap transfer,0.9746
paradox,0.9764
guidance,0.9744
howard,0.9702
energy,0.9705
settings,0.9755
disabilities,0.9720
problem meta,0.9725
used taking,0.9711
testing using,0.9716
typical recognition,0.9714
involving,0.9712
reporting,0.9705
fatigue,0.9719
delivery,0.9767
feedback,0.9779
analysis revealed use,0.9708
tests,0.9732
analyses,0.9721
behavioral,0.9731
assessment ph called,0.9720
pot,0.9701
using meta explore,0.9710
testing effect ultimately,0.9727
behavior,0.9766
delay,0.9707
criteria,0.9716
processing,0.9798
research vary,0.9722
feedback important,0.9712
grading,0.9769
obvious,0.9711
comparing,0.9738
discussion,0.9704
context,0.9710
monitoring,0.9724
principle,0.9763
validity,0.9762
encoded,0.9701
en testing,0.9716
specifically meta,0.9702
thoughtfully,0.9724
strong implications,0.9712
analyzed,0.9764
experiment,0.9701
effectively,0.9727
meta need,0.9703
testing effect beyond,0.9716
major method,0.9746
balanced,0.9734
finally coded method,0.9712
abilities,0.9702
tool,0.9715
tap used design,0.9704
classic,0.9710
crucial,0.9753
ol testing,0.9761
method,0.9793
comprehensive meta,0.9712
era developed criteria,0.9703
tap principle,0.9715
regarding mastery,0.9700
adjust,0.9750
procedures,0.9731
based,0.9740
understanding,0.9711
di old theory,0.9726
interpretation,0.9723
therefore coded,0.9729
frequent,0.9706
method within,0.9765
theoretical tap,0.9718
spotlight,0.9702
unfortunately use,0.9711
thus findings,0.9715
useful memo,0.9721
developmental,0.9717
suggests,0.9712
administered,0.9712
meta understand,0.9727
yielding,0.9709
consequence,0.9770
importance,0.9708
adi,0.9714
activation,0.9733
rigorous,0.9746
extraction,0.9750
thereby identified,0.9703
con degrees freedom,0.9721
without feedback important,0.9717
suggested,0.9718
across factor could,0.9703
belief,0.9715
models,0.9707
standards unlike roe,0.9707
interests,0.9721
effect coined testing,0.9742
retention di,0.9714
initial,0.9701
tests using,0.9721
varies,0.9721
survey qu,0.9717
common core,0.9704
methods large,0.9717
program,0.9703
factor memo,0.9728
textbook,0.9755
feedback du,0.9719
manipulation,0.9702
testing effect alive,0.9701
recalling,0.9726
interest,0.9730
investigating,0.9700
practice compared,0.9726
imitation,0.9726
considered,0.9732
factor,0.9740
size,0.9700
retrieval,0.9759
viewing,0.9724
demonstrates,0.9703
facilitate,0.9725
trim,0.9705
schooling,0.9726
procedures therefore,0.9721
blunt,0.9710
measurement,0.9807
ti hypothesis,0.9704
butler research needed,0.9706
restrict,0.9758
powerful test,0.9701
trend led,0.9700
coded,0.9724
embedded,0.9767
roe point comparing,0.9724
tap significant,0.9714
application,0.9766
test contemporary,0.9716
useful match ing,0.9716
investigation,0.9721
tolerance,0.9731
dependent,0.9760
thus resistant,0.9715
strong testing,0.9737
emphasis,0.9761
mastery,0.9701
hypothesis,0.9774
due use,0.9713
process,0.9719
problem,0.9702
consequently testing,0.9729
proper,0.9716
easiest,0.9717
portable,0.9747
across factor,0.9728
adjustment,0.9759
compared,0.9725
theories,0.9758
superior transfer,0.9719
retrieval since,0.9728
expanding,0.9708
payment,0.9746
survey,0.9702
coined testing,0.9756
motivation,0.9761
superiority study,0.9715
focus,0.9740
significantly,0.9725
quantitative,0.9735
affect,0.9746
retention understand,0.9760
ol using,0.9704
wil assessment,0.9701
calculation cal,0.9740
response,0.9741
plan,0.9751
inference,0.9787
concepts,0.9761
aging,0.9706
transfer,0.9737
spaced,0.9722
analyze,0.9748
suggestion,0.9767
intervention,0.9727
diverse,0.9721
multi,0.9774
forensic,0.9711
strain learning,0.9783
precision,0.9771
replica,0.9745
capture,0.9703
typically self,0.9706
methods develop,0.9732
recalled magnitude testing,0.9710
purposes,0.9706
origin,0.9725
model,0.9710
directions,0.9714
difficulties,0.9754
suggesting,0.9741
con strain learning,0.9754
particularly,0.9703
cal use,0.9724
specific,0.9773
principles,0.9728
interpreted,0.9716
minimal,0.9707
using retrieval,0.9713
limit,0.9739
effective reading,0.9715
phase developed coding,0.9709
type,0.9749
practice,0.9713
analyses based,0.9716
inclusion,0.9707
structured,0.9766
substantially,0.9701
demand,0.9708
useful,0.9749
requiring,0.9733
variance within,0.9712
indication,0.9709
crucial response format,0.9709
task,0.9732
autism,0.9769
method flaws,0.9749
data using,0.9714
phase,0.9749
null studies,0.9761
decision,0.9717
sy,0.9717
focused,0.9710
comprehension,0.9732
timing,0.9713
seam,0.9739
practice incorporated wide,0.9704
categorized,0.9754
par learning,0.9704
resulting,0.9707
encoding,0.9757
joint,0.9700
certain,0.9732
vocabulary,0.9772
standard,0.9735
due use tap,0.9700
beneficial,0.9727
arguably,0.9759
targeted information answer,0.9703
symbols,0.9732
incentive,0.9738
responses,0.9731
limitation,0.9726
analysis weighted,0.9713
rely,0.9709
logic,0.9790
therefore replica,0.9708
weighted,0.9760
inhibition,0.9790
instructional,0.9780
especially terms,0.9703
meta,0.9766
approach,0.9710
influence,0.9709
regardless test,0.9712
examining,0.9744
sensitivity,0.9727
assessment,0.9766
beneficial delayed,0.9711
multiple,0.9713
self see,0.9725
standards unlike,0.9716
testing phenomenon gone,0.9719
since learning con,0.9715
logistical,0.9706
bias,0.9780
methods series,0.9713
gaps,0.9703
therefore coded tap,0.9708
filtered,0.9730
tar,0.9721
incorporate,0.9737
principle performance,0.9721
highlighting,0.9733
curriculum,0.9729
testing,0.9763
thus testing,0.9728
fixed,0.9705
furthermore,0.9701
test studied,0.9717
significant,0.9708
collaboration,0.9731
retrieval forgetting ri,0.9717
important,0.9712
methods meta,0.9745
separating,0.9714
theoretically,0.9733
core,0.9722
learning concept knowledge,0.9717
concept knowledge,0.9837
context features,0.9706
emotional learning,0.9769
feedback learning,0.9746
advance theory learning,0.9705
self learning,0.9713
map learning,0.9815
structured learning,0.9733
level learning,0.9749
test learning,0.9722
interaction learning,0.9825
based learning,0.9701
effects learning,0.9789
abstract learning,0.9740
conceptual abstract learning,0.9720
transfer learning,0.9757
test testing,0.9708
testing effect di,0.9720
moderate method features,0.9735
method approach conducting,0.9763
incentive included,0.9703
analyses based study,0.9739
tests use,0.9710
benefited practice,0.9733
method strengths,0.9742
testing effect attempting,0.9701
timing test carefully,0.9723
designs use,0.9726
comprehensive approach recover,0.9713
test differ,0.9705
common study,0.9743
testing threat used,0.9772
taught use,0.9758
response mode,0.9784
analyzed method,0.9761
meta major method,0.9760
suggestion result,0.9712
assessment test,0.9700
type test,0.9710
testing condition list,0.9718
method fe,0.9715
final assessment,0.9706
effects important method,0.9774
feedback help final,0.9711
sp examining testing,0.9715
used taking test,0.9738
method disadvantage,0.9706
using sum assessments,0.9716
testing assessment,0.9706
test compared take,0.9709
crucial response,0.9726
useful conceptual abstract,0.9708
guidance,0.9731
implementation treatment,0.9727
outcome measure require,0.9764
alternative view,0.9718
assessment ph called,0.9706
testing effect ultimately,0.9721
research vary,0.9706
feedback important,0.9742
note review strategies,0.9701
testing effect beyond,0.9724
feedback hypothesis supported,0.9710
major method,0.9754
tap principle performance,0.9706
test practice,0.9705
finally coded method,0.9731
method,0.9768
test used,0.9722
compared use,0.9725
method within,0.9747
criteria studies,0.9720
alternative hypothesis,0.9732
procedures design,0.9708
effort required perform,0.9707
preferred test,0.9778
effect coined testing,0.9707
retention di,0.9722
threat used,0.9741
effect type,0.9711
comprehensive approach,0.9775
testing effect alive,0.9710
efficiency test,0.9705
assessment procedure,0.9743
practice compared,0.9718
chosen preferred test,0.9765
test feedback,0.9704
valid testing,0.9707
sizes moderate method,0.9701
application,0.9700
required participants use,0.9714
test practice beneficial,0.9723
method delay,0.9709
selected analyzed method,0.9810
research effects,0.9705
review testing effect,0.9719
benefits test,0.9757
study based,0.9702
method approach,0.9774
procedures often used,0.9701
accurate indicator benefits,0.9715
superiority study,0.9732
testing effect important,0.9704
learning criterion,0.9709
testing effects however,0.9713
testing versus review,0.9719
test condition,0.9719
use tests summarized,0.9707
testing agreement,0.9719
testing condition,0.9740
research may used,0.9739
methods develop,0.9706
context method,0.9751
designs used,0.9712
discussion purpose,0.9710
important outcome quiz,0.9709
answer based cue,0.9735
investigating test,0.9701
crucial response format,0.9747
differences method,0.9774
method flaws,0.9740
response format,0.9726
study random controlled,0.9703
learning method,0.9803
method advantage within,0.9719
strategies used,0.9701
targeted information,0.9718
cognitive challenging study,0.9713
important compare practice,0.9762
used study strategy,0.9773
effectiveness hypothesis,0.9717
tests used,0.9731
tests usually present,0.9711
passive reading,0.9706
compared practice,0.9710
beneficial delayed,0.9708
test effect,0.9758
analyzed method approach,0.9770
comparison treatment,0.9760
important method,0.9737
principle performance,0.9736
concept mapping,0.9712
distinguishes testing,0.9710
testing effect,0.9732
application knowledge,0.9818
meta education method,0.9758
learning method,0.9710
method approach conducting,0.9702
meta major method,0.9709
interaction learning method,0.9737
meta education method,0.9782
learning method,0.9875
moderate context method,0.9726
test testing,0.9773
criterion,0.9752
testing effect di,0.9759
procedures often,0.9737
semantic,0.9724
condition list,0.9754
moderate method features,0.9710
participants cognitive,0.9722
method approach conducting,0.9707
explanation,0.9705
using tests performance,0.9777
incentive included,0.9725
designs used research,0.9742
analyses based study,0.9760
often studies,0.9711
participants within,0.9700
test regardless,0.9725
tests use,0.9804
nevertheless results provide,0.9701
benefited practice,0.9780
criteria contrast,0.9742
method strengths,0.9764
processing require,0.9747
important method implications,0.9730
evidence discuss,0.9738
however practice test,0.9710
investigated degree testing,0.9724
ro addition explanation,0.9728
principles assessments science,0.9713
eligibility based specified,0.9717
process ing required,0.9743
summarized,0.9707
outlying studies,0.9714
meta results address,0.9727
tim example studies,0.9813
using comprehensive meta,0.9724
characteristics ed ti,0.9713
within study,0.9717
tests influenced,0.9747
different results acknowledge,0.9716
methods including,0.9776
adherence tap,0.9729
instruction,0.9737
section use,0.9774
following research questions,0.9727
sizes interpreted caution,0.9702
meta uses,0.9755
different format weighted,0.9702
better tests scenario,0.9702
tests within,0.9705
significantly different results,0.9700
designs use,0.9808
phase requiring,0.9729
involving participants analyzed,0.9750
methods,0.9773
test differ,0.9719
testing effect restricted,0.9718
feedback delayed,0.9740
test format requires,0.9709
common study,0.9740
format weighted,0.9773
feedback involves phase,0.9717
testing threat used,0.9795
studies use,0.9767
tests may act,0.9749
factors include,0.9712
feedback provided suggests,0.9721
comparison condition fill,0.9743
tests whereas,0.9711
negative consequence multiple,0.9714
morris benefits retrieval,0.9723
taught use,0.9731
analyzed moderator,0.9721
database,0.9726
strategies although,0.9721
sizes across studies,0.9703
practical implications previous,0.9709
researchers mostly used,0.9701
profiles may,0.9709
ph called,0.9734
using meta,0.9708
category,0.9760
participants focus,0.9758
test control,0.9707
strategies following,0.9760
type cue,0.9721
factors factors include,0.9754
conditions,0.9767
studies use tests,0.9758
needed meta differs,0.9714
findings benefits,0.9723
meta investigated classroom,0.9703
response mode,0.9796
calculation,0.9712
sample characteristics,0.9796
designs often used,0.9713
analyzed method,0.9717
researchers independently coded,0.9705
settings note research,0.9741
data show,0.9765
effects use,0.9723
meta major method,0.9754
researchers recommended,0.9716
recommendation,0.9720
comparison,0.9756
important result suggests,0.9713
limitation conducted sensitivity,0.9709
type test,0.9738
frequency student,0.9732
analysis addressed,0.9745
balanced across factor,0.9713
testing condition list,0.9806
certain information activate,0.9724
consequently testing issues,0.9708
method fe,0.9740
flow,0.9746
initial learning,0.9706
data show using,0.9790
target offered cue,0.9711
feedback notable,0.9746
tap suggests,0.9737
however important consider,0.9725
techniques permit detailed,0.9714
final assessment,0.9722
er may incorporate,0.9702
regardless method differences,0.9744
conditions table,0.9739
methods including studies,0.9729
effects important method,0.9723
test students took,0.9705
meta examined effects,0.9783
analyzed reported,0.9711
harrison testing effect,0.9706
techniques,0.9739
classification,0.9741
feedback help final,0.9732
examined testing,0.9750
sp examining testing,0.9774
hypothesis multiple,0.9743
assessment procedure see,0.9770
indeed survey,0.9714
indicator benefits,0.9710
standards,0.9743
model showed,0.9751
participants analyzed,0.9718
without feedback table,0.9751
specifically examined studies,0.9744
multiple result offers,0.9750
used taking test,0.9724
practice tests influenced,0.9727
following criteria,0.9712
database searched,0.9703
retention understand findings,0.9709
using sum assessments,0.9761
testing assessment,0.9726
ol testing effect,0.9702
studies used,0.9750
format based,0.9716
test compared take,0.9721
without feedback individual,0.9704
schooling suggest use,0.9706
comparison conditions mean,0.9719
processes affected testing,0.9729
characteristics,0.9751
discussed exhaust however,0.9708
crucial response,0.9755
measure require cognitive,0.9734
comparison groups affect,0.9755
strategies incorporate retrieval,0.9718
controlled participants would,0.9708
factors using,0.9759
useful conceptual abstract,0.9773
raja origin interaction,0.9725
conditions mean,0.9703
treatment,0.9706
research vary conditions,0.9711
retention found testing,0.9746
regardless method quality,0.9713
tap transfer,0.9726
guidance,0.9757
hypothesis supported,0.9726
addition examined effects,0.9703
evidence meta needed,0.9757
used taking,0.9701
testing using,0.9732
conclusion,0.9711
investigated testing,0.9728
implementation treatment,0.9767
inclusion criteria except,0.9703
using random participant,0.9723
feedback included tests,0.9724
feedback,0.9743
outcome measure require,0.9779
analysis revealed use,0.9730
tests,0.9703
ol research,0.9704
participants form,0.9719
performance webb,0.9721
assessment ph called,0.9794
using meta explore,0.9739
core standards,0.9725
testing effect ultimately,0.9743
research directions,0.9743
test among,0.9715
data allow,0.9741
criteria,0.9779
multiple tests within,0.9701
processing,0.9709
research vary,0.9768
formats procedures therefore,0.9740
feedback important,0.9749
criteria capture,0.9704
context,0.9746
explanation feedback mode,0.9721
included studies,0.9711
principle,0.9731
en testing,0.9761
studies compared use,0.9705
assessments provide,0.9725
evidence discuss retrieval,0.9711
similar testing,0.9703
studies often use,0.9726
using completion tests,0.9719
note review strategies,0.9728
meta need,0.9724
testing effect beyond,0.9780
procedure see,0.9743
using different methods,0.9725
feedback hypothesis supported,0.9766
major method,0.9756
tap principle performance,0.9772
topic areas need,0.9728
test practice,0.9707
finally coded method,0.9750
conversely studies,0.9713
qu studies testing,0.9727
impoverished cue,0.9725
tap used design,0.9737
ol testing,0.9770
method,0.9789
test used,0.9720
significantly practice tests,0.9736
compared use,0.9754
comparison group,0.9734
comprehensive meta,0.9701
knowledge differences using,0.9716
selection criteria,0.9783
era developed criteria,0.9765
summarized major educational,0.9708
areas need,0.9755
tests results imply,0.9703
regarding mastery,0.9706
test per,0.9703
specific reasons,0.9705
procedures,0.9722
findings natural school,0.9720
format test,0.9706
di old theory,0.9709
comparison conditions,0.9793
feedback mode,0.9707
materials function,0.9748
method within,0.9803
theoretical tap,0.9763
techniques permit,0.9745
cases read,0.9706
comparative effects test,0.9732
thus findings,0.9710
meta understand,0.9710
consequence,0.9735
based learning condition,0.9723
criteria studies,0.9769
mode influences,0.9728
section use findings,0.9747
final tests used,0.9708
testing effects remained,0.9758
result suggests effects,0.9739
following testing different,0.9743
alternative hypothesis,0.9747
procedures design,0.9789
sizes provide,0.9735
without feedback important,0.9741
effort required perform,0.9709
across factor could,0.9744
preferred test,0.9773
feedback provided,0.9723
models,0.9730
tests relevant,0.9701
standards unlike roe,0.9701
effect coined testing,0.9793
retention di,0.9752
threat used,0.9714
tests using,0.9754
effect type,0.9722
highs tests used,0.9720
implementation,0.9733
survey qu,0.9717
common core,0.9717
comprehensive approach,0.9754
methods large,0.9716
effect shows retrieval,0.9727
feedback du,0.9739
testing effect alive,0.9720
test see,0.9762
may explain,0.9705
tests summarized major,0.9730
practice compared,0.9764
figure flow,0.9741
implications previous,0.9706
research table,0.9718
meta conducted researchers,0.9707
chosen preferred test,0.9724
classification meta,0.9748
given format,0.9701
summary research,0.9730
potential explanation,0.9725
procedures therefore,0.9771
qu studies,0.9711
test feedback,0.9709
measurement,0.9729
valid testing,0.9740
butler research needed,0.9724
testing may restrict,0.9702
research needed area,0.9737
following criteria contrast,0.9737
test,0.9727
using practice tests,0.9738
strong implications educational,0.9714
roe point comparing,0.9708
participants received feed,0.9706
included tests,0.9742
especially terms language,0.9711
evidence,0.9721
king comparison self,0.9702
application,0.9765
upon recognition journal,0.9704
results imply,0.9716
used practice tests,0.9732
required participants use,0.9761
wide array educational,0.9724
selection criteria index,0.9758
particularly important outcome,0.9732
method delay,0.9721
included tests selective,0.9726
useful match ing,0.9705
classification meta ti,0.9754
tests observe,0.9703
laboratory setting,0.9729
category nu findings,0.9702
due variability testing,0.9737
strong testing,0.9732
findings butler,0.9715
selected analyzed method,0.9777
research effects,0.9719
evidence meta provide,0.9764
review testing effect,0.9737
hypothesis,0.9719
assessments highs decisions,0.9711
studies required participants,0.9731
result offers,0.9742
comparison condition,0.9718
use comparison,0.9735
benefits test,0.9752
evidence meta,0.9729
consequently testing,0.9717
choice,0.9717
tests however,0.9705
method approach,0.9781
benefited practice tests,0.9710
tests include,0.9715
review retrieval forgetting,0.9702
majority research,0.9722
procedures often used,0.9717
accurate indicator benefits,0.9708
typically conducted,0.9715
om educators use,0.9712
coined testing,0.9757
superiority study,0.9772
selected coded studies,0.9714
research specifically investigated,0.9712
format cue,0.9707
retention understand,0.9749
across studies may,0.9731
wil assessment,0.9715
learning criterion,0.9766
potential con comparison,0.9720
hypothesis greater,0.9703
testing effects however,0.9754
concept transfer,0.9703
calculation cal,0.9713
memo paired associates,0.9722
tests provide,0.9745
response,0.9714
practice tests make,0.9707
note research,0.9750
differ en testing,0.9726
comparison conditions rowland,0.9707
participants use,0.9746
testing versus review,0.9741
research using,0.9719
associated testing,0.9704
meta uses systematic,0.9702
test condition,0.9761
consequence multiple testing,0.9730
implications educational,0.9700
characteristics ed,0.9728
searched recover studies,0.9750
tests increasingly used,0.9762
data allow effect,0.9731
hedges ol using,0.9724
effort required,0.9707
use tests summarized,0.9776
several variables findings,0.9742
response mode affect,0.9712
testing condition,0.9809
null studies required,0.9731
studies included meta,0.9708
research may used,0.9794
including studies searched,0.9720
methods develop,0.9781
recalled magnitude testing,0.9771
educators use,0.9725
ally consist presentation,0.9753
effect shows,0.9756
results noticed,0.9735
model,0.9791
sufficient data allow,0.9728
explicit testing,0.9713
across educational levels,0.9720
feedback table,0.9765
rowland meta examined,0.9722
often studies significant,0.9756
cal use need,0.9700
strategies throughout,0.9757
knowledge area rigorous,0.9706
context method,0.9734
students expected learn,0.9703
designs used,0.9767
results provide support,0.9721
benefits embedded question,0.9705
test fatigue,0.9716
participants benefited,0.9731
evidence meta need,0.9729
testing effect exclusively,0.9715
cal use,0.9739
ecological valid testing,0.9722
systems,0.9719
specific aspects,0.9729
using retrieval,0.9707
used design,0.9713
memorial consequences testing,0.9710
assessment results show,0.9708
h testing beyond,0.9721
limit,0.9715
effective reading,0.9705
outcomes transfer,0.9717
method differences,0.9702
type,0.9711
profiles may benefit,0.9735
analyses based,0.9750
procedure similar characteristics,0.9738
criteria researchers worked,0.9736
important outcome quiz,0.9734
answer based cue,0.9744
specifically mixed test,0.9701
protocols,0.9712
variance within,0.9760
investigating test,0.9723
important consider,0.9715
criteria index,0.9780
meta need comprehensive,0.9731
tests choices target,0.9704
crucial response format,0.9757
feedback included,0.9712
strong implications memo,0.9714
method flaws,0.9783
differences using,0.9712
calculation cal use,0.9753
data using,0.9800
tests summarized,0.9737
null studies,0.9737
level researchers claim,0.9717
analysis addressed future,0.9708
findings meta provide,0.9732
results researchers developed,0.9731
surrounding tests,0.9740
results reveal,0.9702
interpreted caution since,0.9705
therefore students,0.9702
using tests,0.9760
criteria except,0.9715
practice incorporated wide,0.9726
par learning,0.9729
method features,0.9706
typically em,0.9720
test important,0.9716
study random controlled,0.9731
feedback meta ku,0.9713
performance hat,0.9723
section describes methods,0.9719
tests tap used,0.9729
research may robust,0.9700
information include,0.9744
targeted information answer,0.9764
criteria studies identified,0.9702
previous studies,0.9709
learning method,0.9713
responses,0.9743
conditions results reveal,0.9736
decisions school,0.9704
logic,0.9753
therefore replica,0.9701
method advantage within,0.9758
compared conditions,0.9728
format requires,0.9736
targeted information,0.9787
experiments indicate,0.9707
enhanced cue,0.9718
cognitive challenging study,0.9706
instructional,0.9700
consider regarding test,0.9740
meta techniques permit,0.9749
important compare practice,0.9824
used study strategy,0.9719
multiple tests,0.9702
tests use frequent,0.9737
using criterion,0.9731
regardless test,0.9757
included meta met,0.9701
given pl studies,0.9717
effectiveness hypothesis,0.9718
outcomes however,0.9719
j cal use,0.9713
tests used,0.9806
specifically investigated,0.9724
conditions table presents,0.9710
features may responsible,0.9704
compared practice,0.9715
based cue,0.9733
inclusion criteria,0.9760
outcomes figure,0.9770
including type speed,0.9715
tests throughout,0.9714
critical testing,0.9746
assessment,0.9728
research levels,0.9705
standards unlike,0.9789
testing phenomenon gone,0.9713
test effect,0.9749
feedback hypothesis,0.9738
selection criteria excluded,0.9727
knowledge area,0.9706
analyzed method approach,0.9763
bias,0.9721
data,0.9753
methods series,0.9772
task hand,0.9701
comparison treatment,0.9723
effects remained,0.9700
inter testing,0.9754
therefore coded tap,0.9714
results acknowledge factors,0.9752
experimental designs used,0.9762
principle performance,0.9776
testing,0.9705
thus testing,0.9753
test studied,0.9738
analyzed used,0.9782
practice could used,0.9709
concept mapping,0.9773
retrieval forgetting ri,0.9711
methods meta,0.9757
note research supported,0.9758
particularly retention pri,0.9709
distinguishes testing,0.9782
higher testing,0.9710
spotlight testing,0.9702
conditions using,0.9750
majority research date,0.9702
theoretically,0.9702
condition list,0.9713
benefited practice,0.9702
database,0.9710
category,0.9738
type cue,0.9701
response mode,0.9727
sample characteristics,0.9710
recommendation,0.9721
comparison,0.9701
suggestion result,0.9714
testing condition list,0.9729
classification,0.9750
characteristics,0.9710
required participants,0.9713
guidance,0.9711
research directions,0.9703
criteria,0.9746
criteria capture,0.9710
en testing,0.9701
testing effect beyond,0.9706
ol testing,0.9719
method,0.9707
selection criteria,0.9763
era developed criteria,0.9743
eligibility,0.9752
specific reasons,0.9704
method within,0.9712
preferred test,0.9751
retention di,0.9712
effect type,0.9713
chosen preferred test,0.9721
valid testing,0.9715
application,0.9753
upon recognition journal,0.9705
required participants use,0.9702
selection criteria index,0.9708
laboratory setting,0.9713
category nu findings,0.9728
selected analyzed method,0.9701
result offers,0.9710
superiority study,0.9718
differ en testing,0.9714
test condition,0.9720
multiple choice,0.9704
classified,0.9721
testing condition,0.9756
model,0.9705
designs used,0.9704
type,0.9704
investigating test,0.9728
criteria index,0.9739
criteria except,0.9702
selected,0.9718
targeted information,0.9703
tests used,0.9712
inclusion criteria,0.9763
emotional learning,0.9738
initial learning,0.9727
self learning,0.9717
map learning,0.9813
active learning,0.9720
level learning,0.9846
used learning,0.9739
test learning,0.9840
interaction learning,0.9708
results learning,0.9746
h test learning,0.9728
j test learning,0.9706
effects learning,0.9723
abstract learning,0.9711
concept mapping,0.9717
structured learning,0.9817
based learning,0.9801
conceptual abstract learning,0.9715
transfer learning,0.9722
