Word,Similarity
identifying,0.9714
auto need,0.9720
boost decision,0.9737
using ib metal,0.9709
task described,0.9745
advantage,0.9712
based landmark used,0.9706
task area,0.9727
bias,0.9723
features divided several,0.9716
using performance,0.9702
processing,0.9724
knowledge used,0.9746
class landmark,0.9737
performance classification,0.9774
survey presented,0.9703
model,0.9760
perspective,0.9721
position,0.9711
least relating landmark,0.9705
tasks landmark,0.9735
ranking based two,0.9717
data comprised,0.9706
performance class,0.9713
selection criteria,0.9799
classification,1.0000
landmark thus,0.9719
based criteria typical,0.9748
criteria,0.9744
using smith,0.9713
module,0.9702
class avoids classification,0.9730
task gives,0.9704
landmark describing used,0.9731
result based criteria,0.9747
task,0.9709
rank contains,0.9741
measuring,0.9721
survey ash,0.9707
system,0.9731
main criteria,0.9745
model selection,0.9707
landmark task,0.9735
characteristics,0.9757
ordering,0.9738
choice,0.9764
based meta landmark,0.9721
avoids classification,0.9790
using algorithms packages,0.9700
task described collection,0.9713
operator landmark developed,0.9712
based criteria,0.9752
selection classification,0.9700
landmark second approach,0.9732
category,0.9777
performance landmark measured,0.9701
criteria put,0.9729
absolute performance,0.9713
pattern,0.9725
based,0.9711
landmarks performance,0.9707
landmark approach,0.9706
characteristics provide,0.9719
recommendation,0.9700
given data comprised,0.9710
criteria uses,0.9731
classification suggest,0.9789
classification task,0.9741
comparison,0.9779
survey landmark metal,0.9709
based data five,0.9710
type,0.9710
expertise,0.9733
conclusion,0.9713
data based,0.9706
landmark meta result,0.9715
landmark finding,0.9712
class near,0.9712
landmark survey ash,0.9705
task discovers,0.9709
classify,0.9730
landmark tries,0.9714
testing,0.9720
encoding,0.9757
known knowledge used,0.9710
identifying,0.9724
tool,0.9715
using,0.9718
boost decision,0.9710
differentiate,0.9742
predicting,0.9774
limitation,0.9726
meta need,0.9703
landmark meta computed,0.9706
algorithm elite nearest,0.9701
craven,0.9704
suitable,0.9746
standard,0.9735
principles,0.9728
bias,0.9780
comparatively,0.9701
nodes,0.9701
using performance,0.9718
approach,0.9710
significant machine,0.9716
locating,0.9750
processing,0.9798
spot,0.9715
knowledge used,0.9739
useful,0.9749
landmark uses expertise,0.9703
induction,0.9796
class landmark,0.9710
properties,0.9730
using ib,0.9713
leaf,0.9754
bay optimization,0.9711
combination landmark,0.9738
hyper,0.9739
proto,0.9722
model,0.9710
perspective,0.9766
ib meta,0.9713
measurement,0.9807
instead statistical,0.9724
process,0.9719
pot,0.9701
principle,0.9763
algorithm elite,0.9756
package,0.9705
criteria,0.9716
using smith,0.9703
techniques,0.9762
module,0.9760
considered,0.9732
process using,0.9731
approach dec,0.9716
method major,0.9747
installing,0.9752
resulting,0.9707
meta,0.9766
neighbor,0.9701
task,0.9732
requires,0.9727
measuring,0.9738
analyzing,0.9721
system,0.9714
multiple,0.9713
approach single,0.9708
survey,0.9702
using meta suitable,0.9722
focus,0.9740
integrated,0.9716
model selection,0.9766
system multi,0.9713
important,0.9712
problems,0.9714
selection bay,0.9705
hyper used,0.9708
characteristics,0.9718
sample leaf,0.9735
regression,1.0000
ordering,0.9728
compared,0.9725
observation,0.9740
approach result,0.9743
input,0.9716
based meta landmark,0.9705
discussion,0.9704
using algorithms packages,0.9714
dimensional,0.9783
ratio encoded,0.9701
metal using regression,0.9783
significant,0.9708
costly,0.9737
using meta,0.9719
boost,0.9739
validation,0.9739
require,0.9728
approach result landmark,0.9731
test landmark,0.9707
consists using,0.9733
compare,0.9728
category,0.9753
experimentation,0.9749
definition,0.9750
characterization metal,0.9704
particular,0.9707
using meta sequential,0.9716
directly,0.9718
rules,0.9719
extraction,0.9750
intention,0.9715
workshop,0.9720
decision,0.9717
initial,0.9701
pattern,0.9783
problem,0.9702
based simple,0.9724
based,0.9740
gan survey,0.9731
analysis,0.9723
mechanism,0.9777
landmark approach,0.9747
recommendation,0.9744
generation,0.9730
algorithm landmark,0.9740
split,0.9712
boundary,0.9711
rule,0.9740
accurately,0.9702
method,0.9793
prediction,0.9808
processed,0.9706
encoded,0.9701
data dimensional,0.9710
comparison,0.9816
approach landmark,0.9735
flair,0.9718
methods,0.9794
technique authors,0.9707
regression metal,0.9770
multi,0.9774
training,0.9706
analysis expensive,0.9700
often auto,0.9706
type,0.9749
squared,0.9722
tests,0.9732
expertise,0.9715
applied survey landmark,0.9709
framework,0.9755
integrating,0.9786
data based,0.9739
using technique authors,0.9703
furthermore,0.9701
survey metal,0.9717
effective approaches,0.9711
based meta,0.9718
task discovers,0.9726
classify,0.9775
testing,0.9763
besides selection,0.9709
data meta,0.9738
based learning,0.9701
idea learning,0.9710
problem learning,0.9733
metadata learning,0.9727
meta learning,1.0000
source learning,0.9818
data learning,0.9768
known knowledge used,0.9732
problem use,0.9770
model approach,0.9771
automatic advice,0.9720
approach present using,0.9744
mode model,0.9723
boost decision,0.9715
co selection criteria,0.9700
first approach single,0.9713
first approach,0.9730
method major focus,0.9713
method pattern,0.9735
knowledge used,0.9724
class recommendation,0.9715
survey presented,0.9713
interesting approach metal,0.9734
used model approach,0.9751
algorithm decision,0.9702
classification applied soft,0.9701
validation method,0.9723
based criteria typical,0.9708
data based method,0.9765
process mechanism,0.9786
approach evaluated,0.9745
method major,0.9707
based method pattern,0.9702
reliable method major,0.9720
suitable criteria uses,0.9717
used testing,0.9724
model selection,0.9755
cross validation model,0.9705
selection method,0.9760
model selection method,0.9729
approach result,0.9777
suitable problem,0.9718
criteria method,0.9784
task measure,0.9801
focus research,0.9701
task expertise,0.9714
approach result landmark,0.9733
small system,0.9708
candidate algorithm elite,0.9733
landmark different approach,0.9729
reliable method,0.9801
based method,0.9718
technique present,0.9702
validation model,0.9730
method,0.9768
survey presented approach,0.9765
technique authors,0.9732
task measure expertise,0.9723
interesting approach,0.9746
suitable criteria,0.9715
high prejudice used,0.9705
techniques evaluate,0.9703
selection criteria method,0.9775
data based,0.9711
effective approaches,0.9754
suited schemes develop,0.9703
data knowledge,0.9765
statistical knowledge,0.9704
learning model,0.9890
data based method,0.9704
cross validation model,0.9803
model selection method,0.9724
source learning model,0.9714
validation model,0.9732
meta learning,0.9744
landmark learning rule,0.9731
data based method,0.9801
selection method,0.9701
model selection method,0.9779
learning reliable method,0.9757
landmark use performance,0.9742
known knowledge used,0.9780
problem use,0.9793
data related time,0.9707
respect area,0.9724
model approach,0.9769
operators,0.9777
advantage limitation performance,0.9712
meta considered,0.9715
learn landmark uses,0.9714
mode model,0.9781
performance squared,0.9721
landmark uses learners,0.9721
testing results,0.9720
boost decision,0.9767
types landmark techniques,0.9751
method predict,0.9711
using ib metal,0.9703
co selection criteria,0.9729
predicting,0.9704
techniques used,0.9716
first approach single,0.9727
data abd,0.9706
meta need,0.9724
combined based,0.9716
landmark meta computed,0.9722
without pr different,0.9719
method predict landmark,0.9711
algorithm elite nearest,0.9705
task neighbourhoods,0.9711
based landmark used,0.9708
un pr data,0.9725
ec lecture using,0.9720
task area,0.9780
expertise algorithm pair,0.9701
bias,0.9721
metal model,0.9706
using performance,0.9782
first approach,0.9713
examples landmark,0.9718
recommendation using,0.9705
landmark presented used,0.9706
method pattern,0.9752
wit data,0.9765
performance measured locating,0.9729
lecture using,0.9729
data used testing,0.9751
processing,0.9709
wise results instance,0.9739
knowledge used,0.9782
metadata important,0.9742
landmark uses expertise,0.9763
research result,0.9711
class recommendation,0.9747
survey presented,0.9749
different measured using,0.9709
authors predict survey,0.9725
interesting approach metal,0.9716
algorithms label,0.9725
data consist,0.9771
model,0.9791
comparison accuracy landmark,0.9710
perspective,0.9756
used model approach,0.9737
characteristics provide metal,0.9743
landmark data,0.9723
compared predict following,0.9709
measurement,0.9729
second approach order,0.9705
tasks landmark,0.9738
classification applied soft,0.9752
meta uses,0.9755
instead statistical,0.9715
fully integrated papers,0.9728
data comprised,0.9776
performance class,0.9756
principle,0.9731
selection criteria,0.9783
algorithm elite,0.9755
location task area,0.9708
classification,0.9741
landmark learning rule,0.9705
technique supports,0.9727
based criteria typical,0.9817
combined based improvements,0.9716
criteria,0.9779
data characteristics provide,0.9769
techniques,0.9739
module,0.9742
classification suggest target,0.9794
process mechanism,0.9807
class avoids classification,0.9718
approach evaluated,0.9716
process using,0.9745
task gives,0.9703
approach dec,0.9714
method major,0.9732
data related,0.9763
standard pattern reorganization,0.9711
landmark describing used,0.9735
result based criteria,0.9773
performance used,0.9772
rank contains,0.9708
data five,0.9714
consists using performance,0.9733
data used,0.9722
survey ash,0.9704
applications volume,0.9720
suitable criteria uses,0.9777
system,0.9758
used testing,0.9771
technique authors predict,0.9720
testing results direction,0.9761
using meta suitable,0.9722
main criteria,0.9790
different areas section,0.9701
used training,0.9703
model selection,0.9820
landmark task,0.9711
cross validation model,0.9751
hyper used,0.9714
well data,0.9718
characteristics,0.9751
sample leaf,0.9761
regression,0.9715
classification used,0.9750
criteria typical,0.9703
whose performance used,0.9709
algorithm landmark training,0.9737
data used training,0.9763
choice,0.9717
approach result,0.9810
resulting performance,0.9731
input,0.9728
suitable problem,0.9761
criteria method,0.9772
based meta landmark,0.9742
using standard various,0.9723
area expertise gives,0.9724
task measure,0.9827
accuracy landmark used,0.9741
landmark challenges,0.9711
data rapid,0.9710
avoids classification,0.9726
focus research,0.9744
type problem besides,0.9701
using algorithms packages,0.9790
task expertise,0.9705
metal using regression,0.9760
task described collection,0.9746
using meta,0.9708
operator landmark developed,0.9732
based criteria,0.9704
hut f using,0.9721
meta meta need,0.9731
approach result landmark,0.9787
consists using,0.9736
landmark estimate,0.9705
small system,0.9722
algorithm series,0.9733
landmark second approach,0.9722
candidate algorithm elite,0.9787
category,0.9760
performance landmark measured,0.9771
characterization metal,0.9743
using meta sequential,0.9733
rules,0.9708
data,0.9753
main criteria put,0.9719
landmark different approach,0.9740
instead predicting,0.9701
criteria put,0.9737
mis rules,0.9717
used performance,0.9719
workshop,0.9712
absolute performance,0.9735
user metal,0.9704
landmark section describe,0.9716
pattern,0.9718
test,0.9727
using algorithms,0.9727
landmark comparison negative,0.9704
meta mis rules,0.9708
relative landmark estimate,0.9733
data according,0.9711
data areas,0.9770
landmarks performance,0.9712
component includes,0.9757
landmark approach,0.9758
characteristics provide,0.9756
recommendation,0.9720
algorithm landmark,0.9749
sub data,0.9799
module provides,0.9715
given data comprised,0.9774
criteria uses,0.9769
validation model,0.9789
classification suggest,0.9780
classification task,0.9777
method,0.9789
limitation performance,0.9702
landmark information gain,0.9703
appropriate landmark second,0.9715
data dimensional,0.9764
comparison,0.9756
methods,0.9773
particular area,0.9723
survey presented approach,0.9756
technique authors,0.9732
regression metal,0.9739
landmark data characterization,0.9706
dimensional technique supports,0.9716
different areas,0.9716
task measure expertise,0.9715
data characteristics,0.9819
interesting approach,0.9742
based data five,0.9732
data landmark,0.9751
suitable criteria,0.9744
criteria typical choice,0.9722
type,0.9711
tests,0.9703
techniques evaluate,0.9755
conclusion,0.9711
applied survey landmark,0.9727
framework,0.9765
selection criteria method,0.9710
data based,0.9808
landmark meta result,0.9708
step knowledge applied,0.9751
based meta trained,0.9733
using technique authors,0.9714
survey metal,0.9719
suitable data,0.9729
effective approaches,0.9736
suited schemes develop,0.9781
based meta,0.9716
task discovers,0.9716
computation required,0.9707
output landmark,0.9712
advisory exploits,0.9716
testing,0.9705
boost decision,0.9736
co selection criteria,0.9745
task area,0.9714
performance classification,0.9758
class recommendation,0.9785
survey presented,0.9718
model,0.9705
required class,0.9703
performance class,0.9712
selection criteria,0.9763
classification,0.9750
criteria,0.9746
classification suggest target,0.9723
process mechanism,0.9709
selected,0.9718
class avoids classification,0.9736
standard pattern reorganization,0.9709
result based criteria,0.9746
system,0.9708
model rank,0.9724
main criteria,0.9765
model selection,0.9741
characteristics,0.9710
sample leaf,0.9732
classification used,0.9700
approach result,0.9732
criteria method,0.9715
task measure,0.9714
candidate algorithm elite,0.9716
category,0.9738
criteria put,0.9706
mis rules,0.9706
recommendation,0.9721
classification suggest,0.9717
general recommendation,0.9714
method,0.9707
comparison,0.9701
particular area,0.9736
data characteristics,0.9723
suitable criteria,0.9760
type,0.9704
several categories,0.9717
idea learning,0.9703
metadata learning,0.9713
meta learning,0.9841
source learning,0.9837
data landmark learning,0.9718
learning using,0.9722
data learning,0.9819
learning model,0.9721
cross validation model,0.9784
environment compare model,0.9731
validation model,0.9809
based learning,0.9801
meta learning,0.9733
algorithm based learning,0.9808
model based learning,0.9915
meta learning,0.9733
cross validation model,0.9780
model selection method,0.9743
validation model,0.9752
