Word,Similarity
learning task,1.0000
knowledge task,0.9709
outer trial,0.9714
subject,0.9709
addressing,0.9701
data inner,0.9707
allowing metal,0.9722
data adaptation,0.9712
inference black box,0.9706
comparison depicted,0.9725
skill,0.9707
survey discuss,0.9719
important directions,0.9705
bias success story,0.9752
models,0.9742
terminology,0.9729
limit,0.9728
task however,0.9701
specifically belief,0.9703
problems specifically discuss,0.9711
domains require,0.9709
task specific,0.9750
outer adaptation,0.9724
comparison,0.9779
phase,0.9702
case novelty measured,0.9714
modulation,0.9716
categorized exploration,0.9752
novel data passed,0.9705
unified criteria,0.9759
according bay rule,0.9743
ability,0.9706
criteria,0.9744
training meta however,0.9762
categorized task,0.9711
reasons model,0.9731
task,0.9709
task known,0.9728
system although,0.9733
using solely data,0.9714
particular model,0.9726
windows,0.9733
identifying,0.9714
tasks requires,0.9711
generally fall categories,0.9736
bay optimal discussion,0.9706
advantage,0.9712
distributions ultimate goal,0.9715
procedure novel,0.9705
requirements,0.9741
targeting,0.9702
directions,0.9711
classification,1.0000
methods categorized,0.9745
tuning,0.9728
research categorized method,0.9752
category,0.9777
testing,0.9720
chosen outer objective,0.9705
methods whereas,0.9702
single task boots,0.9700
research focused two,0.9713
meta discuss methods,0.9727
h broader task,0.9704
choice,0.9764
requirement,0.9703
systems z,0.9708
processing,0.9724
task selection,0.9735
trial defines,0.9701
leverage,0.9704
survey black,0.9745
influence,0.9730
condition,0.9700
reasons,0.9722
via sequence,0.9702
survey mostly consider,0.9723
additionally rake,0.9703
type,0.9710
using data however,0.9708
methods adapted base,0.9712
task tackle,0.9746
task single,0.9705
factor,0.9727
coding,0.9744
episodes methods use,0.9738
task particularly,0.9723
preference,0.9754
modification,0.9710
criteria split,0.9738
agents using,0.9710
task figure,0.9733
particularly beneficial,0.9710
conditioning,0.9716
broader task di,0.9709
generally task,0.9718
bay rule,0.9717
unified criteria split,0.9708
purely data compared,0.9708
data using,0.9718
unlikely leave,0.9711
md within lear,0.9707
typically,0.9702
belief,0.9723
hierarchical rein force,0.9735
task without transfer,0.9710
survey consider,0.9725
methods single,0.9707
procedures represent,0.9740
conditions,0.9754
regardless differences,0.9715
methods may,0.9704
however tasks navigation,0.9709
customers,0.9717
recovery,0.9719
generally conditions,0.9721
topic using,0.9737
bias miss,0.9710
replacing advantage,0.9705
system,0.9731
grading,0.9729
standard objective bam,0.9705
methods may learned,0.9703
clarity,0.9721
perspective,0.9721
balancing,0.9712
task requires,0.9714
however practice black,0.9701
al table problem,0.9721
options,0.9711
results multi,0.9700
inner however data,0.9703
outer supervision,0.9736
classification setting,0.9835
model cong,0.9711
distributions novel,0.9702
regardless,0.9709
model,0.9760
strategies required,0.9717
conclusion,0.9713
updated maximize sur,0.9716
style,0.9725
bias,0.9723
position,0.9711
transitions,0.9713
critical consideration,0.9705
data outer particularly,0.9733
gap,0.9707
results challenging metal,0.9721
considerations,0.9730
using data,0.9714
task crucial,0.9749
connections,0.9713
pattern,0.9725
data researchers investigated,0.9709
control however,0.9742
tuning see,0.9729
especially problematic,0.9704
function sixth,0.9723
codes,0.9719
polo attention need,0.9734
methods tend,0.9722
learning metal need,0.9707
task weight,0.9736
task boots,0.9709
specific,0.9720
based,0.9711
ingredients,0.9724
required ideally degree,0.9711
method specifically,0.9712
although survey meta,0.9718
analyzed,0.9709
game rules,0.9730
precautions,0.9712
weaknesses,0.9708
cases using,0.9712
task allowed,0.9727
labels final policy,0.9730
scheme strictly speaking,0.9700
connection,0.9704
feedback,0.9738
control pm,0.9703
horizons challenging result,0.9724
distance,0.9712
setting reach,0.9703
subject,0.9760
vary,0.9752
assessed,0.9728
costly,0.9737
transferring,0.9727
method trade,0.9740
based contrast,0.9728
addressing,0.9752
data inner,0.9719
instead standard,0.9720
opt lower,0.9701
instead mapping,0.9710
fearing,0.9709
en learning,0.9727
approach meta,0.9737
efficient featured,0.9703
additionally may,0.9722
md step,0.9744
lever,0.9737
methods ng,0.9741
data adaptation,0.9706
adaptations,0.9718
lab,0.9714
using,0.9718
adoption,0.9702
methods without,0.9723
methods aug,0.9740
efficiency trial,0.9729
however approach,0.9701
automated,0.9730
methods adapt,0.9720
perimeter,0.9721
methods figure,0.9731
generally hyper,0.9701
decision,0.9717
tune,0.9714
comparison depicted,0.9738
limits,0.9746
inner methods combine,0.9708
rule,0.9740
subsequently exploit,0.9740
standard,0.9735
contrast chef,0.9712
ex ratio behaviors,0.9720
phase may use,0.9712
models,0.9707
pan,0.9727
flavors,0.9760
inherently,0.9713
vanishing,0.9710
central topic using,0.9707
methods large,0.9717
frequent,0.9706
meta hook,0.9730
task case,0.9716
methods make,0.9731
consequently adaptation,0.9720
md within,0.9748
meta broader,0.9726
methods additionally,0.9744
transforming,0.9713
methods late,0.9763
resulting adaptation,0.9724
using error outer,0.9710
discussing,0.9708
family machine,0.9729
survey,0.9702
terminology,0.9807
al value zhou,0.9735
adjacent,0.9732
similarity,0.9746
data pm,0.9717
stove meta contrast,0.9706
limit,0.9739
procedure significantly,0.9756
requiring,0.9733
many methods category,0.9712
defining,0.9702
especially opt,0.9736
practice,0.9713
recognition ic,0.9704
soy,0.9718
specifically belief,0.9710
simultaneous,0.9704
reset,0.9720
domains require,0.9706
motivation,0.9761
research targeting,0.9716
biased,0.9763
task specific,0.9724
frame,0.9702
research uses,0.9728
poses,0.9708
outer adaptation,0.9705
significant,0.9708
balloon,0.9701
comparison,0.9816
suitable,0.9746
phase,0.9749
multiple,0.9713
sid,0.9708
case novelty measured,0.9712
favors,0.9701
incentive,0.9738
useful,0.9749
problem significant,0.9709
useful instance,0.9703
modulation,0.9782
levine data hi,0.9703
capture,0.9703
initial,0.9701
inference using,0.9710
furthermore,0.9701
algorithms regardless,0.9704
stale,0.9710
plastic,0.9755
altogether outer algorithms,0.9726
methods near,0.9743
mural,0.9706
model partially,0.9728
tailored,0.9715
novel data passed,0.9724
unified criteria,0.9720
modeled,0.9745
inference accomplished,0.9707
according bay rule,0.9704
methods distinct,0.9771
treating,0.9706
criteria,0.9716
similarities,0.9711
opt behavior,0.9759
using methods explore,0.9711
rec rent neural,0.9732
task,0.9732
recovering,0.9742
empirical,0.9751
split,0.9712
particular model,0.9720
process described,0.9713
focused,0.9710
process bam,0.9742
investigation,0.9721
experiment,0.9701
outer algorithms,0.9716
methods conditioned,0.9768
identifying,0.9724
strictly,0.9749
treated,0.9708
compare,0.9728
anand,0.9711
mil,0.9703
methods meta,0.9745
modifying,0.9722
behaviors,0.9722
considered,0.9732
additionally supplemented,0.9706
explicitly motivated,0.9700
particular instance,0.9726
procedure novel,0.9715
data metal,0.9750
case learning,0.9765
focuses,0.9702
adaptive levin,0.9737
presenting,0.9719
strict,0.9706
mistakes,0.9744
directions,0.9714
solutions expect,0.9723
crucial dynamics,0.9705
certain,0.9732
vector historical,0.9735
uniquely,0.9742
affect,0.9746
adjust,0.9750
divide,0.9737
predictions,0.9718
poly,0.9718
gao,0.9705
instead directly,0.9701
input,0.9716
algorithm outer,0.9735
resulting,0.9707
methods categorized,0.9776
tuning,0.9731
interacting,0.9739
research categorized method,0.9721
setting,0.9718
allowing,0.9746
cobb,0.9703
methods deep,0.9733
system nature,0.9723
category,0.9753
testing,0.9763
seeking,0.9702
pathways,0.9759
problem meta,0.9725
hyper,0.9739
methods structure,0.9726
methods whereas,0.9759
md need,0.9741
boundary,0.9711
discussion,0.9704
particularly,0.9703
framed,0.9700
batch,0.9702
directly using,0.9727
dual,0.9724
process described identifying,0.9702
significantly,0.9725
particular,0.9707
research example,0.9704
expert,0.9727
junk,0.9710
prediction,0.9808
narrow task di,0.9715
thus improved,0.9712
direction useful bench,0.9703
methods plan,0.9750
viewing,0.9724
focus,0.9740
methods designed,0.9729
alter,0.9710
policy using,0.9730
data collect,0.9706
task case instead,0.9706
case credit,0.9714
md particular po,0.9725
methods train,0.9722
requirement,0.9742
etc manipulation,0.9725
su considerations,0.9741
processing,0.9798
delay,0.9707
generally wells,0.9704
circle,0.9721
task selection,0.9710
trial reinforcement,0.9713
parameters throughout,0.9717
framework bam,0.9704
leverage,0.9769
sy,0.9717
task modulation,0.9751
md particular,0.9742
influence,0.9709
opt meta,0.9724
depending,0.9728
methods hand,0.9731
tri,0.9720
lower bound,0.9703
descent,0.9731
via sequence,0.9744
opt metal,0.9722
structured,0.9766
boundary single,0.9701
struggle,0.9716
pm principle,0.9756
dependency,0.9802
definition,0.9750
bench hyper,0.9736
pinto,0.9709
sub moi,0.9708
difficult,0.9709
methods build,0.9713
supervision,0.9727
instead policy,0.9705
based transitions,0.9712
type,0.9749
prevalent,0.9703
using data however,0.9726
task tackle,0.9711
methods distinction,0.9725
specifically intrinsic,0.9701
labeled,0.9759
collaboration,0.9731
manipulation,0.9702
metal uses,0.9713
response,0.9741
outer research,0.9713
require,0.9728
factor,0.9740
counts,0.9723
coding,0.9793
hook,0.9722
classic control continuous,0.9701
sen modeling,0.9745
methods sufficient,0.9718
distinguish,0.9732
contrast pp,0.9706
shaping,0.9718
methods rely,0.9728
cortex,0.9787
meta outer adaptation,0.9707
method adapt,0.9712
chefs,0.9700
assumptions,0.9730
predicted,0.9713
resemble,0.9728
classic,0.9710
methods,0.9794
solution,0.9740
methods broader,0.9750
process,0.9719
approach,0.9710
preference,0.9708
dependent,0.9760
modification,0.9742
agents using,0.9712
task figure,0.9725
prom pro,0.9701
settings,0.9755
demand,0.9708
methods directly,0.9701
beneficial,0.9727
ob methods train,0.9715
limitation,0.9726
conditioning,0.9747
ex ratio gray,0.9710
model related,0.9737
mat use,0.9706
biological inspired method,0.9703
generally task,0.9721
estimation mao,0.9739
methods category,0.9778
predicting,0.9774
shifting,0.9711
bay rule,0.9727
purely data compared,0.9712
meta use,0.9724
problem,0.9702
additionally referred,0.9704
useful exploitation,0.9709
data using,0.9714
particular po,0.9706
tr tasks relax,0.9733
md within lear,0.9703
typically,0.9705
methods tightly,0.9718
considerations learning,0.9704
meta used,0.9729
belief,0.9715
effectively,0.9727
understanding,0.9711
contrast bam,0.9748
data hi,0.9719
prompting,0.9716
methods combine,0.9744
properly,0.9720
topology,0.9721
intuitive,0.9753
contrast,0.9753
problematic,0.9768
behavior,0.9766
performance tackle,0.9712
survey consider,0.9711
corresponding,0.9714
data trial,0.9729
metal task inference,0.9701
methods single,0.9759
inner proposed meta,0.9725
inference may,0.9705
rake,0.9722
instead described,0.9730
kala,0.9729
insight,0.9762
separating,0.9714
conditions,0.9714
appealing,0.9745
methods multi,0.9736
case novel task,0.9701
methods well,0.9717
balloons,0.9737
activation,0.9733
inference,0.9787
gradient need,0.9701
methods explore discuss,0.9716
rely,0.9709
diverse,0.9721
utilize,0.9766
observation,0.9740
methods may,0.9727
therefore opt,0.9712
common method specifically,0.9735
concepts,0.9761
reinforcement,0.9727
loren,0.9722
ut ingredients,0.9706
application,0.9766
recovery,0.9780
zip,0.9705
pot,0.9701
techniques,0.9762
attempting,0.9739
hess meta learning,0.9705
problem metal,0.9746
instead temporal,0.9703
dense,0.9733
topic using,0.9730
consideration,0.9731
toy,0.9702
bias miss,0.9701
thomas meta approach,0.9706
algorithm closely,0.9705
system,0.9714
grading,0.9769
standard objective bam,0.9715
simulation,0.9750
case intrinsic,0.9733
methods generally,0.9703
cid,0.9704
memory,0.9722
due smooth,0.9725
methods important,0.9734
clarity,0.9726
mach,0.9705
data adapting,0.9700
analyze,0.9748
adi,0.9714
perspective,0.9766
balancing,0.9766
method inner,0.9744
weighted,0.9760
using ag,0.9712
outer subject,0.9747
horizon,0.9712
size,0.9700
traction,0.9744
methods use,0.9706
therefore useful,0.9709
rent neural,0.9713
instead physical,0.9725
rus,0.9704
curriculum,0.9729
aspect,0.9724
neural di,0.9733
mechanisms,0.9804
overcome,0.9707
collapse,0.9735
methods alternatively,0.9734
varies,0.9721
exchange,0.9728
methods produce,0.9711
opt objective,0.9755
specialized,0.9739
energy,0.9705
data metal narrow,0.9701
moreover curriculum,0.9710
methods consistent,0.9718
objective multiple,0.9709
methods exploration,0.9710
data data inner,0.9708
precise,0.9720
survey meta,0.9702
often based,0.9717
methods adaptation,0.9741
transform,0.9777
well applications,0.9706
tackle,0.9713
unlikely recover,0.9716
methods adapted,0.9737
crucial,0.9753
method metal,0.9711
model cong,0.9766
constraints,0.9766
operation,0.9725
producing,0.9700
md metal,0.9705
deep neural,0.9743
distributions novel,0.9704
maha,0.9704
ri principle,0.9733
md dream,0.9707
methods mainly,0.9725
training,0.9706
directly,0.9718
categorized,0.9754
important,0.9712
typically processed,0.9703
encoding,0.9757
additionally intrinsic,0.9734
md similar,0.9702
approach ci,0.9723
encoded,0.9701
controllers,0.9721
specific narrow,0.9715
implementations,0.9715
common method type,0.9716
sampling,0.9746
model,0.9710
methods rapidly,0.9712
implementing,0.9724
essentially,0.9736
however providing,0.9709
instead opt,0.9732
workshop,0.9720
methods propose,0.9709
ex ratio policy,0.9750
single task metal,0.9717
scaling,0.9777
instead learning,0.9713
oversight,0.9723
malik,0.9705
methods outer,0.9755
methods contrast,0.9762
generally opt,0.9709
approach leverage,0.9728
style,0.9734
functions chef,0.9703
bias,0.9780
enabling,0.9755
compared,0.9725
multi,0.9774
hut learning,0.9718
mechanism,0.9777
transitions,0.9809
prefer,0.9717
al propose algorithms,0.9705
problem outer,0.9701
methods scope,0.9731
particular meta,0.9720
classic control,0.9717
algorithm case credit,0.9726
requires,0.9727
dimensions,0.9730
data outer particularly,0.9712
methods yu,0.9721
generally map,0.9711
practicing,0.9701
outer algorithms regardless,0.9753
weight,0.9702
methods closely,0.9771
procedures,0.9731
importance,0.9708
charge,0.9749
however model meta,0.9719
transfer,0.9737
transition,0.9810
sutton adapting bias,0.9721
considerations,0.9736
neural,0.9757
sophisticated,0.9718
particular learning,0.9700
suggested,0.9718
finally using meta,0.9713
spec one,0.9704
definitions,0.9740
problems,0.9714
spectrum,0.9736
process known,0.9765
warped,0.9704
relatively,0.9704
johns per,0.9712
neural di successor,0.9715
connections,0.9735
meta,0.9766
tech system na,0.9716
pattern,0.9783
broadly,0.9758
often agent,0.9702
den learning,0.9720
context,0.9710
rules,0.9719
many designs inner,0.9707
method bay,0.9779
moreover task,0.9705
method generally,0.9709
tool,0.9715
standard objective,0.9719
natural,0.9713
contrast multi,0.9750
samples homes,0.9725
codes,0.9772
efficiency trial regardless,0.9726
theoretically,0.9733
influential,0.9731
scala,0.9734
meta bench,0.9743
however common,0.9713
methods tend,0.9755
principles,0.9728
lever prior,0.9713
reducing,0.9707
md crucial,0.9713
automation let,0.9707
task weight,0.9712
plan,0.9751
principle,0.9763
scheme strictly,0.9724
specific,0.9773
based,0.9740
processed,0.9706
applications therefore,0.9704
ingredients,0.9743
methods central,0.9751
informed multi r,0.9708
solutions notably,0.9736
due bile,0.9700
methods framed,0.9752
proto,0.9722
fixed,0.9705
method,0.9793
computational lin,0.9733
method specifically,0.9765
utilizing,0.9730
framework,0.9755
suggests,0.9712
exploited,0.9719
probing,0.9722
infinite,0.9725
analyzed,0.9764
additionally methods,0.9737
commonly,0.9730
dependence,0.9742
using meta,0.9719
methods model,0.9723
precautions,0.9703
outer subject significant,0.9729
al model meta,0.9716
weaknesses,0.9725
imitation,0.9726
cases using,0.9733
limit meta,0.9738
process called,0.9737
generally methods,0.9712
conditioned,0.9709
interpreted,0.9716
speaking,0.9745
poly la,0.9714
meta methods developed,0.9702
notably,0.9708
novelty,0.9727
methods agent,0.9779
behavioral,0.9731
meta addressed,0.9710
scheme strictly speaking,0.9701
systems tony,0.9704
connection,0.9741
feedback,0.9779
md multiple,0.9738
control pm,0.9704
sequence,0.9712
methods visual,0.9705
distance,0.9723
al context supervised,0.9716
meta multiple,0.9711
model meta,0.9711
meta ones,0.9709
data meta,0.9738
meta general,0.9700
task structures,0.9758
data learning,0.9768
meta meta learning,0.9796
meta learning,1.0000
task case learning,0.9709
learning via meta,0.9705
task mi learning,0.9718
model method learning,0.9701
efficient learning,0.9704
meta continual learning,0.9703
block learning,0.9783
multi learning,0.9757
sample learning,0.9775
task learning,0.9801
methods learning,0.9788
parameter learning,0.9767
method learning,0.9784
context learning,0.9832
agent learning,0.9728
task meta learning,0.9774
meta approach learning,0.9746
self learning,0.9713
point learning,0.9790
bench learning,0.9718
distribution learning,0.9716
fits learning,0.9738
ad meta learning,0.9746
ep meta learning,0.9724
set learning,0.9722
design learning,0.9739
shot meta learning,0.9720
transfer learning,0.9757
r meta learning,0.9720
force learning,0.9762
metric learning,0.9741
method trade,0.9740
tasks methods tend,0.9712
approach meta,0.9703
efficiency test,0.9705
policy often considered,0.9702
meta following method,0.9733
efficiency trial,0.9749
plan model,0.9787
task general idea,0.9725
final policy found,0.9738
used methods plan,0.9717
practice methods use,0.9717
summary methods,0.9743
phase may use,0.9738
survey model,0.9727
principle approach,0.9811
central topic using,0.9706
task case,0.9719
task current,0.9701
helpful perspective,0.9761
procedure significantly,0.9710
gradient method may,0.9726
method may,0.9773
survey consider methods,0.9710
using multi training,0.9726
direction useful,0.9700
task specific,0.9708
trade model,0.9770
problem significant,0.9701
scope survey consider,0.9709
inference using,0.9705
considered benefit using,0.9731
general idea,0.9718
ratio policy,0.9735
unified criteria,0.9726
adaptation procedure significantly,0.9763
inference accomplished,0.9700
final performance policy,0.9702
adapted parameters model,0.9728
method may ensure,0.9764
task adaptation,0.9712
particular model,0.9724
novel task desirable,0.9743
final policy,0.9707
methods agent may,0.9716
planning used training,0.9741
broader task,0.9717
aspect problem,0.9742
common method,0.9782
meta objective required,0.9730
fitting method,0.9751
zhang model meta,0.9703
means policy used,0.9732
helpful role meta,0.9711
suitable scenarios,0.9713
research categorized method,0.9814
non case survey,0.9707
general broader task,0.9708
required learning,0.9709
process described identifying,0.9711
bias miss principle,0.9761
narrow task di,0.9716
direction useful bench,0.9713
methods plan,0.9739
methods designed,0.9710
policy using,0.9746
task case instead,0.9729
setting show learned,0.9718
common methods,0.9721
task specific way,0.9731
task selection,0.9776
components choice,0.9703
standard objectives answer,0.9700
possible fitting method,0.9709
task modulation,0.9716
task automated,0.9732
inference used,0.9708
model related model,0.9726
allowing adapt policy,0.9700
approach using,0.9746
task policy,0.9700
approach use,0.9769
methods adapted base,0.9710
policy used,0.9784
methods model may,0.9709
optimal policy suggested,0.9738
method adapt,0.9716
methods difficult,0.9710
biological inspired method,0.9762
broader task di,0.9727
meta use,0.9741
methods use policy,0.9729
training procedure,0.9754
policies required,0.9705
policy suggested,0.9734
task complex,0.9705
ter model,0.9716
particularly beneficial context,0.9707
task specific policy,0.9718
adaptive policy,0.9733
optimal discussion,0.9734
methods near end,0.9710
data trial,0.9701
model approach,0.9771
inference may,0.9710
automated measure,0.9722
policies used,0.9714
common method specifically,0.9751
meta methods used,0.9711
application,0.9700
task control,0.9737
method may used,0.9701
thomas meta approach,0.9726
approach based,0.9766
methods generally,0.9707
method trade general,0.9763
policies vary,0.9704
method inner,0.9722
algorithm encourages,0.9701
overall trade model,0.9705
fine approach,0.9719
policies usually desired,0.9719
base policy seen,0.9711
meta approach,0.9763
meta agent uses,0.9708
performance model,0.9793
method may use,0.9734
solution use,0.9784
problem address,0.9774
task structure,0.9732
practical methods,0.9718
policies often used,0.9748
methods adaptation,0.9713
approach based contrast,0.9745
methods adapted,0.9706
task review,0.9750
helpful design,0.9713
methods mainly,0.9706
methods broader task,0.9739
pm principle task,0.9733
optimal policy,0.9708
common method type,0.9701
strategies required,0.9735
agents used,0.9702
meta common method,0.9712
policy placed md,0.9704
approach leverage,0.9759
known task policy,0.9761
popular approach meta,0.9707
response review,0.9702
promising approach,0.9730
multiple policy,0.9710
layer policy,0.9705
md mi policy,0.9701
helpful perspective methods,0.9701
task based,0.9749
meta broader task,0.9724
problem generally,0.9709
inspired method,0.9715
perhaps simplest approach,0.9709
approach thought,0.9713
principle change,0.9716
method bay,0.9755
popular approach,0.9788
methods key consideration,0.9732
method generally,0.9783
specific policy,0.9702
efficiency trial regardless,0.9729
deep deter policy,0.9747
design following pattern,0.9724
standard policy,0.9722
method,0.9768
method may produce,0.9716
method specifically,0.9732
standard setting,0.9705
methods considered adapt,0.9705
particularly suitable scenarios,0.9709
methods model,0.9723
gradient method,0.9752
interacting task roughly,0.9706
targeted used provide,0.9717
small finite policy,0.9705
learning cu model,0.9722
learning model,0.9890
meta learning approach,0.9737
survey model,0.9750
meta model,0.9706
na survey model,0.9707
particular learning model,0.9774
state performance model,0.9774
continual adaptation model,0.9751
meta learning,0.9744
task exploration method,0.9753
model method,0.9718
particular learning model,0.9704
biological inspired method,0.9703
bench learning,0.9712
oversight laboratory,0.9732
subject,0.9721
meta directly applicable,0.9728
adaptation md within,0.9759
method trade,0.9760
based contrast,0.9771
tasks methods tend,0.9804
data inner,0.9761
map data trial,0.9774
approach meta,0.9726
efficient featured,0.9726
additionally may,0.9703
md step,0.9717
models used,0.9745
different data,0.9728
network di belief,0.9710
methods ng,0.9740
data adaptation,0.9777
inference black box,0.9713
tasks use,0.9758
thought prompting suggests,0.9705
meta following method,0.9791
methods without,0.9733
instead directly using,0.9734
methods aug,0.9716
experience called,0.9712
efficiency trial,0.9803
plan model,0.9861
variation information bottle,0.9721
needed meta policy,0.9736
ta task discussed,0.9703
methods adapt,0.9745
methods figure,0.9799
methods presented,0.9709
systems sarah,0.9715
policy parameters need,0.9711
distributions may require,0.9705
comparison depicted,0.9761
data figure,0.9742
task general idea,0.9752
using collected data,0.9748
strategy need,0.9716
final policy found,0.9771
systems aaa,0.9708
tasks novel,0.9703
used methods plan,0.9777
methods used,0.9726
practice methods use,0.9737
data way terminology,0.9705
inner methods combine,0.9727
applications found broader,0.9759
summary methods,0.9814
method allows,0.9728
advantage est proposed,0.9708
methods may suitable,0.9749
survey discuss,0.9701
algorithms target,0.9709
setting may take,0.9715
standard meta objective,0.9705
phase may use,0.9800
case unique methods,0.9757
optimal policies,0.9706
bias success story,0.9728
task collects,0.9719
using policy,0.9708
models,0.9730
survey model,0.9786
may include,0.9707
principle approach,0.9812
covered data,0.9751
central topic using,0.9771
meta also used,0.9734
methods large,0.9716
distribution using,0.9724
collected data,0.9708
outer update,0.9701
method requires,0.9735
several tasks distribution,0.9704
inner data,0.9720
performance methods use,0.9726
task figure learned,0.9721
task case,0.9768
methods make,0.9751
task current,0.9736
md within,0.9750
spectrum principle,0.9751
methods additionally,0.9755
hierarchical structure,0.9759
helpful perspective,0.9747
methods late,0.9767
via meta learned,0.9701
using error outer,0.9749
terminology,0.9825
layer policy leaving,0.9717
distinct policies required,0.9735
data pm,0.9777
stove meta contrast,0.9708
useful complex,0.9704
limit,0.9715
sampling however,0.9706
prompting suggests similar,0.9735
procedure significantly,0.9772
model ad,0.9725
levine data,0.9730
methods finally,0.9742
many methods category,0.9727
location cutler,0.9711
domain unified criteria,0.9725
gradient method may,0.9714
method may,0.9756
additional prediction,0.9749
recognition ic,0.9709
alternatives ki,0.9718
meta particular model,0.9790
objective furthermore metal,0.9725
meta generally considers,0.9735
prompting suggests,0.9703
survey consider methods,0.9775
using multi training,0.9760
tasks following reasons,0.9701
problems specifically discuss,0.9733
algorithms regardless inner,0.9730
domains require,0.9757
using clusters,0.9735
ce systems,0.9721
task specific,0.9790
research uses,0.9763
proposed method requires,0.9701
trade model,0.9774
performance model r,0.9764
inference used methods,0.9765
comparison,0.9756
methods multi setting,0.9710
related model,0.9820
case novelty measured,0.9738
bias considering,0.9709
rewards see,0.9721
customers may,0.9704
problem significant,0.9717
useful instance,0.9705
scope survey consider,0.9767
model partially ob,0.9734
levine data hi,0.9751
inference using,0.9757
considered benefit using,0.9767
general idea,0.9762
algorithms regardless,0.9715
directly applicable,0.9710
factor horizon,0.9709
task varies,0.9702
categorized exploration,0.9721
model metal uses,0.9715
ratio policy,0.9720
section survey black,0.9739
methods near,0.9756
model partially,0.9786
novel data passed,0.9709
unified criteria,0.9840
adaptation procedure significantly,0.9786
according bay rule,0.9741
methods distinct,0.9785
representation may contain,0.9704
criteria,0.9779
shin context dynamics,0.9704
computing outer objective,0.9725
meta considered,0.9715
training meta however,0.9717
categorized task,0.9706
reasons model,0.9753
task base,0.9738
data meta purely,0.9704
opt behavior,0.9754
using methods explore,0.9761
model control,0.9759
adapted parameters model,0.9855
gradient methods model,0.9750
method may ensure,0.9755
task adaptation,0.9738
meta standardized,0.9716
system although,0.9739
using solely data,0.9789
diverse clear task,0.9701
particular model,0.9848
methods designed complicated,0.9715
capacity investigated,0.9769
settings phase inner,0.9724
novel task desirable,0.9735
general task,0.9719
process described,0.9731
related different settings,0.9749
settings applied together,0.9708
overview aim,0.9751
methods agent may,0.9704
consideration metal set,0.9725
methods considered,0.9749
procedures bay,0.9752
methods conditioned,0.9782
training task di,0.9707
training task specific,0.9702
info mat use,0.9722
parameters adapted,0.9763
bench requires systematic,0.9730
inner see figure,0.9711
tasks requires,0.9735
alternative methods without,0.9723
methods used address,0.9702
generally fall categories,0.9732
gradient meta involves,0.9711
planning used training,0.9770
methods meta,0.9757
crucial dynamics bam,0.9723
overview aim survey,0.9707
alternatively models,0.9709
bay optimal discussion,0.9742
ab model,0.9720
process opt objective,0.9742
additionally supplemented,0.9701
explicitly motivated,0.9710
broader task,0.9730
procedure novel,0.9756
survey hierarchical,0.9708
data,0.9753
requirements,0.9762
aspect problem,0.9815
approximate bay policy,0.9701
data metal,0.9763
common method,0.9718
generally wells problems,0.9720
procedure requires,0.9721
case learning,0.9740
meta objective required,0.9775
methods model meta,0.9748
energy control,0.9734
expected policy gradient,0.9737
zhang model meta,0.9779
solutions expect,0.9742
crucial dynamics,0.9745
classification,0.9741
gradient uses,0.9721
hypothetical metal,0.9708
moreover models,0.9728
posterior sampling however,0.9701
problem limited,0.9741
meta expert requires,0.9765
meta may require,0.9783
vector historical,0.9754
task represented,0.9735
data generally,0.9743
data compared,0.9735
methods improve,0.9750
predictions,0.9751
latter case policy,0.9706
suitable scenarios,0.9750
directly applicable using,0.9775
adopted methods apply,0.9705
input,0.9728
algorithm outer,0.9750
meta time hand,0.9709
methods categorized,0.9781
zhang model,0.9730
research categorized method,0.9844
data base,0.9727
methods deep,0.9719
area investigation alternatively,0.9700
objective required solve,0.9702
system nature,0.9729
methods outer opt,0.9725
category,0.9760
testing,0.9705
via planning used,0.9715
iso,0.9706
chosen outer objective,0.9709
methods structure,0.9762
methods whereas,0.9770
md need,0.9730
meta uses,0.9755
adapted parameters,0.9766
need framework quan,0.9711
often requires simulated,0.9722
non case survey,0.9701
directly using,0.9746
general broader task,0.9709
required learning,0.9735
process described identifying,0.9753
structure include,0.9755
model input,0.9769
methods steps,0.9717
based generally require,0.9735
method data,0.9703
options outer,0.9704
methods applied task,0.9702
research example,0.9768
generally relies evaluation,0.9706
bias miss principle,0.9772
objective sur,0.9732
narrow task di,0.9755
direction useful bench,0.9725
methods applied without,0.9720
additional assumptions data,0.9766
methods plan,0.9841
meta discuss methods,0.9803
policy found,0.9720
bias general wide,0.9710
methods train meta,0.9715
h broader task,0.9722
methods designed,0.9779
policy using,0.9772
data collect,0.9728
task case instead,0.9803
choice,0.9717
data collected,0.9710
unknown task review,0.9730
md particular po,0.9706
agents policies vary,0.9711
methods train,0.9755
requirement,0.9737
setting show learned,0.9753
systems z,0.9772
policies domains require,0.9701
data used,0.9722
ka gradient need,0.9704
common methods,0.9757
possible discussed strengths,0.9742
figure give taxonomy,0.9710
particular meta use,0.9703
processing,0.9709
context produced,0.9710
generally wells,0.9700
learning via model,0.9733
task selection,0.9806
components choice,0.9747
using methods,0.9732
standard objectives answer,0.9716
applications found,0.9764
trial reinforcement,0.9706
implementation,0.9733
parameters throughout,0.9768
framework bam,0.9730
methods remove,0.9739
policy suggested equation,0.9715
meta model,0.9728
used training,0.9703
consideration metal,0.9739
trial defines,0.9708
task modulation,0.9746
adaptation trial defines,0.9716
methods ng lp,0.9715
methods end spectrum,0.9758
significantly data standard,0.9714
survey black,0.9739
outer algorithms considered,0.9718
task taken definition,0.9711
methods hand,0.9772
method type,0.9701
task automated,0.9749
lower bound,0.9709
inference used,0.9720
methods explore environment,0.9724
model related model,0.9834
methods generally wells,0.9722
model may,0.9710
allowing adapt policy,0.9713
signal control,0.9704
objective performance,0.9700
algorithms targeting,0.9724
methods categorized task,0.9719
methods may context,0.9766
useful need e,0.9725
methods tend work,0.9739
approach using,0.9715
ic control,0.9728
boundary single,0.9705
ground task tackle,0.9715
vector used,0.9722
approach use,0.9726
survey mostly consider,0.9717
methods build,0.9743
supervision,0.9707
instead policy,0.9722
adapted context vector,0.9701
based transitions,0.9728
methods explore,0.9707
ter model model,0.9741
type,0.9711
particular po maintains,0.9716
grid general,0.9778
using data however,0.9774
methods adapted base,0.9819
task tackle,0.9735
methods distinction,0.9761
policy used,0.9779
task single,0.9713
model methods may,0.9765
methods may affect,0.9705
methods model may,0.9815
response,0.9714
using initial policy,0.9720
bench requires,0.9744
meta methods designed,0.9768
outer research,0.9751
earlier policies trained,0.9701
covered survey,0.9708
mechanisms problem,0.9718
benefits using,0.9722
task general,0.9730
generally methods designed,0.9759
sen modeling,0.9761
methods sufficient,0.9738
outer objective considers,0.9728
methods rely,0.9755
episodes methods use,0.9783
optimal policy suggested,0.9755
meta outer adaptation,0.9707
method adapt,0.9738
assumptions,0.9746
pp methods tend,0.9713
task particularly,0.9711
model model,0.9711
vector policy conditioned,0.9727
methods,0.9773
methods broader,0.9785
ri specific narrow,0.9705
estimation provide,0.9720
methods difficult,0.9744
bias data figure,0.9710
via parameter reward,0.9722
related task meta,0.9708
distribution might expect,0.9736
criteria split,0.9707
applications order,0.9766
agents using,0.9754
task figure,0.9774
methods directly,0.9720
concerning task inference,0.9706
control show learned,0.9735
task specifically intrinsic,0.9720
tasks enable,0.9701
ob methods train,0.9769
methods parameter,0.9748
methods cannot,0.9724
en methods generally,0.9709
md crucial dynamics,0.9715
model related,0.9799
mat use,0.9718
biological inspired method,0.9717
survey overview aim,0.9714
using error,0.9709
broader task di,0.9793
estimation mao,0.9712
method uses,0.9705
methods category,0.9784
predicting,0.9704
particularly useful represent,0.9717
bay rule,0.9746
unified criteria split,0.9795
purely data compared,0.9708
parameters specify,0.9704
approximate bay,0.9702
policy conditioned case,0.9714
meta use,0.9767
particularly useful instance,0.9720
methods use policy,0.9754
additionally referred,0.9716
useful exploitation,0.9704
training procedure,0.9739
data using,0.9800
methods comparison,0.9722
objective required,0.9727
task index,0.9775
tr tasks relax,0.9746
policies required,0.9739
policy suggested,0.9764
variety applications order,0.9711
task complex,0.9780
general instead,0.9705
error outer,0.9715
task discussed,0.9716
methods tightly,0.9736
considerations learning,0.9725
meta used,0.9769
applicable besides meta,0.9712
ter model,0.9831
especially problematic data,0.9756
hierarchical rein force,0.9788
particularly beneficial context,0.9724
contrast bam,0.9719
section practice considers,0.9754
data hi,0.9726
methods combine,0.9779
structure help,0.9736
training task,0.9715
applicable using meta,0.9716
gradient step task,0.9734
h h policy,0.9710
using methods introduce,0.9716
forms requires,0.9722
adaptive policy,0.9769
optimal discussion,0.9722
methods near end,0.9711
nonetheless methods meta,0.9714
objective,0.9700
besides meta setting,0.9731
following reasons model,0.9719
collected data adaptation,0.9726
conference pattern,0.9708
trial illustrated figure,0.9707
performance tackle,0.9734
task without transfer,0.9731
survey consider,0.9750
data trial,0.9800
multi adaptation goal,0.9716
supervision outer trial,0.9712
task hand,0.9701
data available utilizing,0.9709
model approach,0.9769
factors generally methods,0.9710
reasons model r,0.9706
methods single,0.9755
inference may,0.9728
parameters adapted model,0.9801
bay optimal policies,0.9703
algorithms use,0.9714
systems,0.9719
para ter model,0.9838
procedures represent,0.9755
conditions,0.9767
methods multi,0.9735
existing methods combine,0.9755
methods well,0.9720
meta addressed section,0.9703
automated measure,0.9720
policies used,0.9740
methods introduce,0.9702
methods task,0.9709
gradient need,0.9721
methods explore discuss,0.9740
methods may,0.9776
therefore opt,0.9700
common method specifically,0.9781
environments provide,0.9712
gradient uses sampled,0.9711
methods directly via,0.9739
meta methods used,0.9795
data enables identify,0.9705
application,0.9765
tasks require,0.9733
inference generally add,0.9721
using machine,0.9713
via model metal,0.9710
task control,0.9788
techniques,0.9739
methods provide,0.9736
using gradient descent,0.9722
problem metal,0.9724
topic using,0.9794
using samples possible,0.9705
privileged info mat,0.9704
methods may help,0.9703
bias miss,0.9709
following method categories,0.9762
thomas meta approach,0.9795
algorithm closely,0.9727
system,0.9758
standard objective bam,0.9788
approach based,0.9749
problems require,0.9720
requirements instead described,0.9753
methods may learned,0.9718
methods generally,0.9736
data may include,0.9768
method trade general,0.9756
pp methods figure,0.9711
setting suitable,0.9730
methods important,0.9774
policies vary,0.9749
task allowed interact,0.9705
clarity,0.9710
illustration broad task,0.9703
settings using,0.9715
data outer,0.9736
systems z lin,0.9739
structured sur,0.9703
task space,0.9724
furthermore metal,0.9716
gradient descent,0.9700
perspective,0.9756
applications conclude,0.9719
task requires,0.9736
data generally collected,0.9760
case survey,0.9726
method inner,0.9711
using ag,0.9712
model using,0.9789
outer subject,0.9717
schemes may influence,0.9701
cook contrast optimal,0.9710
common methods multi,0.9714
majority research,0.9722
figure solutions,0.9768
potential overcome limitations,0.9749
required learning parts,0.9720
al table problem,0.9738
algorithm encourages,0.9744
tasks requiring,0.9721
generally considers,0.9705
overall trade model,0.9787
methods use,0.9763
via model,0.9747
policies usually desired,0.9725
following parameter policy,0.9760
base policy seen,0.9716
meta approach,0.9773
meta agent uses,0.9725
data complicated,0.9723
meta meta test,0.9719
oversight laboratory simulation,0.9756
performance model,0.9875
gradient meta objective,0.9717
sufficient general instead,0.9733
approaches allow,0.9705
di using ag,0.9719
methods use performance,0.9722
neural di,0.9720
using samples,0.9729
approaches differ,0.9713
mechanisms,0.9710
task found methods,0.9701
meta objective,0.9727
bias considering truncated,0.9712
stove comparison depicted,0.9731
methods alternatively,0.9746
results multi,0.9728
task set,0.9753
md semi framework,0.9705
method may use,0.9753
general model,0.9706
methods produce,0.9731
inner however data,0.9711
opt objective,0.9737
case mapping,0.9783
solution use,0.9791
random behavior early,0.9720
problem address,0.9821
adaptations algorithm case,0.9704
data metal narrow,0.9731
task structure,0.9849
need developed training,0.9727
practical methods,0.9715
moreover curriculum,0.9702
survey black box,0.9723
methods consistent,0.9722
method generally depends,0.9700
methods well using,0.9756
policies often used,0.9761
meta objective whose,0.9760
data data inner,0.9757
survey meta,0.9715
task additionally rake,0.9701
often based,0.9712
methods adaptation,0.9765
inference may used,0.9714
outer supervision,0.9715
research focused,0.9706
framework quan expected,0.9752
classification setting,0.9770
approach based contrast,0.9751
methods adapted,0.9803
method metal,0.9718
r algorithms helpful,0.9704
task review,0.9764
general novel,0.9703
model cong,0.9725
closely related methods,0.9713
constraints,0.9704
goal meta broader,0.9705
wells problems require,0.9711
ri principle,0.9776
helpful design,0.9702
methods mainly,0.9770
variables investigated accommodate,0.9740
work considers,0.9722
networks use,0.9718
methods mainly evaluated,0.9754
additionally intrinsic,0.9710
system although survey,0.9737
agent parameters throughout,0.9723
methods broader task,0.9795
different settings using,0.9720
approach ci,0.9714
evidence,0.9721
pm principle task,0.9773
underlying rules,0.9761
data may may,0.9724
optimal policy,0.9728
figure comparison,0.9719
strategies needed example,0.9711
detect counter scratched,0.9704
specific narrow,0.9713
common method type,0.9745
methods thus considered,0.9707
methods condition,0.9721
model,0.9791
methods rapidly,0.9717
meta papers use,0.9772
methods apply,0.9732
using task representations,0.9731
instead opt,0.9710
workshop,0.9712
strategies required,0.9782
expert requires,0.9704
methods propose,0.9751
ex ratio policy,0.9718
agents used,0.9733
networks used,0.9704
conclusion,0.9711
methods outer,0.9779
methods contrast,0.9785
generally opt,0.9702
meta standardized kitchen,0.9788
solutions notably objective,0.9711
methods consider comparison,0.9739
research clustered based,0.9708
policy placed md,0.9717
updated maximize sur,0.9702
approach leverage,0.9745
methods use distribution,0.9709
distributions disgusted section,0.9736
task may,0.9717
known task policy,0.9766
functions chef,0.9730
bias,0.9721
md models,0.9711
task set trial,0.9736
data may,0.9774
transitions,0.9712
experts use,0.9736
al propose algorithms,0.9745
problem outer,0.9710
methods scope,0.9747
layer policy,0.9749
may useful modeling,0.9704
methods generally train,0.9704
algorithm case credit,0.9745
applicable using,0.9736
way terminology generally,0.9714
data outer particularly,0.9754
within task distribution,0.9724
particular model meta,0.9739
test,0.9727
methods yu,0.9721
generally map,0.9768
outer algorithms regardless,0.9741
task based,0.9758
meta broader task,0.9752
methods closely,0.9786
problem generally,0.9713
policies contrast task,0.9710
procedures,0.9722
however model meta,0.9754
task specifically,0.9703
results challenging metal,0.9703
metal function,0.9703
sutton adapting bias,0.9711
alternatively models learned,0.9734
systems xi,0.9701
policies generally opt,0.9732
using data,0.9791
using clusters survey,0.9778
principle change,0.9722
often information bottle,0.9704
significantly distinct policies,0.9711
data identified,0.9721
task crucial,0.9730
methods end,0.9718
learning also used,0.9738
definitions,0.9710
process known,0.9751
requires value estimate,0.9715
inference inner see,0.9743
connections,0.9727
evidence lower,0.9726
categories differ figure,0.9710
tech system na,0.9742
pattern,0.9718
approaches allow additional,0.9726
al language models,0.9724
context,0.9746
support methods must,0.9711
meta methods broader,0.9744
tuning see,0.9731
category explicitly motivated,0.9712
outer research required,0.9713
rules,0.9708
many designs inner,0.9719
method bay,0.9809
popular approach,0.9717
methods designed setting,0.9715
methods key consideration,0.9760
method generally,0.9771
meta consists trials,0.9741
standard objective,0.9748
parameters need adapted,0.9728
data td,0.9757
david tasks ar,0.9725
function bam governed,0.9704
contrast multi,0.9701
samples homes,0.9739
systems tony z,0.9721
unclear needs,0.9700
performance h,0.9709
function sixth,0.9729
codes,0.9725
efficiency trial regardless,0.9776
deep deter policy,0.9730
theoretically,0.9702
data realistic,0.9735
model r,0.9751
methods also present,0.9706
methods tend,0.9794
design following pattern,0.9774
initial learning,0.9706
meta problem address,0.9725
methods may benefit,0.9709
unified standard,0.9734
also data outer,0.9736
algorithms often trained,0.9722
automation let,0.9739
data represent,0.9736
tasks advances neural,0.9707
task weight,0.9732
sub standard,0.9732
perspective bay,0.9704
principle,0.9731
standard policy,0.9729
using environment interactions,0.9711
framework quan,0.9711
task boots,0.9701
methods unlikely,0.9724
applications therefore,0.9775
ingredients,0.9713
inner outer research,0.9700
majority research focused,0.9723
unique methods must,0.9731
methods central,0.9782
informed multi r,0.9710
many meta used,0.9715
solutions notably,0.9740
function bam,0.9713
however general structure,0.9714
meta considers problem,0.9739
methods framed,0.9780
parameters need,0.9724
data sampled used,0.9750
method,0.9789
method may produce,0.9734
computational lin,0.9703
method specifically,0.9792
standard setting,0.9781
methods considered adapt,0.9733
framework,0.9765
meta methods categorized,0.9740
variance requires,0.9749
particularly suitable scenarios,0.9780
additionally methods,0.9748
initial parameters outer,0.9708
methods important gap,0.9765
game rules,0.9726
using meta,0.9708
methods model,0.9863
outer subject significant,0.9739
al model meta,0.9774
addressed section meta,0.9724
gradient method,0.9701
algorithm whose,0.9712
methods framed tools,0.9719
cases using,0.9782
data enables,0.9742
limit meta,0.9737
process called,0.9739
generally methods,0.9710
methods must,0.9745
methods section hand,0.9761
cluster single setting,0.9704
without access distribution,0.9709
task allowed,0.9716
meta methods developed,0.9777
interacting task roughly,0.9786
data sampled,0.9740
methods category explicitly,0.9743
methods agent,0.9794
labels final policy,0.9746
model input policy,0.9711
algorithms generally inner,0.9729
targeted used provide,0.9733
meta addressed,0.9718
hierarchical structure help,0.9734
scheme strictly speaking,0.9732
systems tony,0.9720
feedback,0.9743
box methods adapted,0.9752
small finite policy,0.9732
tech system,0.9715
representation figure,0.9770
models used,0.9703
efficiency trial,0.9701
covered data,0.9710
task case,0.9745
task current,0.9703
terminology,0.9719
task specific,0.9733
comparison,0.9701
general idea,0.9719
directly applicable,0.9730
unified criteria,0.9806
criteria,0.9746
particular model,0.9754
novel task desirable,0.9706
overview aim,0.9725
special type,0.9723
requirements,0.9723
meta objective required,0.9719
classification,0.9750
suitable scenarios,0.9708
research categorized method,0.9750
category,0.9738
objective sur,0.9715
task case instead,0.9711
unknown task review,0.9701
requirement,0.9705
possible discussed strengths,0.9701
task selection,0.9769
applications found,0.9703
type,0.9704
methods adapted base,0.9704
reward gather,0.9721
result exploration,0.9708
major categories,0.9709
applications order,0.9736
key consideration,0.9705
broader task di,0.9711
bay rule,0.9713
unified criteria split,0.9728
objective required,0.9703
general instead,0.9711
distinction,0.9707
conference pattern,0.9704
data trial,0.9721
common method specifically,0.9700
application,0.9753
task control,0.9703
following method categories,0.9704
system,0.9708
standard objective bam,0.9702
performance model,0.9714
results multi,0.9706
problem address,0.9738
classification setting,0.9720
task review,0.9707
general novel,0.9711
model,0.9705
task set trial,0.9707
results challenging metal,0.9702
method bay,0.9717
efficiency trial regardless,0.9723
section presented,0.9729
design following pattern,0.9721
method,0.9707
standard setting,0.9714
particularly suitable scenarios,0.9716
outer subject significant,0.9707
data learning,0.9819
supervised learning,0.9726
meta learning,0.9841
task case learning,0.9784
task mi learning,0.9762
model method learning,0.9762
efficient learning,0.9755
block learning,0.9868
multi learning,0.9773
sample learning,0.9817
task learning,0.9866
methods learning,0.9759
parameter learning,0.9774
case learning,0.9707
method learning,0.9817
context learning,0.9784
agent learning,0.9751
learning via model,0.9710
self learning,0.9717
point learning,0.9847
task dynamics,0.9710
accelerated learning,0.9739
bench learning,0.9849
issue learning,0.9767
fits learning,0.9785
task weight reinforcement,0.9703
learning using,0.9722
set learning,0.9734
initial learning,0.9727
approximate learning,0.9770
standard learning,0.9766
force learning,0.9867
metric learning,0.9795
reset learning,0.9722
learning model,0.9721
survey model,0.9752
meta particular model,0.9714
methods plan model,0.9720
meta model,0.9760
state performance model,0.9707
model input policy,0.9703
learning task,0.9708
reinforcement learning task,0.9814
meta difference task,0.9743
meta meta learning,0.9785
meta learning,0.9733
meta continual learning,0.9722
evolutionary meta learning,0.9701
population meta learning,0.9719
context learning,0.9739
value meta learning,0.9721
gradient meta learning,0.9775
ad meta learning,0.9746
domain meta learning,0.9716
transfer learning,0.9722
robot learning,0.9740
meta learning,0.9733
conference learning,0.9737
en methods model,0.9771
survey model,0.9745
meta particular model,0.9742
adapted parameters model,0.9761
gradient methods model,0.9762
ina transitions model,0.9717
methods plan model,0.9817
meta model,0.9711
model method,0.9717
context dynamics model,0.9719
state performance model,0.9750
posterior subset model,0.9754
