Word,Similarity
position,0.9711
adjustment see,0.9718
consideration involved effects,0.9743
various categories divided,0.9707
ce studies gave,0.9707
considerations,0.9730
category separated ranked,0.9732
including first,0.9707
sizes studies included,0.9700
highlighted need,0.9705
correction,0.9741
power,0.9723
questions motivated experimental,0.9720
synth quantitative results,0.9762
instruction,0.9728
ability,0.9706
area reason,0.9708
consultation,0.9703
pattern,0.9725
options gave,0.9711
results visual di,0.9714
arguments,0.9705
category,0.9777
conditions,0.9754
using calculations,0.9733
calculation,0.9750
recommendation,0.9700
comparison,0.9779
calculations based,0.9725
cultures favor,0.9714
studies involved comparison,0.9743
terminology,0.9729
judgments,0.9739
identifying,0.9714
model largely,0.9762
connections,0.9713
standards,0.9740
coding,0.9744
though studies addressed,0.9730
work noted,0.9707
beyond comfort level,0.9706
typically,0.9702
criteria inclusion,0.9715
needed input,0.9705
dent coded results,0.9719
guidance,0.9728
including learning,0.9708
conclusion,0.9713
notwithstanding ins features,0.9722
given analyses,0.9710
feedback,0.9738
post avoided complex,0.9714
criteria,0.9744
processing,0.9724
due inclusion criteria,0.9754
analyzed,0.9709
control group using,0.9710
especially producing,0.9700
comparisons differing,0.9716
judgment,0.9727
reasons,0.9722
based,0.9711
comparison groups followed,0.9709
east noted fifth,0.9706
excluded criterion,0.9720
approach geared making,0.9714
questions motivated,0.9708
factor,0.9727
based corpus,0.9702
unique samples showed,0.9700
though studies,0.9709
factor de,0.9740
category separated,0.9807
studies involved hands,0.9719
research questions motivated,0.9725
given theoretical importance,0.9715
method making,0.9714
unsuitable current study,0.9708
choice,0.9764
adjustment,0.9736
sizes research barely,0.9726
translation showed,0.9710
gap,0.9707
perspective,0.9721
grouping,0.9782
sizes see,0.9714
especially via use,0.9731
overall followed analyses,0.9702
figures consideration involved,0.9727
ce designs seemed,0.9701
visual results,0.9702
di occasion providing,0.9720
ce comparisons though,0.9715
studies included meta,0.9713
model,0.9760
even extensive,0.9702
well factors,0.9702
sizes research,0.9728
specific,0.9720
weight controversial issue,0.9714
interface,0.9704
limit,0.9728
techniques involved effect,0.9709
cases managed,0.9717
type,0.9710
options,0.9711
category allowed,0.9776
area need,0.9702
studies involved highly,0.9702
system,0.9731
system gave,0.9723
particular issue,0.9723
task,0.9709
techniques involved,0.9702
phase,0.9702
needed input flood,0.9710
skill,0.9707
major factor,0.9761
though samples treatment,0.9708
rule thumb suggested,0.9704
response options gave,0.9721
complaints,0.9716
evidence importance,0.9729
responses,0.9718
depended design,0.9742
program tended,0.9702
especially tests,0.9707
principles cobb allows,0.9709
examining,0.9738
consideration involved,0.9716
advantage,0.9712
tempting group involved,0.9739
calculations,0.9719
bias,0.9723
approaches result,0.9728
testing,0.9720
criterion,0.9747
di although approach,0.9725
training,0.9706
comparatively,0.9701
adjustment see,0.9709
methods seem,0.9778
including fuzzy,0.9719
shifting,0.9711
assumption,0.9770
consideration involved effects,0.9710
insights,0.9709
rather treatment di,0.9722
narrative,0.9728
indicators,0.9739
considerations,0.9736
using concord,0.9713
largest,0.9705
using,0.9718
solution,0.9740
complementary,0.9778
refined,0.9755
correction,0.9721
method ol,0.9776
treated,0.9708
reflecting,0.9707
lab,0.9714
thus relatively,0.9708
coincide,0.9709
instruction,0.9706
analysis,0.9723
vary,0.9752
control comparison,0.9714
particular,0.9707
methods,0.9794
according coded,0.9721
mental corpus taylor,0.9713
setting,0.9718
directly,0.9718
pattern,0.9783
revealing,0.9730
phase study,0.9720
many analysis,0.9701
natural,0.9713
ce designs involving,0.9726
behaviors,0.9722
assessed,0.9728
basics,0.9726
doubtful,0.9730
induction,0.9796
arguments,0.9767
answers,0.9707
category,0.9753
interaction tea,0.9715
conditions,0.9714
using calculations,0.9716
commonly,0.9730
tended,0.9730
ambiguous,0.9728
enigma,0.9707
calculation,0.9770
recommendation,0.9744
comparison,0.9816
calculations based,0.9721
ex learning,0.9703
independently,0.9753
empirical,0.9751
requires,0.9727
speaking,0.9745
spoon,0.9700
expose,0.9709
terminology,0.9807
cobb,0.9703
spreads,0.9716
consideration,0.9731
sophisticated,0.9718
accurately,0.9702
identifying,0.9724
model largely,0.9747
techniques,0.9762
definition,0.9750
basis,0.9776
properly,0.9720
connections,0.9735
compare,0.9728
gao,0.9705
standards,0.9731
cid,0.9704
notions,0.9729
inherently,0.9713
sampling,0.9746
relatively,0.9704
coding,0.9793
etc take,0.9734
reveal,0.9714
dough,0.9709
stressed,0.9721
labeled,0.9759
suited continuous,0.9747
fuzzy,0.9728
typically,0.9705
designs stressed,0.9732
survey meta,0.9702
constrained,0.9744
definitions,0.9740
influenced,0.9702
attempting,0.9739
treatment,0.9705
hedges,0.9733
guidance,0.9744
flourishing,0.9725
problems,0.9714
aspect,0.9724
including learning,0.9704
potential using,0.9740
use specific situ,0.9751
analysis show,0.9716
involving,0.9712
reporting,0.9705
visiting,0.9700
given analyses,0.9727
feedback,0.9779
implying,0.9733
tests,0.9732
meta giving,0.9701
analyses,0.9721
behavioral,0.9731
effective large,0.9705
behavior,0.9766
publication seemed,0.9704
using calculations based,0.9710
criteria,0.9716
processing,0.9798
abstract read,0.9711
obvious,0.9711
comparing,0.9738
discussion,0.9704
context,0.9710
principle,0.9763
usage,0.9720
slide,0.9738
hyper,0.9739
literal,0.9754
unable,0.9712
analyzed,0.9764
effectively,0.9727
development leads example,0.9735
control group using,0.9715
especially producing,0.9710
notably,0.9708
johns approach,0.9732
tool,0.9715
grouped,0.9762
crucial,0.9753
judgment,0.9726
method,0.9793
treatments,0.9736
allowing,0.9746
procedures,0.9731
based,0.9740
funnel,0.9702
metaphor,0.9756
understanding,0.9711
interpretation,0.9723
offset,0.9723
particularly web,0.9701
excluded criterion,0.9725
difficult,0.9709
suggests,0.9712
yielding,0.9709
geared,0.9735
importance,0.9708
intention,0.9715
rigorous,0.9746
mv analyzed,0.9734
approach geared making,0.9711
defining,0.9702
extraction,0.9750
productive,0.9743
evenly,0.9715
suggested,0.9718
prefer,0.9717
programmed,0.9706
using calculations cohen,0.9704
framework,0.9755
initial,0.9701
viewed,0.9718
usage di,0.9714
rarely,0.9710
although approach,0.9712
program,0.9703
meta including,0.9718
grange,0.9728
interest,0.9730
considered,0.9732
factor,0.9740
size,0.9700
complaint,0.9728
insights pattern,0.9722
cases able,0.9701
based corpus,0.9700
median,0.9743
retention hu,0.9702
restrict,0.9758
factor de,0.9736
patterns,0.9746
category separated,0.9736
coded,0.9724
advantages,0.9720
application,0.9766
weight,0.9702
power assuming,0.9725
zero research,0.9716
speculative,0.9736
investigation,0.9721
tolerance,0.9731
freeing,0.9703
concord,0.9706
input,0.9716
applied lin,0.9726
emphasis,0.9761
method making,0.9760
hypothesis,0.9774
claims,0.9701
sizes l research,0.9703
rule,0.9740
process,0.9719
differing,0.9721
outlined,0.9712
problem,0.9702
project,0.9737
specific situ,0.9735
limit approach,0.9727
spin,0.9701
adjustment,0.9759
compared,0.9725
theories,0.9758
expanding,0.9708
switched,0.9703
survey,0.9702
native,0.9716
motivation,0.9761
focus,0.9740
quantitative,0.9735
presenting,0.9719
affect,0.9746
research therefore,0.9710
perimeter,0.9721
response,0.9741
perspective,0.9766
grouping,0.9738
closest,0.9706
definitive,0.9740
especially via use,0.9707
transfer,0.9737
analyze,0.9748
intervention,0.9727
multi,0.9774
basis chopped,0.9712
replica,0.9745
error lips,0.9730
purposes,0.9706
mono corpus covered,0.9707
model,0.9710
simply factor,0.9715
suggesting,0.9741
fuzzy nature,0.9718
particularly,0.9703
well factors,0.9722
sizes research,0.9759
prediction,0.9808
specific,0.9773
principles,0.9728
synthesis answer,0.9778
samples separated,0.9724
interface,0.9765
limit,0.9739
techniques involved effect,0.9725
due nature,0.9706
cases managed,0.9727
type,0.9749
practice,0.9713
colleagues,0.9704
inclusion,0.9707
category allowed,0.9706
substantially,0.9701
claimed,0.9710
useful,0.9749
requiring,0.9733
parallels,0.9756
essentially,0.9736
rules,0.9719
notably terms,0.9729
indication,0.9709
precise,0.9720
system,0.9714
case principle,0.9701
task,0.9732
techniques involved,0.9727
phase,0.9749
transparent,0.9760
focused,0.9710
comprehension,0.9732
slipped,0.9713
situ,0.9718
resulting,0.9707
vocabulary,0.9772
standard,0.9735
arguably,0.9759
evidence importance,0.9715
proto,0.9722
responses,0.9731
specializing,0.9701
thus prediction,0.9709
rely,0.9709
treatment di,0.9704
designs involving,0.9726
weighted,0.9760
meta,0.9766
refining,0.9737
ultimately harvested,0.9702
approach,0.9710
designs lower,0.9725
examining,0.9744
derived,0.9719
typically data,0.9708
typical meta,0.9730
reflex,0.9700
filter,0.9780
model allowed,0.9704
course leaves,0.9706
sensitivity,0.9727
calculations,0.9747
rather treatment,0.9728
multiple,0.9713
scale,0.9712
disagreements,0.9713
bias,0.9780
approaches result,0.9771
highlighting,0.9733
testing,0.9763
producing,0.9700
significant,0.9708
analyses used,0.9734
important,0.9712
separating,0.9714
thus maintaining,0.9718
swell taylor,0.9703
core,0.9722
meta human cognition,0.9701
knowledge meta,0.9724
meta multiple,0.9711
lap use learning,0.9747
referred data learning,0.9714
methodology learning,0.9757
meta learning,1.0000
data learning,0.9768
visible learning,0.9769
effects learning,0.9789
known data learning,0.9722
reporting recommended,0.9706
di although approach,0.9727
method ol,0.9720
marginal methodology,0.9752
consultation,0.9703
phase study,0.9725
research choices,0.9714
effective way use,0.9730
studies explicitly used,0.9717
reliability approach,0.9738
response options,0.9780
analysis may role,0.9715
selected response constrained,0.9730
study used,0.9768
guidance,0.9731
use specific situ,0.9713
analysis show,0.9724
treatments test,0.9733
solution include,0.9724
study method ol,0.9704
targeted required pains,0.9711
control group using,0.9704
suggested simply using,0.9708
method,0.9768
study used apparently,0.9702
response tests,0.9721
selected response,0.9740
selected response tests,0.9765
excluded criterion,0.9714
length intervention though,0.9739
approach geared making,0.9705
fairly marginal methodology,0.9749
approach typically involves,0.9707
usage di,0.9724
general idea,0.9718
research method,0.9800
choice model,0.9733
application,0.9700
advantages method,0.9746
coding manual,0.9708
effectiveness call learned,0.9724
calculation effect,0.9725
method making,0.9717
end approach,0.9740
comprehensive view,0.9742
limit approach,0.9802
study based,0.9702
well studies used,0.9730
concentrated single design,0.9704
treatment often collected,0.9728
rules use,0.9704
different treatment explicit,0.9706
difficult assess involved,0.9734
meta corpus use,0.9745
study method,0.9801
case principle,0.9722
techniques involved,0.9702
important component study,0.9745
confidence limit approach,0.9762
choice model largely,0.9736
treatment di,0.9711
however choice model,0.9702
standard practice,0.9705
criterion instruments used,0.9724
effective claim supported,0.9705
final indirect measure,0.9719
although approach may,0.9706
analyses used,0.9728
linguistic knowledge,0.9729
choice model,0.9757
meta learning,0.9744
criterion,0.9752
di although approach,0.9777
problems approaches would,0.9740
sl research,0.9726
results alternatives,0.9771
adjustment see,0.9782
basic formula,0.9704
available differing terminology,0.9742
methods seem,0.9762
consideration involved effects,0.9739
large data,0.9736
operational reach,0.9701
various categories divided,0.9725
derived areas,0.9724
ce studies gave,0.9721
adjustment see figure,0.9731
although insufficient data,0.9711
indicators,0.9774
samples give,0.9728
category separated ranked,0.9717
learning used,0.9725
sizes studies included,0.9712
quan outcomes,0.9720
library rules use,0.9737
area need investigation,0.9715
method ol,0.9767
common formula,0.9721
marginal methodology,0.9804
ft information figure,0.9741
questions motivated experimental,0.9708
synth quantitative results,0.9717
meta sl outlined,0.9746
recommended lips,0.9708
instruction,0.9737
ce design however,0.9773
framework reference,0.9724
typically included,0.9718
problem encourage researchers,0.9701
control comparison,0.9738
area reason,0.9724
data must included,0.9703
methods,0.9773
data entrusted,0.9735
consultation,0.9711
pattern,0.9718
mv examined typical,0.9720
phase study,0.9764
studies use,0.9767
ce designs involving,0.9789
research choices,0.9750
statistical model,0.9747
results visual di,0.9757
summary critical evaluation,0.9703
development leads,0.9725
information figure,0.9734
tools result,0.9702
data might used,0.9734
aim vocabulary covered,0.9706
account variation across,0.9701
used include,0.9729
command vocabulary,0.9709
arguments,0.9728
definition allowed,0.9747
sections used many,0.9706
category,0.9760
criteria also,0.9706
category particular,0.9709
compare concord data,0.9710
interaction tea,0.9715
conditions,0.9767
studies use tests,0.9758
involved effects weight,0.9748
using calculations,0.9753
responses give,0.9750
therefore included studies,0.9763
test included,0.9743
factor complexity,0.9718
variables studies involved,0.9707
sampling population ci,0.9738
instruments often tested,0.9704
calculation,0.9712
current study,0.9724
studies explicitly used,0.9801
areas applied lin,0.9730
samples gave,0.9707
lines use,0.9727
evidence primary,0.9721
purposes included,0.9720
possible comparisons though,0.9700
recommendation,0.9720
comparison,0.9756
calculations based,0.9738
ce designs give,0.9704
general purposes found,0.9729
involved using,0.9706
power results,0.9738
studies involved comparison,0.9720
terminology,0.9825
samples respectable,0.9700
particularly ce designs,0.9702
literature typically cast,0.9702
given studies,0.9707
potential draw broad,0.9732
model allowed us,0.9702
participants reduces,0.9744
johns data,0.9750
model largely,0.9788
effects vocabulary,0.9702
techniques,0.9739
objective,0.9700
figure viewed wiley,0.9703
basis,0.9735
research findings,0.9703
connections,0.9727
alternatively studies,0.9717
purposes found,0.9709
instruments requiring,0.9706
data via,0.9725
standards,0.9743
description criteria,0.9801
ce designs whereas,0.9730
response options,0.9775
ce designs lower,0.9743
hat proposed,0.9728
sections agreement rated,0.9703
thus included,0.9719
studies involved b,0.9703
using second design,0.9744
see consider whole,0.9753
function discussed,0.9760
third code,0.9710
studies used,0.9750
analysis may role,0.9739
work noted,0.9717
data entry,0.9763
conceptual depth,0.9728
studies would excluded,0.9738
selected response constrained,0.9749
suited continuous,0.9706
ce designs least,0.9717
primary data,0.9775
data case,0.9736
designs stressed,0.9776
importance delayed testing,0.9708
survey meta,0.9715
ultimately feature study,0.9733
pattern shin,0.9706
figure viewed,0.9712
definitions,0.9710
design range,0.9728
uses found similar,0.9719
evidence importance chunk,0.9773
treatment,0.9706
essential data,0.9746
study used,0.9807
guidance,0.9757
bo data,0.9728
test included items,0.9712
including learning,0.9717
potential using,0.9776
use specific situ,0.9790
conclusion,0.9711
analysis show,0.9780
recommendations,0.9710
typical pattern shin,0.9746
given analyses,0.9737
using comparison groups,0.9741
pe principles,0.9728
feedback,0.9743
knowledge base,0.9715
treatments test,0.9736
post avoided complex,0.9707
tests,0.9703
samples may,0.9702
solution include,0.9775
see table coding,0.9701
substantial results,0.9702
needed studies similar,0.9748
needed studies,0.9721
using calculations based,0.9745
class conditions,0.9708
step back data,0.9719
criteria,0.9779
processing,0.9709
designs systematically provide,0.9717
context,0.9746
large effect ci,0.9710
included studies,0.9711
principle,0.9731
due inclusion criteria,0.9763
usage,0.9739
scope therefore addressed,0.9742
targeted required pains,0.9728
applied criteria,0.9744
including values derived,0.9714
designs partly use,0.9736
east noted,0.9706
development leads example,0.9807
conversely europe,0.9701
control group using,0.9775
others may make,0.9705
comparisons differing,0.9733
johns approach,0.9732
con use specific,0.9704
suggested simply using,0.9706
statistical packages help,0.9711
comparison group former,0.9706
using language,0.9712
grouping could,0.9706
method,0.9789
evidence particular,0.9763
comparison group,0.9734
see table examine,0.9710
typical meta applied,0.9763
mv procedure mainly,0.9733
procedures,0.9722
analysis may high,0.9706
used designs instruments,0.9718
features provided indication,0.9711
response tests,0.9712
designs give large,0.9710
selected response,0.9721
designs may,0.9713
research timeline,0.9706
corp used include,0.9740
comparison groups followed,0.9752
participants might seem,0.9709
data must,0.9754
selected response tests,0.9774
data case principle,0.9772
main study,0.9708
excluded criterion,0.9801
analyses used un,0.9719
data needed meta,0.9711
length intervention though,0.9754
mv analyzed,0.9741
approach geared making,0.9748
fairly marginal methodology,0.9767
reporting line,0.9716
typical concord output,0.9728
task identify,0.9702
unique samples gave,0.9701
context among lower,0.9701
using calculations cohen,0.9725
usage di course,0.9754
framework,0.9765
usage di,0.9800
implementation,0.9733
need longitudinal delayed,0.9700
theoretical importance delayed,0.9766
meta obvious change,0.9726
skills see,0.9734
data seems,0.9709
kay effects l,0.9710
method ol instruments,0.9736
data make difficult,0.9720
meta including,0.9734
techniques thus excluded,0.9731
theoretical importance,0.9731
general idea,0.9762
targeted required,0.9717
issue reasons,0.9704
designs stressed however,0.9722
recommendation includes,0.9704
meta include many,0.9728
comparison meta,0.9702
qu studies,0.9711
data make,0.9705
issue synth research,0.9707
factor de,0.9761
appendix coding scheme,0.9707
test,0.9727
category separated,0.9762
overall objective,0.9745
choice model,0.9737
inclusion meta see,0.9763
participants might,0.9710
quantitative results form,0.9708
effects showed,0.9712
tasks focused objectives,0.9712
evidence,0.9721
application,0.9765
studies involved hands,0.9704
advantages method,0.9724
ci included zero,0.9711
power assuming,0.9718
concord data entry,0.9704
zero research,0.9704
referred data,0.9724
context definitive,0.9728
participants control,0.9763
coding manual,0.9736
effectiveness call learned,0.9715
results may seem,0.9726
input,0.9728
given theoretical importance,0.9729
attributed differences study,0.9711
applied lin,0.9716
study ultimately feature,0.9739
method making,0.9754
comprehensive view,0.9761
hypothesis,0.9719
control designs stressed,0.9765
may include,0.9707
comparisons differing effect,0.9701
potential counter articulated,0.9734
choice,0.9717
limit approach,0.9831
approaches would,0.9739
difficult assess objective,0.9714
well studies used,0.9746
data needed effect,0.9724
concentrated single design,0.9760
rule thumb,0.9707
translation showed,0.9715
specific purposes,0.9704
treatment often collected,0.9713
across studies may,0.9731
final aspects,0.9724
meta see,0.9725
participants generally meant,0.9736
learning figure within,0.9714
excluded study,0.9717
response,0.9714
study see specific,0.9738
perspective,0.9756
sizes see,0.9737
rules use,0.9778
research therefore included,0.9747
especially via use,0.9705
corp software used,0.9707
bottom processes recommended,0.9740
reports grouped effect,0.9737
used studies included,0.9736
figures consideration involved,0.9743
synonym materials,0.9749
designs yielded,0.9724
visual results,0.9765
different treatment explicit,0.9713
error lips,0.9716
effective using,0.9714
function discussed revealing,0.9754
studies included meta,0.9708
valid studies involved,0.9735
coding sheet,0.9702
linguistic reflex,0.9727
design figure,0.9701
larger data,0.9748
using comparison,0.9757
mono corpus covered,0.9720
difficult assess involved,0.9757
meta corpus use,0.9805
model,0.9791
discourse highlighted,0.9725
conditions give,0.9723
topic specifically,0.9709
data small,0.9747
design mostly relied,0.9701
help comparison pl,0.9763
factors affect ed,0.9724
context may,0.9713
sizes research,0.9793
end scale,0.9722
differing terminology,0.9770
included coding,0.9704
large effects found,0.9707
sufficient data indicated,0.9722
content results focus,0.9737
synthesis answer,0.9760
samples separated,0.9706
ci included,0.9702
interface,0.9751
limit,0.9715
techniques involved effect,0.9774
cases managed,0.9754
type,0.9711
participants functioned,0.9706
ti categories,0.9716
johns approach typically,0.9732
category allowed,0.9764
rules,0.9708
effects see,0.9708
category allowed us,0.9710
appropriate data three,0.9740
critical evaluation,0.9722
area need,0.9723
notably terms,0.9733
meta include,0.9727
learners used,0.9720
indicators restricting,0.9760
system,0.9758
system gave,0.9736
case principle,0.9787
data figure,0.9742
pattern including,0.9753
grouping mini,0.9725
techniques involved,0.9764
designs sat combined,0.9711
reflect pl research,0.9728
analyzed clear table,0.9713
research synth applied,0.9705
comparison pl,0.9760
large effects showed,0.9712
speakers,0.9702
therefore included,0.9713
needed input flood,0.9714
programs use,0.9733
theoretical unlikely affect,0.9707
important component study,0.9783
major factor,0.9715
rule thumb suggested,0.9736
appendix summary,0.9709
response options gave,0.9753
evidence importance,0.9780
responses,0.9743
depended design,0.9712
designs translation might,0.9721
confidence limit approach,0.9732
thus prediction,0.9707
program tended,0.9720
response constrained,0.9717
results offset many,0.9701
also compared,0.9710
choice model largely,0.9743
although large effects,0.9711
method data,0.9703
course related di,0.9706
sizes ce studies,0.9735
treatment di,0.9718
principles cobb allows,0.9710
data hands paper,0.9721
researchers offered,0.9706
designs involving,0.9758
however choice model,0.9804
vary could used,0.9712
designs give,0.9739
including fuzzy nature,0.9718
designs lower,0.9748
given analyses used,0.9803
model several,0.9718
criterion instruments used,0.9746
typically data,0.9742
effective claim supported,0.9710
consideration involved,0.9725
design may presented,0.9714
model allowed,0.9760
studies overall constrained,0.9706
seemingly relevant title,0.9714
theoretical perspective,0.9745
depended design pp,0.9763
dd work noted,0.9707
course leaves,0.9710
within prep control,0.9713
tempting group involved,0.9735
used designs,0.9718
references studies included,0.9713
inclusion criteria,0.9760
calculations,0.9726
ie control experimental,0.9709
table studies included,0.9713
visual di,0.9702
finding skills see,0.9710
strong claims use,0.9737
size criteria,0.9743
bias,0.9721
data,0.9753
including learning using,0.9714
approaches result,0.9785
control group description,0.9784
analysis show whether,0.9701
noted fifth studies,0.9731
teaching use di,0.9711
testing,0.9705
according coded variables,0.9727
random model several,0.9707
sizes based five,0.9747
analyses used,0.9823
included reports grouped,0.9712
samples lower,0.9700
thus maintaining,0.9703
evidence involvement load,0.9716
sizes studies,0.9733
results visual,0.9714
results alternatives,0.9708
basic formula,0.9717
indicators,0.9716
phase study,0.9704
results visual di,0.9716
category,0.9738
category particular,0.9706
recommendation,0.9721
comparison,0.9701
terminology,0.9719
potential draw broad,0.9705
second category,0.9726
research findings,0.9704
description criteria,0.9766
response options,0.9728
data entry,0.9713
data case,0.9700
criteria inclusion,0.9703
guidance,0.9711
reduced conform criteria,0.9704
use specific situ,0.9700
sponsored language,0.9709
criteria,0.9746
due inclusion criteria,0.9783
applied criteria,0.9755
se second category,0.9726
comparison group former,0.9707
method,0.9707
excluded criterion,0.9759
usage di course,0.9709
usage di,0.9701
general idea,0.9719
distinctions,0.9708
factor de,0.9726
category separated,0.9768
overall objective,0.9725
application,0.9753
preliminary summary similar,0.9708
final aspects,0.9701
excluded study,0.9710
rules use,0.9710
visual results,0.9705
multiple choice,0.9704
valid studies involved,0.9712
model,0.9705
differing terminology,0.9714
type,0.9704
category allowed,0.9759
system,0.9708
selected,0.9718
model several,0.9704
inclusion criteria,0.9763
candidate papers,0.9754
size criteria,0.9713
noted fifth studies,0.9708
results visual,0.9701
learning used,0.9722
lap use learning,0.9712
learning using,0.9722
meta learning,0.9841
data learning,0.9819
visible learning,0.9701
tied learning,0.9706
effects learning,0.9723
grange data learning,0.9749
known data learning,0.9708
choice model,0.9811
lap use learning,0.9711
context data learning,0.9715
empirical data learning,0.9748
meta data learning,0.9827
meta learning,0.9733
methodology learning,0.9703
meta learning,0.9733
