Word,Similarity
learning task,1.0000
data whereas,0.9705
task,0.9709
model minimum,0.9719
based di,0.9721
clarity,0.9721
models,0.9742
expertise,0.9733
classification,1.0000
phase,0.9702
analyzed,0.9709
prominence,0.9733
gap,0.9707
model,0.9760
com core step,0.9706
choice,0.9764
requirement,0.9703
tuning,0.9728
core step,0.9708
type,0.9710
conclusion,0.9713
data du step,0.9721
processing,0.9724
important effective developed,0.9705
characteristics,0.9757
research used,0.9748
specific,0.9720
based,0.9711
models combined,0.9709
model selection,0.9707
skill,0.9707
efforts using,0.9738
system,0.9731
domain need,0.9745
model give,0.9709
important,0.9712
core,0.9722
data whereas,0.9740
task,0.9732
scientist uses agile,0.9702
method,0.9793
tool,0.9715
utilizing,0.9730
model minimum,0.9776
framework,0.9755
based di,0.9717
clarity,0.9726
particular,0.9707
selection tre,0.9741
models,0.9707
validation,0.9739
structured,0.9766
expertise,0.9715
productivity,0.9747
empirical,0.9751
natural,0.9713
inference,0.9787
suitable,0.9746
methods,0.9794
phase,0.9749
tuning research used,0.9716
analyzed,0.9764
analysis,0.9723
process,0.9719
cycle,0.9724
prominence,0.9747
approach,0.9710
understanding,0.9711
opt bay genetic,0.9739
diverse,0.9721
model,0.9710
knowledge related,0.9712
scientist uses,0.9718
useful,0.9749
predictions,0.9718
tolerance,0.9731
regression,1.0000
applicable deep,0.9726
settings,0.9755
demand,0.9708
using,0.9718
requirement,0.9742
tuning,0.9731
suitable respective,0.9717
interacting,0.9739
application wit,0.9750
crucial continuous,0.9729
type,0.9749
experiment,0.9701
task ml,0.9710
al propose model,0.9734
initial,0.9701
data du step,0.9711
survey,0.9702
neural,0.9757
processing,0.9798
automated,0.9730
important effective developed,0.9719
application,0.9766
tab approach,0.9727
automated neural,0.9736
lit,0.9725
characteristics,0.9718
techniques,0.9762
problem wi,0.9709
concept known,0.9709
research used,0.9724
size,0.9700
definitions,0.9740
tune,0.9714
problems,0.9714
crucial,0.9753
using fit,0.9703
dense,0.9733
specific,0.9773
meta,0.9766
problem,0.9702
compare,0.9728
based,0.9740
models combined,0.9706
hyper,0.9739
model selection,0.9766
require,0.9728
efforts using,0.9702
selection chao,0.9723
model selection tre,0.9735
system,0.9714
ml approach,0.9742
sometimes data,0.9705
technological,0.9725
model give,0.9737
algorithm sk,0.9741
utilizing iv,0.9704
training,0.9706
meta knowledge,1.0000
data cat features,0.9710
model meta,0.9711
meta learning train,0.9706
meta learning,1.0000
process learning,0.9825
domain learning,0.9812
abstract learning,0.9740
approach developed,0.9704
method,0.9768
normal ml approach,0.9762
selection model,0.9727
using fit method,0.9704
manual efforts,0.9709
identified need auto,0.9719
approach updates,0.9711
model based approach,0.9727
methodology used,0.9708
fear used model,0.9710
ml approach used,0.9711
application,0.9700
optimization based show,0.9711
tab approach,0.9725
task firm,0.9720
quality model,0.9759
accuracy method,0.9770
model selection,0.9755
data benefits,0.9728
learning method,0.9803
tasks based trial,0.9748
prep model give,0.9712
ml approach,0.9738
based approach,0.9781
process step,0.9701
meta knowledge,0.9718
selection model,0.9722
meta learning approach,0.9737
data prep model,0.9700
quality model,0.9747
learning method,0.9710
meta learning,0.9744
learning method fast,0.9710
learning method,0.9875
systems,0.9719
techniques used result,0.9700
crucial task domain,0.9700
data whereas,0.9755
data cat,0.9740
data,0.9753
scientist uses agile,0.9728
method,0.9789
among data promises,0.9710
database,0.9726
data observe metal,0.9742
characteristics auto,0.9715
used data cat,0.9719
table characteristics,0.9718
normal ml approach,0.9792
related features,0.9720
selection model,0.9799
model minimum,0.9808
framework,0.9765
based di,0.9734
clarity,0.9710
using fit method,0.9723
selection tre,0.9702
models,0.9730
safety consists,0.9709
learning paper,0.9726
important features get,0.9713
manual efforts,0.9709
identified need auto,0.9732
network used,0.9701
za manual work,0.9705
model ist different,0.9704
skill applicable deep,0.9703
model code,0.9733
model gives,0.9702
techniques used,0.9716
data bull,0.9701
genetic grid,0.9710
expertise paper,0.9722
classification,0.9741
methods,0.9773
learning used,0.9725
tuning research used,0.9751
model last,0.9723
specific task need,0.9708
domain need definitions,0.9703
additional parameters shows,0.9702
knowledge system,0.9712
analysis techniques used,0.9739
model,0.9791
data well,0.9710
knowledge related,0.9727
scientist uses,0.9719
different data,0.9728
research domain model,0.9726
predictions,0.9751
task minimum,0.9700
com core step,0.9704
choice,0.9717
model genera,0.9747
model known,0.9723
regression,0.9715
tasks result analyzed,0.9715
applicable deep,0.9714
requirement,0.9737
tasks use,0.9758
fear used model,0.9777
among data,0.9706
application wit,0.9703
type,0.9711
conclusion,0.9711
task ml,0.9762
features get,0.9709
ci data whereas,0.9733
al propose model,0.9844
result models,0.9730
requirement ml,0.9713
data du step,0.9786
effective developed tools,0.9721
based trial,0.9705
ml approach used,0.9748
data du,0.9731
processing,0.9709
important effective developed,0.9736
application,0.9765
optimization based show,0.9783
tab approach,0.9791
automated neural,0.9715
tr tool selecting,0.9739
learning train model,0.9750
characteristics,0.9751
techniques,0.9739
problem wi,0.9714
pro model,0.9702
concept known,0.9720
research used,0.9772
definitions,0.9710
size data observe,0.9730
fig model,0.9720
crucial task int,0.9704
data describes,0.9790
task firm,0.9708
quality model,0.9788
additional parameters,0.9703
models combined,0.9746
prep model,0.9744
data scientist uses,0.9734
parameters efficiently involve,0.9708
past tasks help,0.9712
classification tab,0.9726
accuracy method,0.9709
ji systems,0.9755
model selection,0.9820
efforts using,0.9721
methods used,0.9726
data benefits,0.9773
lot data,0.9714
selection chao,0.9713
model selection tre,0.9780
table characteristics auto,0.9774
data lc,0.9704
metal require,0.9718
fig model selection,0.9786
learning method,0.9713
tasks based trial,0.9812
system,0.9758
domain need,0.9749
prep model give,0.9792
n experiments feature,0.9718
fe fig model,0.9814
ml approach,0.9845
areas like,0.9704
sometimes data,0.9738
result models combined,0.9777
model give,0.9796
algorithm sk,0.9759
based approach,0.9767
process step,0.9708
data contains,0.9735
method,0.9707
database,0.9710
model minimum,0.9708
selection tre,0.9716
classification,0.9750
model,0.9705
requirement,0.9705
type,0.9704
al propose model,0.9703
application,0.9753
characteristics,0.9710
classification tab,0.9722
model selection,0.9741
fig model selection,0.9709
system,0.9708
fe fig model,0.9725
metal supervised learning,0.9702
meta learning,0.9841
auto deep learning,0.9746
learning used,0.9722
process learning,0.9871
selection model training,0.9709
domain learning,0.9810
supervised learning,0.9726
abstract learning,0.9711
selection model,0.9769
data prep model,0.9802
model selection model,0.9813
quality model,0.9778
machine learning task,0.9763
learning task,0.9708
meta learning,0.9733
gradient meta learning,0.9775
domain learning,0.9714
meta learning,0.9733
selection model,0.9729
model selection model,0.9709
