Word,Similarity
subject,0.9709
however pointing ti,0.9700
addressing,0.9701
typically review,0.9702
data include,0.9717
qui survey deep,0.9726
key survival,0.9701
power,0.9723
delivery,0.9702
models,0.9742
classifications cited,0.9712
detection liz,0.9719
methods analyzing reviewed,0.9725
tasks regard,0.9722
task outline specific,0.9725
selection deep,0.9721
conclusions,0.9712
module,0.9702
comparison,0.9779
phase,0.9702
classification addressing,0.9752
applications discuss,0.9702
recognition largely,0.9701
using research,0.9763
especially large,0.9704
methods explain,0.9712
ability,0.9706
task,0.9709
based deep,0.9701
signatures,0.9736
dia using,0.9703
routine due,0.9722
identifying,0.9714
gaps,0.9712
task outline,0.9734
vertical sk,0.9704
segment consuming,0.9711
survey contrast,0.9738
requirements,0.9741
detection son,0.9706
directions,0.9711
classification,1.0000
like survey cited,0.9703
tuning,0.9728
data pseudonym,0.9710
functional,0.9752
classification tan,0.9758
testing,0.9720
nod using research,0.9713
grounded results covered,0.9739
concerns due,0.9706
data consisting,0.9710
choice,0.9764
performance due,0.9747
ability providing,0.9709
namely humans,0.9704
processing,0.9724
using gan improved,0.9701
leverage,0.9704
classification nod using,0.9768
influence,0.9730
craft require,0.9706
reasons,0.9722
classifications,0.9827
even applications,0.9712
competitions interpreted care,0.9772
collection young,0.9709
classification class,0.9792
type,0.9710
comparison deep,0.9734
directions decision,0.9716
coding,0.9744
systems ne however,0.9709
overview understand,0.9715
recognition competition,0.9705
gen reasons increase,0.9707
gan performance,0.9733
classify,0.9730
even collecting,0.9702
computational discussed provide,0.9705
typically,0.9702
protein introduce basics,0.9709
belief,0.9723
particular research,0.9723
survey k,0.9721
overall model,0.9719
classification ee,0.9822
issue largely,0.9702
orders,0.9712
including information,0.9707
conditions,0.9754
classification full,0.9703
ee classification addressing,0.9745
recovery,0.9719
kim survey deep,0.9717
system,0.9731
grading,0.9729
resulted review,0.9736
survey selected,0.9727
according search strategy,0.9711
perspective,0.9721
task requires,0.9714
learning aided decision,0.9719
research interpret explain,0.9717
model selection,0.9707
along vein research,0.9718
models using,0.9718
small renal discuss,0.9707
including review,0.9722
within volume po,0.9705
led comparison deep,0.9714
comprehensive survey rag,0.9701
model finally,0.9708
model,0.9760
data based,0.9706
conclusion,0.9713
al classification,0.9773
characteristics,0.9757
traditional vitro lack,0.9727
discipline,0.9727
system large,0.9702
bias,0.9723
usage reasons,0.9718
directions treatment,0.9712
integration shave,0.9708
deep dec learning,0.9706
detection discuss remaining,0.9711
deep unnamed methods,0.9702
gap,0.9707
particularly field,0.9706
considerations,0.9730
using data,0.9714
data regards deep,0.9710
connections,0.9713
efforts topic,0.9724
therefore using research,0.9735
pattern,0.9725
regulation,0.9747
expertise,0.9733
difficulties,0.9706
survey dia,0.9716
gaps investigated within,0.9701
segment using,0.9736
database divide,0.9720
nod using,0.9714
specific,0.9720
based,0.9711
survey su,0.9710
patch strategy,0.9700
analyzed,0.9709
approaches tried,0.9736
weaknesses,0.9708
data also involved,0.9703
survey rag,0.9717
data require,0.9711
zen,0.9705
subject,0.9760
basics,0.9726
vary,0.9752
insights,0.9709
addressing,0.9752
based data mu,0.9708
based physiological,0.9709
magnetic,0.9718
topic amount,0.9715
corporate,0.9715
autism,0.9769
umbrella term,0.9711
accordance,0.9729
integrated,0.9716
expert used,0.9706
prevalence,0.9718
data suffer,0.9707
lab,0.9714
using,0.9718
adoption,0.9702
standardization,0.9740
automated,0.9730
via neural,0.9706
decision,0.9717
den based deep,0.9705
diagnostic,0.9707
methods facilitate,0.9755
claims,0.9701
forensic,0.9711
therefore standardization,0.9716
rule,0.9740
standard,0.9735
status academia,0.9701
approval,0.9715
logical,0.9726
routine,0.9728
data combining,0.9746
optic,0.9717
era deep,0.9704
synthetic,0.9750
delivery,0.9767
models,0.9707
traditional vitro,0.9717
pan,0.9727
scale,0.9712
inherently,0.9713
practically apply,0.9703
vanishing,0.9710
fold,0.9751
indicators,0.9739
parts cal,0.9701
frequent,0.9706
methods analyzing reviewed,0.9723
characterized,0.9715
cluster main,0.9708
however want,0.9707
sequencing de,0.9706
methods additionally,0.9744
selection deep,0.9762
discussing,0.9708
survey,0.9702
data dei,0.9737
purposes,0.9706
requiring,0.9733
peripheral named,0.9719
characterization pro,0.9713
slide,0.9738
methods focus,0.9731
diabetes,0.9715
applications based physiological,0.9703
practice,0.9713
slice,0.9714
assisted methods char,0.9724
using data ra,0.9720
module,0.9760
bio named,0.9707
due prediction,0.9719
tragic,0.9705
poses,0.9708
tradition,0.9749
vascular,0.9721
integration already,0.9718
significant,0.9708
comparison,0.9816
phase,0.9749
classification addressing,0.9750
multiple,0.9713
fuzzy,0.9728
diversion,0.9732
research therefore,0.9710
coherent,0.9733
kirby,0.9708
useful,0.9749
capture,0.9703
initial,0.9701
research computed,0.9704
furthermore,0.9701
indicator,0.9715
abstract high,0.9718
using research,0.9713
tailored,0.9715
aspect tha diagnosis,0.9727
modeled,0.9745
argument,0.9711
treating,0.9706
particularly medical,0.9709
pulmonary nod di,0.9701
minimal,0.9707
techniques automated,0.9708
task,0.9732
methods ter,0.9770
suggesting,0.9741
based deep,0.9713
signatures,0.9714
plate,0.9708
empirical,0.9751
qin,0.9736
intention,0.9715
era diagnosis,0.9755
thus relatively,0.9708
specifically con neural,0.9708
im learning,0.9712
applied sensors,0.9723
micro,0.9712
characteristic,0.9725
methods several,0.9730
dia using,0.9724
vertical,0.9731
renal discuss,0.9716
focused,0.9710
experiment,0.9701
grams,0.9712
incorporate,0.9737
identifying,0.9724
gaps,0.9703
vertical sk,0.9717
manpower,0.9707
compare,0.9728
coupled,0.9755
segment consuming,0.9708
survey contrast,0.9739
considered,0.9732
acid,0.9761
methods pulmonary,0.9754
methods survey,0.9767
fusion,0.9739
focuses,0.9702
presenting,0.9719
intervention,0.9727
mistakes,0.9744
survey extracted,0.9723
directions,0.9714
certain,0.9732
general disc,0.9723
based natural,0.9705
affect,0.9746
divide,0.9737
termed,0.9753
predictions,0.9718
techniques imaging,0.9722
poly,0.9718
gao,0.9705
input,0.9716
resulting,0.9707
methods discuss,0.9731
tuning,0.9731
vitro,0.9716
expectations,0.9719
derived,0.9719
accidents,0.9720
furthermore structure,0.9701
methods deep,0.9733
thereby technical,0.9707
bio ti,0.9717
arguably,0.9759
functional,0.9785
answers,0.9707
testing,0.9763
therapy,0.9710
models sci,0.9711
hyper,0.9739
boundary,0.9711
discussion,0.9704
point integrated,0.9705
structural,0.9775
therapeutic,0.9769
particularly,0.9703
techniques could,0.9726
vessel,0.9744
approaches like,0.9712
dual,0.9724
types specifically,0.9732
specific ee,0.9704
analysis explain,0.9729
particular,0.9707
data consisting,0.9709
expert,0.9727
analysis ce however,0.9715
prediction,0.9808
anomaly,0.9749
retrieval jun,0.9705
methods including,0.9721
interest,0.9730
focus,0.9740
cycle,0.9724
alter,0.9710
interpreted care,0.9730
processing,0.9798
delay,0.9707
namely disease,0.9721
situation step,0.9706
based naive,0.9714
em pulmonary,0.9723
binding,0.9759
organic,0.9700
leverage,0.9769
sy,0.9717
scan,0.9754
influence,0.9709
phase systematic,0.9725
suggestions,0.9732
depending,0.9728
methods hand,0.9731
tri,0.9720
advantages,0.9720
automatic pulmonary,0.9701
treatment eye,0.9711
certain conducting,0.9751
classifications,0.9781
cy measurement,0.9745
even applications,0.9710
structured,0.9766
momentum,0.9736
hemisphere,0.9722
borrowing,0.9726
due survey,0.9706
difficult,0.9709
system di,0.9769
te using,0.9702
supervision,0.9727
cardiac mu,0.9714
rec approaches like,0.9732
type,0.9749
comparison deep,0.9769
techniques focus,0.9735
methods wide,0.9746
prevalent,0.9703
mn analysis explain,0.9750
methods additionally deep,0.9729
labeled,0.9759
data semi,0.9729
mat extracted,0.9733
wire,0.9718
thread,0.9723
response,0.9741
require,0.9728
coding,0.9793
systems ne however,0.9712
interests,0.9721
bio lan,0.9732
validation,0.9739
spec specific ee,0.9711
methods like,0.9717
classic,0.9710
methods,0.9794
solution,0.9740
classify,0.9775
like analysis medical,0.9716
process,0.9719
approach,0.9710
dependent,0.9760
setup,0.9754
facilitate,0.9725
settings,0.9755
demand,0.9708
paradigm,0.9754
drug,0.9708
outlined,0.9712
way making testing,0.9703
fused,0.9737
data smaller,0.9713
decision pulmonary,0.9743
predicting,0.9774
interaction drug,0.9700
balanced medical,0.9739
reveal,0.9714
problem,0.9702
resonance,0.9718
limiting,0.9755
integration,0.9721
like analysis,0.9725
proper,0.9716
typically,0.9705
academia,0.9711
necessity,0.9718
methods tack,0.9716
protein introduce basics,0.9716
belief,0.9715
inclusion,0.9707
particular research,0.9722
understanding,0.9711
properly,0.9720
imaging,0.9774
topology,0.9721
enrichment,0.9766
contrast,0.9753
removing,0.9731
yielding,0.9709
intensive,0.9739
behavior,0.9766
independently,0.9753
truths,0.9712
bio ta optic,0.9705
sci mar use,0.9723
survey k,0.9723
heading,0.9730
methods continually,0.9751
specifically cite,0.9705
therefore learning,0.9715
corresponding,0.9714
translation deep,0.9731
applications surveyed,0.9714
data labeling,0.9729
project,0.9737
conditions,0.9714
residual,0.9764
like alzheimer,0.9701
methods well,0.9717
largest,0.9705
inference,0.9787
poly unfortunately ex,0.9709
involving,0.9712
rely,0.9709
diverse,0.9721
usage,0.9720
data mu,0.9719
movement,0.9751
concepts,0.9761
reinforcement,0.9727
tis methods,0.9769
ee classification addressing,0.9728
application,0.9766
screening,0.9785
toxic,0.9707
recovery,0.9780
techniques,0.9762
operating,0.9702
dense,0.9733
push research,0.9728
consideration,0.9731
system,0.9714
origin,0.9725
grading,0.9769
simulation,0.9750
crucial ri,0.9705
core,0.9722
cid,0.9704
enabled,0.9716
memory,0.9722
mach,0.9705
analyze,0.9748
data sleep,0.9731
op diagnosis radio,0.9701
model kn,0.9709
perspective,0.9766
like medical,0.9701
interpretation,0.9723
deliver,0.9708
semantic,0.9805
cap,0.9716
functions need,0.9705
lit,0.9725
learning aided decision,0.9708
tests,0.9732
proved,0.9716
horizon,0.9712
approach ng,0.9758
size,0.9700
research interpret explain,0.9734
model selection,0.9766
portable,0.9747
retrieval,0.9759
chen application deep,0.9749
rare path answer,0.9717
generation,0.9730
labeling,0.9769
thermal,0.9758
aspect,0.9724
along vein research,0.9731
mechanisms,0.9804
overcome,0.9707
analysis authors,0.9738
contrast medical,0.9750
combining,0.9738
reporting,0.9705
analysis,0.9723
specialized,0.9739
nod diagnosis,0.9701
flex,0.9718
energy,0.9705
models ann,0.9724
models using,0.9731
risky,0.9714
sentiment,0.9714
data bench,0.9717
data ml,0.9740
precise,0.9720
survey meta,0.9702
treatment,0.9705
dimensional,0.9783
reaction,0.9724
native,0.9716
immune,0.9739
quantitative results neural,0.9715
semi learning,0.9761
recognition pro,0.9706
crucial,0.9753
tumor,0.9738
constraints,0.9766
operation,0.9725
patterns,0.9746
acute,0.9733
deep neural,0.9743
techniques lit,0.9747
di fold,0.9740
training,0.9706
categorized,0.9754
important,0.9712
large volume scans,0.9705
technique link,0.9714
sophisticated terms,0.9705
peripheral,0.9749
balanced,0.9734
volume using,0.9719
neo,0.9723
si predictions,0.9738
encoded,0.9701
implementations,0.9715
voodoo,0.9706
pneumonia,0.9758
model,0.9710
data based,0.9739
integration clinical,0.9739
sensitivity,0.9727
characteristics,0.9718
traditional vitro lack,0.9711
com applied prediction,0.9767
derived lid,0.9712
system large,0.9711
bias,0.9780
arch utilized toxicity,0.9732
compared,0.9725
analyzing,0.9721
kite,0.9737
multi,0.9774
marker,0.9720
mechanism,0.9777
stimulation,0.9711
prefer,0.9717
directions treatment,0.9710
integration shave,0.9744
methods amin,0.9728
theories,0.9758
als deep,0.9759
requires,0.9727
however include,0.9710
dimensions,0.9730
gan generation ad,0.9709
routinely,0.9723
bio ta,0.9731
gan manner methods,0.9737
application deep,0.9710
overlooked,0.9718
particularly field,0.9715
data gan,0.9725
regression,1.0000
importance,0.9708
methods covered,0.9707
pro terms standardization,0.9710
transfer,0.9737
considerations,0.9736
neural,0.9757
facial,0.9740
optimal incorporate,0.9711
sophisticated,0.9718
genetics,0.9735
device,0.9735
transparent,0.9760
cardiac,0.9753
extraction,0.9750
suggested,0.9718
definitions,0.9740
problems,0.9714
spectrum,0.9736
relatively,0.9704
connections,0.9735
efforts topic,0.9744
fundamental,0.9742
meta,0.9766
oriented,0.9762
data necessity,0.9761
tri application,0.9700
poly unfortunately,0.9700
pattern,0.9783
licence,0.9701
data het explain,0.9711
outlines,0.9735
context,0.9710
models quantitative,0.9705
rules,0.9719
outline,0.9738
methods massive,0.9730
pseudonym,0.9706
tool,0.9715
connected,0.9702
restrict,0.9758
cure,0.9740
model mechanism,0.9744
tackled,0.9716
expertise,0.9715
natural,0.9713
difficulties,0.9754
theoretically,0.9733
survey dia,0.9711
influential,0.9731
monitoring,0.9724
scala,0.9734
branch,0.9721
speeds,0.9723
diagnosis,0.9738
reducing,0.9707
guidelines,0.9766
hyper decided,0.9714
segment using,0.9703
database divide,0.9715
reader,0.9722
cis making,0.9716
automated neural,0.9736
principle,0.9763
methods field,0.9763
specific,0.9773
based,0.9740
processed,0.9706
treatments,0.9736
cutting,0.9773
prediction using,0.9724
data empirical,0.9724
tradition computer,0.9703
survey su,0.9711
radiation,0.9743
proto,0.9722
patch strategy,0.9763
fixed,0.9705
method,0.9793
transformations,0.9725
utilizing,0.9730
framework,0.9755
analysis referenced,0.9732
dissemination,0.9735
grounds,0.9728
surgical,0.9710
initiative lid,0.9709
also spread,0.9718
importance al multiple,0.9703
scans,0.9731
analyzed,0.9764
methods including image,0.9713
spreading,0.9710
commonly,0.9730
alphabet,0.9750
techniques cannot,0.9703
quantitative,0.9735
weaknesses,0.9725
pulmonary,0.9737
methods utilized,0.9725
price,0.9740
interpreted,0.9716
lid investigations explain,0.9730
multi data majority,0.9706
importance al,0.9710
scales,0.9754
novelty,0.9727
dec learning,0.9730
behavioral,0.9731
stroke,0.9732
nonetheless discipline,0.9704
sequence,0.9712
capability,0.9705
determination,0.9705
highlighting,0.9733
measurement,0.9807
summarized,0.9736
domain knowledge,0.9718
structural knowledge,0.9718
data learning,0.9768
multi learning,0.9757
network learning,0.9773
learning deep neural,0.9705
data deep learning,0.9731
systems learning,0.9777
meta multi learning,0.9711
gradient learning,0.9790
deep learning learning,0.9727
based learning,0.9701
image learning,0.9742
transfer learning,0.9757
umbrella term,0.9719
therapy strategy,0.9747
patch strategy easily,0.9755
sensitivity specific,0.9707
detection key performance,0.9709
method new,0.9710
assisted methods char,0.9701
based model,0.9773
understand based methods,0.9713
techniques automated,0.9705
strategy include,0.9703
applied sensors,0.9727
patient dei using,0.9720
method pattern,0.9735
price automatic approach,0.9776
methods survey,0.9719
expert opinion,0.9716
future directions decision,0.9721
potential bias,0.9707
specific formulation,0.9731
bias guidelines,0.9725
recognition utilized objective,0.9725
system di,0.9701
generation methodology,0.9784
directions decision,0.9729
classification test,0.9719
deep learning method,0.9703
dia system,0.9725
diagnosis using,0.9735
methods focus path,0.9724
framework techniques,0.9713
methods survey focus,0.9704
application,0.9700
method new although,0.9710
assisted methods,0.9701
data action,0.9736
case control,0.9722
general mind,0.9718
data sleep,0.9707
recommend system,0.9707
learning aided decision,0.9741
based technique,0.9718
specific path,0.9709
model selection,0.9755
performance model,0.9793
addressed methodology,0.9733
fixed problem,0.9701
area option,0.9700
technique link,0.9744
automatic approach con,0.9707
directions decision pulmonary,0.9708
methodology generation,0.9701
data based,0.9711
approval characteristics,0.9735
data model,0.9722
used detection lung,0.9716
general mind employ,0.9711
explicit research,0.9700
learning method,0.9803
survey focus,0.9721
performance based,0.9732
model mechanism,0.9800
compact summary,0.9708
prediction using,0.9738
patch strategy,0.9756
method,0.9768
outcome response,0.9746
based approaches,0.9720
methods utilized,0.9702
automatic approach,0.9712
determination procedure reveal,0.9733
focus methods,0.9769
domain knowledge,1.0000
structural knowledge,0.9784
subjective model,0.9714
deep learning method,0.9809
dec learning models,0.9701
taxon based model,0.9705
learning method,0.9710
deep learning framework,0.9700
multi deep learning,0.9728
data deep learning,0.9715
deep learning learning,0.9733
understand based methods,0.9716
deep learning method,1.0000
learning method,0.9875
applications based technique,0.9737
focus methods,0.9724
techniques provide,0.9739
data lung,0.9754
subject,0.9721
approaches results presented,0.9718
bench focus,0.9701
supplied key microscopy,0.9727
overview concepts,0.9742
based data mu,0.9705
based physiological,0.9712
used detect based,0.9703
im data,0.9720
topic amount,0.9744
ta methods,0.9705
recommendations,0.9710
umbrella term,0.9796
con models,0.9703
ing statement feasibility,0.9707
expert used,0.9717
typically review,0.9724
different data,0.9728
methods drive,0.9727
data suffer,0.9773
ing implementations,0.9715
data suggesting,0.9701
data different,0.9706
analysis hence ali,0.9705
standardization,0.9706
based methods data,0.9728
applications classify j,0.9742
techniques provide taxonomic,0.9722
rule set,0.9710
additional data aug,0.9753
diagnosis novel,0.9725
den based deep,0.9708
data include,0.9763
data suffers,0.9729
qui survey deep,0.9711
methods facilitate,0.9776
therefore standardization,0.9736
methods used,0.9726
key survival,0.9708
tasks discuss,0.9711
sensitivity specific,0.9728
techniques sign results,0.9770
methods view,0.9744
key fluent research,0.9730
data combining,0.9794
data suffers research,0.9734
field compared traditional,0.9730
topic wider,0.9723
models,0.9730
including brain inter,0.9701
clinical ground,0.9726
classifications cited,0.9741
main network fields,0.9721
successful data,0.9710
indicators,0.9774
implementations neural,0.9716
detection key performance,0.9768
listing corresponds,0.9747
sequential interpret lack,0.9705
methods analyzing reviewed,0.9770
furthermore gp,0.9705
cluster main,0.9739
tasks regard,0.9739
methods additionally,0.9755
task outline specific,0.9736
selection deep,0.9732
pro mari data,0.9731
data dei,0.9782
man applied sensors,0.9700
different data derived,0.9728
specifically automatic distinction,0.9719
peripheral named,0.9701
application plays,0.9737
conclusions,0.9717
methods focus,0.9763
also suggested,0.9719
applications based physiological,0.9747
context feng,0.9737
definitions dia,0.9732
sci data based,0.9745
applications main,0.9748
data scar,0.9709
assisted methods char,0.9756
using data ra,0.9752
module,0.9742
complexity include expert,0.9727
computational approach ka,0.9741
based model,0.9813
signals bi several,0.9717
venues explicitly prefer,0.9740
translated tasks medical,0.9719
data make,0.9705
key performance indicators,0.9705
using areas,0.9742
integration already,0.9710
data input,0.9724
comparison,0.9756
classification addressing,0.9751
uniform data,0.9794
applications discuss,0.9700
applications requiring entire,0.9721
basel methods impact,0.9727
outline specific formulation,0.9757
complete data provide,0.9701
additionally deep,0.9701
abstract high,0.9706
understand based methods,0.9706
presented methods view,0.9780
using research,0.9752
tha diagnosis using,0.9721
methods explain,0.9725
aspect tha diagnosis,0.9719
model im,0.9708
review shows,0.9702
algorithms however,0.9735
classic data,0.9710
particularly medical,0.9733
directions rounded,0.9700
pulmonary nod di,0.9711
computational automated feature,0.9761
applications requiring,0.9742
techniques automated,0.9734
fig network,0.9705
methods ter,0.9773
data usually highly,0.9717
based deep,0.9711
resulting health,0.9702
system di seen,0.9721
imaging implementation,0.9713
efforts beforehand mentioned,0.9704
era diagnosis,0.9724
overview deep,0.9735
applied sensors,0.9788
methods several,0.9762
resource initiative,0.9715
tom data,0.9738
data brief,0.9776
des available research,0.9707
methods ni,0.9717
patient dei using,0.9744
studies compare dl,0.9719
db automated feature,0.9725
data furthermore depict,0.9737
listing implemented,0.9728
task outline,0.9731
learning field resulted,0.9747
method pattern,0.9752
vertical sk,0.9701
om including,0.9713
purposes requires,0.9731
knowledge dl requires,0.9711
data low,0.9736
manually generally,0.9701
survey contrast,0.9753
data standardized,0.9729
price automatic approach,0.9743
methods pulmonary,0.9737
capability roi,0.9726
ann data,0.9702
specific characteristics,0.9749
applications ex review,0.9706
computational approach,0.9715
methods survey,0.9800
data,0.9753
requirements,0.9762
li survey deep,0.9703
multi data scar,0.9734
roi methods,0.9714
application field,0.9743
classification,0.9741
general disc,0.9704
like survey cited,0.9715
predictions,0.9751
techniques imaging,0.9701
based methods,0.9706
input,0.9728
methods discuss,0.9774
data pseudonym,0.9734
important conclusions agree,0.9702
computational require,0.9734
furthermore structure,0.9720
methods deep,0.9719
thereby technical,0.9729
bio ti,0.9712
data provide,0.9778
functional,0.9761
classification tan,0.9724
testing,0.9705
word including review,0.9704
large data,0.9736
therapy,0.9701
classification training using,0.9727
future directions decision,0.9728
point integrated,0.9707
scar general framework,0.9726
grounded results covered,0.9737
techniques could,0.9742
vessel,0.9723
approaches like,0.9704
screening black,0.9704
types specifically,0.9731
potential bias,0.9721
di summary several,0.9729
analysis explain,0.9702
specific formulation,0.9750
data consisting,0.9765
images require,0.9735
review model,0.9744
utilized healthcare,0.9751
end solutions,0.9727
bias guidelines,0.9745
analysis ce however,0.9742
models using electronic,0.9731
methods including,0.9776
common data,0.9701
gaps investigated,0.9717
outcome prediction,0.9709
choice,0.9717
data collected,0.9710
coherent large discussed,0.9705
applications cl,0.9712
organized follows,0.9702
interpreted care,0.9725
systematic meta provides,0.9775
nod detection pe,0.9705
applications cl cover,0.9716
dl models abbreviation,0.9712
processing,0.9709
system g lit,0.9708
directions ti,0.9734
data majority,0.9736
situation step,0.9726
proposed reviews,0.9705
sit also suggested,0.9710
key clusters deep,0.9700
medical data require,0.9732
implementation,0.9733
based naive,0.9708
sir multi data,0.9745
using large scale,0.9743
surveys divided,0.9703
small data,0.9755
classification nod using,0.9786
target features,0.9722
complexity include,0.9706
level sensitivity specific,0.9714
suggestions,0.9714
healthcare need explain,0.9705
methods hand,0.9772
treatment eye,0.9727
classifications,0.9804
gi implementations,0.9730
cy measurement,0.9716
data integrate,0.9735
common data lung,0.9780
methods facilitate us,0.9750
data routinely collected,0.9708
competitions interpreted care,0.9765
overview field,0.9732
objective performance,0.9700
specific aspects,0.9729
bio table methods,0.9701
review relate survey,0.9712
based overall architecture,0.9700
manually generally labels,0.9726
thus practical applications,0.9728
database found,0.9719
approaches already suggested,0.9736
recognition utilized objective,0.9716
methods covered individual,0.9700
system di,0.9778
data lu,0.9744
supervision,0.9707
classification class,0.9771
implementation face,0.9731
im research,0.9707
review shows affect,0.9739
vis image understand,0.9716
rec approaches like,0.9737
type,0.9711
comparison deep,0.9736
depending addressed methodology,0.9750
techniques focus,0.9752
methods wide,0.9764
research focused using,0.9706
mn analysis explain,0.9805
methods additionally deep,0.9763
data semi,0.9782
features generated require,0.9718
research outline,0.9708
response,0.9714
used detection,0.9706
within community ri,0.9718
db techniques could,0.9727
generation methodology,0.9814
directions decision,0.9773
systems ne however,0.9756
te classification authors,0.9707
classification addressing several,0.9759
overview understand,0.9730
classification test,0.9793
recognition competition,0.9717
indicators used,0.9711
algorithms rely,0.9721
spec specific ee,0.9701
overview adhere,0.9710
methods like,0.9713
pre high data,0.9710
methods,0.9773
microscopy posed lifelong,0.9719
surveys use medical,0.9709
classification segment ethical,0.9774
de network,0.9703
treatments via,0.9708
application areas,0.9757
common overview,0.9751
including image,0.9747
al segment multi,0.9701
authors specifically cite,0.9705
important data,0.9701
data smaller,0.9749
using un data,0.9727
decision pulmonary,0.9703
predicting,0.9704
algorithms automatic pulmonary,0.9741
interaction drug,0.9728
balanced medical,0.9728
meta summarized,0.9756
integration,0.9706
analyzed public,0.9727
overview concepts survey,0.9774
data sv,0.9701
computational discussed provide,0.9765
performance vary,0.9700
data labels,0.9739
analysis techniques cannot,0.9701
methods tack,0.9708
according potential solutions,0.9717
protein introduce basics,0.9712
due prediction uncertainty,0.9736
dia system,0.9781
comparisons models,0.9820
particular research,0.9740
times testing,0.9729
diagnosis using,0.9724
methods focus path,0.9766
data recent,0.9728
system p,0.9701
mechanism visual,0.9706
objective,0.9700
sci mar use,0.9706
survey k,0.9717
overall model,0.9787
methods continually,0.9737
specifically cite,0.9708
framework techniques,0.9774
translation deep,0.9739
db constructed features,0.9734
applications surveyed,0.9704
overall opt,0.9711
het data include,0.9787
classification ee,0.9752
mechanism visual pattern,0.9767
methods survey focus,0.9742
data labeling,0.9819
including medical image,0.9718
mit techniques,0.9715
systems,0.9719
including information,0.9708
database,0.9726
data aug ti,0.9719
conditions,0.9767
methods well,0.9720
research directions,0.9743
prediction therapeutic,0.9705
practice limited,0.9711
ec data,0.9746
databases implementation face,0.9741
implementations use,0.9718
review state ic,0.9711
inherent data,0.9763
usage,0.9739
suffers research,0.9741
data mu,0.9737
data work,0.9759
overview detailed manual,0.9710
administrative proposed,0.9728
lack interpret models,0.9747
model mechanism visual,0.9724
venues make medical,0.9711
demographics dia,0.9778
tis methods,0.9767
using ct,0.9703
ee classification addressing,0.9798
deep eh survey,0.9722
ing methods hand,0.9710
application,0.9765
patients face,0.9703
using machine,0.9713
optimal precise,0.9721
techniques,0.9739
thereby identifying,0.9701
low interpret develop,0.9711
push research,0.9719
data action,0.9737
qu survey deep,0.9715
data needed identify,0.9735
interactions crucial ri,0.9756
case control,0.9756
general mind,0.9745
protocols,0.9712
kim survey deep,0.9714
system,0.9758
data model mechanism,0.9737
larger data,0.9748
resulted review,0.9737
ideal scenarios,0.9734
data om including,0.9770
computed tom ang,0.9703
data medical,0.9705
models based deep,0.9743
data lack,0.9719
main application domains,0.9705
data include robust,0.9733
data sleep,0.9781
certain tasks machine,0.9704
models abbreviation,0.9717
according search strategy,0.9764
model kn,0.9712
perspective,0.9756
well strategies,0.9710
task requires,0.9736
semantic,0.9724
data classification,0.9759
functions need,0.9753
data require use,0.9791
methods programs,0.9701
commonly need,0.9713
cnn require,0.9703
learning aided decision,0.9782
tests,0.9703
approach ng,0.9736
employed models mobile,0.9714
feature craft require,0.9714
em survey,0.9711
images contain,0.9747
research interpret explain,0.9745
key role contradictory,0.9763
data identify,0.9779
specific path,0.9746
model selection,0.9820
performance model,0.9875
chen application deep,0.9757
data field,0.9702
data cardiac,0.9743
existing data make,0.9705
based methods facilitate,0.9726
addressed methodology,0.9796
strategy called,0.9747
mechanisms,0.9710
features using,0.9711
data must,0.9754
publications want example,0.9722
data volume,0.9757
analysis authors,0.9735
structure len,0.9750
using research community,0.9727
search term deep,0.9703
fluent research,0.9702
strong grounded results,0.9701
contrast medical,0.9721
data volume use,0.9761
framework regard,0.9779
truths methods drive,0.9725
directions describe,0.9747
interactions crucial,0.9705
models using,0.9830
data bench,0.9752
data ro,0.9746
small renal discuss,0.9704
fixed problem,0.9740
data ml,0.9809
survey meta,0.9715
treatment,0.9706
data front,0.9720
approaches results,0.9727
indicator impact,0.9725
area option,0.9710
presented focus len,0.9733
research focused,0.9706
ne classic data,0.9739
quantitative results neural,0.9785
di summary,0.9720
search strategy already,0.9702
overall model topology,0.9749
constraints,0.9704
classification general,0.9710
systems available focus,0.9717
framework regard performances,0.9753
including review,0.9732
large data lu,0.9724
techniques lit,0.9755
data interpret lack,0.9713
overview basic,0.9745
technique link,0.9774
data brain,0.9726
volume using,0.9786
publication wanted include,0.9750
comprehensive survey rag,0.9714
model finally,0.9739
evidence,0.9721
spat data,0.9784
directions decision pulmonary,0.9725
si predictions,0.9769
standard methods including,0.9739
applications still,0.9702
ec research,0.9755
methodology generation,0.9744
model,0.9791
data requirements,0.9701
data type,0.9805
different areas,0.9716
learning experts claim,0.9739
data based,0.9808
conclusion,0.9711
integration clinical,0.9737
approval characteristics,0.9776
key medical image,0.9704
data model,0.9847
early particular research,0.9715
field employed models,0.9782
characteristics,0.9751
traditional vitro lack,0.9729
used detection lung,0.9753
com applied prediction,0.9769
derived lid,0.9710
system large,0.9731
bias,0.9721
usage reasons,0.9769
hyper data,0.9725
methods impact,0.9714
partner,0.9707
combining data,0.9715
directions treatment,0.9750
integration shave,0.9752
methods amin,0.9716
data regards,0.9716
predictions drug,0.9784
systems dia,0.9721
performance vary cost,0.9707
however include,0.9703
system h,0.9732
detection discuss remaining,0.9705
test,0.9727
deep unnamed methods,0.9726
analysis shows,0.9763
bio ta,0.9701
including review survey,0.9713
use diagnosis,0.9707
including medical,0.9719
successful data must,0.9739
particularly field,0.9717
h la comprehensive,0.9710
data gan,0.9752
general mind employ,0.9714
regression,0.9715
trend field many,0.9712
methods covered,0.9767
ec measures,0.9730
large data data,0.9768
overview current deep,0.9718
personal therefore using,0.9709
therefore standardization data,0.9726
ro imaging,0.9705
using data,0.9791
survey provides,0.9756
device,0.9711
applied data,0.9754
underlying methods,0.9776
including brain,0.9749
definitions,0.9710
area head like,0.9707
data regards deep,0.9755
connections,0.9727
efforts topic,0.9710
therefore using research,0.9740
using time diagnosis,0.9722
data necessity,0.9778
tri application,0.9746
general brain,0.9705
specific data,0.9724
pattern,0.9718
data het explain,0.9720
including information pa,0.9724
learning method,0.9713
context,0.9746
regulation,0.9749
models quantitative,0.9741
rules,0.9708
usage deep,0.9718
methods massive,0.9734
methods utilized deep,0.9721
data means,0.9718
methods general mind,0.9726
survey focus,0.9754
si tested,0.9708
performance based,0.9770
model mechanism,0.9872
small data others,0.9740
overview understand based,0.9778
theoretically,0.9702
search term,0.9712
survey dia,0.9708
data aug medical,0.9706
architecture used,0.9719
additional data,0.9737
methods explain ai,0.9745
coming surveyed studies,0.9717
obtained data represent,0.9732
ee classification tasks,0.9744
gaps investigated within,0.9708
commonly need di,0.9724
guidelines,0.9747
segment using,0.9758
data represent,0.9736
automated neural,0.9715
principle,0.9731
medical sub lie,0.9705
methods field,0.9798
techniques could research,0.9715
data furthermore,0.9734
compact summary,0.9719
building coherent large,0.9714
prediction using,0.9808
resulted review survey,0.9735
research boundaries result,0.9774
system g,0.9726
data empirical,0.9782
survey su,0.9710
wu survey deep,0.9723
presented methods face,0.9752
roi methods explain,0.9749
patch strategy,0.9805
learning jan,0.9708
mari data,0.9743
using ion,0.9706
method,0.9789
framework,0.9765
analysis referenced,0.9759
applied drug,0.9706
initiative lid,0.9712
methods including image,0.9737
approaches tried,0.9706
vein research,0.9715
techniques cannot,0.9750
outcome response,0.9720
based approaches,0.9736
methods utilized,0.9753
data systematic,0.9745
data tang,0.9719
furthermore specific data,0.9716
determination procedure reveal,0.9743
multi data majority,0.9721
single data however,0.9720
relevant require large,0.9711
categorized outlines studies,0.9747
outline advantages,0.9743
data also involved,0.9752
measurement,0.9729
summarized,0.9707
focus methods,0.9765
data require,0.9743
topic amount,0.9713
umbrella term,0.9712
key survival,0.9704
indicators,0.9716
cluster main,0.9728
selected,0.9718
comparison,0.9701
specific characteristics,0.9735
requirements,0.9723
application field,0.9703
classification,0.9750
general disc,0.9705
functional,0.9703
classification tan,0.9704
types specifically,0.9706
specific formulation,0.9705
suggestions,0.9705
classifications,0.9775
competitions interpreted care,0.9724
overview field,0.9711
system di,0.9705
classification class,0.9775
type,0.9704
directions decision,0.9725
classification test,0.9733
recognition competition,0.9757
classification segment ethical,0.9743
application areas,0.9716
common overview,0.9710
dia system,0.9705
particular research,0.9712
automatically lead,0.9705
distinction,0.9707
overall model,0.9710
classification ee,0.9752
database,0.9710
research directions,0.9703
recent classification,0.9726
application,0.9753
case control,0.9703
system,0.9708
key role contradictory,0.9712
model selection,0.9741
performance model,0.9714
area option,0.9727
di summary,0.9707
classification general,0.9712
special focus,0.9700
several categories,0.9717
publication wanted include,0.9720
model,0.9705
data type,0.9730
al classification,0.9740
approval characteristics,0.9756
characteristics,0.9710
directions treatment,0.9702
restricted rule,0.9701
competition,0.9720
tri application,0.9733
regulation,0.9723
survey focus,0.9703
model mechanism,0.9777
guidelines,0.9720
system g,0.9704
patch strategy,0.9714
method,0.9707
data learning,0.9819
multi deep learning,0.9715
multi learning,0.9773
deep multi learning,0.9725
systems learning,0.9787
general deep learning,0.9719
gradient learning,0.9797
deep learning scoring,0.9716
principle deep learning,0.9726
extreme learning,0.9733
deep learning learning,0.9702
usage deep learning,0.9719
class im learning,0.9700
learning using,0.9722
based deep learning,0.9718
subjective model,0.9712
data model mechanism,0.9713
data transparent model,0.9729
network learning,0.9760
data deep learning,0.9793
information deep learning,0.9709
meta multi learning,0.9830
based learning,0.9801
transfer learning,0.9722
image learning,0.9727
subjective model,0.9715
data comparisons models,0.9703
