Word,Similarity
data learning task,0.9700
learning task,1.0000
characteristics make,0.9708
classification recently,0.9769
subject,0.9709
special seen methods,0.9737
model oliveira h,0.9716
directions,0.9711
classification,1.0000
model,0.9760
permits models average,0.9703
tuning,0.9728
conclusion,0.9713
al classification,0.9773
characteristics,0.9757
classification model,0.9741
category,0.9777
testing,0.9720
area reviewing,0.9745
evidence variety,0.9708
context using,0.9730
procedures weasel,0.9702
including fusion,0.9710
posed classification,0.9866
classification label,0.9729
orders,0.9712
based type outer,0.9728
models,0.9742
popularity within fusion,0.9725
methods based,0.9720
h conference machine,0.9701
adapted task se,0.9706
specifically task,0.9707
gap,0.9707
model oliveira,0.9713
using vision,0.9737
functions lead,0.9701
processing,0.9724
experiments novel approach,0.9703
guidance,0.9728
labels resort,0.9743
limit,0.9728
connections,0.9713
leverage,0.9704
pattern,0.9725
labor particularly requiring,0.9710
system,0.9731
kn comprehensive analysis,0.9723
influence,0.9730
methods head,0.9727
orders allow,0.9716
segments,0.9706
module,0.9702
reasons,0.9722
classifications,0.9827
methods responsible,0.9705
methods could adapted,0.9700
enhanced problem,0.9748
comparison,0.9779
phase,0.9702
model reducing,0.9736
model inner,0.9715
perspective,0.9721
collapsed authors introduce,0.9710
task aiming alleviate,0.9722
task showed,0.9719
deep ml taxonomy,0.9715
methods could,0.9702
type,0.9710
segment using,0.9736
data need,0.9710
models discuss,0.9712
models step,0.9705
specific,0.9720
data split,0.9713
based,0.9711
survey ti,0.9712
fig metal procedures,0.9723
priority,0.9758
section classification,0.9720
certain comb,0.9728
tasks combined,0.9733
task,0.9709
methods would,0.9715
based deep,0.9701
adaptations model,0.9708
utilizing nicholas,0.9700
da coupling anatomical,0.9711
investigation showed,0.9710
labels train ridge,0.9701
classify,0.9730
models using,0.9718
allowing survey,0.9717
including weak,0.9706
model alternating,0.9738
yet bay methods,0.9710
samples using,0.9701
system using,0.9727
problem reliance,0.9715
models using vision,0.9707
module opted,0.9739
distance,0.9712
advantage,0.9712
sets comprised image,0.9712
directly,0.9718
characteristics make,0.9713
classification recently,0.9721
important,0.9712
subject,0.9760
special seen methods,0.9738
encoding,0.9757
vis context,0.9701
assessed,0.9728
costly,0.9737
fusion,0.9739
focuses,0.9702
ann category,0.9726
methods starting,0.9742
insights,0.9709
obvious,0.9711
differentiate,0.9742
directions,0.9714
methods checked,0.9714
al focus methods,0.9728
certain,0.9732
task commonly,0.9712
inclusion,0.9707
als extracted,0.9722
corporate,0.9715
understanding,0.9711
contrasting,0.9750
integrated,0.9716
sampling,0.9746
affect,0.9746
divide,0.9737
model,0.9710
lever,0.9737
methods heavily,0.9753
permits models average,0.9725
properly,0.9720
imaging,0.9774
case proto,0.9711
adaptations,0.9718
gao,0.9705
input,0.9716
methods propose,0.9709
contrast,0.9753
resulting,0.9707
using,0.9718
integrated neural,0.9708
tuning,0.9731
setting,0.9718
allowing,0.9746
malik,0.9705
derived,0.9719
automated,0.9730
methods deep,0.9733
truths,0.9712
leverage su,0.9711
methods fusion,0.9757
characteristics,0.9718
classification model,0.9715
pens,0.9719
constrained,0.9744
lobe metal,0.9703
combined using,0.9713
fast research,0.9714
category,0.9753
testing,0.9763
step medical,0.9701
semantic segment difficult,0.9726
strategies combined,0.9721
similar addition meta,0.9716
compared,0.9725
evidence variety,0.9709
corresponding,0.9714
multi,0.9774
ic imaging,0.9712
mechanism,0.9777
deep ml adapted,0.9700
hyper,0.9739
context using,0.9721
procedures weasel,0.9706
discussion,0.9704
including fusion,0.9728
inversion,0.9753
methods proto,0.9769
survey semi hari,0.9704
particularly,0.9703
posed classification,0.9757
rake,0.9722
batch,0.9702
deep transfer,0.9734
data leverage,0.9734
bay methods,0.9751
classification label,0.9704
extend,0.9711
si tutor,0.9700
modules,0.9740
requires,0.9727
residual,0.9764
methods ca,0.9709
based type outer,0.9702
proposal,0.9717
lobe,0.9718
dimensions,0.9730
models,0.9707
methods deep ml,0.9709
methods weighted,0.9722
survey metal,0.9717
pan,0.9727
evidence tendencies,0.9722
activation,0.9733
expert,0.9727
inference,0.9787
prediction,0.9808
methods based,0.9715
layers used,0.9710
model multiple,0.9732
flexible,0.9744
large data split,0.9715
methods including,0.9721
interest,0.9730
nodes,0.9701
focus,0.9740
cycle,0.9724
rely,0.9709
specifically task,0.9713
era nature,0.9702
ml taxonomy,0.9716
procedures,0.9731
characterized,0.9715
methods ram,0.9724
layers responsible,0.9707
model oliveira,0.9720
using vision,0.9703
regression,1.0000
importance,0.9708
concepts,0.9761
reinforcement,0.9727
functions lead,0.9716
transfer,0.9737
vis semantic,0.9710
phase idea,0.9713
regimes,0.9763
survey,0.9702
method specific,0.9727
neural,0.9757
processing,0.9798
neighbor,0.9701
sophisticated,0.9718
application,0.9766
screening,0.9785
general contrast,0.9738
doll,0.9720
similarity,0.9746
guidance,0.9744
methods including segment,0.9707
techniques,0.9762
definitions,0.9740
limit,0.9739
based basic,0.9704
operating,0.9702
problems,0.9714
methods extreme,0.9754
al role artificial,0.9718
gerais,0.9712
connections,0.9735
dense,0.9733
requiring,0.9733
closed solutions,0.9759
meta,0.9766
data lin,0.9747
leverage,0.9769
pattern,0.9783
sy,0.9717
r survey semi,0.9707
sensor,0.9742
methods ti,0.9728
system,0.9714
context,0.9710
influence,0.9709
tar,0.9721
coco,0.9720
methods head,0.9762
tri,0.9720
descent,0.9731
module,0.9760
simultaneous,0.9704
memory,0.9722
classifications,0.9781
methods extract said,0.9740
methods responsible,0.9723
tool,0.9715
connected,0.9702
neural lin,0.9708
task nature,0.9740
mach,0.9705
frame,0.9702
particularly requiring,0.9705
tackled,0.9716
momentum,0.9736
novelty module,0.9716
faulty,0.9710
analysis might related,0.9704
methods work,0.9728
significant,0.9708
case proto approaches,0.9716
comparison,0.9816
suitable,0.9746
phase,0.9749
model reducing,0.9780
multiple,0.9713
model inner,0.9761
perspective,0.9766
like medical,0.9701
opt enforcing,0.9700
scala,0.9734
consequently based approach,0.9710
alignment cv,0.9726
gaining tr expensive,0.9703
branch,0.9721
fuzzy,0.9728
data multi,0.9733
kirby,0.9708
difficult,0.9709
leverage multi,0.9728
semantic,0.9805
principles,0.9728
weighted,0.9760
ref learning,0.9719
fusion approach,0.9730
diagnosis,0.9738
pixels,0.9720
methods cat,0.9723
howard,0.9702
supervision,0.9727
coupling,0.9795
remedy,0.9715
deep ml taxonomy,0.9756
reducing,0.9707
properties,0.9730
methods could,0.9716
comparable,0.9719
type,0.9749
segment using,0.9703
process cesar,0.9770
initial,0.9701
prevalent,0.9703
embedded,0.9767
models discuss,0.9733
lit,0.9725
principle,0.9763
models step,0.9732
labeled,0.9759
consolidated,0.9738
horizon,0.9712
size,0.9700
methods use,0.9706
fusion methods based,0.9719
basis,0.9776
refined,0.9755
problem recent,0.9755
imperfect,0.9712
model experimentation,0.9714
pseudo,0.9712
response,0.9741
specific,0.9773
data split,0.9725
based,0.9740
processed,0.9706
require,0.9728
portable,0.9747
priority,0.9729
coupled contrast,0.9733
gradient method specific,0.9707
methods extract,0.9744
labeling,0.9769
selective cross,0.9742
certain comb,0.9758
proto,0.9722
aspect,0.9724
fixed,0.9705
mechanisms,0.9804
methods addition,0.9722
concepts authors,0.9733
task,0.9732
interests,0.9721
overcome,0.9707
method,0.9793
refining,0.9737
based deep,0.9713
utilizing,0.9730
methods se,0.9712
framework,0.9755
experimentation,0.9749
bas,0.9722
productivity,0.9747
method adapt,0.9712
utilizing nicholas,0.9732
subdivision,0.9748
predicted,0.9713
al proposes method,0.9703
methods like,0.9717
methods attention,0.9718
split,0.9712
simultaneously using,0.9727
conference model case,0.9716
methods,0.9794
solution,0.9740
analysis,0.9723
classify,0.9775
literature propose cat,0.9700
framework including multitude,0.9705
process,0.9719
commonly,0.9730
dependence,0.9742
specialized,0.9739
approach,0.9710
al model meta,0.9716
models using,0.9731
dependent,0.9760
specialist,0.9723
shallow methods starting,0.9713
analyses,0.9721
methods consistent,0.9718
basic fusion,0.9701
vector masked,0.9715
characteristic,0.9725
methods mostly,0.9725
settings,0.9755
allowing survey,0.9708
investigation,0.9721
paradigm,0.9754
limitation,0.9726
diversified,0.9700
crafted,0.9719
model alternating,0.9766
em use,0.9708
yet bay methods,0.9704
often converge,0.9709
suitable sparse,0.9715
transform,0.9777
broad use,0.9701
tackle,0.9713
fused,0.9737
large data like,0.9709
di ones,0.9701
methods flexible,0.9716
samples using,0.9710
novelty,0.9727
system using,0.9728
heath,0.9705
guided length,0.9715
methods seen,0.9705
meta use,0.9724
problem see,0.9718
problem,0.9702
ja deep transfer,0.9725
coupled,0.9755
problems metal,0.9721
constraints,0.9766
stroke,0.9732
operation,0.9725
patterns,0.9746
producing,0.9700
problem reliance,0.9775
promising results using,0.9701
suffer implemented,0.9712
instead class,0.9731
deep neural,0.9743
data like,0.9703
module opted,0.9734
etc distance,0.9709
consequently based,0.9707
distance,0.9723
methods respectively,0.9712
training,0.9706
data meta,0.9738
features ph,0.9723
global features,0.9729
model meta,0.9711
layers features,0.9743
data learning,0.9768
based learning,0.9701
h meta learning,0.9759
meta learning,1.0000
multi learning,0.9757
feature learning,0.9733
image learning,0.9742
transfer learning,0.9757
performance learning,0.9715
process learning,0.9825
learning deep neural,0.9705
self learning,0.9713
prototype learning,0.9798
special seen methods,0.9705
training strategy,0.9713
task dependent,0.9714
methods method adapted,0.9708
conference model,0.9738
task commonly,0.9705
strategy used opt,0.9744
fusion method,0.9754
gradient method weasel,0.9752
classification model,0.9800
model small summary,0.9716
strategies combined,0.9709
training strategy used,0.9762
might include use,0.9712
methods attention mechanism,0.9740
semantic segment using,0.9703
fusion strategies support,0.9706
based approach,0.9781
approaches use support,0.9707
strategy used,0.9801
applied multiplied model,0.9728
general scholar model,0.9734
model proposed,0.9714
opt scenario,0.9728
method specific,0.9743
application,0.9700
guidance,0.9731
closed solutions,0.9705
samples based concept,0.9707
using discussed approaches,0.9710
pro training model,0.9715
methods work,0.9725
model reducing,0.9727
step model,0.9770
consequently based approach,0.9752
gradient use,0.9702
task aiming alleviate,0.9710
fusion approach,0.9729
problem use,0.9770
approaches guide,0.9738
training model,0.9813
data split,0.9713
meta approach,0.9763
basic fusion approach,0.9713
meta use concept,0.9711
gradient method specific,0.9735
model use,0.9756
approach option,0.9819
method,0.9768
adaptations model,0.9714
using expectation approach,0.9718
approaches often employed,0.9701
method adapt,0.9716
based concept,0.9706
approach prior,0.9714
method using,0.9728
gradient method,0.9752
ds alternative concept,0.9716
strategies support,0.9712
broad use,0.9726
methods flexible,0.9700
data used research,0.9709
meta use,0.9741
chosen basis proposals,0.9704
sampled task inner,0.9712
inherent question classify,0.9710
focus methods,0.9769
meta step model,0.9794
step model,0.9717
meta learning,0.9744
deep transfer learning,0.9823
prototype learning,0.9743
training strategy used,0.9717
step model,0.9701
focus methods,0.9724
characteristics make,0.9747
ann data,0.9702
classification recently,0.9763
fusion used,0.9724
subject,0.9721
model hence,0.9732
special seen methods,0.9783
applications areas like,0.9726
data,0.9753
vis context,0.9701
data review,0.9775
current methods heavily,0.9738
ml methods mostly,0.9743
although semantic se,0.9704
methods starting,0.9718
basic principle,0.9707
model oliveira h,0.9749
task dependent,0.9755
model used,0.9764
ml adapted task,0.9741
fig proposed deep,0.9714
evidence,0.9721
ml within,0.9740
methods checked,0.9761
methods method adapted,0.9743
tools use,0.9719
conference model,0.9794
classification,0.9741
al focus methods,0.9752
task commonly,0.9721
ann data related,0.9716
methods scenarios,0.9732
semantic segment metal,0.9701
model enhance,0.9706
nets use,0.9720
temporary models step,0.9715
simple organization literature,0.9702
data small,0.9747
model,0.9791
distance function opted,0.9722
proposals meta,0.9711
closed solve international,0.9706
methods heavily,0.9762
permits models average,0.9809
methods derived,0.9749
based methods,0.9706
input,0.9728
models enforced training,0.9711
framework used,0.9708
methods propose,0.9751
methods proposes,0.9720
permits models,0.9727
framework including,0.9797
settings allowing survey,0.9732
model f,0.9757
conclusion,0.9711
showed benefits require,0.9706
methods deep,0.9719
task aiming,0.9712
sampled data weak,0.9773
specific areas learn,0.9701
objective,0.9700
small overview methods,0.9743
leverage su,0.9711
computed support,0.9713
methods fusion,0.9757
gradient method weasel,0.9779
characteristics,0.9751
hind efficiency scenarios,0.9706
classification model,1.0000
model exposed,0.9741
semantic segment refined,0.9718
lobe metal,0.9700
pro model,0.9702
model small summary,0.9812
category,0.9760
observers tools use,0.9766
ml important step,0.9712
testing,0.9705
ne data stroke,0.9714
two model use,0.9747
large data,0.9736
area reviewing,0.9753
semantic segment difficult,0.9790
category label,0.9706
strategies combined,0.9760
evidence variety,0.9766
presented overview area,0.9715
overview area,0.9729
iso,0.9706
ic imaging,0.9720
training strategy used,0.9706
pixel prototypes used,0.9711
data processed,0.9738
deep ml adapted,0.9712
imperfect data review,0.9727
methods used,0.9726
might include use,0.9749
model fine specific,0.9717
context using,0.9790
methods attention mechanism,0.9749
f following methodology,0.9755
methods derived choices,0.9756
task hand,0.9701
procedures weasel,0.9741
module level,0.9730
including fusion,0.9715
methods proto,0.9757
semantic segment using,0.9778
model attention,0.9717
fusion strategies support,0.9756
based approach,0.9767
observe classification model,0.9877
target data need,0.9759
posed classification,0.9840
multiplied model,0.9751
successful gradient ml,0.9700
data leverage,0.9771
approaches use ph,0.9719
bay methods,0.9743
systems,0.9719
approaches use support,0.9775
classification label,0.9807
specialized model,0.9713
additional methods,0.9766
database,0.9726
multiple specific areas,0.9730
methods ca,0.9735
methods sample,0.9754
sensing two areas,0.9705
cam use,0.9750
based type outer,0.9756
proposal,0.9704
strategy used,0.9754
models,0.9730
methods deep ml,0.9722
research directions,0.9743
methods weighted,0.9734
survey metal,0.9719
methods first predicted,0.9711
evidence tendencies,0.9738
applications areas,0.9729
required support set,0.9712
hence area,0.9704
classification model e,0.9837
branches combined using,0.9720
applied multiplied model,0.9856
based basic principle,0.9729
methods based,0.9748
therefore needed,0.9706
related structures remote,0.9716
layers used,0.9759
model multiple,0.9746
large data split,0.9763
general scholar model,0.9770
model use category,0.9769
methods including,0.9776
model proposed,0.9765
h conference machine,0.9729
data small described,0.9709
theoretical background,0.9726
opted include,0.9727
vis context guiding,0.9712
specifically task,0.9715
segment ml,0.9704
approaches use,0.9713
procedures,0.9722
methods ram,0.9727
methods first,0.9706
model oliveira,0.9728
algorithm however,0.9736
using vision,0.9707
data collected,0.9710
area work,0.9703
regression,0.9715
data work,0.9759
including weak process,0.9703
functions lead,0.9772
ridge reg using,0.9712
organized follows,0.9702
vis data used,0.9737
branch explicitly trained,0.9709
opt scenario,0.9774
data used,0.9722
phase idea,0.9718
pre large data,0.9708
approaches could adapted,0.9719
specific parameter,0.9713
given certain comb,0.9701
method specific,0.9791
proto pan employ,0.9706
processing,0.9709
experiments novel approach,0.9727
imposed semantic segment,0.9718
application,0.9765
methods respectively section,0.9760
parameters primarily chose,0.9719
general contrast,0.9749
guidance,0.9757
learning train model,0.9750
prototypes using,0.9736
techniques,0.9739
labels resort,0.9712
samples use train,0.9721
using gradient descent,0.9722
definitions,0.9710
using query images,0.9730
limit,0.9715
paradigm data,0.9778
derived choices fuse,0.9709
specific areas,0.9729
methods extreme,0.9760
al role artificial,0.9704
connections,0.9727
closed solutions,0.9765
data lin,0.9777
ml within different,0.9750
visual domain,0.9710
pattern,0.9718
r survey semi,0.9738
ic based,0.9708
sensor,0.9705
support samples use,0.9725
methods ti,0.9767
proposed evaluated using,0.9751
international sub model,0.9774
system,0.9758
context,0.9746
methods based basic,0.9705
context ec,0.9724
kn comprehensive analysis,0.9738
areas like,0.9704
larger data,0.9748
samples based concept,0.9744
using discussed approaches,0.9794
multiple data related,0.9741
samples methods propose,0.9728
methods head,0.9787
introduction data,0.9721
also include,0.9709
ml setting,0.9738
models evaluated,0.9755
overview methods,0.9779
sub model,0.9820
tasks sampled outer,0.9775
module,0.9742
classifications,0.9804
methods extract said,0.9748
data related,0.9763
com vis data,0.9736
methods responsible,0.9739
data chen,0.9719
task nature,0.9732
larger data like,0.9700
data medical,0.9705
pro ist model,0.9763
model meta following,0.9717
used label models,0.9742
data lack,0.9719
novelty module,0.9710
methods could adapted,0.9742
require optimization,0.9712
analysis might related,0.9760
pro training model,0.9726
enhanced problem,0.9719
methods work,0.9786
suffer implemented scenarios,0.9727
task cumulative,0.9710
current solutions,0.9744
observed methods tested,0.9719
case proto approaches,0.9710
comparison,0.9756
methods trained,0.9709
model reducing,0.9819
step model,0.9867
model inner,0.9752
often requires tan,0.9701
gradient descent,0.9700
perspective,0.9756
consequently based approach,0.9780
vector used,0.9722
alignment cv,0.9730
methods maintain,0.9750
methods checked proposed,0.9719
concept framework,0.9764
task aiming alleviate,0.9758
additional methods including,0.9763
data multi,0.9721
inputs priority giving,0.9732
leverage multi,0.9726
following methodology,0.9747
semantic,0.9724
fusion approach,0.9785
model using,0.9789
model case network,0.9776
methods cat,0.9739
supervision,0.9707
author leverage multi,0.9707
learning target,0.9723
deep ml taxonomy,0.9737
methods could,0.9721
task se commenting,0.9704
included segment,0.9706
type,0.9711
da methods use,0.9702
segment using,0.9758
process cesar,0.9757
problem described lee,0.9711
vis data,0.9775
data need,0.9775
methods often less,0.9703
problem use,0.9793
models discuss,0.9782
approaches guide,0.9768
current solutions based,0.9710
principle,0.9731
models step,0.9751
weights adaptation propose,0.9706
used label,0.9703
methods use,0.9763
terms included,0.9732
fusion methods based,0.9777
basis,0.9735
problem recent,0.9719
gradient methods attention,0.9742
process suffer implemented,0.9758
training model,0.9871
performance temporary models,0.9763
model experimentation,0.9722
response,0.9714
data ta,0.9753
fusion used ml,0.9729
conference beyond,0.9711
including segment methods,0.9790
function opted use,0.9709
data split,0.9800
gradient methods head,0.9717
meta approach,0.9773
methods called,0.9732
survey ti,0.9729
loop model,0.9763
basic fusion approach,0.9746
fig metal procedures,0.9719
branch uses,0.9707
labels meta phase,0.9713
previous analysis,0.9708
meta use concept,0.9756
gradient method specific,0.9808
model use,0.9830
tasks combined con,0.9725
methods extract,0.9752
task general,0.9730
multiple data leverage,0.9722
data related tar,0.9802
approach option,0.9727
certain comb,0.9715
leverage su fusion,0.9712
tasks combined,0.9742
ri consolidate framework,0.9808
mechanisms,0.9710
methods addition,0.9715
concepts authors,0.9727
opt models,0.9744
methods would,0.9724
method,0.9789
general model exposed,0.9767
lac tad task,0.9704
vector used label,0.9720
based deep,0.9711
additionally du,0.9712
adapted weak supervision,0.9715
methods se,0.9741
adaptations model,0.9818
framework,0.9765
data weak,0.9744
ist model,0.9737
scholar model,0.9743
using expectation approach,0.9765
approaches often employed,0.9729
different ml categories,0.9758
network used,0.9701
method adapt,0.9738
inputs priority,0.9726
guiding head,0.9702
al proposes method,0.9741
methods like,0.9713
small summary taxonomy,0.9762
addresses ph,0.9726
general model,0.9706
conference model case,0.9813
methods,0.9773
format include,0.9732
based concept,0.9746
reliance metric methods,0.9723
literature propose cat,0.9744
gradient methods sample,0.9719
framework including multitude,0.9741
using query prototypes,0.9765
method using,0.9759
benefits require,0.9718
al model meta,0.9774
following methodology metric,0.9749
gradient method,0.9701
models using,0.9830
implemented scenarios,0.9716
shallow methods starting,0.9705
therefore needed general,0.9719
methods consistent,0.9722
vector masked,0.9705
methods mostly,0.9766
classifications head network,0.9717
ds alternative concept,0.9750
strategies support,0.9766
regimes often called,0.9709
allowing survey,0.9732
data split jing,0.9727
model alternating,0.9787
em use,0.9729
broad use,0.9740
context medical,0.9733
large data like,0.9712
methods flexible,0.9743
classification recently adapted,0.9730
samples using,0.9769
models yielded,0.9761
system using,0.9771
data used research,0.9791
including reviewed ml,0.9705
vis version described,0.9701
imaging ru,0.9703
methods seen,0.9733
meta use,0.9767
problem see,0.9782
general novel,0.9703
samples use,0.9768
overview methods weakly,0.9706
chosen basis proposals,0.9705
scholar model comes,0.9726
chosen basis,0.9704
constraints,0.9704
methods head network,0.9760
nec attention model,0.9737
sampled task inner,0.9718
might include,0.9761
problem reliance,0.9762
promising results using,0.9724
problem see area,0.9738
suffer implemented,0.9713
current model,0.9720
reviewed ml within,0.9710
visual result,0.9749
database used,0.9717
enhanced problem semantic,0.9732
inherent question classify,0.9714
models using vision,0.9789
data like,0.9707
module opted,0.9745
opt maintains,0.9714
fc model,0.9738
deployed approaches could,0.9707
methods propose sol,0.9704
focus methods,0.9765
used opt models,0.9754
sets comprised image,0.9747
methods often subject,0.9739
methods respectively,0.9706
classification recently,0.9722
classification,0.9750
model,0.9705
model f,0.9715
al classification,0.9740
characteristics,0.9710
classification model,0.9781
category,0.9738
category label,0.9742
module level,0.9725
posed classification,0.9818
classification label,0.9783
database,0.9710
research directions,0.9703
model use category,0.9721
opt scenario,0.9710
method specific,0.9708
application,0.9753
guidance,0.9711
specific areas,0.9702
selected,0.9718
international sub model,0.9726
system,0.9708
sub model,0.9740
classifications,0.9775
novelty module,0.9726
current solutions,0.9704
comparison,0.9701
included segment,0.9707
type,0.9704
training model,0.9702
conference beyond,0.9709
data related tar,0.9704
method,0.9707
type outer,0.9700
different ml categories,0.9716
small summary taxonomy,0.9705
conference model case,0.9720
major categories,0.9709
problem see,0.9702
general novel,0.9711
chosen basis proposals,0.9708
visual result,0.9722
module opted,0.9733
fc model,0.9705
data learning,0.9819
supervised learning,0.9726
h meta learning,0.9736
meta learning,0.9841
opt learning,0.9752
multi learning,0.9773
segment learning,0.9796
employ learning,0.9707
learning target,0.9702
process learning,0.9871
self learning,0.9717
meta step model,0.9750
step model,0.9700
loop model,0.9719
algorithm model,0.9708
data learning task,0.9870
learning task,0.9708
based learning,0.9801
meta learning,0.9733
p based learning,0.9730
deep transfer learning,0.9782
transfer learning,0.9722
prototype learning,0.9777
feature learning deep,0.9723
visual feature learning,0.9782
meta learning,0.9733
feature learning,1.0000
image learning,0.9727
performance learning,0.9705
conference learning,0.9737
meta step model,0.9793
applied multiplied model,0.9712
step model,0.9700
case network models,0.9706
loop model,0.9716
algorithm model,0.9709
