Word,Similarity
knowledge task,0.9709
learning task,1.0000
examining,0.9738
task suggesting,0.9707
terminology,0.9729
idea using,0.9709
method highs,0.9703
across methodology,0.9704
circumstance small observation,0.9723
issue forgetting,0.9701
issue using,0.9737
recommendation,0.9700
classification task,0.9741
comparison within,0.9726
large data proposed,0.9704
di scale organized,0.9713
due data,0.9751
issue along suggested,0.9708
bias,0.9723
especially large,0.9704
integration monte,0.9710
concerning spec challenge,0.9736
including way,0.9705
category conducted proposed,0.9730
model us prior,0.9731
signature using,0.9718
irs step,0.9705
conclusion,0.9713
particularly learning,0.9725
recognition competition,0.9705
algorithm despite,0.9710
due ability utilize,0.9706
model pathway,0.9703
within hierarchical bay,0.9714
classify,0.9730
model concentrate,0.9705
research addressed issue,0.9715
stat novel,0.9708
condition,0.9700
model incorporating,0.9744
network called,0.9744
module,0.9702
performance due,0.9747
model need,0.9727
illustrates mechanism signifies,0.9753
factor,0.9727
phase,0.9702
comparison,0.9779
proposed comprehend strategy,0.9701
additionally numerical,0.9730
test set,0.9724
requirement,0.9703
despite advancement issue,0.9717
conditioning,0.9716
model leverage,0.9770
model ri,0.9723
advantage metal,0.9712
overall model,0.9719
forgetting result,0.9758
forget intra distribution,0.9703
data containing,0.9715
task suggests,0.9717
data divided overlapping,0.9706
model called,0.9707
task including,0.9711
output across,0.9702
processing,0.9724
goal scale,0.9724
focusing developing,0.9705
model,0.9760
spec requiring method,0.9710
behind diagnostic recommendation,0.9705
comparison leading,0.9709
performance split argued,0.9704
due focus,0.9704
data comprised,0.9706
research addressed,0.9704
fig streamlined work,0.9706
gap,0.9707
classification,1.0000
previous step word,0.9701
data called,0.9718
calculation,0.9750
distance last,0.9736
tackled problem,0.9720
tuning,0.9728
based,0.9711
category lp comprised,0.9742
requiring method disc,0.9701
task directly considering,0.9701
symmetry,0.9719
hierarchical bay,0.9710
class regarding,0.9724
em comparison,0.9743
large data tested,0.9712
system,0.9731
craving large data,0.9719
task incorporating,0.9752
adjustment,0.9736
model considered,0.9717
model termed,0.9737
advantage,0.9712
performance class,0.9713
addressing,0.9701
data novel,0.9734
model able,0.9731
method highs decision,0.9708
model focus,0.9732
limit,0.9728
leverage,0.9704
task figure,0.9733
testing,0.9720
additionally employing model,0.9703
subject single,0.9720
balancing,0.9712
task addressing,0.9704
however practice di,0.9718
application across,0.9747
method disc,0.9729
direct comparison,0.9705
guidance,0.9728
typically,0.9702
information coupled,0.9717
cross performance,0.9734
distance,0.9712
model focusing,0.9754
based proximity,0.9726
category,0.9777
layer extended,0.9712
method broader,0.9703
model inner,0.9715
overview weight,0.9727
spec task scratch,0.9712
model initiated,0.9746
learning across di,0.9712
targeted ones,0.9703
categorized scope metal,0.9711
weighted sentence,0.9721
task following,0.9703
leverage previous,0.9728
ability,0.9706
without requiring training,0.9722
data divided,0.9716
performance across di,0.9711
grouping,0.9782
system metal,0.9719
category accordingly,0.9717
performance across,0.9714
pattern,0.9725
measuring,0.9721
network weight,0.9710
method valuable,0.9712
due complexity,0.9706
overview cutting study,0.9705
pathway,0.9726
category conducted,0.9716
subject,0.9709
model particularly,0.9731
explanation,0.9728
feeding stat prototype,0.9701
scar distinctive feature,0.9703
task,0.9709
culminating classification,0.9756
belief,0.9723
stat novel extension,0.9711
model typical,0.9720
task numerical,0.9751
position,0.9711
semantic,0.9805
paradigm model leverage,0.9717
combination hardest,0.9701
examining,0.9744
hardest,0.9706
prediction metal,0.9737
gel,0.9727
pivotal,0.9733
suitable,0.9746
discussion,0.9704
ep training paradigm,0.9711
theoretically,0.9733
scaling,0.9777
terminology,0.9807
method ranging,0.9746
metal integrating explain,0.9700
consequently enhancement,0.9721
idea using,0.9746
decline,0.9717
capture,0.9703
integration mc,0.9751
method highs,0.9748
method transition,0.9781
opt combining,0.9713
method quite,0.9747
across methodology,0.9705
approach,0.9710
issue forgetting,0.9719
process called,0.9737
limitation,0.9726
extended proto,0.9714
prediction,0.9808
issue using,0.9702
recommendation,0.9744
rule,0.9740
flow,0.9768
comparison within,0.9730
utilizing neural,0.9723
interest,0.9730
transferring,0.9727
survey metal,0.9717
large data proposed,0.9702
critical characteristic,0.9736
encompass,0.9700
di scale organized,0.9722
method generally,0.9709
compare,0.9728
spec requirement,0.9751
model moreover,0.9721
spec read,0.9731
demonstrates,0.9703
opt standard,0.9703
approach address,0.9718
bias,0.9780
importance,0.9708
integration monte,0.9770
tri,0.9720
setting compared,0.9715
data di,0.9734
signature using,0.9706
evaluation bench,0.9730
cf predict label,0.9752
cycle,0.9724
data metal,0.9750
irs step,0.9709
method,0.9793
similarly introduced,0.9700
tune,0.9714
incorporate,0.9737
require,0.9728
examining spec,0.9711
alphabet,0.9750
module basically,0.9718
boundary,0.9711
particularly learning,0.9726
algorithm despite,0.9702
principle,0.9763
connected,0.9702
evident,0.9754
specialized,0.9739
distinctive,0.9731
precision,0.9771
task transfer,0.9717
model pathway,0.9723
like concept activation,0.9700
model able distinguish,0.9715
intuitive,0.9753
symmetrical,0.9750
comparable,0.9719
tool,0.9715
cutting,0.9773
calculation argued,0.9718
empirical,0.9751
classify,0.9775
concept activation,0.9725
delay,0.9707
model concentrate,0.9729
suggesting,0.9741
idea motivated,0.9733
energy,0.9705
accordingly paper,0.9707
model incorporating,0.9767
contrasting,0.9750
substantially,0.9701
predicted,0.9713
requiring,0.9733
multi,0.9774
comparing cutting,0.9710
task incorporating spatial,0.9701
module,0.9760
data necessity,0.9761
investigation,0.9721
module di,0.9723
hyper,0.9739
survey,0.9702
model need,0.9766
phase alleviate di,0.9712
ama res memory,0.9715
transition,0.9810
comparing,0.9738
coupling,0.9795
focused,0.9710
method primarily,0.9752
dimensional,0.9783
factor,0.9740
suggested,0.9718
allowing,0.9746
phase,0.9749
standard,0.9735
comparison,0.9816
novel model learn,0.9701
cutting transform,0.9716
technique suggested,0.9705
using,0.9718
compared,0.9725
varies,0.9721
diagnostic,0.9707
rather content,0.9703
decision additionally employing,0.9709
method metal,0.9711
model diverse,0.9713
method crucial,0.9752
additionally numerical,0.9726
based prediction,0.9740
memory metal,0.9704
capability,0.9705
knowledge related,0.9712
aspect category,0.9726
attributed ability leverage,0.9702
requirement,0.9742
extraction,0.9750
enabling,0.9755
notably uncertainty,0.9713
method called,0.9706
wing explain,0.9707
automated,0.9730
seeking,0.9702
conditioning,0.9747
model leverage,0.9775
model ri,0.9742
performance bench,0.9716
vary,0.9752
biased,0.9763
analysis intent,0.9735
novel extension,0.9730
emphasis,0.9761
transition simple,0.9721
strategy argued,0.9710
forgetting result,0.9725
catastrophic,0.9715
outline,0.9738
suggestion,0.9767
method method broader,0.9736
feature vector late,0.9714
batch,0.9702
instead using,0.9707
crucial,0.9753
label limitation,0.9707
descent,0.9731
core,0.9722
cascade,0.9727
mechanism focus,0.9744
model con,0.9748
instead con layer,0.9718
dime,0.9715
reinforcement,0.9727
visually,0.9701
model called,0.9737
useful multi,0.9711
output across,0.9706
processing,0.9798
vector explain,0.9725
simple word neural,0.9706
problem proto,0.9763
theory used,0.9701
term siam,0.9719
certain,0.9732
large data mini,0.9709
model,0.9710
commonly,0.9730
initial method like,0.9707
combining,0.9738
application,0.9766
mechanism focusing,0.9724
concept employed,0.9739
integrating explain,0.9742
spec requiring method,0.9753
shifting,0.9711
predicted processing,0.9705
utilizing,0.9730
vector utilized,0.9775
distinguish,0.9732
task important,0.9704
method figure,0.9712
initial,0.9701
comparison leading,0.9715
training,0.9706
tame,0.9722
resembles,0.9737
problem,0.9702
setting,0.9718
metal application across,0.9730
weight,0.9702
adaptation domain,0.9702
due focus,0.9714
multiple,0.9713
inaccurate,0.9715
analyze,0.9748
di bird spec,0.9700
instead con,0.9700
research addressed,0.9706
characteristic,0.9725
labeled,0.9759
lower bound,0.9703
technique suggested wherein,0.9711
useful,0.9749
transform,0.9777
problem reviewed,0.9712
algorithm remarkable,0.9716
method like,0.9708
vector instead,0.9720
closest,0.9706
similarity,0.9746
understanding,0.9711
model able detect,0.9700
interfere,0.9704
pattern ku,0.9722
practice,0.9713
analysis,0.9723
categorized,0.9754
data called,0.9719
aspect,0.9724
method comprises,0.9726
characterized,0.9715
calculation,0.9770
qin,0.9736
tuning,0.9731
based,0.9740
mechanism substantially,0.9723
descent iteration believed,0.9702
model un,0.9716
mechanically,0.9713
encoding,0.9757
data combining,0.9746
data valuable,0.9709
approach quite,0.9714
context,0.9710
symmetry,0.9764
data ml,0.9740
hierarchical bay,0.9724
em comparison,0.9778
paradigm model,0.9716
proto threshold,0.9707
instead scala,0.9713
method progress,0.9748
evidenced application complex,0.9728
imitation,0.9726
termed,0.9753
weighted prototype,0.9766
instead individual,0.9714
including gin,0.9710
naming,0.9730
diagnostic metal,0.9713
due focus prediction,0.9726
system,0.9714
extract responsible,0.9700
problem metal,0.9746
based weighted,0.9709
varied,0.9721
mechanism attention,0.9701
mechanism,0.9777
method proto,0.9778
architectural,0.9711
costly,0.9737
em vector utilized,0.9715
framework,0.9755
facilitate,0.9725
spec experience,0.9730
consideration,0.9731
separation,0.9750
method basically,0.9732
adjustment,0.9759
model considered,0.9738
cid,0.9704
data mini,0.9719
model termed,0.9769
minimal,0.9707
experiment,0.9701
model argued,0.9733
addressing,0.9752
method ac,0.9713
data novel,0.9745
novelty,0.9727
basically extract,0.9733
reader,0.9722
model able,0.9714
rus,0.9704
disagreement,0.9744
traditional contrast,0.9713
nu approach,0.9716
module combining,0.9728
model focus,0.9725
directly,0.9718
struggle,0.9716
training paradigm,0.9721
zen,0.9705
streamlined,0.9736
consolidated,0.9738
based normal,0.9735
limit,0.9739
leverage,0.9770
program,0.9703
unrelated,0.9737
comparison siam,0.9711
task figure,0.9725
coupled,0.9755
sampling,0.9746
argument,0.9711
certain method stand,0.9713
basically combining proto,0.9704
employing km cluster,0.9722
due reliance method,0.9705
meta,0.9766
without extensive hyper,0.9700
origin,0.9725
testing,0.9763
cross using,0.9708
important,0.9712
additionally employing model,0.9702
phase called,0.9701
observation,0.9740
small data phase,0.9712
namely meta,0.9718
subject single,0.9722
paradigm balancing,0.9729
utilizing om bench,0.9709
balancing,0.9766
decision,0.9717
transformation,0.9793
showcase,0.9717
retrieve,0.9733
kernel,0.9734
task addressing,0.9704
however practice di,0.9715
multi data valuable,0.9721
split,0.9712
behavior,0.9766
em enhancing,0.9705
depending,0.9728
application across,0.9732
encoded,0.9701
essentially,0.9736
weighted,0.9760
method disc,0.9754
direct comparison,0.9711
instead pre,0.9709
guidance,0.9744
typically,0.9705
bay model meta,0.9707
vision however,0.9715
di subject single,0.9732
gao,0.9705
operation,0.9725
reminiscent,0.9709
information coupled,0.9745
integration metal,0.9719
method crucial el,0.9714
learning paradigm,0.9745
preliminary terminology,0.9720
harness,0.9730
method multi,0.9735
integrating,0.9786
contrast,0.9753
process,0.9719
complementary,0.9778
memory,0.9722
generation,0.9730
insight,0.9762
certain method,0.9720
distance,0.9723
approached,0.9714
particularly,0.9703
model focusing,0.9744
problem principal,0.9719
tailored,0.9715
category,0.9753
incorporating,0.9746
layer extended,0.9727
based euclidean,0.9727
method broader,0.9760
claimed,0.9710
model inner,0.9761
method mini,0.9701
instead initial,0.9714
natural,0.9713
subtle,0.9719
cutting study,0.9705
overlapping,0.9730
access spec,0.9714
spec task,0.9720
pan,0.9727
integration,0.9721
incorporating neural,0.9700
multi cross,0.9710
notably,0.9708
network deter,0.9714
model initiated,0.9743
converting,0.9757
method recent,0.9783
inherently,0.9713
partition,0.9703
spec model,0.9703
throughout optimization,0.9727
considered,0.9732
typically rep,0.9703
conditioned,0.9709
focus,0.9740
model arrive,0.9705
necessity,0.9718
scala,0.9734
input,0.9716
spec extension incorporates,0.9705
spec requiring,0.9714
weighted sentence,0.9732
compressed,0.9739
operating,0.9702
lever,0.9737
size,0.9700
leverage previous,0.9703
connected layer,0.9707
sentiment,0.9714
due complexity cub,0.9727
infancy,0.9712
incorporating meta,0.9748
method spec,0.9782
paradigm,0.9754
neural,0.9757
interpreted,0.9716
information spec,0.9708
mechanism threshold,0.9712
grouping,0.9738
manipulation,0.9702
argument developed,0.9702
system metal,0.9732
demand,0.9708
data task metal,0.9728
performance argued,0.9708
diverse,0.9721
performance across,0.9719
quantitative,0.9735
pattern,0.9783
spec extension,0.9765
activation,0.9733
measuring,0.9738
spectrum,0.9736
metric model compete,0.9711
network weight,0.9747
culminating,0.9704
scar primary,0.9724
aspect rc,0.9727
method valuable,0.9794
approach di,0.9724
due complexity,0.9758
problem di,0.9751
transfer,0.9737
phase model initiated,0.9703
proto,0.9722
suggests,0.9712
movement,0.9751
data soft,0.9719
inner product scale,0.9712
proximity,0.9702
subject,0.9760
sophisticated,0.9718
utilize,0.9766
layer called,0.9705
model particularly,0.9785
explanation,0.9754
feeding stat prototype,0.9719
inference,0.9787
task,0.9732
arguably,0.9759
regression,1.0000
forgetting ieee,0.9710
belief,0.9715
neural erin,0.9731
cycle termed,0.9719
phase word,0.9761
model typical,0.9719
deep neural,0.9743
producing,0.9700
ex component la,0.9722
task numerical,0.9705
method bench,0.9776
pei,0.9706
paradigm meta,0.9731
data like,0.9703
based con recognition,0.9732
stat simple,0.9705
data ci,0.9723
utilizing om,0.9720
tackled,0.9716
vector late,0.9766
mechanism simply,0.9714
tackle,0.9713
incorporating meta meta,0.9705
boost,0.9739
model decision,0.9717
resulting,0.9707
scale,0.9712
model meta,0.9711
class feature,0.9708
feature rc,0.9705
network learning,0.9773
performance name learning,0.9761
large group learning,0.9701
paradigm meta learning,0.9718
transfer learning,0.9757
step learning,0.9712
process learning,0.9825
concept meta learning,0.9843
idea learning,0.9710
data learning,0.9768
concept learning,0.9879
capability learning,0.9799
meta learning,1.0000
multi learning,0.9757
dynamic learning,0.9763
e learning,0.9723
key idea learning,0.9717
parameter learning,0.9767
method learning,0.9784
word learning,0.9710
task learning,0.9801
form learning,0.9748
term learning,0.9706
gradient learning,0.9790
