Word,Similarity
systems previous,0.9728
beyond tasks,0.9703
typically,0.9702
themed,0.9717
belief,0.9723
models explain,0.9701
model,0.9760
systems use,0.9739
grams performance,0.9727
system learned,0.9703
considering problem,0.9709
bias,0.9723
task illustrated figure,0.9716
power,0.9723
examining,0.9738
models,0.9742
judgments,0.9739
systems tub,0.9711
task supposed,0.9732
gap,0.9707
choice,0.9764
performance specific,0.9716
procedures learned,0.9734
processing,0.9724
hierarchical bay,0.9710
judgment,0.9727
leverage,0.9704
system,0.9731
task measured,0.9705
module,0.9702
pro grams performance,0.9740
task suggesting relatively,0.9708
perspective,0.9721
task suggesting,0.9707
options,0.9711
specific,0.9720
explanation,0.9728
based,0.9711
ability,0.9706
task illustrated,0.9713
task,0.9709
classify,0.9730
adaptive decision,0.9725
models using,0.9718
key observation con,0.9712
identifying,0.9714
connection,0.9704
system aims,0.9747
consequently research,0.9703
certain mapping,0.9730
advantage,0.9712
systems previous,0.9705
important,0.9712
typically,0.9705
vary,0.9752
upon rich model,0.9748
concept bounded,0.9750
paradigm mouse paradigm,0.9735
assessed,0.9728
costly,0.9737
ambitious problems using,0.9713
focuses,0.9702
insights,0.9709
themed,0.9717
differentiate,0.9742
belief,0.9715
certain,0.9732
varied,0.9721
effectively,0.9727
models explain,0.9730
model,0.9710
predictions,0.9718
input,0.9716
problem translate,0.9748
contrast,0.9753
resulting,0.9707
using,0.9718
systems use,0.9710
allowing,0.9746
program,0.9703
grams performance,0.9725
behavior,0.9766
independently,0.9753
system learned,0.9743
considering problem,0.9725
constrained,0.9744
decision,0.9717
tune,0.9714
bias,0.9780
components recognize,0.9716
compared,0.9725
corresponding,0.9714
multi,0.9774
limits,0.9746
hyper,0.9739
breakthrough,0.9758
parallels,0.9756
hierarchical bay en,0.9705
rule,0.9740
standard,0.9735
inference may,0.9705
logical,0.9726
data highly,0.9715
modules,0.9740
approximation bay,0.9720
examining,0.9744
particular,0.9707
models,0.9707
ambitious problems,0.9700
systems tub,0.9730
inference,0.9787
potential explain,0.9751
scale,0.9712
interest,0.9730
focus,0.9740
perspective per,0.9714
observation,0.9740
procedures,0.9731
notion,0.9753
problem led notion,0.9706
selection able,0.9711
concepts,0.9761
reinforcement,0.9727
systems closely,0.9721
performance specific,0.9724
transfer,0.9737
survey,0.9702
neural,0.9757
processing,0.9798
application,0.9766
problems,0.9714
hierarchical bay,0.9724
comparing,0.9738
relatively,0.9704
judgment,0.9726
fundamental,0.9742
meta,0.9766
defining,0.9702
leverage,0.9769
using computational,0.9709
system,0.9714
task measured,0.9702
soy,0.9718
cid,0.9704
descent,0.9731
module,0.9760
memory,0.9722
including computational,0.9722
accurately,0.9702
structured,0.9766
natural,0.9713
significant,0.9708
criterion,0.9747
multiple,0.9713
distinctive,0.9731
perspective,0.9766
induction,0.9796
monitoring,0.9724
definition,0.9750
principles,0.9728
closest,0.9706
supervision,0.9727
properties,0.9730
paradigm external,0.9710
capture,0.9703
initial,0.9701
per form many,0.9706
causal,0.9779
plastic,0.9755
labeled,0.9759
refined,0.9755
specific,0.9773
explanation,0.9754
particular gradient approach,0.9709
based,0.9740
control pl,0.9714
require,0.9728
paradox,0.9764
analogy,0.9743
problem approximately,0.9704
aspect,0.9724
fixed,0.9705
definition bench,0.9713
task,0.9732
method,0.9793
suggesting,0.9741
transformations,0.9725
metal implemented,0.9721
extensions,0.9723
consequence,0.9770
framework,0.9755
methods typically,0.9731
meta extensive,0.9702
approach lead,0.9704
resemble,0.9728
classic,0.9710
combining,0.9738
methods,0.9794
solution,0.9740
analysis,0.9723
classify,0.9775
process,0.9719
specialized,0.9739
approach,0.9710
models using,0.9731
risky,0.9714
focused,0.9710
able scale,0.9720
paradigm,0.9754
grams,0.9712
charged,0.9719
problems composed,0.9713
automatic method discovering,0.9704
transform,0.9777
syn learning,0.9715
tackle,0.9713
identifying,0.9724
crucial,0.9753
behavioral,0.9731
update fundamental,0.9725
reveal,0.9714
connection,0.9741
problem,0.9702
problems metal,0.9721
constraints,0.9766
producing,0.9700
sequence,0.9712
highlighting,0.9733
system aims,0.9730
abilities,0.9702
consequently research,0.9754
certain mapping,0.9773
favor cognitive,0.9711
using approach,0.9701
training,0.9706
idea learning,0.9710
single task learning,0.9720
human concept learning,0.9775
meta learning,1.0000
network learning,0.9773
concept learning,0.9879
problem learning,0.9733
modeling learning,0.9730
structure learning,0.9775
task learning,0.9801
parameter learning,0.9767
self learning,0.9713
automatic method,0.9727
strategies decision,0.9727
system learned,0.9709
inference may,0.9710
approach typically focused,0.9710
decision used,0.9760
gradient approach,0.9772
hierarchical bay model,0.9717
components approach,0.9724
required make decision,0.9717
application approach,0.9803
performance specific,0.9702
application,0.9700
key idea system,0.9739
cost associated applying,0.9708
rational resource,0.9727
estimation procedure cid,0.9713
task suggesting relatively,0.9703
system aims leverage,0.9705
particular gradient approach,0.9785
meta approach,0.9763
adaptive strategy,0.9713
method,0.9768
approach lead,0.9754
strategies used,0.9701
adaptive decision,0.9749
approach shown,0.9715
task formulated strategy,0.9750
key observation con,0.9708
ic model,0.9723
intelligent strategy,0.9746
learning ic model,0.9759
meta model,0.9706
meta learning,0.9744
systems previous,0.9726
data,0.9753
upon rich model,0.9811
concept bounded,0.9735
paradigm mouse paradigm,0.9731
pro program,0.9711
literature relate resulting,0.9740
areas highlighting,0.9739
problems involve,0.9704
rich model,0.9768
sciences decision used,0.9750
computational constraints,0.9737
strategies decision,0.9715
multi step decision,0.9729
models explain,0.9781
model,0.9791
predictions,0.9751
input,0.9728
problem translate,0.9706
sci provides,0.9719
op key components,0.9761
potential explain wide,0.9725
model provides,0.9754
systems use,0.9757
framework effective,0.9709
grams performance,0.9724
system learned,0.9752
approximate vo identify,0.9705
considering problem,0.9732
vary based task,0.9702
bias,0.9721
components recognize,0.9700
z computational trade,0.9736
environments need,0.9722
hierarchical bay en,0.9747
cid tasks,0.9731
result systems closely,0.9732
inference may,0.9728
task choices,0.9729
data highly,0.9749
systems,0.9719
focused hierarchical bay,0.9727
particular concept,0.9746
task illustrated figure,0.9740
task varied,0.9721
role definition,0.9714
models,0.9730
task part,0.9737
resources efficient use,0.9706
ambitious problems,0.9708
systems tub,0.9764
decision used,0.9744
gradient approach,0.9768
algorithms guide,0.9768
potential explain,0.9756
hierarchical bay model,0.9875
components approach,0.9753
metal hierarchical,0.9721
using language,0.9712
perspective per,0.9710
required make decision,0.9713
procedures,0.9722
algorithms guide behavior,0.9714
application approach,0.9800
choice,0.9717
systems closely,0.9714
performance specific,0.9791
beyond tasks system,0.9732
procedures learned,0.9703
previous work using,0.9730
data used,0.9722
using optimization,0.9739
processing,0.9709
application,0.9765
key idea system,0.9768
intelligence systems use,0.9709
cost associated applying,0.9732
pro genera models,0.9715
particular adapted,0.9710
using gradient descent,0.9722
using methods,0.9732
bay model learns,0.9703
hierarchical bay,0.9747
computational perspective,0.9752
models able,0.9744
meta model,0.9728
cal rational metal,0.9702
rational resource,0.9730
system,0.9758
environments need perform,0.9727
way formula,0.9701
research supported contract,0.9709
resulting predictions tested,0.9724
research focus,0.9725
task measured,0.9757
research focus solving,0.9759
specific problems,0.9726
module,0.9742
including computational,0.9728
pro grams performance,0.9711
including computational constraints,0.9709
estimation procedure cid,0.9747
task suggesting relatively,0.9734
criterion,0.9752
system aims leverage,0.9755
gradient descent,0.9700
perspective,0.9756
connection provides,0.9718
rational agent assessed,0.9701
data relate,0.9784
framework provides,0.9739
supervision,0.9707
result systems,0.9790
paradigm external,0.9725
metal hierarchical bay,0.9702
bay models explain,0.9756
meta framework,0.9761
people use vary,0.9703
important aspect ai,0.9726
rational con paradigm,0.9719
model h,0.9762
optimal decisions,0.9743
explanation,0.9705
particular gradient approach,0.9833
meta approach,0.9773
resulting ideas,0.9726
problem approximately,0.9701
task general,0.9730
adaptive strategy,0.9745
task illustrated,0.9760
high models neural,0.9715
definition bench,0.9751
method,0.9789
md standard,0.9737
result model,0.9702
consequence,0.9735
md see,0.9706
framework provides us,0.9711
framework,0.9765
methods typically,0.9752
insights modeling,0.9723
metal model,0.9706
approach lead,0.9738
gradient metal hierarchical,0.9701
figure shows reasoning,0.9700
methods,0.9773
hierarchical bay models,0.9823
adaptive decision,0.9792
approach shown,0.9752
models using,0.9830
systems make use,0.9744
final section consider,0.9724
models explain human,0.9709
task formulated strategy,0.9749
models able scale,0.9721
key observation con,0.9776
griffiths strategy,0.9702
automatic method discovering,0.9707
adaptive planning,0.9709
research focused,0.9706
ic model,0.9823
task expressed terms,0.9805
systems capable solving,0.9702
constraints,0.9704
systems demonstrate kind,0.9710
strategies algorithms guide,0.9728
system trained,0.9737
system aims,0.9781
consequently research,0.9738
environment defined criterion,0.9739
rational metal,0.9709
certain mapping,0.9756
using approach,0.9711
pro program,0.9726
areas highlighting,0.9701
model,0.9705
reward captures,0.9705
particular concept,0.9732
hierarchical bay model,0.9703
performance specific,0.9702
application,0.9753
key idea system,0.9713
system,0.9708
research focus solving,0.9737
particular gradient approach,0.9709
method,0.9707
key observation con,0.9720
idea learning,0.9703
supervised learning,0.9726
model learning,0.9819
single task learning,0.9810
meta learning,0.9841
active learning,0.9720
concept learning,0.9811
equivalent learning,0.9807
task learning,0.9866
parameter learning,0.9774
large learning,0.9768
self learning,0.9717
meta model,0.9760
meta learning,0.9733
network learning,0.9760
structure learning,0.9717
meta learning,0.9733
concept learning,0.9714
conference learning,0.9737
rational meta model,0.9703
meta model,0.9711
networks result model,0.9726
optimization model,0.9709
