Word,Similarity
knowledge task,0.9709
programs aiming near,0.9731
habits,0.9704
wisdom intervention,0.9702
task expected,0.9718
category achieve,0.9742
bias,0.9723
regulation,0.9747
aspect studying,0.9716
ability,0.9706
procedures catch,0.9745
within consensus referred,0.9700
tests required,0.9716
task picked,0.9730
targeting,0.9702
doubts suit performance,0.9718
effective multiple,0.9718
identifying,0.9714
periods course,0.9724
connections,0.9713
characteristics,0.9757
analyzed,0.9709
classification fe,0.9727
specific,0.9720
models involved,0.9762
typically,0.9702
rather performance,0.9712
studies included meta,0.9713
guidance,0.9728
finding could caused,0.9707
interface,0.9704
walker use,0.9725
model readily,0.9710
precursor effective strategy,0.9731
sk close inspection,0.9700
including study,0.9720
bow suggested reason,0.9701
testing,0.9720
modification,0.9710
homework,0.9703
program aimed,0.9719
pattern,0.9725
system,0.9731
instructions,0.9708
subject,0.9709
procedures without,0.9718
involving use,0.9700
type,0.9710
micro particular study,0.9732
interventions figure,0.9732
interventions second find,0.9705
criteria including study,0.9732
particular intervention,0.9711
def particular mathematics,0.9709
knowledge required,0.9713
style,0.9725
conclusions,0.9712
typical innovations,0.9709
model,0.9760
requiring rot learning,0.9705
power taxonomy purposes,0.9702
characteristics program,0.9712
feedback,0.9738
conditions,0.9754
classified,0.9715
based,0.9711
system classify,0.9779
problems used training,0.9737
generally context,0.9705
grouping,0.9782
ultimate criterion,0.9704
lower study,0.9706
condition,0.9700
program addressed,0.9700
reasons,0.9722
task specific,0.9750
divides study,0.9743
skill,0.9707
studies wished exclude,0.9709
course using,0.9704
categorized performance,0.9816
procedures would,0.9708
ol models,0.9707
particular study,0.9713
although secondary aims,0.9705
procedures harder,0.9709
course using brown,0.9714
case solo taxonomy,0.9723
several aspects integrated,0.9729
consequently difficult,0.9715
skills received training,0.9716
criteria,0.9744
criteria including,0.9706
measuring,0.9721
components appear,0.9709
studying results,0.9771
size school,0.9720
comparison pre,0.9706
rule transfer,0.9722
category,0.9777
according level,0.9724
task,0.9709
test list,0.9746
comparison,0.9779
sanders test,0.9703
comprised programs,0.9724
tasks need,0.9710
rates,0.9704
classification,1.0000
category would,0.9775
classification might,0.9789
course involved,0.9716
graded,0.9703
conditions involving,0.9701
addressing,0.9701
de walker use,0.9722
position,0.9711
systematically using,0.9710
power,0.9723
models,0.9742
coding,0.9744
procedures mu,0.9718
processing,0.9724
classify,0.9730
classification might refer,0.9705
via meta survey,0.9705
category would many,0.9730
periods course involved,0.9738
procedures catch general,0.9707
power taxonomy,0.9723
connection,0.9704
involving strategy,0.9736
broadly based,0.9718
influence,0.9730
classification near,0.9730
models provide,0.9702
others category,0.9703
instruction,0.9728
programs towards lower,0.9701
inhibition,0.9710
training involved effect,0.9731
taxonomy solo acronym,0.9708
conclusion,0.9713
several multi aspects,0.9717
explanation,0.9728
reducing,0.9707
passage meta,0.9708
criterion,0.9747
incorporating,0.9746
tactic,0.9753
thrust situated,0.9707
unrelated,0.9737
retrieval,0.9759
useful,0.9749
application,0.9766
measurement,0.9807
due use effective,0.9703
facilitate,0.9725
reporting,0.9705
outline,0.9738
notion,0.9753
hardness,0.9713
coherent,0.9733
models study,0.9701
difficult,0.9709
wisdom intervention,0.9707
abstract grounds,0.9736
connection specific,0.9705
embedded,0.9767
process,0.9719
compared,0.9725
significantly,0.9725
bias,0.9780
tended,0.9730
models educational,0.9720
refined,0.9755
specifically related study,0.9729
broadly,0.9758
operating,0.9702
facilitated,0.9742
theories,0.9758
modeling intervention,0.9720
aspect studying,0.9764
experiment,0.9701
sigma,0.9703
parent,0.9701
enhanced multi,0.9713
abilities,0.9702
methods elsewhere,0.9750
grouped,0.9762
diagram,0.9730
early work consider,0.9707
methods group,0.9751
methods highly,0.9762
compare,0.9728
effective multiple,0.9717
survey,0.9702
dependent,0.9760
causal,0.9779
sy,0.9717
depending,0.9728
method divides,0.9706
emphasizing,0.9701
aspect,0.9724
memory,0.9722
significance,0.9727
logical,0.9726
identifying,0.9724
high purpose study,0.9749
credibility,0.9731
connections,0.9735
characteristics,0.9718
link specific,0.9705
methods,0.9794
analyzed,0.9764
setting,0.9718
bloom,0.9714
specific,0.9773
models involved,0.9726
using,0.9718
rather terms,0.9711
comparatively,0.9701
typically,0.9705
generation,0.9730
transformation,0.9793
largest,0.9705
guidance,0.9744
interface,0.9765
specifically related,0.9717
package,0.9705
presenting,0.9719
characteristic,0.9725
model readily,0.9749
affect,0.9746
settings,0.9755
programmed,0.9706
balanced,0.9734
control contributed,0.9708
vocabulary,0.9772
including study,0.9713
testing,0.9763
gag,0.9718
quality included analysis,0.9724
modification,0.9742
homework,0.9707
stem,0.9722
relational anderson,0.9701
ti principles,0.9727
linking,0.9756
particular,0.9707
pattern,0.9783
far testing,0.9727
properly,0.9720
system,0.9714
integration,0.9721
approach,0.9710
subject,0.9760
enrichment,0.9766
cycle,0.9724
plan,0.9751
therefore suitable,0.9715
insight,0.9762
experimental groups use,0.9713
evident,0.9754
removing,0.9731
based meta,0.9718
type,0.9749
focused,0.9710
micro particular study,0.9709
interventions figure,0.9754
multi aspects,0.9700
portable,0.9747
developmental,0.9717
based structural,0.9714
bench refined,0.9760
simulation,0.9750
analysis,0.9723
varied,0.9721
roots transfer,0.9748
particular intervention,0.9727
quantitative,0.9735
def particular mathematics,0.9714
behavior,0.9766
rainbow,0.9709
style,0.9734
socio,0.9701
definition,0.9750
requires,0.9727
typical innovations,0.9730
model,0.9710
system un models,0.9702
factual,0.9759
procedures,0.9731
interval,0.9709
relatively,0.9704
meta,0.9766
catch,0.9701
context although,0.9702
assessed,0.9728
feedback,0.9779
expectations,0.9719
conditions,0.9714
transform,0.9777
empirical,0.9751
based,0.9740
sequence across,0.9712
theorists,0.9748
problem,0.9702
system classify,0.9760
problems used training,0.9707
generally context,0.9710
paradox,0.9764
organizational chunk,0.9713
meta recent,0.9708
inquiry,0.9730
treatments,0.9736
important,0.9712
grouping,0.9738
ultimate criterion,0.9746
manipulation,0.9702
integrated,0.9716
outlined,0.9712
program,0.9703
based applied,0.9711
producing,0.9700
models frequently focused,0.9702
emphasis,0.9761
contexts explained,0.9704
context near,0.9711
culturally,0.9703
productive,0.9743
reinforcement,0.9727
uneven,0.9718
micro,0.9712
coded,0.9724
basis,0.9776
battery curriculum,0.9705
therefore suitable quite,0.9705
motivation,0.9761
multi,0.9774
task specific,0.9724
divides study,0.9701
requiring,0.9733
hedges ol models,0.9723
far terms transfer,0.9720
method,0.9793
sc purpose reading,0.9736
fe memory,0.9705
accord,0.9709
meta analyzed,0.9734
productivity,0.9747
focus,0.9740
suggested,0.9718
relic,0.9737
ol models,0.9707
behavioral,0.9731
differing,0.9721
particular study,0.9746
involving,0.9712
particular learning,0.9700
case solo taxonomy,0.9752
several aspects integrated,0.9704
weighted,0.9760
consequently difficult,0.9708
structural,0.9775
typical effect innovations,0.9742
treatment,0.9705
discussion,0.9704
principles,0.9728
sensitivity,0.9727
utilize,0.9766
often theories,0.9714
criteria,0.9716
involving essen,0.9703
effects note approaches,0.9706
ways student,0.9702
measuring,0.9738
case multi,0.9743
specific solving,0.9741
components appear,0.9730
suitable,0.9746
unable,0.9712
assessment,0.9766
disabilities,0.9720
derived,0.9719
instructional,0.9780
methods appear,0.9748
size,0.9700
rule,0.9740
comparison pre,0.9732
disagreement,0.9744
framework,0.9755
intention,0.9715
textbook,0.9755
effectively,0.9727
demand,0.9708
self using,0.9700
whereby recommended,0.9723
category,0.9753
effectively reduced,0.9704
sy exercises,0.9741
micro particular,0.9719
analysis based,0.9725
due use,0.9713
analogy,0.9743
blooms sigma criterion,0.9754
according level,0.9702
task,0.9732
pro gram enhancing,0.9706
comparison,0.9816
median,0.9743
categorized,0.9754
grounds,0.9728
significant,0.9708
far transfer multi,0.9704
behaviors,0.9722
sanders test,0.9706
require,0.9728
using study,0.9718
admitted,0.9705
methods meta,0.9745
locating,0.9750
therapy,0.9710
problems,0.9714
bala concept mapping,0.9714
intervention,0.9727
hedges,0.9733
diverse,0.9721
roots,0.9725
techniques,0.9762
tasks need,0.9703
rates,0.9757
mastery,0.9701
profound,0.9728
sorts,0.9726
divide,0.9737
comprehension,0.9732
chi stat,0.9716
category would,0.9702
reveal,0.9714
classification might,0.9706
importance,0.9708
included analysis,0.9706
graded,0.9764
interest,0.9730
conditions involving,0.9713
analyses,0.9721
addressing,0.9752
innovations,0.9715
directly,0.9718
deliberate,0.9706
curriculum,0.9729
research bloom,0.9704
pattern however,0.9702
elaborate,0.9718
de walker use,0.9724
specifically study,0.9706
practice,0.9713
positive sk close,0.9703
patterns,0.9746
minimal,0.9707
systematically using,0.9754
models,0.9707
essentially,0.9736
coding,0.9793
integration achieved,0.9743
context,0.9710
usage,0.9720
em use,0.9708
procedures mu,0.9706
purposes,0.9706
processing,0.9798
rigid,0.9743
classify,0.9775
methods roy,0.9713
considered,0.9732
initial,0.9701
acronym,0.9757
assessments,0.9745
impetus study,0.9712
flexible,0.9744
assumption,0.9770
power taxonomy,0.9756
connection,0.9741
os atkinson,0.9712
involving strategy,0.9706
model intervention,0.9723
interpreted,0.9716
undeveloped,0.9718
chi distribution,0.9726
implication,0.9732
suitable quite,0.9705
meta procedures catch,0.9731
broadly based,0.9719
multiple,0.9713
sequence,0.9712
influence,0.9709
orientation,0.9730
resulting,0.9707
reliable tests eight,0.9722
claimed,0.9710
consequence,0.9770
certain,0.9732
ambiguous,0.9728
insights,0.9709
instruction,0.9706
transfer,0.9737
persistence,0.9729
disadvantaged,0.9738
divides,0.9705
implementing,0.9724
impetus,0.9737
standard,0.9735
training,0.9706
stern,0.9702
deficiency,0.9765
theoretical orientation,0.9700
situ,0.9718
monitoring,0.9724
indicators,0.9739
major effect teaching,0.9707
vocabulary method divides,0.9702
particularly,0.9703
inhibition,0.9790
training involved effect,0.9726
problem meta,0.9725
focuses,0.9702
independently,0.9753
context mini,0.9711
taxonomy solo acronym,0.9729
understanding,0.9711
schooling,0.9726
investigation,0.9721
tests,0.9732
several multi aspects,0.9701
explanation,0.9754
context knowledge,0.9748
self meta knowledge,0.9793
meta knowledge learned,0.9733
content knowledge,0.9726
meta knowledge,1.0000
meta awareness,0.9795
strategic context knowledge,0.9720
meta vocabulary,0.9715
cross learning,0.9846
effects learning,0.9789
self learning,0.9713
transfer learning,0.9757
complex learning,0.9770
grouping learning,0.9707
feedback learning,0.9746
context learning,0.9832
method learning,0.9784
base learning,0.9841
effective task,0.9722
success tests,0.9725
recommended training,0.9727
application,0.9700
conclusions research,0.9703
based meta review,0.9714
strategy help,0.9746
subject area,0.9703
outcome measure moderate,0.9759
task expected,0.9704
vocabulary method,0.9792
numerical component,0.9711
strategy use,0.9771
tests used,0.9731
modeling intervention,0.9753
measurement procedure,0.9704
strategy suitable aiding,0.9730
interventions incorporating study,0.9700
taught use,0.9758
enrichment method outline,0.9713
treatment group,0.9731
methods elsewhere,0.9708
basis strategy,0.9726
moderate purpose study,0.9760
addressed content,0.9722
used purpose strategy,0.9721
taught use concluded,0.9720
training strategy,0.9713
strategy suitable,0.9727
theoretical practical reasons,0.9711
frog different approach,0.9718
guidance,0.9731
analyzed studies,0.9711
generation strategy use,0.9735
intervention generally see,0.9704
precursor effective strategy,0.9703
reliable tests,0.9703
method found,0.9702
aims approach,0.9720
single specific strategy,0.9725
quality included analysis,0.9720
criterion test,0.9755
purpose study,0.9723
regarded affect intervention,0.9719
effects intervention study,0.9701
test program,0.9769
target intervention simply,0.9704
intervention based,0.9713
based studies typical,0.9701
far transfer strategy,0.9752
knowledge use,0.9747
necessary success tests,0.9707
possible compare socio,0.9711
models readily applied,0.9715
intervention ironically study,0.9729
characteristics program,0.9730
related study,0.9709
successful strategy,0.9712
task appropriate strategies,0.9726
strategies using,0.9701
organizational chunk,0.9703
men application strategy,0.9784
concept mapping,0.9712
effective outcome,0.9766
strategy system,0.9747
perceived control,0.9712
per effects study,0.9725
practical reasons,0.9738
task specific,0.9708
specific strategy,0.9779
method,0.9768
grounds intervention aims,0.9707
context used,0.9729
preliminary preparation task,0.9716
typical effect innovations,0.9705
effects note approaches,0.9719
lu aims approach,0.9723
ineffective study,0.9723
appropriate task hand,0.9730
aims methods used,0.9707
discretion meta,0.9706
performance strategy use,0.9747
test program addressed,0.9733
intervention sense intended,0.9714
likely successful strategy,0.9707
context intervention,0.9708
method acquisition,0.9717
control group treatment,0.9708
study specifically evaluate,0.9704
general explanation,0.9711
success appropriate strategy,0.9800
specific strategy help,0.9780
compared control,0.9727
intervention study,0.9734
method divides study,0.9750
concerns study,0.9710
application strategy,0.9797
integration achieved,0.9720
study based,0.9702
impetus study,0.9713
taught use mn,0.9705
strategies appropriate task,0.9721
model intervention,0.9789
affect used,0.9715
technical terms,0.9709
effective study,0.9755
effective strategy,0.9715
used methods roy,0.9711
conventional wisdom intervention,0.9762
appropriate strategy,0.9759
multi far study,0.9707
technique essential feature,0.9722
theoretical orientation,0.9710
vocabulary method divides,0.9741
similar training strategy,0.9709
assumption study,0.9765
context reading,0.9707
category study,0.9735
based purpose study,0.9723
emphasis active,0.9719
context knowledge,0.9750
content knowledge,0.9729
meta knowledge,0.9718
strategic context knowledge,0.9724
deficit model,0.9725
vocabulary method,0.9773
far transfer strategy,0.9703
specific contexts explained,0.9706
achieved addressing,0.9708
interval include,0.9730
success tests,0.9746
utilization reading,0.9739
participants study,0.9725
criterion,0.9752
test,0.9727
taxonomy provides mutually,0.9765
thrust situated,0.9718
experimental conditions involving,0.9722
participants approaches,0.9711
recommended training,0.9762
factors mode per,0.9723
results seem,0.9732
application,0.9765
measurement,0.9729
control groups,0.9702
conclusions research,0.9721
models study,0.9793
based meta review,0.9779
strategy help,0.9749
subject area,0.9732
wisdom intervention,0.9714
illustrating overall finding,0.9710
using strategies,0.9727
approaches note,0.9726
connection specific,0.9734
outcome measure moderate,0.9735
across studies calculated,0.9721
task expected,0.9752
using measures subject,0.9770
category achieve,0.9711
tested areas,0.9705
programs used,0.9702
judged enhancement study,0.9736
bias,0.9721
far transfer tested,0.9705
models educational,0.9714
vocabulary method,0.9746
note approaches,0.9725
numerical component,0.9783
hat outlined measurement,0.9756
intended review,0.9705
systems,0.9719
specifically related study,0.9773
regulation,0.9749
program motivation,0.9714
situations required,0.9721
evidence,0.9721
tests used,0.9806
modeling intervention,0.9825
thrust program,0.9704
aspect studying,0.9713
database,0.9726
procedures catch,0.9720
strategy suitable aiding,0.9700
within consensus referred,0.9744
interventions incorporating study,0.9717
taught use,0.9731
task hand,0.9701
affect table study,0.9715
enrichment method outline,0.9757
thrust findings,0.9749
tasks require,0.9733
treatment group,0.9721
various models educational,0.9715
steps include,0.9707
tests required,0.9750
opposed uneven effects,0.9713
test students taught,0.9723
example essentially concerned,0.9739
methods elsewhere,0.9773
programs make,0.9711
diagram,0.9759
course involved better,0.9700
assessed using,0.9743
early work consider,0.9752
basis strategy,0.9704
conceptual terms,0.9793
methods group,0.9798
related results con,0.9735
methods highly,0.9763
performance multi far,0.9733
effects vocabulary,0.9702
moderate purpose study,0.9745
multiple indicators,0.9776
murphy described strategies,0.9705
method divides,0.9716
addressed content,0.9764
used purpose strategy,0.9718
targeted inter ti,0.9714
outcomes related level,0.9708
related level,0.9738
taught use concluded,0.9747
high purpose study,0.9748
connections,0.9727
characteristics,0.9751
link specific,0.9743
definition motivation,0.9713
methods,0.9773
enhanced general explanation,0.9709
classification fe,0.9724
procedures mcc,0.9743
assessments included,0.9717
sizes studies produced,0.9722
also include,0.9709
models involved,0.9795
theoretical practical reasons,0.9717
frog different approach,0.9729
summary studies included,0.9761
design study control,0.9723
analysis returns issue,0.9720
studies included meta,0.9708
guidance,0.9757
interface,0.9751
analyzed studies,0.9730
integration achieved previous,0.9737
cat models determine,0.9718
walker use,0.9740
context use,0.9717
model readily,0.9786
generation strategy use,0.9718
intervention generally see,0.9757
effective near,0.9702
precursor effective strategy,0.9742
self effects,0.9700
specific subjects bean,0.9766
mn strategy,0.9719
control contributed,0.9726
near programs range,0.9703
including study,0.9723
aims approach,0.9739
method outline,0.9755
testing,0.9705
single specific strategy,0.9711
quality included analysis,0.9800
abstract procedures harder,0.9738
criterion test,0.9808
teaching students use,0.9718
search methods group,0.9736
context connection specific,0.9711
importance systematically using,0.9725
relational anderson,0.9758
ti principles,0.9715
ac demi performance,0.9710
control counterparts recognize,0.9734
walker use strategies,0.9707
purpose study,0.9732
used training,0.9703
effects per,0.9746
pattern,0.9718
far testing,0.9726
regarded affect intervention,0.9732
un methods highly,0.9707
system,0.9758
integration,0.9706
far testing conditions,0.9743
cat models,0.9712
subject,0.9721
test program,0.9775
groups use,0.9728
experimental groups use,0.9788
procedures without,0.9706
involving use,0.9709
based meta,0.9716
suggested conditions,0.9760
assessed using measures,0.9735
type,0.9711
pro developing model,0.9743
like classify interventions,0.9713
models determine relation,0.9748
micro particular study,0.9766
needs addressing,0.9719
interventions figure,0.9772
models determine,0.9791
aimed change,0.9722
based studies typical,0.9740
via meta examine,0.9711
concerned single component,0.9704
performance criteria,0.9713
subjects bean,0.9736
multi aspects,0.9749
based structural,0.9713
outcome taxonomy makes,0.9794
several categories example,0.9749
bench refined,0.9743
far transfer strategy,0.9718
characteristics cat,0.9731
meta effect note,0.9743
outlined measurement,0.9729
criteria including study,0.9731
taught students use,0.9727
framework example,0.9718
particular intervention,0.9718
words tested list,0.9707
def particular mathematics,0.9716
knowledge use,0.9794
programs examined,0.9701
procedures would enable,0.9713
sample concerned learning,0.9737
credibility subjects,0.9716
varied usage cover,0.9711
programs near,0.9710
sample thus dropped,0.9708
several suggested conditions,0.9703
small samples see,0.9714
necessary success tests,0.9731
included meta ama,0.9716
models may theory,0.9776
possible compare socio,0.9797
models readily applied,0.9784
conclusions,0.9717
thus dropped,0.9709
model,0.9791
intervention ironically study,0.9737
system un models,0.9832
aims may focus,0.9719
power taxonomy purposes,0.9789
procedures,0.9722
presented figure,0.9735
characteristics program,0.9823
assessed effects course,0.9737
related study,0.9760
context although,0.9736
likely programs,0.9713
broad sense however,0.9709
feedback,0.9743
conditions,0.9767
programs using study,0.9721
performance figure,0.9731
note taking conditions,0.9792
strategies specific solving,0.9702
system classify,0.9799
problems used training,0.9763
generally context,0.9716
strategies using,0.9745
mn using,0.9721
organizational chunk,0.9801
experimental conditions,0.9737
ultimate criterion,0.9747
researchers use,0.9722
examples include typical,0.9717
outcomes programs,0.9704
lower study,0.9738
required use demand,0.9734
data behavior,0.9760
sizes included follow,0.9704
based applied,0.9723
models frequently focused,0.9762
generally context near,0.9759
number characteristics program,0.9706
contexts explained,0.9721
men application strategy,0.9777
concept mapping,0.9773
context near,0.9773
model met,0.9721
program addressed,0.9730
effective outcome,0.9732
strategy system,0.9711
objective,0.9700
basis,0.9735
intervention involves range,0.9709
training rule,0.9745
per effects study,0.9720
practical reasons,0.9722
task specific,0.9790
divides study,0.9741
specific strategy,0.9779
studies wished exclude,0.9729
hedges ol models,0.9804
method,0.9789
grounds intervention aims,0.9703
suggested reason,0.9732
sc purpose reading,0.9743
meta analyzed,0.9742
categorized performance,0.9707
context used,0.9783
ol models,0.9777
particular study,0.9719
preliminary preparation task,0.9725
results support notion,0.9731
thus dropped analyses,0.9701
system includes,0.9773
factors mode,0.9756
case solo taxonomy,0.9726
tactics grouped used,0.9713
several aspects integrated,0.9756
areas recognize,0.9734
typical effect innovations,0.9745
bow suggested,0.9700
treatment,0.9706
thus performance,0.9734
multi intervention near,0.9705
divides study vocabulary,0.9729
tested list reasonable,0.9726
comparison mn,0.9734
generally see,0.9727
criteria,0.9779
programs using,0.9702
performance near,0.9702
effects note approaches,0.9798
criteria including,0.9767
control condition,0.9728
meta processes battery,0.9719
case multi,0.9709
lu aims approach,0.9773
testing conditions,0.9769
factors likely operate,0.9701
approaches use,0.9713
different studies mean,0.9712
components appear,0.9751
studying results,0.9728
course assessed,0.9730
appropriate task hand,0.9714
aims methods used,0.9788
included students range,0.9724
usage cover,0.9751
assessment,0.9728
size school,0.9725
instructional,0.9700
particular task expected,0.9710
methods appear,0.9769
basis supporting theories,0.9721
program conditions,0.9747
interaction tables least,0.9725
exclusive system classify,0.9717
study specific,0.9702
comparison pre,0.9720
framework,0.9765
typical illustration,0.9730
methods used,0.9726
discretion meta,0.9705
rule transfer,0.9713
performance strategy use,0.9729
test program addressed,0.9802
programs whereas,0.9719
using procedures,0.9707
category,0.9760
intervention sense intended,0.9725
sy exercises,0.9722
analysis based,0.9746
included analysis subject,0.9725
performance yields figure,0.9714
used cat models,0.9716
thrust study,0.9716
context intervention,0.9708
blooms sigma criterion,0.9746
packages implemented,0.9741
method acquisition,0.9709
according level,0.9735
test list,0.9802
aspect studying results,0.9769
comparison,0.9756
use concluded training,0.9725
strategies indicated,0.9752
performance enhanced general,0.9736
sanders test,0.9751
test tasks need,0.9777
comprised programs,0.9749
using study,0.9752
included follow evaluation,0.9729
control group treatment,0.9705
samples see hedges,0.9716
methods meta,0.9757
implications practice,0.9727
programs tended,0.9726
therapy,0.9701
bala concept mapping,0.9805
study specifically evaluate,0.9756
classified see,0.9715
model readily general,0.9775
techniques,0.9739
tasks need,0.9755
tasks requiring,0.9721
interventions table,0.9734
classification,0.9741
category would,0.9771
context able,0.9724
classification might,0.9802
course involved,0.9747
included analysis,0.9779
j improving study,0.9731
general explanation,0.9790
conditions involving,0.9742
results support,0.9714
success appropriate strategy,0.9741
interventions course,0.9715
sigma criterion,0.9735
pattern however,0.9722
specific strategy help,0.9770
de walker use,0.9738
specifically study,0.9720
typical innovations education,0.9718
taking conditions required,0.9720
positive sk close,0.9704
compared control,0.9769
models involved learning,0.9716
intervention study,0.9701
akin teaching test,0.9704
related test,0.9721
method divides study,0.9761
concerns study,0.9729
systematically using,0.9732
high design,0.9731
application strategy,0.9797
support notion situated,0.9717
models,0.9730
particular tactics,0.9704
integration achieved,0.9786
using analogy relating,0.9704
context,0.9746
usage,0.9739
em use,0.9729
conditions considered,0.9742
procedures mu,0.9726
implications training,0.9744
aims near,0.9712
processing,0.9709
classification might refer,0.9801
strategies toward theory,0.9715
via meta survey,0.9755
methods roy,0.9701
models readily,0.9703
periods course involved,0.9741
impetus study,0.9762
procedures catch general,0.9748
outcome taxonomy,0.9753
taught use mn,0.9729
meta analyzed studies,0.9711
across outcomes latter,0.9725
power taxonomy,0.9743
problems used,0.9707
training task,0.9715
involving strategy,0.9731
model intervention,0.9840
chi distribution,0.9715
affect used,0.9750
technical terms,0.9796
implications addressing low,0.9765
levels taxonomy near,0.9710
effective study,0.9706
context ev,0.9730
used methods roy,0.9742
design includes provision,0.9759
meta procedures catch,0.9797
conventional wisdom intervention,0.9715
broadly based,0.9765
studies generally based,0.9745
using solo model,0.9729
numerical component instance,0.9719
framework example provided,0.9713
search analog might,0.9718
analyzed studies note,0.9728
theoretical relationships task,0.9712
however combines effects,0.9704
specific aspects study,0.9714
models provide,0.9787
multi far study,0.9707
data,0.9753
technique essential feature,0.9745
key method acquisition,0.9700
reliable tests eight,0.9729
note taking target,0.9708
consequence,0.9735
general thrust findings,0.9765
affect outcomes university,0.9704
instruction,0.9737
trans fe performance,0.9716
attitudes improving study,0.9710
across outcomes university,0.9706
theoretical orientation,0.9791
course involve,0.9721
indicators,0.9774
major effect teaching,0.9737
vocabulary method divides,0.9786
similar training strategy,0.9700
training involved effect,0.9755
needs taught using,0.9713
assumption study,0.9770
basis supporting,0.9732
size characteristics,0.9710
specific aspects,0.9729
context mini,0.9775
purpose note,0.9732
taxonomy solo acronym,0.9758
multi comprises range,0.9733
context reading,0.9731
interaction key,0.9737
ol models provide,0.9764
database located,0.9720
category study,0.9785
sizes studies,0.9733
based purpose study,0.9755
students taught use,0.9703
conclusion,0.9711
tests,0.9703
several multi aspects,0.9755
formal experimental design,0.9710
explanation,0.9705
future researchers use,0.9716
wild identifying main,0.9730
examined characteristics,0.9724
emphasis active,0.9707
recommended training,0.9727
application,0.9753
task expected,0.9714
category achieve,0.9706
regulation,0.9723
tests used,0.9712
database,0.9710
thrust findings,0.9732
tests required,0.9725
diagram,0.9706
moderate purpose study,0.9705
multiple indicators,0.9704
high purpose study,0.9712
characteristics,0.9710
classification fe,0.9753
models involved,0.9718
guidance,0.9711
system,0.9708
test program,0.9743
suggested conditions,0.9720
type,0.9704
performance criteria,0.9701
several categories example,0.9700
particular intervention,0.9705
model,0.9705
system un models,0.9728
characteristics program,0.9755
classified,0.9721
system classify,0.9735
ultimate criterion,0.9731
lower study,0.9707
training rule,0.9714
task specific,0.9733
specific strategy,0.9730
method,0.9707
suggested reason,0.9715
facilitated grant australian,0.9709
particular study,0.9701
preliminary preparation task,0.9723
outcome classification,0.9751
criteria,0.9746
criteria including,0.9715
control condition,0.9714
testing conditions,0.9721
several categories,0.9717
test program addressed,0.9732
category,0.9738
test list,0.9750
comparison,0.9701
comprised programs,0.9702
bala concept mapping,0.9702
classification,0.9750
category would,0.9724
classification might,0.9731
course involved,0.9750
general explanation,0.9721
model intervention,0.9711
classification near,0.9703
general thrust findings,0.9764
theoretical orientation,0.9720
indicators,0.9716
category study,0.9753
wild identifying main,0.9708
general list learning,0.9747
model learning,0.9819
key method learning,0.9733
cross learning,0.9814
effects learning,0.9723
self learning,0.9717
concept mapping,0.9717
complex learning,0.9741
grouping learning,0.9739
context learning,0.9784
method learning,0.9817
base learning,1.0000
context reading,0.9714
instruction model,0.9704
context knowledge task,0.9726
context mini learning,0.9718
transfer learning,0.9722
complex learning,0.9710
hierarchical model learning,0.9719
context learning,0.9739
cross learning,0.9724
hierarchical model,0.9702
