Word,Similarity
learning base task,0.9723
learning task,1.0000
meta learning task,0.9708
design learning task,0.9710
using validation,0.9727
across task family,0.9701
hierarchical bay,0.9710
tuning,0.9728
system metal,0.9719
across opt related,0.9717
importantly,0.9706
task filling missing,0.9723
advantage,0.9712
era learned,0.9700
category,0.9777
task specific,0.9750
classification,1.0000
order task selected,0.9729
category well,0.9707
meta objective trained,0.9723
factor,0.9727
biological plausible making,0.9709
module,0.9702
metal source task,0.9717
limit,0.9728
task weight,0.9736
based bile,0.9713
problem numerous hand,0.9710
process involving,0.9709
pont learning,0.9713
task single,0.9705
duc log based,0.9725
task addressed,0.9734
per fitting ability,0.9738
system,0.9731
conclusion,0.9713
testing,0.9720
model tackle,0.9702
typically concerned,0.9703
addressing,0.9701
crucial factor men,0.9703
sc introduced family,0.9721
broke taxonomy meta,0.9722
classification using con,0.9731
classified,0.9715
ability,0.9706
opt see,0.9710
regime meta learned,0.9719
using performance,0.9702
model contrast,0.9703
based reasoning,0.9714
skill,0.9707
factor performance,0.9783
task seen,0.9701
distinction made,0.9709
model landmark,0.9708
meta using,0.9718
comparison,0.9779
position,0.9711
work led,0.9708
specifically achieved,0.9713
model selection,0.9707
especially embedded task,0.9702
ate meta replay,0.9707
distinction made across,0.9712
style,0.9725
based,0.9711
survey timothy,0.9709
models,0.9742
modulation,0.9716
based splitting sonic,0.9712
leverage,0.9704
ph define policy,0.9714
particular metal,0.9719
baxter theoretical model,0.9707
task sequence,0.9710
task cross,0.9736
task illustrated,0.9713
classification defined,0.9738
specific,0.9720
task,0.9709
final layer classification,0.9740
condition,0.9700
model entirely,0.9712
task amor need,0.9720
regime performance,0.9743
metal system,0.9708
task former,0.9709
metal define learning,0.9703
pattern,0.9725
connection,0.9704
system using,0.9727
task selected,0.9711
recommendation,0.9700
best suited given,0.9709
evaluation showed,0.9703
terminology,0.9729
recognition bench,0.9711
type,0.9710
bias,0.9723
final performance reinforcement,0.9740
gap,0.9707
res solely model,0.9729
classification task,0.9741
including learning,0.9708
following formal metal,0.9704
perspective,0.9721
using feed,0.9708
typically,0.9702
choice,0.9764
task realised,0.9732
cluster using,0.9743
survey able,0.9715
curriculum hand metal,0.9723
encountered task strategy,0.9703
model grouped,0.9769
model,0.9760
selective data,0.9719
single task former,0.9700
crucial factor,0.9739
problem leading,0.9707
classify,0.9730
task arriving,0.9708
outer step,0.9702
requirement,0.9703
tend sought clarify,0.9719
task however,0.9701
coding,0.9744
processing,0.9724
distance,0.9712
based model grouped,0.9717
model need,0.9727
network weight,0.9710
data handful structural,0.9723
using validation,0.9738
hess meta learning,0.9705
similarity,0.9746
hierarchical bay,0.9724
tuning,0.9731
system metal,0.9732
problem numerous,0.9724
topology,0.9721
multi,0.9774
classic,0.9710
weigh,0.9702
corresponding,0.9714
across opt related,0.9706
importantly,0.9740
supervised case wish,0.9717
log based inner,0.9705
sophisticated,0.9718
data hybrid,0.9748
opt require,0.9706
vis relational,0.9728
capability,0.9705
deep neural,0.9743
buffer,0.9719
catastrophic,0.9715
pan importance,0.9716
operation,0.9725
method mo,0.9740
synthetic,0.9750
essentially,0.9736
elaborate,0.9718
treated exploration,0.9737
mature,0.9705
case model need,0.9732
using,0.9718
specification,0.9710
energy,0.9705
split,0.9712
furthermore mi,0.9703
core,0.9722
embedded task inevitable,0.9701
task ph,0.9702
na costly topical,0.9719
category,0.9753
di approach covered,0.9713
grouped,0.9762
malik,0.9705
method bench,0.9776
shifting,0.9711
qin,0.9736
paradigm,0.9754
task specific,0.9724
al algorithm ci,0.9706
specialist,0.9723
semantic,0.9805
method,0.9793
approach opt,0.9726
generally bile,0.9707
separating,0.9714
case feed,0.9729
initial,0.9701
rule,0.9740
useful multi,0.9711
due inner,0.9709
meta objective trained,0.9751
opt method merged,0.9728
warped,0.9704
method metal,0.9711
predicting,0.9774
factor,0.9740
expose,0.9709
opt use,0.9728
decision,0.9717
proposal,0.9717
biological plausible making,0.9749
module,0.9760
limiting,0.9755
effectively,0.9727
opt often,0.9707
ce dozen hyper,0.9704
accord,0.9709
fitting initial,0.9708
learning ex number,0.9707
typically en,0.9701
simulation outer,0.9717
sim approach,0.9754
hyper achieved,0.9714
coin opt,0.9717
meta specific,0.9762
limit,0.9739
di approach,0.9723
task weight,0.9712
task evolution,0.9737
standard,0.9735
modeled,0.9745
process involving,0.9755
cutting,0.9773
method orient,0.9709
empirical yu,0.9721
pont learning,0.9712
dependence,0.9742
opt initial,0.9731
plastic,0.9755
aspect,0.9724
framework attention,0.9730
problem,0.9702
sequence,0.9712
weaker struggle,0.9709
crucial,0.9753
hyper tri,0.9701
characteristic,0.9725
factor approach,0.9723
transferring,0.9727
maze learning,0.9715
system,0.9714
regime meta,0.9795
modular,0.9722
hyper,0.9739
operation meta,0.9742
testing,0.9763
method regime,0.9780
definition metal,0.9733
vary,0.9752
recognition pro,0.9706
model tackle,0.9728
significance cu,0.9707
embedded,0.9767
weighted,0.9760
addressing,0.9752
transfer,0.9737
broke taxonomy meta,0.9725
requires,0.9727
opt meta,0.9724
due meta,0.9714
resulting,0.9707
regime,0.9733
isolation,0.9737
model meta wood,0.9707
ti using,0.9701
paradigm used,0.9709
data opt,0.9707
classification using con,0.9714
flow,0.9768
defining,0.9702
boredom,0.9702
contrast,0.9753
hypothesis,0.9774
method multi,0.9735
baxter,0.9706
opt see,0.9707
vikram,0.9711
method inner,0.9744
persona,0.9707
scraping,0.9701
approach,0.9710
market,0.9717
reference inevitable,0.9712
method recent,0.9783
scala,0.9734
task modulation,0.9751
splitting,0.9749
regime meta learned,0.9747
activation,0.9733
rather assuming,0.9702
tackled,0.9716
using performance,0.9718
ar using,0.9710
hedge,0.9721
meta bench,0.9743
regime approach,0.9703
model contrast,0.9774
gao,0.9705
data di,0.9734
early meta bench,0.9713
process ti involving,0.9701
particularly,0.9703
empirical,0.9751
opt related,0.9746
span simple,0.9704
discussion,0.9704
principle,0.9763
deep residual learning,0.9707
relatively,0.9704
vulnerability,0.9722
based reasoning,0.9740
mach,0.9705
using bay,0.9711
task seen,0.9712
process,0.9719
significant,0.9708
however simply task,0.9701
model landmark,0.9735
using meta,0.9719
meta using,0.9758
compression,0.9821
usage,0.9720
wrapped,0.9713
coupled,0.9755
loop data drug,0.9711
conventional taxonomy,0.9737
comparison,0.9816
mentor,0.9706
putting,0.9705
fixed,0.9705
struggle,0.9716
assumption,0.9770
memory,0.9722
spanning,0.9727
specifically achieved,0.9709
directly,0.9718
batch,0.9702
framework,0.9755
cid,0.9704
hook,0.9722
variant particular,0.9714
useful,0.9749
na method anal,0.9716
varies,0.9721
semi learning,0.9761
mach learn,0.9720
criterion,0.9747
model selection,0.9766
potential alleviate,0.9726
opt stream concerned,0.9721
especially embedded task,0.9724
involving,0.9712
eta learning,0.9706
cobb,0.9703
number para,0.9703
device,0.9735
size,0.9700
especially opt,0.9736
boost,0.9739
however requirement,0.9705
style,0.9734
aspect considered,0.9723
novel meta task,0.9702
data objective,0.9724
frame,0.9702
based metal,0.9717
task bench,0.9710
based,0.9740
instead opt,0.9732
bloom,0.9714
bay optimization,0.9711
survey timothy,0.9712
data objective metal,0.9709
scale,0.9712
automated,0.9730
input,0.9716
vis model,0.9716
rarely,0.9710
meta important,0.9710
discussing,0.9708
lower bound,0.9703
models,0.9707
tal learning,0.9708
guise,0.9719
zen,0.9705
definition,0.9750
approach accelerate,0.9713
modulation,0.9782
tar,0.9721
ron meta learning,0.9714
ic interaction,0.9718
distinctive,0.9731
costly,0.9737
significance,0.9727
residual,0.9764
considered,0.9732
suitable meta,0.9722
treated,0.9708
pm analogous meta,0.9759
opt approach,0.9754
kernel,0.9734
structured,0.9766
approach specifically,0.9711
specific regular,0.9724
opt metal,0.9722
leverage,0.9769
typically intra,0.9708
meta understand,0.9727
distinguish,0.9732
ph define policy,0.9725
meta cross,0.9734
model un,0.9716
suitable,0.9746
neural,0.9757
model wide,0.9705
selective data ann,0.9707
affect,0.9746
method gen,0.9767
principle mach,0.9717
semi aug strategy,0.9747
suitable learning,0.9723
regression,1.0000
often task,0.9715
compared,0.9725
data fixed,0.9731
task cross,0.9706
setting,0.9718
diverse,0.9721
today method vanilla,0.9703
conflicting,0.9710
opt gonzalez,0.9732
model aspect considered,0.9710
bay hierarchical,0.9707
model typically,0.9700
often using,0.9700
verge step costly,0.9743
process typically,0.9717
solution,0.9740
outline,0.9738
simple para,0.9735
rely,0.9709
momentum,0.9736
practice,0.9713
reducing,0.9707
weight,0.9702
ph task,0.9702
starter,0.9713
context santo,0.9710
furthermore,0.9701
case sim,0.9747
pan,0.9727
trans simple exhaust,0.9707
large data handful,0.9701
labeled,0.9759
specific,0.9773
final layer,0.9717
tackle,0.9713
task,0.9732
opt survey,0.9729
protocol,0.9751
method like,0.9708
rake,0.9722
recent instance weight,0.9720
ham learning,0.9702
lever,0.9737
zip,0.9705
crafted,0.9719
outlined,0.9712
technique batch,0.9702
focus,0.9740
state model entirely,0.9703
integrating,0.9786
tool,0.9715
using con,0.9709
validation per,0.9731
predicted,0.9713
method addressed label,0.9716
vol process sol,0.9712
malik learning opt,0.9709
algorithm ci,0.9712
bench hyper,0.9736
commonly,0.9730
understanding,0.9711
method led,0.9733
induction,0.9796
data conde,0.9713
ti dealing tract,0.9753
typically using,0.9711
interest,0.9730
pattern,0.9783
method include,0.9708
methods,0.9794
opt lead learned,0.9746
bay inference para,0.9732
connection,0.9741
program,0.9703
handicap,0.9726
problem meta,0.9725
system using,0.9728
investigation,0.9721
analysis,0.9723
recommendation,0.9744
meta,0.9766
generation,0.9730
neural manuscript,0.9731
mass mate,0.9718
terminology,0.9807
drug,0.9708
recognition bench,0.9702
zip learning,0.9724
perspective multi,0.9735
dense,0.9733
motivation,0.9761
warp,0.9745
require,0.9728
grant eps,0.9701
type,0.9749
multiple,0.9713
method family,0.9755
cutting distinction,0.9725
opt require evaluation,0.9710
integrating joint,0.9708
intuitive,0.9753
aligned,0.9747
proto,0.9722
bias,0.9780
setup,0.9754
limb,0.9704
sampling,0.9746
framework semi,0.9715
particular,0.9707
depending,0.9728
performance reinforcement,0.9712
metal term,0.9707
instead addition,0.9705
connected,0.9702
important,0.9712
transform,0.9777
opt using,0.9716
focused,0.9710
collaboration,0.9731
final performance reinforcement,0.9722
perspective cold,0.9701
cold function,0.9745
including learning,0.9704
suggesting,0.9741
tune,0.9714
system increasingly,0.9718
perspective,0.9766
nr learning,0.9701
approach syn,0.9717
method connection,0.9701
using feed,0.9719
metal curiosity algorithm,0.9704
precision,0.9771
optimization potentially hundred,0.9717
typically,0.9705
learning al method,0.9711
weighs,0.9703
method merged,0.9714
degradation,0.9718
outer ri,0.9718
context,0.9710
cluster using,0.9709
task case,0.9716
mach learning,0.9763
thomas meta approach,0.9706
neighbouring,0.9711
transformation,0.9793
requiring,0.9733
model grouped,0.9731
importance,0.9708
compare,0.9728
inversion,0.9753
horizon,0.9712
switching,0.9720
thin,0.9703
model,0.9710
simulation,0.9750
selective data,0.9701
prediction,0.9808
comparing,0.9738
pm analogous di,0.9709
reinforcement,0.9727
crucial factor,0.9700
dependent,0.9760
validation,0.9739
problem leading,0.9766
dimensional,0.9783
classify,0.9775
natural,0.9713
exploited,0.9719
difficult,0.9709
meta opt label,0.9727
meta used,0.9729
method commonly,0.9734
pseudo,0.9712
inclusion,0.9707
structural,0.9775
sim learning,0.9726
descent,0.9731
analogy,0.9743
particular meta,0.9720
critical application,0.9717
method family vary,0.9711
capability sequence,0.9703
environment paradigm,0.9772
inference,0.9787
extend,0.9711
flexible,0.9744
requirement,0.9742
instead defining,0.9727
elegant term,0.9720
narrow task family,0.9705
survey,0.9702
ambiguous,0.9728
pipe,0.9707
adaptation domain,0.9702
method family layer,0.9712
tri,0.9720
opt dense,0.9712
tended,0.9730
significantly,0.9725
routine,0.9728
dependence v metal,0.9705
implementing,0.9724
toy,0.9702
wrapping,0.9717
coding,0.9793
deep model,0.9718
application,0.9766
processing,0.9798
meta use,0.9724
simulation environment paradigm,0.9707
training,0.9706
according meta reinforcement,0.9707
distance,0.9723
limitation,0.9726
showcase,0.9717
system mature,0.9750
assumption learning,0.9717
sy,0.9717
based model grouped,0.9746
curriculum,0.9729
task opt,0.9701
model need,0.9766
network weight,0.9747
neural bloom,0.9714
including reinforcement,0.9721
imitation,0.9726
algorithm mobile,0.9720
rus,0.9704
efficiency knowledge,0.9713
meta general,0.9700
model meta,0.9711
data meta,0.9738
task meta learning,0.9774
kernel learning,0.9773
focus learning,0.9728
performance learning,0.9715
result learning,0.9756
meta continual learning,0.9703
network learning,0.9773
case sim learning,0.9746
meta auxiliary learning,0.9743
process learning,0.9825
meta ka learning,0.9794
empirical bay learning,0.9768
self general learning,0.9709
general purpose learning,0.9731
environment learning,0.9733
meta meta learning,0.9796
data learning,0.9768
data deep learning,0.9731
survey learning,0.9744
sample learning,0.9775
transfer learning,0.9757
pan meta learning,0.9717
aspect learning,0.9847
efficient learning,0.9704
function learning,0.9770
auto learning,0.9782
neural learning,0.9719
cost learning,0.9713
purpose learning,0.9766
metric learning,0.9741
general learning,0.9729
base learning,0.9841
base model learning,0.9734
prototype learning,0.9798
deep kernel learning,0.9708
meta learning,1.0000
self learning,0.9713
learning connection,0.9706
formal used learning,0.9758
design learning,0.9739
level learning,0.9749
multi learning,0.9757
loop learning,0.9832
set learning,0.9722
e learning,0.9723
inner loop learning,0.9725
source model learning,0.9717
short learning,0.9749
feature learning,0.9733
deep learning instance,0.9725
based learning,0.9701
meta mach learning,0.9725
deployment learning,0.9704
context bay learning,0.9770
goal learning,0.9809
task learning,0.9801
hyper learning,0.9741
meta training learning,0.9729
gradient learning,0.9790
prior meta learning,0.9731
inference learning,0.9788
parameter learning,0.9767
