Word,Similarity
learning task,1.0000
knowledge task,0.9709
task fed,0.9703
task note,0.9714
aggregate using,0.9716
importantly,0.9706
test set,0.9724
adjustment however,0.9725
task hui,0.9711
advantage,0.9712
however network readily,0.9702
category,0.9777
outer performance across,0.9704
task specific,0.9750
classification,1.0000
technique need,0.9713
fashion hence,0.9700
factor,0.9727
module,0.9702
sect used,0.9705
relies special model,0.9762
despite advantage proto,0.9717
comparison single,0.9719
metal used training,0.9716
limit,0.9728
category provides,0.9718
model initial,0.9705
connecting,0.9706
non inner summary,0.9704
comparison may,0.9724
throughout adopt taxonomy,0.9721
suffer performance,0.9708
system,0.9731
conclusion,0.9713
testing,0.9720
regret basic idea,0.9733
task diverse following,0.9723
classified,0.9715
ability,0.9706
opt see,0.9710
structured follows,0.9718
era ability trained,0.9733
fig classification decision,0.9738
task including,0.9711
model towards,0.9748
section give,0.9713
task allowing,0.9725
reward trial,0.9708
multitude task,0.9722
task seen,0.9701
mitchell need bias,0.9718
context called,0.9703
significantly need,0.9712
meta using,0.9718
performance across di,0.9711
feedback,0.9738
comparison,0.9779
additionally proto,0.9702
position,0.9711
expected reward trial,0.9722
reflected training procedure,0.9719
task containing,0.9741
system leverage,0.9756
regulation,0.9747
model however,0.9706
adjustment,0.9736
phase,0.9702
based,0.9711
distance mini,0.9701
classification decision,0.9796
setting investigating,0.9706
category mentioned,0.9749
task consisting,0.9750
task despite,0.9705
overview technique di,0.9705
label using,0.9716
leverage,0.9704
reader referred,0.9704
belief,0.9723
network using,0.9725
prediction despite broad,0.9741
overall task,0.9728
specific,0.9720
task,0.9709
respectively overview,0.9703
system curran,0.9715
kala minimize regret,0.9725
outer performance,0.9763
condition,0.9700
performance across,0.9714
importantly label assumed,0.9705
despite advantage,0.9737
covered optimization metal,0.9701
respectively note,0.9706
due method improvement,0.9726
consequently performance,0.9752
pattern,0.9725
connection,0.9704
power,0.9723
based deep,0.9701
weakness,0.9721
terminology,0.9729
jurisdiction,0.9710
evaluation require,0.9733
performance due,0.9747
task seen training,0.9724
type,0.9710
bias,0.9723
skin les class,0.9718
prediction despite,0.9744
task consist,0.9733
model attempt,0.9768
gap,0.9707
classification task,0.9741
perspective,0.9721
typically,0.9702
choice,0.9764
classification intern,0.9779
advantage model,0.9730
ale attention mechanism,0.9708
model,0.9760
task used training,0.9734
classify,0.9730
task summary,0.9714
across task consisting,0.9721
measuring,0.9721
requirement,0.9703
task outer metal,0.9709
conditioning,0.9716
ability follows,0.9716
category vin,0.9748
model third,0.9753
coding,0.9744
however top,0.9701
processing,0.9724
effectively split,0.9713
section taking,0.9759
distance,0.9712
task diverse,0.9709
network weight,0.9710
gel,0.9727
similarity,0.9746
task fed,0.9711
topology,0.9721
multi,0.9774
corresponding,0.9714
technique opt,0.9746
resemblance,0.9726
importantly,0.9740
incorporate,0.9737
sophisticated,0.9718
opt metal using,0.9710
ph metal,0.9723
layer aug,0.9726
however input,0.9711
process single,0.9731
similarity siam,0.9745
deep neural,0.9743
buffer,0.9719
pursuit,0.9733
tolerance,0.9731
algorithm raj,0.9719
precise,0.9720
metal procedure learn,0.9705
well reducing,0.9721
using,0.9718
split,0.9712
al related technique,0.9707
core,0.9722
category,0.9753
approach address,0.9718
grouped,0.9762
technique rely,0.9719
opt setting,0.9710
malik,0.9705
shifting,0.9711
paradigm,0.9754
basel technique opt,0.9748
task specific,0.9724
inner opt additionally,0.9735
method,0.9793
instead training,0.9709
technique need,0.9714
initial,0.9701
approach however,0.9705
altered,0.9711
decimal,0.9736
fashion hence,0.9727
rule,0.9740
application deep,0.9710
per form nearest,0.9701
system ipa,0.9729
fact directly opt,0.9736
rule opt mali,0.9704
processed,0.9706
predicting,0.9774
contrast basel,0.9744
factor,0.9740
decision,0.9717
module,0.9760
vector nic,0.9721
al problem visual,0.9711
limiting,0.9755
effectively,0.9727
accord,0.9709
generally use,0.9709
technique domain,0.9716
reader,0.9722
limit,0.9739
per form low,0.9718
extraction,0.9750
standard,0.9735
matching give,0.9724
modeled,0.9745
algorithm led,0.9726
input need,0.9706
since learning,0.9703
al exposing model,0.9732
dependence,0.9742
specifically proposed,0.9716
model initial,0.9726
based reinforcement,0.9724
rent neural,0.9713
plastic,0.9755
aspect,0.9724
problem,0.9702
connecting,0.9712
comparison may,0.9750
sequence,0.9712
coincide,0.9709
throughout adopt taxonomy,0.9718
data bench,0.9717
however simpler,0.9701
burr,0.9701
al apply technique,0.9702
inaccurate,0.9715
system,0.9714
hyper,0.9739
producing,0.9700
adjust,0.9750
testing,0.9763
architectural,0.9711
phase learning,0.9707
vary,0.9752
biological plausible downs,0.9711
embedded,0.9767
model proceeds,0.9728
weighted,0.9760
regression ml metal,0.9765
derivative ignored,0.9746
pivotal,0.9733
model con,0.9748
transfer,0.9737
syn learning,0.9715
requires,0.9727
opt meta,0.9724
case reinforcement,0.9745
resulting,0.9707
approach scale,0.9760
problem metal,0.9746
regime,0.9733
downs approach,0.9733
based rec,0.9731
broad sense limiting,0.9749
investigating,0.9700
flow,0.9768
os conclusion rep,0.9702
defining,0.9702
contrast,0.9753
resembles,0.9737
observation,0.9740
opt see,0.9707
fused,0.9737
approach,0.9710
argument,0.9711
deep metal obtained,0.9703
instead sampling,0.9722
network rely,0.9703
res ti approach,0.9722
importantly developed,0.9703
scala,0.9734
method categorized,0.9706
sim similarity,0.9749
coherent,0.9733
insight,0.9762
activation,0.9733
era ability trained,0.9702
mold,0.9738
hence use,0.9725
absorbed,0.9725
nicely,0.9721
meta bench,0.9743
model towards,0.9729
fashion hence os,0.9707
fusion,0.9739
relation hui,0.9708
gao,0.9705
beneficial,0.9727
kala,0.9729
dense expo tia,0.9714
empirical,0.9751
easiest,0.9717
discussion,0.9704
facilitate,0.9725
principle,0.9763
j model initial,0.9707
allowing,0.9746
retrieve,0.9733
opt li,0.9717
sub contrast basel,0.9742
en model,0.9711
opt standard,0.9703
multitude task,0.9709
mach,0.9705
constrained,0.9744
task seen,0.9712
process,0.9719
yielding,0.9709
mitchell need bias,0.9712
context called,0.9724
algorithm guided,0.9716
meta using,0.9758
usage,0.9720
task important,0.9704
idea generalized,0.9712
coupled,0.9755
behavior,0.9766
feedback,0.9779
basel approach,0.9716
opt basel,0.9725
comparison,0.9816
opt batch,0.9714
additionally proto,0.9706
interpretation,0.9723
however approach,0.9701
instead learning,0.9713
interval backbone,0.9756
fixed,0.9705
assumption,0.9770
transition,0.9810
memory,0.9722
however practice gradient,0.9705
fearing,0.9709
directly,0.9718
batch,0.9702
weight exploited presented,0.9708
task containing,0.9710
framework,0.9755
tailored,0.9715
useful,0.9749
reaction,0.9724
concept proceeding,0.9711
fig relationship covered,0.9721
gan disadvantage,0.9712
mach learn,0.9720
criterion,0.9747
combining,0.9738
system leverage,0.9738
also attempt,0.9712
rep learning trajectory,0.9731
opt di,0.9724
technique related,0.9705
size,0.9700
opt however,0.9736
phase learned,0.9711
model however,0.9703
adjustment,0.9759
stimulated,0.9732
performance due method,0.9710
phase,0.9749
based,0.9740
computational however,0.9720
scale,0.9712
input,0.9716
tier ci,0.9717
due simplicity,0.9701
process primarily,0.9759
technique related express,0.9733
obvious,0.9711
parameter basel,0.9719
infinite,0.9725
zen,0.9705
setting investigating,0.9705
licence,0.9701
opaque,0.9721
largest,0.9705
problem mann external,0.9706
gradient expression metal,0.9734
squared,0.9722
snail attention mechanism,0.9709
using principle,0.9714
opt lower,0.9701
summarized,0.9736
concluding,0.9707
label using,0.9701
kernel,0.9734
structured,0.9766
spec every,0.9722
snail applied supervised,0.9704
opt metal,0.9722
leverage,0.9769
encoded,0.9701
interacting,0.9739
contrast siam,0.9793
model technique despite,0.9727
suitable,0.9746
neural,0.9757
belief,0.9715
al note hyper,0.9705
alphabet,0.9750
affect,0.9746
embedded using,0.9723
absorb,0.9701
carrier,0.9722
regression,1.0000
compared,0.9725
case preserve,0.9710
mechanism,0.9777
setting,0.9718
diverse,0.9721
idea predicting,0.9708
technique operate,0.9743
problematic,0.9768
system broader,0.9734
implying,0.9733
al application,0.9701
solution,0.9740
investigating use,0.9716
though use,0.9714
network sub siam,0.9713
vis setting,0.9726
rely,0.9709
practice,0.9713
reducing,0.9707
weight,0.9702
procedure metal,0.9726
mechanism coupled,0.9733
furthermore,0.9701
pan,0.9727
notion,0.9753
vector wu,0.9753
labeled,0.9759
specific,0.9773
final layer,0.9717
task,0.9732
system curran,0.9753
opt exposed,0.9704
area machine,0.9745
outer performance,0.9700
lever,0.9737
performance across,0.9719
crafted,0.9719
augmented deep,0.9722
model goal,0.9717
focus,0.9740
tool,0.9715
circle,0.9721
predicted,0.9713
interval,0.9709
al linear su,0.9701
basel approach dubbed,0.9741
opt optimization,0.9709
understanding,0.9711
thus affect,0.9709
presumably,0.9715
rule opt,0.9717
cluster nicely,0.9713
clear technique model,0.9727
due method improvement,0.9753
approach dubbed,0.9759
pattern,0.9783
os conclusion,0.9722
conditioned,0.9709
upon idea siam,0.9729
basis,0.9776
lever prior,0.9713
meta called,0.9706
connection,0.9741
nodes,0.9701
problem meta,0.9725
investigation,0.9721
dependency,0.9802
meta,0.9766
al technique reinforcement,0.9736
diagnosis,0.9738
meta use largest,0.9717
dime,0.9715
based deep,0.9713
furthermore task,0.9705
stat trained,0.9708
md learning,0.9723
model technique restricted,0.9715
terminology,0.9807
case learning,0.9765
solution single,0.9710
metal learning rule,0.9730
jurisdiction,0.9740
dense,0.9733
resulting em,0.9705
mi vector,0.9707
vector wu least,0.9723
require,0.9728
type,0.9749
partition,0.9703
multiple,0.9713
approach quite,0.9714
input using,0.9709
intuitive,0.9753
closest,0.9706
suggests,0.9712
proto,0.9722
bias,0.9780
specifically prediction computed,0.9710
meta opt trained,0.9725
setup,0.9754
test hyper basel,0.9731
instead scala,0.9713
using architecture evaluated,0.9708
sampling,0.9746
prediction despite,0.9718
mechanism focus,0.9744
architecture involved component,0.9727
depending,0.9728
instead individual,0.9714
categorized,0.9754
important,0.9712
demand,0.9708
transform,0.9777
task rag,0.9708
model attempt,0.9767
approach term,0.9777
method improvement,0.9729
rule contrast,0.9739
era deep,0.9704
opt additionally,0.9707
tune,0.9714
perspective,0.9766
manipulation,0.9702
instead distinct,0.9723
typically,0.9705
facilitated,0.9742
experiment,0.9701
degradation,0.9718
characterized,0.9715
resulting ones,0.9723
context,0.9710
collapse,0.9735
importance,0.9708
soy,0.9718
compare,0.9728
response,0.9741
mechanism va,0.9744
horizon,0.9712
model,0.9710
prediction,0.9808
comparing,0.9738
update correspond basel,0.9705
reinforcement,0.9727
dependent,0.9760
validation,0.9739
holder,0.9701
sub siam,0.9712
dimensional,0.9783
classify,0.9775
exploited,0.9719
additionally input,0.9709
difficult,0.9709
meta used,0.9729
hidden layer,0.9719
key observation neural,0.9702
instead step,0.9716
pseudo,0.9712
specifically prediction,0.9754
input specific,0.9724
additionally finding,0.9706
technique underlying,0.9709
remark,0.9712
descent,0.9731
problem mann,0.9706
appealing,0.9745
etc simplicity,0.9729
inference,0.9787
per form well,0.9703
vis learning sl,0.9708
extend,0.9711
differentiate,0.9742
measuring,0.9738
tr due random,0.9742
flexible,0.9744
requirement,0.9742
remembered model technique,0.9736
instead pre,0.9709
survey,0.9702
biased,0.9763
suggested,0.9718
tri,0.9720
significantly,0.9725
opt achieving,0.9721
conditioning,0.9747
instead tasks,0.9709
rec rent neural,0.9732
model third,0.9705
process summarized,0.9724
coding,0.9793
deep model,0.9718
application,0.9766
md case,0.9728
processing,0.9798
meta use,0.9724
resulting hui,0.9718
training,0.9706
section taking,0.9724
distance,0.9723
sy,0.9717
data metal,0.9750
test specifically,0.9705
task diverse,0.9713
unable,0.9712
minimal,0.9707
approximation bay,0.9720
task opt,0.9701
instead maxim,0.9709
overcome,0.9707
network weight,0.9747
enabling,0.9755
en system leverage,0.9727
alter,0.9710
based particle,0.9709
adaptive levin,0.9737
granting,0.9706
rus,0.9704
capture,0.9703
class feature,0.9708
meta continual learning,0.9703
network learning,0.9773
h meta learning,0.9759
word learning,0.9710
learning transfer,0.9728
data learning,0.9768
step learning,0.9712
state meta learning,0.9727
transfer learning,0.9757
metric learning,0.9741
meta x learning,0.9732
meta learning,1.0000
self learning,0.9713
r meta learning,0.9720
sense parameter learning,0.9711
visual rep learning,0.9739
multi learning,0.9757
set learning,0.9722
speed learning,0.9701
goal learning,0.9809
layer learning,0.9725
task learning,0.9801
inference learning,0.9788
parameter learning,0.9767
