Word,Similarity
learning introduction task,0.9743
standard classification,0.9764
system need,0.9725
following research question,0.9717
models,0.9742
automatic genus,0.9728
tuning,0.9728
system metal,0.9719
data employed,0.9710
bias,0.9723
method recommendation,0.9734
although trend,0.9701
evaluation prominent,0.9726
system ranked,0.9749
metal system taking,0.9724
regarding method,0.9745
algorithm beside,0.9709
ability,0.9706
survey kn,0.9705
advantage using,0.9704
class selection however,0.9719
classification x,0.9721
structured follows,0.9718
similarly emphasis,0.9703
liz knowledge obtained,0.9703
classification ib,0.9739
expectation maxi performance,0.9701
gap,0.9707
selection classification,0.9700
analyzed,0.9709
leverage,0.9704
categorized competitive term,0.9732
metric tough condition,0.9717
categorized competitive,0.9753
advantage,0.9712
data upon,0.9718
system beside,0.9711
classification task,0.9741
ordering,0.9738
identifying,0.9714
classification task prior,0.9751
perspective,0.9721
interface,0.9704
category,0.9777
among candi experiment,0.9715
performance classification,0.9774
landmark measure,0.9706
survey show,0.9720
linking nearest,0.9709
task typical,0.9708
typically,0.9702
although relevant study,0.9709
classification,1.0000
defined denotes classification,0.9710
choice,0.9764
based rely distribution,0.9726
neighbor classification pat,0.9726
cluster approach,0.9702
data regarded,0.9714
candidate classification,0.9750
preference,0.9754
data upon meta,0.9711
system first,0.9714
data hind rigorous,0.9705
factor,0.9727
model,0.9760
module,0.9702
classification cal,0.9874
work compared,0.9714
classify,0.9730
system contrary,0.9720
specific,0.9720
categorized top,0.9751
ex knowledge first,0.9701
task,0.9709
step involved construction,0.9715
selection recommendation,0.9717
ri particular task,0.9713
condition,0.9700
selection presented,0.9701
comparison,0.9779
employed literature classification,0.9703
task depends,0.9710
potentially mari table,0.9702
especially data fairly,0.9701
automatic genus ti,0.9752
task preferred,0.9742
system taking,0.9755
model initial,0.9705
metal system,0.9708
line regarding performance,0.9725
classification pat,0.9785
meta developing metal,0.9726
bias landmark considered,0.9752
alonso ph classification,0.9713
measuring,0.9721
paradigm called,0.9702
data represented,0.9704
requirement,0.9703
rq learning,0.9720
pattern,0.9725
data characteristic,0.9703
using data,0.9714
classification al,0.9771
formulation novel,0.9704
method term,0.9705
system,0.9731
model selection,0.9707
conclusion,0.9713
automatic selection,0.9712
shown classification,0.9726
merit,0.9719
task however,0.9701
recommendation,0.9700
classification ti,0.9802
testing,0.9720
individual measure across,0.9721
recommended task,0.9748
weakness,0.9721
distance,0.9712
human factor,0.9718
phase,0.9702
based,0.9711
data identifying,0.9723
candidate classification al,0.9732
evaluation following,0.9735
especially data,0.9720
recommended system,0.9734
performance class,0.9713
assessing sent classification,0.9792
type,0.9710
kn neighbor training,0.9719
algorithm choice,0.9734
based ml,0.9712
data involves,0.9734
het employed meta,0.9709
multiple,0.9713
project,0.9737
models,0.9707
flex,0.9718
characteristic using,0.9719
automatic genus,0.9766
similarity,0.9746
integrated,0.9716
tuning,0.9731
system metal,0.9732
micro,0.9712
algorithm ml,0.9717
quantitative,0.9735
approach meta,0.9737
bias,0.9780
method recommendation,0.9703
infinite,0.9725
metadata penal,0.9708
multi,0.9774
setup,0.9754
definition,0.9750
flow,0.9768
ter figure rice,0.9724
largest,0.9705
due variation,0.9712
method famous,0.9739
problem contrary,0.9751
evaluation prominent,0.9743
metal system taking,0.9728
sampling,0.9746
corresponding,0.9714
moreover performance,0.9708
definition tough,0.9708
algorithm beside,0.9700
system adopt,0.9751
neighbor,0.9701
particular,0.9707
method multi,0.9735
kn approach,0.9736
incorporating meta,0.9748
costly,0.9737
problem certain,0.9729
incorporate,0.9737
significance,0.9727
method nevertheless,0.9708
based meta,0.9718
steer,0.9713
categorized,0.9754
considered,0.9732
similarly emphasis,0.9720
summarized,0.9736
important,0.9712
demand,0.9708
diversified,0.9700
approach,0.9710
selection metal,0.9726
liz knowledge obtained,0.9704
focused,0.9710
collaboration,0.9731
se learning,0.9718
meta advantage,0.9700
indication,0.9709
structured,0.9766
system meta,0.9744
based method al,0.9705
micro data,0.9706
analyzed,0.9764
leverage,0.9769
rigorous,0.9746
precise,0.9720
specialized,0.9739
system beside,0.9705
model ob,0.9729
consideration,0.9731
selection ti,0.9735
standard diverse,0.9712
measure candi,0.9705
suggesting,0.9741
using,0.9718
tune,0.9714
ordering,0.9728
identifying,0.9724
suitable,0.9746
seminal model,0.9721
neural,0.9757
tackled,0.9716
generic multi,0.9745
emphasis,0.9761
core,0.9722
perspective,0.9766
interface,0.9765
prominent method,0.9746
manipulation,0.9702
problem specific,0.9736
category,0.9753
consequently lack,0.9702
grouped,0.9762
problem considered,0.9703
boundary,0.9711
incorporating,0.9746
landmark measure,0.9720
algorithm bench,0.9708
affect,0.9746
typically,0.9705
paradigm,0.9754
candi research,0.9711
experiment,0.9701
regression,1.0000
data like,0.9703
compared,0.9725
fusion,0.9739
dimensional includes,0.9718
meta generation,0.9704
visiting,0.9700
using micro,0.9715
method,0.9793
algorithm nearest,0.9736
diverse,0.9721
complementary,0.9778
data dimensional,0.9710
method prior,0.9704
context,0.9710
theoretically,0.9733
based rely distribution,0.9724
method ac,0.9713
task whereas,0.9716
workshop,0.9720
aging,0.9706
initial,0.9701
cluster approach,0.9758
empirical,0.9751
certain,0.9732
rule,0.9740
se approach,0.9705
preference,0.9708
like prior,0.9720
discussion,0.9704
ri approach,0.9747
fixed data however,0.9712
principle,0.9763
data upon meta,0.9713
importance,0.9708
experiment landmark,0.9743
rely,0.9709
theoretically analyzed,0.9720
relatively,0.9704
compare,0.9728
problem employed,0.9702
predicting,0.9774
essence,0.9703
factor,0.9740
problem enable,0.9704
decision,0.9717
furthermore,0.9701
evidence significance,0.9702
model,0.9710
module,0.9760
prediction,0.9808
method slightly,0.9707
comparing,0.9738
characteristic meta,0.9729
classification cal,0.9728
dependent,0.9760
based rely,0.9709
mach,0.9705
validation,0.9739
accord,0.9709
process,0.9719
dimensional,0.9783
multi based ml,0.9704
similarly various,0.9711
classify,0.9775
system contrary,0.9741
package,0.9705
problem commonly,0.9721
labeled,0.9759
specific,0.9773
survey meta,0.9702
frequency,0.9763
significant,0.9708
difficult,0.9709
incorporating meta candi,0.9705
tackle,0.9713
data ne,0.9708
task,0.9732
analyze,0.9748
data able,0.9720
method relating,0.9769
selection recommendation,0.9706
comparatively,0.9701
meta used,0.9729
data structural,0.9733
sal approach,0.9715
meta employed,0.9714
utilize,0.9766
lever,0.9737
extraction,0.9750
standard,0.9735
using initially study,0.9701
like instance,0.9701
data multi,0.9733
rec figure,0.9717
loren,0.9722
inclusion,0.9707
technique identifying,0.9718
based ml ri,0.9703
seminal model based,0.9731
comparison,0.9816
focus,0.9740
broad application machine,0.9728
holm procedure,0.9723
tool,0.9715
automatic genus ti,0.9701
task preferred,0.9715
structural,0.9775
system taking,0.9746
ratio meta,0.9745
predicted,0.9713
method based,0.9701
problem promising,0.9738
specific characteristic,0.9736
model initial,0.9726
metal system ing,0.9709
linking,0.9756
fixed,0.9705
analysis show,0.9716
bench however study,0.9702
problem,0.9702
commonly,0.9730
method moreover,0.9701
method cal,0.9772
independently,0.9753
memory,0.9722
understanding,0.9711
method al,0.9716
method lit,0.9747
directly,0.9718
extend,0.9711
characteristic,0.9725
suitable selection,0.9735
measuring,0.9738
framework,0.9755
cid,0.9704
requirement,0.9742
method offer,0.9711
induction,0.9796
selection comb,0.9706
based notation,0.9710
algorithm ml trained,0.9717
fold cross,0.9736
accordance,0.9729
survey,0.9702
problem fold,0.9782
test ri,0.9705
rq learning,0.9723
standalone,0.9713
useful,0.9749
interest,0.9730
pattern,0.9783
data characteristic,0.9780
methods,0.9794
based naive,0.9714
prediction single,0.9722
varies,0.9721
formulation novel,0.9743
method term,0.9789
system,0.9714
mach learn,0.9720
criterion,0.9747
model selection,0.9766
data metal ml,0.9712
method largely,0.9767
properly,0.9720
like rule based,0.9709
problem meta,0.9725
data anal,0.9702
hyper,0.9739
dependency,0.9802
analysis,0.9723
recommendation,0.9744
meta,0.9766
coverage,0.9700
generation,0.9730
like neural,0.9704
application,0.9766
sy methodology,0.9726
adjust,0.9750
testing,0.9763
pinto,0.9709
size,0.9700
problem fold cross,0.9746
meta categorized,0.9709
bas,0.9722
bias landmark,0.9711
ti problem,0.9752
boost,0.9739
vary,0.9752
recommended task,0.9703
meta regarding,0.9731
filter,0.9780
training,0.9706
geometric,0.9713
dime,0.9715
problem regard,0.9702
meta related,0.9723
method survey,0.9732
distance,0.9723
limitation,0.9726
embedded,0.9767
transforming,0.9713
expert,0.9727
sy,0.9717
data metal,0.9750
approach meta merit,0.9737
fold,0.9751
techniques,0.9762
method meta,0.9718
traveling,0.9727
based metal,0.9717
phase,0.9749
based,0.9740
minimal,0.9707
motivation,0.9761
si multiple,0.9717
also paradigm,0.9719
algorithm latest,0.9723
transfer,0.9737
especially data,0.9734
based meta employed,0.9745
overcome,0.9707
framed,0.9700
thus specialized,0.9719
meta organized,0.9734
lit,0.9725
characterization metal,0.9704
automated,0.9730
specifically choice,0.9700
input,0.9716
bas complexity,0.9720
filtering,0.9771
requires,0.9727
type,0.9749
com posed method,0.9736
algorithm choice,0.9714
based ml,0.9714
lab,0.9714
problem metal,0.9746
capture,0.9703
rec transformed,0.9716
meta knowledge,1.0000
construction meta database,0.9758
rec knowledge database,0.9708
meta database,0.9814
form meta database,0.9721
algorithm knowledge database,0.9843
recommendation knowledge database,0.9787
data meta database,0.9823
ratio meta database,0.9739
meta multiple,0.9711
data meta,0.9738
meta feature,0.9809
data meta feature,0.9756
meta learning,1.0000
step meta learning,0.9795
self learning,0.9713
process meta learning,0.9729
concept learning,0.9879
result learning,0.9756
applied learning,0.9758
lazy learning,0.9718
based learning,0.9701
database learning,0.9799
process learning,0.9825
core concept learning,0.9728
metric learning,0.9741
competence learning,0.9772
meta process learning,0.9781
information learning,0.9783
multi learning,0.9757
mapping learning,0.9714
