Word,Similarity
learning task,1.0000
utilized metal,0.9723
using training,0.9761
procedure showing,0.9719
data diverse,0.9724
identification triple,0.9705
addressing,0.9701
structured follows,0.9718
b overs model,0.9701
facilitated distance,0.9744
directions,0.9711
classification,1.0000
regardless,0.9709
model,0.9760
data based,0.9706
characteristics,0.9757
classification model,0.9741
style,0.9725
classification task,0.9741
overall model,0.9719
testing,0.9720
bias,0.9723
specifically models,0.9728
performance class,0.9713
position,0.9711
thus promoting,0.9718
classification model trained,0.9712
based cross,0.9714
overs model,0.9738
despite effectiveness,0.9716
factors across,0.9705
orders,0.9712
model expected,0.9734
conditions,0.9754
power,0.9723
calculations,0.9719
models,0.9742
survey examined,0.9751
person reid training,0.9702
gap,0.9707
based ml,0.9712
choice,0.9764
domains crucial goal,0.9748
data comprises,0.9720
requirement,0.9703
arises model,0.9740
data containing,0.9715
data characterized,0.9710
processing,0.9724
diagnostic using,0.9721
overs scenarios,0.9731
task however,0.9701
enabling general across,0.9708
model encouraged,0.9734
conclusions,0.9712
although training complexity,0.9722
leverage,0.9704
pattern,0.9725
regardless style,0.9709
overs scenarios metal,0.9719
era using,0.9718
methods identify,0.9701
system,0.9731
survey examined diverse,0.9708
distances fully exploit,0.9720
distances metal,0.9738
al explored application,0.9704
module,0.9702
samples within,0.9701
interface,0.9704
model however,0.9706
paradigm distinctive feature,0.9730
distances model encouraged,0.9749
difficulties,0.9706
systems trip,0.9714
comparison da,0.9721
comparison,0.9779
phase,0.9702
perspective,0.9721
balancing,0.9712
model excessive,0.9736
systems used,0.9726
data includes,0.9708
data focus,0.9701
model involves,0.9708
model entire,0.9743
thus improving,0.9715
systems used da,0.9739
models compared,0.9723
eliminating need,0.9715
models emphasize,0.9743
models employ,0.9721
specific,0.9720
explanation,0.9728
based,0.9711
although training,0.9712
effectively integrating,0.9705
performance across,0.9714
instances within,0.9727
model selection,0.9707
factor,0.9727
ability,0.9706
practice due,0.9711
data whereas,0.9705
task,0.9709
models employing,0.9704
survey offers,0.9714
diagnosis rolling bearing,0.9718
factors across various,0.9708
task particularly,0.9723
problem addresses,0.9705
era using meta,0.9715
analyzed,0.9709
classify,0.9730
calculation,0.9750
procedures cover wide,0.9705
specifically classification,0.9733
da examined studies,0.9710
performance faced,0.9741
weaknesses,0.9708
modification,0.9710
methods differ,0.9707
class soft,0.9704
including hand,0.9737
context ultimately utilize,0.9701
recognition additionally serve,0.9721
identifying,0.9714
model shifts,0.9701
gaps,0.9712
model comprising,0.9757
models crucial metal,0.9713
allowing models trained,0.9722
application summarized,0.9725
method categorized un,0.9722
overs model excessive,0.9712
essential models,0.9711
distance,0.9712
classification model noted,0.9730
grouping,0.9782
directly,0.9718
certain variation,0.9721
categorized,0.9754
zen,0.9705
important,0.9712
survey focusing,0.9705
suitable het,0.9743
proper,0.9716
viewed,0.9718
encoding,0.9757
vary,0.9752
via enhancing,0.9711
data metal,0.9750
incorporating,0.9746
using training,0.9720
data maxim,0.9746
costly,0.9737
data diverse,0.9701
identification triple,0.9757
focuses,0.9702
transferring,0.9727
model adapting,0.9712
insights,0.9709
method categorized,0.9706
flow,0.9768
addressing,0.9752
intervention,0.9727
directions,0.9714
using bay,0.9711
certain,0.9732
ml due opt,0.9766
consequently crucial,0.9715
varied,0.9721
however risk,0.9701
diagram,0.9730
effectively,0.9727
spur,0.9704
arises model efficient,0.9706
understanding,0.9711
contrasting,0.9750
sampling,0.9746
ing approach alleviate,0.9731
affect,0.9746
adjust,0.9750
divide,0.9737
data xi,0.9703
model,0.9710
lever,0.9737
paradigm real,0.9711
def forgetting classification,0.9713
predictions,0.9718
methods aim,0.9711
directions survey,0.9704
properly,0.9720
imaging,0.9774
essentially,0.9736
intuitive,0.9753
gao,0.9705
instead directly,0.9701
workshop,0.9720
input,0.9716
splits,0.9793
conclusions metal,0.9704
contrast,0.9753
resulting,0.9707
using,0.9718
particularly existing,0.9719
encompasses,0.9730
data based,0.9739
setting,0.9718
learning paradigm,0.9745
using ad,0.9721
allowing,0.9746
vitro,0.9716
program,0.9703
derived,0.9719
assessment,0.9766
automated,0.9730
sensitivity,0.9727
significance,0.9727
term trained using,0.9709
characteristics,0.9718
solution single,0.9710
characteristic design,0.9716
classification model,0.9715
using meta advances,0.9705
due opt,0.9753
style,0.9734
instead adapt,0.9719
decision,0.9717
models maximize,0.9720
testing,0.9763
bias,0.9780
diagnostic,0.9707
specifically models,0.9713
enabling,0.9755
system con,0.9732
compared,0.9725
essence,0.9703
corresponding,0.9714
multi,0.9774
mechanism,0.9777
hyper,0.9739
prefer,0.9717
thus promoting,0.9723
classification model trained,0.9724
ambiguous,0.9728
system general,0.9705
standard,0.9735
discussion,0.9704
mas suggests,0.9724
structural,0.9775
due variations,0.9711
particularly,0.9703
implying,0.9733
hypothesis,0.9774
crucial sentiment,0.9711
perspective multi,0.9735
paradigm resulting,0.9759
paradigm introduced,0.9746
based cross,0.9719
resembles,0.9737
batch,0.9702
slots,0.9701
data highly,0.9715
theories,0.9758
overs model,0.9715
opt multiple,0.9759
process includes,0.9706
method exhaust,0.9758
investigating,0.9700
market,0.9717
model expected,0.9751
form per,0.9705
requires,0.9727
significantly,0.9725
hyper used,0.9708
conditions,0.9714
residual,0.9764
instability,0.9811
paradigm distinctive,0.9718
applications employed,0.9709
calculations,0.9747
synthetic,0.9750
dimensions,0.9730
particular,0.9707
models,0.9707
survey metal,0.9717
pan,0.9727
activation,0.9733
using causal,0.9738
survey examined,0.9701
inference,0.9787
prediction,0.9808
weight,0.9702
scale,0.9712
inherently,0.9713
model multiple,0.9732
catastrophic,0.9715
evident,0.9754
domain contrast,0.9734
data large,0.9713
interest,0.9730
focus,0.9740
bounds,0.9721
filter,0.9780
rely,0.9709
extract trained,0.9722
particular recent,0.9707
diverse,0.9721
data leading,0.9720
boyer,0.9711
utilize,0.9766
based ml,0.9714
procedures,0.9731
characterized,0.9715
approach alleviate,0.9752
fundamental concepts,0.9701
regression,1.0000
importance,0.9708
concepts,0.9761
reinforcement,0.9727
applicable deep,0.9726
requirement,0.9742
models ability,0.9722
transfer,0.9737
novel ad domain,0.9737
assumption,0.9770
arises model,0.9752
pivotal,0.9733
streamlined,0.9736
discussing,0.9708
task defined specific,0.9712
survey,0.9702
neural,0.9757
memory metal,0.9704
processing,0.9798
application,0.9766
model avoids,0.9753
specifically models achieve,0.9708
methods underlying,0.9701
similarity,0.9746
extraction,0.9750
diagnostic using,0.9713
due domain,0.9734
models tends,0.9738
techniques,0.9762
axes,0.9743
using meta incorporates,0.9707
degradation,0.9718
problems,0.9714
spectrum,0.9736
method motivation,0.9723
methods specifically framework,0.9714
model encouraged,0.9734
essentially transfer,0.9722
purposes,0.9706
requiring,0.9733
systems long,0.9743
fundamental,0.9742
meta,0.9766
bench neural,0.9707
like market,0.9701
boost,0.9739
models crucial,0.9752
moreover metal,0.9724
data based original,0.9704
methods utilize,0.9722
leverage,0.9769
pattern,0.9783
data homogeneous,0.9750
model perceive,0.9746
overs scenarios metal,0.9720
broadly,0.9758
sensor,0.9742
particularly model,0.9730
method recent,0.9783
system,0.9714
context,0.9710
scenarios single,0.9713
rotation,0.9785
simulation,0.9750
opt meta,0.9724
tar,0.9721
depending,0.9728
settings approaches along,0.9706
practice,0.9713
tri,0.9720
integrating,0.9786
advantages,0.9720
al explored application,0.9711
approach mad,0.9708
cid,0.9704
descent,0.9731
module,0.9760
beta,0.9704
memory,0.9722
model general primary,0.9706
motivation,0.9761
tool,0.9715
distinguishing,0.9754
accurately,0.9702
proficient,0.9718
interface,0.9765
softer,0.9714
structured,0.9766
model however,0.9703
distances model encouraged,0.9740
natural,0.9713
difficulties,0.9754
demonstrates,0.9703
general integration di,0.9708
instead tasks,0.9709
systems trip,0.9742
significant,0.9708
comparison da,0.9767
comparison,0.9816
suitable,0.9746
phase,0.9749
essential classify,0.9704
multiple,0.9713
spanning,0.9727
distinctive,0.9731
perspective,0.9766
induction,0.9796
specific large,0.9701
scala,0.9734
balancing,0.9766
struggle,0.9716
method recognizing,0.9705
temperature,0.9732
interpretation,0.9723
approach sim late,0.9702
data multi,0.9733
model excessive,0.9749
definition,0.9750
pd metal,0.9715
semantic,0.9805
weighted,0.9760
learning dal extract,0.9706
systems used,0.9710
tasked,0.9730
data focus,0.9729
diagnosis,0.9738
framework sequential,0.9709
bailey,0.9708
model involves,0.9733
properties,0.9730
capture,0.9703
initial,0.9701
reversal layer,0.9756
furthermore,0.9701
techniques focus,0.9735
model entire,0.9721
prevalent,0.9703
traditional resource address,0.9706
consequently phase,0.9712
indicator,0.9715
principle,0.9763
systems used da,0.9706
models compared,0.9705
consequently significant,0.9708
causal,0.9779
labeled,0.9759
however requires,0.9706
models emphasize,0.9729
models employ,0.9740
compression,0.9821
models evident,0.9768
basis,0.9776
separation,0.9750
visually,0.9701
models sensitivity,0.9715
beneficial utilize,0.9723
tailored,0.9715
specific,0.9773
explanation,0.9754
based,0.9740
processed,0.9706
posture,0.9723
effectively integrating,0.9725
performance across,0.9719
instances within,0.9706
models achieve,0.9714
lighting,0.9717
model selection,0.9766
require,0.9728
furthermore survey,0.9728
hardest,0.9706
factor,0.9740
sim learning,0.9726
tasked predicting,0.9702
data transferring,0.9716
data synthetic,0.9738
intra mini paradigm,0.9732
similarities,0.9711
model con,0.9748
generation,0.9730
labeling,0.9769
inter distances mini,0.9714
proto,0.9722
minimal,0.9707
distinguish,0.9732
sole,0.9720
fixed,0.9705
data whereas,0.9740
mechanisms,0.9804
mas approach,0.9703
task,0.9732
shaping,0.9718
overcome,0.9707
method,0.9793
complementary,0.9778
directions survey examined,0.9704
recognizing,0.9709
method considers,0.9702
viewpoint,0.9750
utilizing,0.9730
paradigm highlighting similarities,0.9703
framework,0.9755
validation,0.9739
overs arises model,0.9723
crucial balance,0.9722
inadvertently,0.9705
layer meta,0.9700
models employing,0.9761
specifically framework,0.9719
suggests,0.9712
exploited,0.9719
empirical,0.9751
qin,0.9736
methods like,0.9717
falls,0.9703
preserves,0.9701
split,0.9712
combining,0.9738
problem addresses,0.9734
intention,0.9715
methods,0.9794
era using meta,0.9707
solution,0.9740
analyzed,0.9764
model diverse,0.9713
analysis,0.9723
classify,0.9775
calculation,0.9770
paradigm highlighting,0.9719
process,0.9719
commonly,0.9730
using meta,0.9719
approach,0.9710
framework illustrating,0.9705
specifically classification,0.9746
dependent,0.9760
weaknesses,0.9725
modification,0.9742
sentiment,0.9714
class soft,0.9702
confuse,0.9734
al leverage meta,0.9712
facilitated,0.9742
data bench,0.9717
methods tailored,0.9701
technique minimize,0.9703
facilitate,0.9725
characteristic,0.9725
settings,0.9755
models robust,0.9715
focused,0.9710
distances approach,0.9733
instead example,0.9732
beneficial,0.9727
treatment,0.9705
paradigm,0.9754
limitation,0.9726
harness,0.9730
incorporate,0.9737
integration di,0.9761
method lead,0.9700
transform,0.9777
instead individual,0.9714
identifying,0.9724
model shifts,0.9764
methods specifically,0.9760
notably,0.9708
gaps,0.9703
model comprising,0.9759
however assumption,0.9730
predicting,0.9774
crucial,0.9753
case ml,0.9732
allowing models trained,0.9704
applications taxon,0.9702
treated,0.9708
model prior,0.9727
problem,0.9702
constraints,0.9766
splitting,0.9749
patterns,0.9746
overs model excessive,0.9742
phase opt,0.9718
limiting,0.9755
capability,0.9705
highlighting,0.9733
deep neural,0.9743
essential models,0.9723
extract capable han,0.9711
maha,0.9704
data like,0.9703
considered,0.9732
integration,0.9721
distortion,0.9738
methods mainly,0.9725
fault diagnosis,0.9701
measurement,0.9807
rotating,0.9723
surveillance,0.9701
summarized,0.9736
distance,0.9723
incorporating triple,0.9720
grouping,0.9738
training,0.9706
domain knowledge,0.9718
information knowledge,0.9748
interaction knowledge,0.9752
process knowledge,0.9779
meta feature,0.9809
parameters feature,0.9732
meta meta feature,0.9739
domain features mini,0.9711
encompasses feature,0.9767
meta features,1.0000
domain features feature,0.9732
layers features,0.9743
figure information meta,0.9704
inner loop learning,0.9725
loop learning,0.9832
general learning,0.9729
human concept learning,0.9775
learning transfer,0.9728
meta learning,1.0000
domain general learning,0.9754
cross general learning,0.9734
domains learning,0.9776
multi learning,0.9757
concept learning,0.9879
inspired representation learning,0.9719
feature learning,0.9733
interaction knowledge,0.9705
transfer learning,0.9757
performance learning,0.9715
gradient learning,0.9790
outer loop learning,0.9756
metric learning,0.9741
process learning,0.9825
sequential learning,0.9741
validation test,0.9702
process distinguishing mini,0.9712
method categorized,0.9743
performance model across,0.9732
characteristic design principle,0.9731
problem related,0.9700
enabling model general,0.9704
ing approach alleviate,0.9748
phase model,0.9743
strategies using,0.9701
data based,0.9711
bias help,0.9731
method detail,0.9738
data model,0.9722
task model,0.9766
characteristic design,0.9742
classification model,0.9800
strategy method,0.9852
strategies using metal,0.9729
approach encompasses,0.9715
promising approach,0.9730
bias guide,0.9728
specific test,0.9751
classification model trained,0.9770
unique solution,0.9714
method employed,0.9742
process includes,0.9734
method exhaust,0.9715
model expected,0.9705
strategy approach,0.9783
approach particular used,0.9719
inter distances method,0.9730
encompasses method categorized,0.9742
primary strategy method,0.9818
model basis,0.9707
survey focusing importance,0.9739
approach alleviate,0.9703
ins ratio approach,0.9730
approach given,0.9714
framework method employed,0.9755
application,0.9700
model avoids,0.9714
weaknesses method detail,0.9742
weaknesses method,0.9784
method motivation,0.9754
selection method,0.9760
distances method,0.9729
overview mas approach,0.9706
based treatment,0.9703
model perceive,0.9708
unified perspective,0.9722
method recent,0.9731
model noted evaluation,0.9748
survey examined diverse,0.9704
settings approaches along,0.9706
approach requires,0.9713
diversity model,0.9769
prevalent strategy,0.9728
consists task model,0.9715
method exhaust review,0.9709
model general feature,0.9717
distances model encouraged,0.9706
evaluation systems used,0.9725
design principle,0.9774
approach using,0.9746
data focus,0.9706
desirable solution enables,0.9702
model involves,0.9711
selection method lead,0.9785
model may encounter,0.9734
enabling model,0.9749
tr approach consistently,0.9709
model selection method,0.9729
spectrum encourage model,0.9720
approach tested,0.9735
training model,0.9813
desirable solution,0.9710
ratio approach,0.9775
model selection,0.9755
general model however,0.9706
performance model,0.9793
shifts training model,0.9703
method,0.9768
method considers,0.9749
overs arises model,0.9702
task adaptation,0.9712
distances approach encourages,0.9700
data instrumental assessing,0.9707
task perspective,0.9763
problem addresses,0.9718
framework bn model,0.9721
general approach,0.9789
uncertainty model,0.9718
risk feature,0.9737
technique minimize,0.9734
validation prevalent strategy,0.9771
goal train model,0.9710
framework method,0.9780
review encompasses method,0.9729
method lead,0.9764
model shifts,0.9705
general method recognizing,0.9755
data goal,0.9726
method categorized un,0.9718
training procedure,0.9754
essential models,0.9702
methods mainly,0.9706
domain knowledge,1.0000
information knowledge,0.9789
interaction knowledge,0.9766
process knowledge,0.9784
learning model,0.9890
bias cause model,0.9725
ability model,0.9705
addition task model,0.9731
task model,0.9774
manner classification model,0.9720
meta model,0.9706
domain adaptation model,0.9768
affect performance model,0.9708
diversity model,0.9742
variability model,0.9705
key learning paradigm,0.9726
meta learning paradigm,0.9714
learning supervised model,0.9713
model selection method,0.9724
shifts training model,0.9746
uncertainty model,0.9738
training domains model,0.9715
inner loop learning,0.9730
meta learning,0.9744
strategy method,0.9768
primary strategy method,0.9707
selection method,0.9701
key learning paradigm,0.9720
model selection method,0.9779
shifts training model,0.9718
learning paradigm introduced,0.9701
across domains specifically,0.9734
consequently ml,0.9702
additional data discussion,0.9714
survey focusing,0.9708
within data,0.9712
significance practical,0.9730
validation test,0.9725
importance metal,0.9746
data,0.9753
data metal,0.9763
using training,0.9745
ml uncertainty model,0.9758
general instead,0.9705
data review,0.9775
data maxim,0.9805
axis feature,0.9708
procedure showing,0.9716
proposed model con,0.9707
data diverse,0.9802
identification triple,0.9737
model adapting,0.9707
pro program,0.9711
overview evaluation,0.9703
within data metal,0.9752
process distinguishing mini,0.9734
shifts proposed model,0.9770
method categorized,0.9733
performance model across,0.9805
flow,0.9746
characteristic design principle,0.9789
areas highlighting,0.9739
structured follows,0.9732
b overs model,0.9785
model used,0.9764
facilitated distance,0.9722
procedure objective,0.9728
data via,0.9725
model consists task,0.9744
problem related,0.9715
classification,0.9741
significantly training domains,0.9724
ml due opt,0.9717
enabling model general,0.9796
beyond training data,0.9720
comparisons models,0.9820
ml based ml,0.9728
diagram,0.9759
performance class across,0.9713
general feature,0.9706
arises model efficient,0.9734
approach domain,0.9728
ing approach alleviate,0.9758
label space however,0.9710
applied meta stage,0.9709
data xi,0.9730
model,0.9791
genera visual models,0.9787
across tasks domains,0.9730
phase model,0.9849
paradigm real,0.9742
task scratch,0.9713
h encourage base,0.9705
predictions,0.9751
methods aim,0.9738
directions survey,0.9707
function considered,0.9735
strategies using,0.9745
method therefore,0.9719
workshop,0.9712
input,0.9728
data causal,0.9795
conclusions metal,0.9726
data different,0.9706
conditions uses metal,0.9708
domains must perform,0.9715
allowing models,0.9721
data instrumental,0.9755
data based,0.9808
via aggregation following,0.9728
models tends vary,0.9738
learning paradigm,0.9764
using ad,0.9703
model consists,0.9785
bias help,0.9767
assessment,0.9728
domains including hand,0.9752
metal address challenging,0.9738
fault diagnostic,0.9703
variation information bottle,0.9721
models predictions,0.9758
method detail,0.9766
existing methods present,0.9706
data model,0.9847
substantial unseen test,0.9700
objective,0.9700
dividing data multiple,0.9708
hull j database,0.9730
term trained using,0.9727
metal encourage models,0.9741
task model,0.9833
data comprises images,0.9764
characteristics,0.9751
solution single,0.9710
characteristic design,0.9809
classification model,1.0000
data da,0.9714
using meta advances,0.9733
aim per form,0.9718
classification task,0.9777
models maximize,0.9706
general clarify significance,0.9711
model utilizes,0.9743
overall model,0.9787
strategy method,0.9733
testing,0.9705
strategies like data,0.9735
bias,0.9721
scenarios thus promoting,0.9742
specifically models,0.9730
large data,0.9736
strategies using metal,0.9784
within data pivotal,0.9727
system con,0.9707
within data highly,0.9704
performance class,0.9756
approach encompasses,0.9709
bias guide,0.9701
specific large data,0.9706
partner,0.9707
particularly meta simulate,0.9707
specific test,0.9753
data may,0.9774
simulate expanded,0.9713
methods used,0.9726
thus promoting,0.9735
classification model trained,0.9898
challenges model extract,0.9713
performance enables,0.9708
studies used,0.9750
ill diagram metal,0.9701
model expected general,0.9716
data diverse domains,0.9701
system general,0.9792
training addresses challenge,0.9702
feature per form,0.9731
mas suggests,0.9733
cluster illustrated figure,0.9702
overview ml,0.9765
notably learn,0.9715
hypothesis,0.9719
perspective multi,0.9726
paradigm resulting,0.9763
unique solution,0.9725
paradigm introduced,0.9780
available cases model,0.9734
based cross,0.9727
method employed,0.9705
data highly,0.9749
aug approx distribution,0.9709
overs model,0.9725
process includes,0.9793
systems,0.9719
method exhaust,0.9789
performance step,0.9713
proposed framework sequential,0.9714
data commonly,0.9731
manner classification model,0.9782
model expected,0.9836
form per,0.9713
database,0.9726
hyper used,0.9714
conditions,0.9767
instability,0.9704
paradigm distinctive,0.9712
applications employed,0.9752
calculations,0.9726
models well overview,0.9704
designed address aspects,0.9713
assessment illustrated figure,0.9701
capabilities conclusions metal,0.9727
approach particular used,0.9745
z automated flower,0.9747
inter distances method,0.9735
models,0.9730
resulting opt feature,0.9700
research directions,0.9743
model involves third,0.9794
survey metal,0.9719
encompasses method categorized,0.9786
data associated specific,0.9774
efficiency prediction,0.9731
test,0.9727
using causal,0.9715
survey examined,0.9725
allowing models general,0.9778
models achieve cross,0.9726
feature extract pivotal,0.9702
data specifically,0.9774
surveillance traditional reid,0.9706
models evident across,0.9800
person reid training,0.9703
within model,0.9741
classification ci,0.9727
model multiple,0.9746
domains relies simulated,0.9737
model avoids due,0.9741
data large,0.9746
v data includes,0.9733
model basis,0.9786
training domains test,0.9803
overview ml framework,0.9767
data leading,0.9770
framework combines disc,0.9723
data tr,0.9736
data target,0.9743
based ml,0.9736
paradigm also applied,0.9728
survey focusing importance,0.9751
feature extract confuse,0.9714
procedures,0.9722
performance faced data,0.9741
analyzed taxonomy provides,0.9722
approach alleviate,0.9737
scenarios model trained,0.9720
framework opt,0.9738
choice,0.9717
domains crucial goal,0.9726
fundamental concepts,0.9784
regression,0.9715
automated flower,0.9731
data comprises,0.9775
applicable deep,0.9714
overview mad method,0.9719
occurs bn model,0.9782
sampling procedures cover,0.9725
method also,0.9702
unified perspective multi,0.9745
ins ratio approach,0.9748
relevant classification task,0.9777
requirement,0.9737
models highly dependent,0.9800
approach given,0.9721
models ability,0.9743
data used,0.9722
layer metal model,0.9720
arises model,0.9855
data characterized set,0.9786
distances first model,0.9789
task defined specific,0.9770
following optimization source,0.9711
data containing,0.9751
general using ad,0.9700
framework method employed,0.9734
data characterized,0.9770
samples may,0.9702
processing,0.9709
domains may inadequate,0.9751
survey provides,0.9756
application,0.9765
model avoids,0.9800
specifically models achieve,0.9757
data important challenge,0.9745
relationships within data,0.9727
sequences simulate lifelong,0.9710
results heavily rely,0.9703
applications using,0.9758
methods underlying,0.9718
diagnostic using,0.9740
crucial sentiment classification,0.9703
models tends,0.9732
overs scenarios,0.9721
techniques,0.9739
data depicted,0.9730
axes,0.9702
data vice versa,0.9722
data multiple,0.9729
using meta incorporates,0.9750
weaknesses method detail,0.9768
weaknesses method,0.9706
along meta framework,0.9715
taxonomy based two,0.9744
method motivation,0.9758
methods specifically framework,0.9788
model encouraged,0.9783
ml incorporates meta,0.9779
data includes different,0.9734
performance models,0.9715
meta model,0.9728
framework uses,0.9736
concerning treatment,0.9730
systems long,0.9704
bn model,0.9780
distances method,0.9714
approach defines,0.9718
conclusions,0.9717
models employing metal,0.9728
including identity,0.9725
models crucial,0.9800
overview mas approach,0.9806
methods utilize,0.9748
visual domain,0.9710
pattern,0.9718
based treatment,0.9723
data homogeneous,0.9781
model model struggles,0.9711
model perceive,0.9800
overs scenarios metal,0.9750
parameters encompasses,0.9735
conditions key data,0.9709
networks feature,0.9726
sensor,0.9705
particularly model,0.9779
inter distances based,0.9753
unified perspective,0.9778
utilized train model,0.9727
algorithms traffic sign,0.9734
method recent,0.9787
model noted evaluation,0.9796
analysis methods identify,0.9735
protocols,0.9712
methods identify,0.9751
system,0.9758
context,0.9746
scenarios single,0.9753
taxonomy help effective,0.9720
survey examined diverse,0.9745
distinct feature requires,0.9736
mini paradigm distinctive,0.9730
well data,0.9718
domains furthermore mad,0.9707
problems require,0.9720
settings approaches along,0.9791
meta also applied,0.9703
distances metal,0.9729
general instead adapt,0.9701
approach requires,0.9725
models evaluated,0.9755
diversity model,0.9811
model opt,0.9733
description hand,0.9721
approach mad,0.9716
module,0.9742
model seen,0.9715
model general primary,0.9801
techniques assume,0.9721
base networks feature,0.9705
across domains particularly,0.9706
consists task model,0.9861
framework ml,0.9737
crucial applications,0.9737
method exhaust review,0.9764
men synth data,0.9728
similar examples together,0.9700
associated data,0.9701
feature requires,0.9722
data evaluating,0.9704
model may,0.9710
given input data,0.9741
using meta data,0.9707
interface,0.9751
models rapid,0.9717
model however,0.9769
model general feature,0.9826
distances model encouraged,0.9832
tasks networks utilized,0.9748
general integration di,0.9747
data avoid bias,0.9707
evaluation systems used,0.9753
systems trip,0.9736
comparison da,0.9744
domain aug approach,0.9710
comparison,0.9756
design principle,0.9752
ml framework,0.9749
approach using,0.9715
axes allow,0.9748
ml considers,0.9714
survey designed address,0.9729
additional data,0.9737
shift illustrated figure,0.9711
gradient descent,0.9700
classes use,0.9725
perspective,0.9756
task scratch survey,0.9747
data discussion,0.9795
pac data comprises,0.9753
model general unseen,0.9744
model comprising feature,0.9750
approach sim late,0.9729
domains within data,0.9707
data multi,0.9721
model excessive,0.9756
initial learning,0.9706
al proposed meta,0.9709
semantic,0.9724
methods domain,0.9702
systems used,0.9798
data includes,0.9755
procedures enhance models,0.9713
task information bottle,0.9749
cases model expected,0.9777
general often requires,0.9728
data focus,0.9832
due variations data,0.9708
process includes dividing,0.9704
axis performance models,0.9786
framework sequential,0.9742
sensor types,0.9740
desirable solution enables,0.9713
particular used,0.9705
model involves,0.9820
loss proposed model,0.9750
predictions across,0.9756
selection method lead,0.9778
model may encounter,0.9817
experience overs scenarios,0.9727
enabling model,0.9794
meta framework,0.9761
paradigm e,0.9750
tasks lever,0.9704
reversal layer,0.9703
techniques focus,0.9752
model entire,0.9756
traditional resource address,0.9781
applicable reinforcement,0.9709
consequently phase,0.9708
case task perspective,0.9708
model however app,0.9711
domains detailed explanation,0.9738
principle,0.9731
systems used da,0.9783
models compared,0.9791
general using,0.9704
spectrum encourage model,0.9834
furthermore approach,0.9721
within model disc,0.9764
data often,0.9702
models emphasize,0.9791
models employ,0.9796
fig overview mad,0.9705
models evident,0.9778
basis,0.9735
mas approach domain,0.9702
via model,0.9747
models sensitivity,0.9789
important note effective,0.9705
training model,0.9871
channel balancing,0.9702
ml recent metal,0.9701
require model,0.9763
explanation,0.9705
ratio approach,0.9757
performance across,0.9773
methods present detailed,0.9732
instances within,0.9744
ni based,0.9713
models achieve,0.9735
axis performance,0.9752
model selection,0.9820
aggregation following,0.9725
furthermore survey,0.9747
fig overview ml,0.9711
general model however,0.9753
overview related,0.9716
tasked predicting,0.9708
performance model,0.9875
function considered softer,0.9725
representation across,0.9742
data synthetic,0.9761
bottle prevents model,0.9725
intra mini paradigm,0.9711
model con,0.9761
principle prevents model,0.9718
procedure detail,0.9759
depending bias,0.9734
data generation,0.9734
using test,0.9742
shah uc data,0.9713
distances methods utilize,0.9710
inter distances mini,0.9710
based distance integrating,0.9716
objective identify harness,0.9735
shifts training model,0.9754
al integrate disc,0.9710
data whereas,0.9755
mechanisms,0.9710
mas approach,0.9702
survey structured follows,0.9719
models general across,0.9793
underlying theories,0.9751
method,0.9789
features using,0.9711
problems require model,0.9750
additionally problems,0.9703
enhance classification model,0.9715
individuals across,0.9712
directions survey examined,0.9733
method considers,0.9775
viewpoint,0.9705
paradigm highlighting similarities,0.9709
framework,0.9765
learning including paper,0.9718
overs arises model,0.9828
metal model,0.9706
crucial balance,0.9735
models employing,0.9797
across domains feature,0.9747
task adaptation,0.9738
specifically framework,0.9746
data aug however,0.9703
network used,0.9701
survey offers,0.9756
performance might,0.9701
main points survey,0.9701
methods like,0.9713
different classes use,0.9723
data instrumental assessing,0.9748
factors across various,0.9709
task perspective,0.9822
task particularly,0.9711
general model,0.9706
model l,0.9702
model model,0.9711
problem addresses,0.9797
methods,0.9773
era using meta,0.9716
model diverse,0.9745
specifically framework maintains,0.9740
general using bay,0.9719
data label,0.9811
calculation,0.9712
data pivotal developing,0.9720
framework bn model,0.9834
general approach,0.9797
general methods differ,0.9723
paradigm highlighting,0.9725
evaluation performed using,0.9722
using meta,0.9708
enabling model prior,0.9723
comparison discussed,0.9742
task perspective metal,0.9744
design principle prevents,0.9719
uncertainty model,0.9815
risk feature,0.9752
framework illustrating,0.9789
specifically classification,0.9738
da examined studies,0.9722
diversity domains episodes,0.9730
ri used,0.9716
methods differ,0.9735
data may feasible,0.9727
training contrasting typical,0.9715
training challenges model,0.9716
data bench,0.9752
methods tailored,0.9705
technique minimize,0.9718
validation prevalent strategy,0.9754
data spectrum,0.9789
aspects data reduce,0.9739
specific application summarized,0.9791
data associated,0.9761
including hand,0.9702
models robust,0.9763
effective st e,0.9714
distances approach,0.9726
paradigm also,0.9730
instead example,0.9711
goal train model,0.9775
domains including,0.9717
implications background,0.9738
treatment,0.9706
model subset,0.9761
significance findings,0.9706
context ultimately utilize,0.9725
approaches analyzed taxonomy,0.9711
framework method,0.9816
integration di,0.9767
review encompasses method,0.9746
paradigm e models,0.9803
methods using,0.9753
fault diagnostic using,0.9709
model must,0.9735
method lead,0.9745
framework combines,0.9729
additionally scenarios,0.9724
survey designed,0.9711
models highly,0.9722
recognition additionally serve,0.9701
important data,0.9701
comprehensive survey metal,0.9709
data several,0.9733
model shifts,0.9809
methods specifically,0.9784
model comprising,0.9817
special data,0.9736
enabling algorithms go,0.9753
method uses,0.9705
predicting,0.9704
models crucial metal,0.9766
analysis within amazon,0.9702
underlying concepts,0.9759
parameters adapted,0.9763
thereby enabling model,0.9735
training mas model,0.9710
semantic features,0.9705
allowing models trained,0.9738
parameters guide,0.9780
data important,0.9757
general method recognizing,0.9730
thus suitable designing,0.9707
model prior,0.9800
model encounter,0.9745
essential classify images,0.9765
data goal,0.9778
training domains model,0.9748
constraints,0.9704
application summarized,0.9756
method categorized un,0.9753
methods used address,0.9702
overs model excessive,0.9737
training procedure,0.9739
da also applied,0.9714
significance practical machine,0.9708
essential models,0.9864
including identity features,0.9727
applications lim,0.9710
recognition challenge,0.9729
data pivotal,0.9772
novel taxonomy based,0.9721
data like,0.9707
integration,0.9706
methods mainly,0.9770
fault diagnosis,0.9734
measurement,0.9729
summarized,0.9707
classification model involves,0.9752
classification model noted,0.9844
procedures cover,0.9700
depending bias cause,0.9759
importance metal,0.9703
general instead,0.9711
identification triple,0.9704
pro program,0.9726
areas highlighting,0.9701
classification,0.9750
diagram,0.9706
model,0.9705
metal address challenging,0.9702
characteristics,0.9710
classification model,0.9781
overall model,0.9710
performance class,0.9712
relevant classification,0.9734
classification model trained,0.9742
model expected,0.9737
database,0.9710
research directions,0.9703
relevant classification task,0.9711
requirement,0.9705
application,0.9753
selected,0.9718
method recent,0.9701
model noted evaluation,0.9728
system,0.9708
scenarios single,0.9717
comparison,0.9701
model comprising feature,0.9704
systems used,0.9706
data focus,0.9715
applicable reinforcement,0.9702
domains detailed explanation,0.9705
systems used da,0.9702
spectrum encourage model,0.9702
training model,0.9702
model selection,0.9741
performance model,0.9714
method,0.9707
survey offers,0.9702
problem addresses,0.9716
data label,0.9753
specific application summarized,0.9721
method lead,0.9700
model comprising,0.9727
essential models,0.9714
recognition challenge,0.9759
classification model noted,0.9759
loop learning,0.9897
general learning,0.9878
relies learning,0.9765
guide learning,0.9787
supervised learning,0.9726
model learning,0.9819
prior learning,0.9742
key learning,0.9809
general related learning,0.9733
learning transfer,0.9710
meta learning,0.9841
domain general learning,0.9810
adaptive learning,0.9740
cross general learning,0.9793
domains learning,0.9794
multi learning,0.9773
concept learning,0.9811
initial learning,0.9727
key learning paradigm,0.9728
gradient learning,0.9797
outer loop learning,0.9785
metric learning,0.9795
focused learning,0.9701
process learning,0.9871
sequential learning,0.9824
related learning,0.9702
mas model learning,0.9729
referred learning,0.9763
disc choice strategy,0.9706
disc learning,0.9756
learning model,0.9721
ability model,0.9739
addition task model,0.9783
task model,0.9823
manner classification model,0.9770
meta model,0.9760
consists task model,0.9704
cause model,0.9744
training domains model,0.9755
learning task,0.9708
meta learning,0.9733
domain general learning,0.9707
transfer learning,0.9722
meta learning,0.9733
concept learning,0.9714
feature learning,1.0000
performance learning,0.9705
conference learning,0.9737
ad feature learning,0.9850
ml uncertainty model,0.9841
bias cause model,0.9779
phase model,0.9709
task model,0.9735
domains iteration model,0.9783
manner classification model,0.9808
meta phase model,0.9717
optimization classification model,0.9826
meta model,0.9711
domain adaptation model,0.9787
optimization model,0.9709
intra distances model,0.9743
model selection method,0.9743
distances model,0.9761
methods metric model,0.9712
uncertainty model,0.9809
representation uncertainty model,0.9832
paradigm e models,0.9728
training domains model,0.9729
data time model,0.9720
