Word,Similarity
responses,0.9718
conditioning sutton bart,0.9732
habits,0.9704
bias,0.9723
governing initial,0.9712
ability,0.9706
crucial ai,0.9706
requirements,0.9741
others decision,0.9705
perspective,0.9721
key mechanisms,0.9712
inference across,0.9702
al learning requires,0.9707
connections,0.9713
characteristics,0.9757
including tasks novel,0.9719
specific,0.9720
typically,0.9702
ingredients,0.9724
thought allow system,0.9734
pathway,0.9726
adjustment,0.9736
transitions,0.9713
promotion collins,0.9756
configuration,0.9752
directions,0.9711
model impetus,0.9764
pattern,0.9725
system,0.9731
problem coordinating,0.9714
subject,0.9709
common decision,0.9702
choice,0.9764
type,0.9710
operation weight,0.9709
knowledge required,0.9713
model,0.9760
operative biological decision,0.9725
regardless,0.9709
studies investigate involves,0.9714
link model ingredients,0.9709
brain key,0.9762
even presented,0.9704
based,0.9711
functional,0.9752
condition,0.9700
functions lead,0.9701
model selective,0.9731
judgment,0.9727
delivery,0.9702
recent otherwise networks,0.9702
pre ties neuroscience,0.9708
conditioning,0.9716
functional aspects,0.9717
task figure,0.9733
modules like,0.9718
including tasks,0.9732
thru pratt methods,0.9723
task,0.9709
compatibility across,0.9710
classification,1.0000
module,0.9702
model transition,0.9713
notions intelligence found,0.9701
ness intelligence considered,0.9716
position,0.9711
human choice,0.9717
power,0.9723
models,0.9742
coding,0.9744
processing,0.9724
classify,0.9730
gap,0.9707
common thread across,0.9708
among assumptions,0.9715
connection,0.9704
considerations,0.9730
ones decision,0.9734
particularly social,0.9713
influence,0.9730
puff orientation however,0.9717
additionally learning,0.9725
represented course,0.9703
orientation however,0.9728
signatures,0.9736
correspond system,0.9737
including timing,0.9700
automatic behaviour reach,0.9707
model implied,0.9731
explanation,0.9728
value mammals,0.9705
responses,0.9731
tracing,0.9702
infinite,0.9725
useful sci emerged,0.9721
retrieval,0.9759
based emerge,0.9709
useful,0.9749
application,0.9766
procedure making,0.9728
definitions,0.9740
facilitate,0.9725
notion,0.9753
confirming,0.9730
notions,0.9729
update formal,0.9704
descent,0.9731
systems based,0.9711
solution,0.9740
embedded,0.9767
breakthrough,0.9758
process,0.9719
compared,0.9725
bias,0.9780
model contingent,0.9732
expose,0.9709
rooted,0.9751
refined,0.9755
governing initial,0.9707
perspectives benefit,0.9704
thread,0.9723
broadly,0.9758
operating,0.9702
coarse,0.9707
theories,0.9758
combining,0.9738
harness,0.9730
gen meta,0.9704
lever,0.9737
simulations,0.9706
gap conditioned,0.9713
substrate,0.9702
crucial ai,0.9723
ni explain range,0.9707
valuation,0.9752
inference,0.9787
topic studied,0.9709
abilities,0.9702
diagram,0.9730
embedded specifically,0.9709
timing,0.9713
inherently,0.9713
compare,0.9728
theories similar,0.9701
survey,0.9702
sophisticated,0.9718
causal,0.9779
sy,0.9717
inference late,0.9720
crucial,0.9753
perspective,0.9766
depending,0.9728
emphasizing,0.9701
inference across,0.9767
consideration,0.9731
capability,0.9705
predicted,0.9713
memory,0.9722
logical,0.9726
principle integrated,0.9744
consciousness successful,0.9726
connections,0.9735
characteristics,0.9718
methods,0.9794
furthermore,0.9701
setting,0.9718
plans,0.9746
structured,0.9766
including tasks novel,0.9706
specific,0.9773
using,0.9718
typically,0.9705
generation,0.9730
transformation,0.9793
task suzuki,0.9707
ingredients,0.9743
corresponding,0.9714
operation,0.9725
model ingredients,0.9713
adjustment,0.9759
system needs,0.9704
exploited,0.9719
affect,0.9746
horizon,0.9712
offset,0.9723
settings,0.9755
transitions,0.9809
promotion collins,0.9747
configuration,0.9770
avenues,0.9710
basal,0.9747
selective generalized,0.9721
ras biological learners,0.9704
processed,0.9706
case reinforcement,0.9745
model presumably,0.9720
paradigm,0.9754
directions,0.9714
model impetus,0.9772
pattern,0.9783
system nature,0.9723
methods seen,0.9705
observation,0.9740
res model trial,0.9734
system,0.9714
integration,0.9721
approach,0.9710
subject,0.9760
allowing,0.9746
paradigm da,0.9713
insight,0.9762
reflecting,0.9707
based meta,0.9718
type,0.9749
influential res model,0.9722
focused,0.9710
decision,0.9717
integrated deep,0.9711
necessity,0.9718
strict,0.9706
circle,0.9721
operation weight,0.9731
imaging,0.9774
transforming,0.9713
simulation,0.9750
analysis,0.9723
dimensional,0.9783
brain terms,0.9717
yielding,0.9709
workshop,0.9720
behavior,0.9766
transition,0.9810
simulations demonstrating emerge,0.9716
deep neural,0.9743
res model,0.9702
socio,0.9701
definition,0.9750
rigorous,0.9746
requires,0.9727
hyper,0.9739
based reinforcement,0.9724
model,0.9710
neural,0.9757
collaboration,0.9731
circuits,0.9724
mere,0.9715
interests,0.9721
implying,0.9733
mechanisms,0.9804
operative biological decision,0.9748
analyzing,0.9721
relatively,0.9704
meta,0.9766
adjust,0.9750
assessed,0.9728
expectations,0.9719
link model ingredients,0.9754
v trace conditioning,0.9711
sy second,0.9720
empirical,0.9751
cortex,0.9787
based,0.9740
problem,0.9702
functional,0.9785
important,0.9712
integrated,0.9716
outlined,0.9712
hidden inference across,0.9716
principle,0.9763
rus,0.9704
consolidation,0.9704
cam prediction,0.9711
functions lead,0.9716
model selective,0.9751
rules,0.9719
activation,0.9733
accordingly subjects,0.9707
reinforcement,0.9727
basis,0.9776
judgment,0.9726
delay,0.9707
motivation,0.9761
viewed,0.9718
multi,0.9774
delivery,0.9767
properties,0.9730
brain adapted,0.9701
requiring,0.9733
method,0.9793
enabled,0.9716
essence,0.9703
pre ties neuroscience,0.9710
conversion,0.9727
treated,0.9708
conditioning,0.9747
colleagues,0.9704
focus,0.9740
response,0.9741
behavioral,0.9731
concepts,0.9761
involving,0.9712
method combine,0.9751
precise,0.9720
structural,0.9775
treatment,0.9705
configuration paradigm,0.9754
sensitivity,0.9727
assumptions,0.9730
utilize,0.9766
outcome sap disc,0.9717
hypothesis,0.9774
process fu,0.9715
mechanism bot,0.9704
zen,0.9705
beneficial,0.9727
prediction,0.9808
td learning,0.9723
flavor,0.9765
task figure,0.9725
exploited formation instrumental,0.9724
syn learning,0.9715
modules like,0.9736
interpretation,0.9723
proposal,0.9717
conversion fu,0.9718
derived,0.9719
predicting,0.9774
modules,0.9740
rule,0.9740
classic,0.9710
framework,0.9755
principle integrated yielding,0.9707
intention,0.9715
al modeled simulation,0.9718
flow,0.9768
influential,0.9731
imagination,0.9719
derived deep,0.9707
mechanism,0.9777
analogy,0.9743
labeled,0.9759
task,0.9732
model increasingly,0.9714
predictions,0.9718
behaviors,0.9722
require,0.9728
investigating,0.9700
contrast,0.9753
methods meta,0.9745
conditioned,0.9709
problems,0.9714
nicknamed,0.9707
viewpoint,0.9750
models ph,0.9762
diverse,0.9721
natural,0.9713
techniques,0.9762
sorts,0.9726
uniquely,0.9742
induction,0.9796
batch,0.9702
rec networks course,0.9704
reveal,0.9714
importance,0.9708
algorithms among,0.9708
modeling found,0.9718
interest,0.9730
ti using,0.9701
module,0.9760
weight,0.9702
model transition,0.9796
innovations,0.9715
directly,0.9718
power k,0.9701
adjusting,0.9748
selective parts,0.9726
patterns,0.9746
minimal,0.9707
responding,0.9713
evidence ventral,0.9704
angle,0.9717
models,0.9707
essentially,0.9736
coding,0.9793
context,0.9710
purposes,0.9706
processing,0.9798
suggests,0.9712
classify,0.9775
context arising,0.9708
flex,0.9718
limitation,0.9726
considered,0.9732
initial,0.9701
summarized,0.9736
assessments,0.9745
flexible,0.9744
assumption,0.9770
connection,0.9741
common thread,0.9704
suited meta,0.9708
situations lake,0.9714
signal broader,0.9711
considerations,0.9736
case asa,0.9707
soy,0.9718
fundamental,0.9742
presumably,0.9715
slant,0.9719
survey meta,0.9702
suggesting,0.9741
multiple,0.9713
spoon,0.9700
sequence,0.9712
influence,0.9709
fundamentally model,0.9754
orientation,0.9730
predictions drive,0.9709
spontaneously,0.9723
pivotal,0.9733
insights,0.9709
stimulated,0.9732
using genera,0.9704
transfer,0.9737
cascade,0.9727
additionally learning,0.9712
impetus,0.9737
model bu,0.9717
input,0.9716
intuitive,0.9753
standard,0.9735
training,0.9706
orientation however,0.9742
pan,0.9727
signatures,0.9714
specialized,0.9739
relies concept,0.9715
modeled,0.9745
al proposed theory,0.9705
monitoring,0.9724
particularly,0.9703
automatic behaviour reach,0.9764
model implied,0.9773
understanding,0.9711
support explanation,0.9705
investigation,0.9721
encoded,0.9701
instead sequence,0.9738
explanation,0.9754
precision,0.9771
structured knowledge,0.9732
model knowledge,0.9747
decision adapting learning,0.9711
gen meta learning,0.9723
consciousness learning,0.9752
meta consciousness learning,0.9708
structured knowledge,0.9750
parallel learning,0.9717
force learning,0.9762
behavior learning,0.9837
settings learning,0.9707
formation learning,0.9734
structure learning,0.9775
transfer learning,0.9757
scenario learning,0.9774
meta learning,1.0000
speed learning,0.9701
ai research learning,0.9716
based learning,0.9701
efficient learning,0.9704
phenomenon learning,0.9757
transition learning,0.9809
pre force learning,0.9701
key observation learning,0.9738
link model,0.9780
application,0.9700
stimulated model,0.9747
topic studied,0.9712
required effort,0.9707
learning mechanism,0.9701
attributed model reinforce,0.9765
internal decision,0.9722
research agent use,0.9715
principle integrated,0.9709
reduced model,0.9715
model basis,0.9707
benefit flow,0.9754
implied model,0.9728
context proposal,0.9722
common decision,0.9712
influential res model,0.9721
approach may believe,0.9711
approach use,0.9769
operative biological decision,0.9713
endowed model,0.9707
first approach,0.9730
response require,0.9724
distinction model,0.9717
sy second approach,0.9718
method,0.9768
simulated choice,0.9736
task environment,0.9708
method combine,0.9713
functional aspects,0.9704
behavior model,0.9725
model approach,0.9771
potential link model,0.9715
behavior model late,0.9718
experimental condition,0.9746
value decision,0.9727
useful guide properties,0.9706
line model,0.9714
model transition,0.9727
instrumental task,0.9750
model approach metal,0.9711
agent using,0.9718
task structure,0.9732
based working pl,0.9707
sensitivity task,0.9713
automatic behaviour reach,0.9701
investigation model,0.9784
structured knowledge,0.9816
application structured knowledge,0.9715
model knowledge,0.9752
learning fundamentally model,0.9797
value model,0.9712
behavior model,0.9761
potential link model,0.9762
cognitive model,0.9773
learning internal model,0.9704
ob behavior model,0.9780
meta learning,0.9744
responses,0.9743
test,0.9727
link model,0.9897
combined based,0.9716
model r,0.9751
based emerge,0.9703
application,0.9765
procedure making,0.9707
stimulated model,0.9797
definitions,0.9710
ce systems,0.9721
fig model,0.9720
networks elaborated treatment,0.9734
update formal,0.9700
architecture allows,0.9721
systems based,0.9750
london series,0.9701
implementation cognitive,0.9723
bias,0.9721
model contingent,0.9786
classic distinction model,0.9771
system global,0.9700
configuration paradigm da,0.9714
research areas would,0.9703
perspectives benefit,0.9746
systems,0.9719
functions enabled consciousness,0.9708
theory framework eli,0.9702
evidence,0.9721
ag workshop,0.9704
configuration task langdon,0.9731
task may,0.9717
computational framework,0.9764
crucial ai,0.9728
topic studied,0.9775
required effort,0.9726
requirements,0.9762
circuits supported,0.9712
processes see,0.9769
diagram,0.9759
learning mechanism,0.9742
specific task figure,0.9701
context metal,0.9713
attributed model reinforce,0.9798
theories similar,0.9760
limitation meta research,0.9769
definition hut colleagues,0.9705
perspective,0.9756
key mechanisms,0.9765
inference across,0.9735
fundamental component,0.9700
da response require,0.9752
functions often hand,0.9716
principle integrated,0.9742
consciousness successful,0.9705
process allows,0.9729
al learning requires,0.9746
connections,0.9727
based meta r,0.9733
implied model basis,0.9743
characteristics,0.9751
methods,0.9773
including tasks novel,0.9765
motivation key research,0.9734
task suzuki,0.9734
ingredients,0.9713
thought allow system,0.9717
computational interesting,0.9713
purposes trained models,0.9730
tasks novel,0.9703
using genera models,0.9755
model ingredients,0.9746
pathway,0.9701
system needs,0.9749
task states,0.9708
using world models,0.9710
striking result showed,0.9701
transitions,0.9712
promotion collins,0.9748
reduced model,0.9741
configuration,0.9745
research produced,0.9706
implementation,0.9733
model trial,0.9742
case reinforcement,0.9700
guide properties,0.9729
model impetus,0.9803
correspond system system,0.9700
model basis,0.9786
pattern,0.9718
system nature,0.9729
methods seen,0.9733
evidence animal,0.9718
res model trial,0.9791
benefit flow,0.9814
system,0.9758
among assumptions artificial,0.9706
gradient descent,0.9700
integration,0.9706
implied model,0.9798
subject,0.9721
paradigm da,0.9743
context proposal,0.9762
argued architecture allows,0.9721
common decision,0.9724
expectations mechanism installed,0.9716
choice,0.9717
among distinct modules,0.9710
data concerning,0.9777
model presumably require,0.9749
predictions drive coarse,0.9722
based meta,0.9716
type,0.9711
influential res model,0.9839
approach may believe,0.9702
framework eli,0.9749
environment classic,0.9710
operation weight,0.9713
section challenge view,0.9705
data concerning context,0.9805
brain terms,0.9737
workshop,0.9712
upper bound,0.9705
classification image,0.9778
simulations demonstrating emerge,0.9729
res model,0.9731
framework begun studies,0.9731
approach use,0.9726
model,0.9791
info thinking kahn,0.9712
mechanisms,0.9710
operative biological decision,0.9762
novel tasks realized,0.9723
ai often discussed,0.9716
stimulated model neuroscience,0.9713
themes bear,0.9710
link model ingredients,0.9843
brain key,0.9734
endowed model,0.9777
functional,0.9761
models cognitive,0.9736
first approach,0.9713
sim interpretation,0.9707
hidden inference across,0.9748
principle,0.9731
mod gap,0.9707
brain model,0.9796
functions lead,0.9772
model selective,0.9797
rules,0.9708
systems model,0.9814
response require,0.9754
basis,0.9735
striking result,0.9702
conditioning require,0.9707
distinction model,0.9782
brain adapted,0.9700
ti reward science,0.9712
sy second approach,0.9774
subject large,0.9703
applicable characterization consciousness,0.9751
method,0.9789
results model reinforcement,0.9741
learning series,0.9746
pre ties neuroscience,0.9723
simulated choice,0.9735
brain key mechanisms,0.9713
response,0.9714
task environment,0.9718
model td,0.9710
world model selective,0.9714
predictions metal,0.9721
est model,0.9731
method combine,0.9743
systems model bu,0.9729
model provides,0.9754
functional aspects,0.9821
treatment,0.9706
configuration paradigm,0.9779
assumptions,0.9746
behavior model,0.9814
outcome sap disc,0.9717
module improve,0.9724
hypothesis,0.9719
based hut theory,0.9737
model approach,0.9769
potential link model,0.9801
os internal decision,0.9708
task figure,0.9774
algorithms use,0.9714
behavior model late,0.9785
modules like,0.9769
proposal,0.9704
functions recent,0.9721
experimental condition,0.9766
important direction consider,0.9751
predicting,0.9704
general brain,0.9705
internal model opera,0.9732
model model,0.9711
value decision,0.9705
framework,0.9765
simulated value,0.9701
including tasks,0.9714
al modeled simulation,0.9722
context allow,0.9732
using gradient descent,0.9722
models mod gap,0.9730
flow,0.9746
applicable characterization,0.9715
required transformation,0.9706
systems successful,0.9728
meta subsequent work,0.9720
underlying research,0.9722
neural depends section,0.9723
useful guide properties,0.9785
modules specific,0.9748
novel tasks discuss,0.9727
model increasingly,0.9764
predictions,0.9751
function module,0.9702
fig model reinforcement,0.9761
attention requirements,0.9730
insights metal,0.9708
compatibility across,0.9729
model global,0.9725
methods meta,0.9757
viewpoint,0.9705
current configuration paradigm,0.9713
models ph,0.9791
cognitive model,0.9746
pathway guides,0.9710
techniques,0.9739
rec networks course,0.9745
classification,0.9741
algorithm expectation,0.9706
line model,0.9809
algorithms among,0.9733
modeling found,0.9732
visual info thinking,0.9700
system system,0.9706
review discussed model,0.9740
ti using,0.9710
evidence da,0.9715
module,0.9742
model transition,0.9839
functions could produce,0.9714
concerning context,0.9738
selective parts,0.9703
ness intelligence considered,0.9721
visual system,0.9714
research key observation,0.9704
functional basis,0.9720
evidence ventral,0.9741
human choice,0.9710
specific problems,0.9726
arrive adaptive behavior,0.9724
models,0.9730
context,0.9746
tasks across di,0.9714
depending ti,0.9706
processing,0.9709
meta outcome,0.9713
context arising,0.9703
knowledge may applied,0.9758
reward predictions metal,0.9732
crucial ai systems,0.9756
error signals across,0.9708
summarized,0.9707
common thread,0.9717
signal broader,0.9727
ground learning,0.9716
survey meta,0.9715
systems based predict,0.9748
puff orientation however,0.9734
fundamentally model,0.9789
predictions drive,0.9759
agent using,0.9735
reward predictions drive,0.9735
simulated value using,0.9755
tasks discuss,0.9711
task structure,0.9849
data,0.9753
based working pl,0.9720
definition hut,0.9708
treated distinct involve,0.9703
fig internal model,0.9797
images tend require,0.9712
using genera,0.9703
additionally learning,0.9706
using internal model,0.9737
model bu,0.9716
input,0.9728
capability important,0.9701
orientation however,0.9722
correspond system,0.9804
relies concept,0.9755
al proposed theory,0.9742
including timing,0.9712
automatic behaviour reach,0.9767
brain exploits model,0.9788
results model,0.9795
model implied,0.9819
brain data,0.9712
metal model,0.9706
signal called,0.9713
support explanation,0.9750
using knowledge models,0.9778
echoed ai literature,0.9722
investigation model,0.9826
meta evidence animal,0.9725
explanation,0.9705
link model,0.9722
application,0.9753
requirements,0.9723
diagram,0.9706
attributed model reinforce,0.9700
characteristics,0.9710
pathway,0.9717
promotion collins,0.9709
configuration,0.9701
model trial,0.9703
system,0.9708
type,0.9704
model,0.9705
operative biological decision,0.9707
link model ingredients,0.9703
functional,0.9703
method,0.9707
pre ties neuroscience,0.9722
simulated choice,0.9735
functional aspects,0.9706
experimental condition,0.9750
requiring competition,0.9709
recognition clark,0.9701
modules specific,0.9725
classification,0.9750
line model,0.9703
model transition,0.9717
distinction,0.9707
correspond system,0.9712
model implied,0.9708
competition,0.9720
learning principle,0.9705
relies learning,0.9765
model learning,0.9819
structured knowledge,0.9703
parallel learning,0.9715
force learning,0.9867
derived deep learning,0.9713
behavior learning,0.9826
single learning,0.9793
scenario learning,0.9723
meta learning,0.9841
speed learning,0.9775
efficient learning,0.9755
results learning,0.9746
phenomenon learning,0.9744
transition learning,0.9789
ground learning,0.9833
basis fast learning,0.9706
pre force learning,0.9793
key observation learning,0.9769
distinction model model,0.9702
value model,0.9744
behavior model,0.9726
potential link model,0.9715
net model,0.9702
parallel learning,0.9744
structure learning,0.9717
transfer learning,0.9722
combined based learning,0.9717
meta learning,0.9733
based learning,0.9801
settings learning,0.9713
scenario learning,0.9751
meta learning,0.9733
pre force learning,0.9700
structure investigation model,0.9738
behavior model,0.9758
potential link model,0.9772
ob behavior model,0.9765
