Word,Similarity
di learning task,0.9714
learning task,1.0000
model labeled,0.9768
belief,0.9723
classification,1.0000
model,0.9760
classification prior,0.9814
methods categorized,0.9745
functional,0.9752
characteristics,0.9757
style,0.9725
testing,0.9720
data specific,0.9735
via conditioning,0.9737
conceptual mit difficulty,0.9740
conditions,0.9754
models,0.9742
adapted task base,0.9732
fundamental focus,0.9720
classification classification,0.9867
responses,0.9718
processing,0.9724
using data,0.9714
investigation pl,0.9707
pattern,0.9725
system,0.9731
influence,0.9730
layer learned,0.9712
module,0.9702
task specific,0.9750
classification however,0.9832
phase,0.9702
models would,0.9705
methods lack,0.9703
methods fourth,0.9716
type,0.9710
data regarded,0.9714
specific,0.9720
based,0.9711
instances within,0.9727
ability,0.9706
section give,0.9713
task,0.9709
classify,0.9730
task diverse,0.9709
conditioning,0.9716
class trained classification,0.9738
using feed,0.9708
distance,0.9712
directly,0.9718
categorized,0.9754
zen,0.9705
important,0.9712
model labeled,0.9727
encoding,0.9757
data metal,0.9750
incorporating,0.9746
costly,0.9737
focuses,0.9702
presenting,0.9719
flow,0.9768
sun methodology,0.9703
belief,0.9715
certain,0.9732
base classify,0.9712
data el,0.9725
implementations,0.9715
understanding,0.9711
integrated,0.9716
sampling,0.9746
model,0.9710
lever,0.9737
workshop,0.9720
input,0.9716
scaling,0.9777
methods categorized,0.9776
using,0.9718
em based,0.9705
setting,0.9718
allowing,0.9746
expectations,0.9719
worthy research main,0.9712
meta model trained,0.9754
functional,0.9785
characteristics,0.9718
methods xiao,0.9729
style,0.9734
testing,0.9763
representative methods metal,0.9720
seeking,0.9702
metal algorithm uneven,0.9720
compared,0.9725
corresponding,0.9714
multi,0.9774
data specific,0.9736
mechanism,0.9777
large methods designed,0.9729
breakthrough,0.9758
idea use,0.9735
via conditioning,0.9708
standard,0.9735
procedure el,0.9714
slots,0.9701
however memory,0.9714
conditions,0.9714
residual,0.9764
appealing,0.9745
deficiency,0.9765
particular,0.9707
models,0.9707
fundamental focus,0.9726
activation,0.9733
inference,0.9787
regime,0.9733
method mapping,0.9712
prediction,0.9808
weight,0.9702
catastrophic,0.9715
interest,0.9730
focus,0.9740
generally tasks,0.9703
methods designed,0.9729
diverse,0.9721
usage,0.9720
responses,0.9731
functional para,0.9714
definition metal,0.9733
cid share,0.9701
concepts,0.9761
parameters novel,0.9718
method excess,0.9722
transfer,0.9737
assumption,0.9770
problems base,0.9754
survey,0.9702
neural,0.9757
processing,0.9798
similarity,0.9746
pot,0.9701
investigation pl,0.9713
definitions,0.9740
data fine,0.9731
problems,0.9714
mit deficiency,0.9708
fundamental,0.9742
meta,0.9766
pattern,0.9783
sy,0.9717
algorithm tuned,0.9733
system,0.9714
influence,0.9709
applications santo,0.9717
practice,0.9713
recognition ic,0.9704
tri,0.9720
cid,0.9704
descent,0.9731
module,0.9760
memory,0.9722
opt metal,0.9722
biased,0.9763
task specific,0.9724
natural,0.9713
suitable,0.9746
phase,0.9749
multiple,0.9713
interpretation,0.9723
branch,0.9721
definition,0.9750
methods lack,0.9725
difficult,0.9709
algorithm uneven,0.9760
deep feature extract,0.9703
uneven,0.9718
methods fourth,0.9754
data trained,0.9718
mechanism siam,0.9702
comparable,0.9719
type,0.9749
initial,0.9701
furthermore,0.9701
spec main,0.9719
using opt,0.9713
labeled,0.9759
methods field,0.9763
size,0.9700
methods use,0.9706
deep residual learning,0.9707
tailored,0.9715
pseudo,0.9712
response,0.9741
subsequently sampling,0.9719
specific,0.9773
based,0.9740
instances within,0.9706
repeat metal,0.9707
mechanism con,0.9721
recognition ic deep,0.9704
generation,0.9730
rigid,0.9743
rus,0.9704
fixed,0.9705
methods mini,0.9750
task,0.9732
interests,0.9721
method,0.9793
framework,0.9755
predicted,0.9713
falls,0.9703
split,0.9712
combining,0.9738
methods,0.9794
analysis,0.9723
classify,0.9775
process,0.9719
phase learning,0.9707
dependence,0.9742
approach,0.9710
analyses,0.9721
model un,0.9716
therefore developing,0.9741
task diverse,0.9713
demand,0.9708
focused,0.9710
testing implemented,0.9710
investigation,0.9721
conditioning,0.9747
diversified,0.9700
using opt metal,0.9716
interpreted,0.9716
al method linear,0.9729
shifting,0.9711
using feed,0.9719
problem,0.9702
compare,0.9728
ind nec layer,0.9706
producing,0.9700
sequence,0.9712
methods meta,0.9745
deep neural,0.9743
modifying,0.9722
methods gi,0.9712
considered,0.9732
methods mainly,0.9725
distance,0.9723
methods metal,0.9707
training,0.9706
model knowledge,0.9747
data meta,0.9738
meta multiple,0.9711
data learning,0.9768
meta learning,1.0000
contribution learning,0.9731
sc meta learning,0.9793
ep meta learning,0.9724
function learning,0.9770
network learning,0.9773
sample learning,0.9775
auto learning,0.9782
performance learning,0.9715
generation learning,0.9811
key meta learning,0.9801
opt summary,0.9708
method aims,0.9704
unified approach,0.9764
meta model trained,0.9725
conceptual methodology,0.9708
representative methods metal,0.9716
idea use,0.9702
task description,0.9728
method mapping,0.9746
methods designed,0.9710
method excess,0.9722
learning method,0.9803
evaluation specific,0.9736
ability tasks novel,0.9700
task specific,0.9708
method usually,0.9725
proposed method tested,0.9709
novel task diverse,0.9700
model implementations,0.9708
method,0.9768
task diverse,0.9712
testing implemented,0.9721
performance way,0.9730
training procedure,0.9754
main idea use,0.9705
methods mainly,0.9706
model knowledge,0.9752
meta model,0.9706
learning method,0.9710
meta learning,0.9744
key meta learning,0.9718
learning method,0.9875
task chen,0.9709
methods field finally,0.9740
task le proposed,0.9730
model labeled,0.9751
data,0.9753
opt summary,0.9729
data metal,0.9763
specific feature,0.9711
within task su,0.9726
flow,0.9746
sun methodology,0.9731
classification,0.9741
code model,0.9811
method aims,0.9718
base classify,0.9706
data el,0.9773
model,0.9791
data compared,0.9735
based methods,0.9706
workshop,0.9712
input,0.9728
algorithm consisting,0.9710
network methods lack,0.9740
vital challenges,0.9721
methods categorized,0.9781
em based,0.9734
model knowledge transferred,0.9726
unified approach,0.9791
model consists,0.9785
prior knowledge base,0.9770
following conditions,0.9710
data base,0.9727
worthy research main,0.9734
meta model trained,0.9814
functional,0.9761
characteristics,0.9751
methods xiao,0.9712
pro model,0.9702
conceptual methodology,0.9726
testing,0.9705
data second stage,0.9761
representative methods metal,0.9786
metal algorithm uneven,0.9753
data specific,0.9823
tasks novel,0.9703
large methods designed,0.9736
data fine parts,0.9717
model introduces con,0.9738
idea use,0.9741
via conditioning,0.9721
task description,0.9810
models usually,0.9703
procedure el,0.9732
novel data however,0.9733
om data specific,0.9730
methods mainly focused,0.9735
conceptual mit difficulty,0.9737
conditions,0.9767
query base,0.9784
knowledge base,0.9715
models,0.9730
image classification however,0.9756
adapted task base,0.9786
fundamental focus,0.9761
recent representative methods,0.9733
method mapping,0.9808
trained review,0.9731
generic metal,0.9721
generally tasks,0.9732
methods designed,0.9779
usage,0.9739
classification classification,0.9718
method mapping layer,0.9721
responses,0.9743
functional para,0.9723
definition metal,0.9759
parameters novel,0.9717
method excess,0.9745
problems base,0.9742
processing,0.9709
using data,0.9791
model metal proposed,0.9710
specific parameters,0.9724
particular algorithm,0.9719
definitions,0.9710
data fine,0.9754
performance models,0.9715
meta model,0.9728
method usually contains,0.9723
architecture called,0.9704
opt based following,0.9748
pattern,0.9718
thus unified,0.9705
base data regarded,0.9756
learning method,0.9713
system,0.9758
technical characteristics conclude,0.9719
applications santo,0.9710
models usually trained,0.9716
recognition ic,0.9709
evaluation specific,0.9730
ability tasks novel,0.9750
module,0.9742
similarly mu,0.9714
algorithm base,0.9710
firstly adapted task,0.9716
task specific,0.9790
evaluation metal,0.9745
method usually,0.9708
performance series,0.9761
representation could,0.9725
baseline model metal,0.9766
classification however,0.9709
gradient descent,0.9700
however terms image,0.9717
methods lack,0.9769
al proposed meta,0.9709
algorithm uneven,0.9773
characteristics conclude,0.9750
review recent base,0.9719
using data sets,0.9704
methods fourth,0.9759
data trained,0.9745
mechanism siam,0.9734
based baseline,0.9730
type,0.9711
mapping layer,0.9734
data regarded,0.9796
data late,0.9716
proposed method tested,0.9740
model communication,0.9736
definitions cid,0.9744
methods field,0.9798
classification problem,0.9743
ping forgetting base,0.9727
methods use,0.9763
data compared widely,0.9728
network excluding weight,0.9725
novel task diverse,0.9712
model implementations,0.9804
response,0.9714
instances within,0.9744
mechanism con,0.9737
deco within,0.9702
model introduces,0.9760
data particular,0.9789
section give,0.9742
required learn classify,0.9715
task base,0.9738
task base neural,0.9722
methods mini,0.9773
task base cub,0.9702
required predict response,0.9748
base data fine,0.9711
method,0.9789
based baseline methods,0.9741
sections methods learn,0.9707
framework,0.9765
metal model,0.9706
task set,0.9753
al method,0.9707
network used,0.9701
mapping layer learned,0.9728
methods,0.9773
por unified approach,0.9719
model un,0.9719
therefore developing,0.9707
base data jamal,0.9722
task diverse,0.9743
testing implemented,0.9765
scenarios thus important,0.9728
using opt metal,0.9706
al method linear,0.9733
information extracted base,0.9765
procedure gi,0.9717
training end samples,0.9706
method uses,0.9705
class trained classification,0.9744
performance way,0.9718
als survey deep,0.9703
data jamal,0.9719
training procedure,0.9739
main idea use,0.9727
methods meta,0.9757
classification refer methods,0.9821
methods gi,0.9742
methods mainly,0.9770
specific feature,0.9725
classification,0.9750
model,0.9705
worthy research main,0.9723
functional,0.9703
characteristics,0.9710
data specific,0.9708
base classification,0.9702
task description,0.9703
fundamental focus,0.9710
classification classification,0.9744
system,0.9708
task specific,0.9733
evaluation metal,0.9701
performance series,0.9704
type,0.9704
method,0.9707
class trained classification,0.9745
data learning,0.9819
branch learning,0.9831
small learning,0.9730
model learning,0.9819
meta learning,0.9841
residual learning,0.9774
way learning initial,0.9705
sc meta learning,0.9709
definition learning,0.9708
learning nc,0.9704
function learning,0.9713
sample learning,0.9817
model communication,0.9718
formula learning,0.9735
auto learning,0.9807
used learning,0.9739
generation learning,0.9795
phase learning,0.9805
key meta learning,0.9759
code model,0.9749
meta model,0.9760
di learning task,0.9701
learning task,0.9708
meta learning,0.9733
network learning,0.9760
meta learning,0.9733
performance learning,0.9705
conference learning,0.9737
meta model,0.9711
optimization model,0.9709
