Word,Similarity
learning problem task,0.9718
conclusions,0.9712
considerations,0.9730
certain sub result,0.9723
knowledge required,0.9713
rules biased,0.9712
competitions found,0.9733
performance specific,0.9716
problem whereas,0.9703
ability,0.9706
classification based,0.9748
apparent model,0.9703
im test set,0.9714
criteria offers,0.9745
knowledge required details,0.9736
task specific,0.9750
beyond test set,0.9725
despite diversity tasks,0.9747
overall task,0.9728
suffer performance,0.9708
recommendation,0.9700
comparison,0.9779
parts requires,0.9706
test set,0.9724
across diverse areas,0.9702
identifying,0.9714
classification,1.0000
connections,0.9713
standards,0.9740
despite diversity,0.9706
data choices,0.9742
particular task proposed,0.9716
merit,0.9719
recognition bench,0.9711
guidance,0.9728
conclusion,0.9713
tuning,0.9728
details led significant,0.9712
models would,0.9705
criteria,0.9744
processing,0.9724
filtering chest,0.9705
core assumption,0.9713
certain sub,0.9701
models suffer,0.9753
judgment,0.9727
measuring,0.9721
reasons,0.9722
based,0.9711
worse test,0.9701
data collecting,0.9718
developed classification,0.9712
failures population subgroup,0.9731
classification task,0.9741
models,0.9742
beyond test,0.9703
significantly affect,0.9705
regardless,0.9709
task proposed,0.9730
factor,0.9727
distance,0.9712
resolution along,0.9721
regarding ground,0.9707
choice,0.9764
mode across,0.9700
progress bench,0.9712
comparison inadequate,0.9735
problems involved,0.9721
gap,0.9707
perspective,0.9721
data choices involved,0.9745
classify,0.9730
classification task given,0.9728
generally performance,0.9730
representative broader task,0.9703
models exploit,0.9718
ordering,0.9738
model,0.9760
directions,0.9711
model selection,0.9707
specific,0.9720
expertise,0.9733
task,0.9709
phase,0.9702
based factors,0.9753
across different areas,0.9711
evaluation ultimately tied,0.9701
condition,0.9700
orders,0.9712
paradigm order put,0.9707
especially deep learning,0.9704
comparisons insufficient,0.9701
bias,0.9723
gaps,0.9712
testing,0.9720
connection,0.9704
training,0.9706
problem transfer,0.9746
improper,0.9721
assumption,0.9770
problem sufficient,0.9730
insights,0.9709
resolution,0.9740
considerations,0.9736
problem translates,0.9743
using,0.9718
etc di,0.9711
performance specific,0.9724
modes inspired,0.9728
problem whereas,0.9749
analysis,0.9723
circle,0.9721
require,0.9728
problems without,0.9729
apparent model,0.9703
boiling,0.9711
particular,0.9707
methods,0.9794
societal,0.9737
architectural,0.9711
natural,0.9713
isolation,0.9737
biased,0.9763
coco,0.9720
since learning,0.9703
task specific,0.9724
reinforcement,0.9727
data qui,0.9733
commonly,0.9730
switching,0.9720
fundamental,0.9742
problems claim,0.9710
data bench,0.9717
additionally paper,0.9702
recommendation,0.9744
comparison,0.9816
alternatives bench,0.9718
independently,0.9753
empirical,0.9751
requires,0.9727
deep neural,0.9743
corresponding,0.9714
inference bench,0.9738
consideration,0.9731
indicator,0.9715
sophisticated,0.9718
distinct methods,0.9701
identifying,0.9724
definition,0.9750
mechanisms,0.9804
connections,0.9735
compare,0.9728
standards,0.9731
residual,0.9764
cid,0.9704
notions,0.9729
inherently,0.9713
data choices,0.9707
sentences,0.9722
problems involved domain,0.9710
universally,0.9707
assessments,0.9745
perspective recent,0.9708
contrast,0.9753
recognition bench,0.9702
slides,0.9716
disagreement,0.9744
generation,0.9730
leap,0.9700
comparisons difficult,0.9708
definitions,0.9740
glue,0.9766
treatment,0.9705
task concrete,0.9746
guidance,0.9744
problems,0.9714
settings,0.9755
alter,0.9710
hind algorithms,0.9706
tuning,0.9731
core empirical machine,0.9710
behavior,0.9766
expert,0.9727
algorithm advancement,0.9755
problem specifically,0.9721
framed,0.9700
criteria,0.9716
processing,0.9798
obvious,0.9711
comparing,0.9738
discussion,0.9704
context,0.9710
paradigm,0.9754
validity,0.9762
hyper,0.9739
effectively,0.9727
combining,0.9738
core assumption,0.9733
problem relying,0.9742
models suffer,0.9770
broadly,0.9758
judgment,0.9726
method,0.9793
measuring,0.9738
allowing,0.9746
based,0.9740
bench paradigm,0.9723
understanding,0.9711
dimensions,0.9730
due un correlated,0.9714
data collecting,0.9753
tracked,0.9704
developed classification,0.9734
difficult,0.9709
regression,1.0000
spur,0.9704
rigorous,0.9746
failures population subgroup,0.9707
problems attempt,0.9746
implementations,0.9715
facial,0.9740
expectations,0.9719
removing,0.9731
prefer,0.9717
models,0.9707
framework,0.9755
initial,0.9701
paradigm particular,0.9736
filtering,0.9771
comparable,0.9719
frame,0.9702
interest,0.9730
investigating,0.9700
via data abstract,0.9721
determination,0.9705
considered,0.9732
factor,0.9740
size,0.9700
distance,0.9723
retrieval,0.9759
inquiry,0.9730
measurement,0.9807
scrutiny,0.9745
instead form,0.9748
patterns,0.9746
coded,0.9724
resolution along,0.9705
application,0.9766
assumptions,0.9730
weight,0.9702
bay optimization,0.9711
methods marginal,0.9744
input,0.9716
proxy,0.9756
hypothesis,0.9774
claims,0.9701
hope model gen,0.9702
process,0.9719
differing,0.9721
problem,0.9702
proper,0.9716
specific obvious,0.9731
mode across,0.9706
method unfortunately,0.9737
problem broader,0.9744
significance,0.9727
lever,0.9737
survey,0.9702
scaling,0.9777
comparison inadequate,0.9738
divide,0.9737
focus,0.9740
significantly,0.9725
practical consider,0.9714
lighting,0.9717
affect,0.9746
label im certain,0.9720
perspective,0.9766
model efficiency,0.9726
res transfer well,0.9727
inference,0.9787
transfer,0.9737
follow bench paradigm,0.9724
diverse,0.9721
classify,0.9775
precision,0.9771
capture,0.9703
models exploit,0.9731
ordering,0.9728
model,0.9710
core empirical,0.9723
directions,0.9714
model selection,0.9766
well problems,0.9702
universal study measuring,0.9727
particularly,0.9703
setup,0.9754
prediction,0.9808
ic em,0.9702
specific,0.9773
illusion,0.9709
overlooked,0.9718
interpreted,0.9716
pneumonia,0.9758
failure modes inspired,0.9701
practice,0.9713
study specific machine,0.9735
inclusion,0.9707
raj scale,0.9709
claimed,0.9710
rules,0.9719
encompasses,0.9730
expertise,0.9715
solutions comparable,0.9777
problem framed,0.9713
task,0.9732
subtle,0.9719
supposedly,0.9735
problems figure,0.9720
res architecture,0.9725
phase,0.9749
pneumonia radio,0.9714
comprehension,0.9732
separation,0.9750
modular,0.9722
implementing,0.9724
certain,0.9732
standard,0.9735
distinguish,0.9732
regardless algorithms,0.9701
task bench,0.9710
models achieve,0.9714
meta,0.9766
neural,0.9757
con models suffer,0.9709
semi learning,0.9761
initial methods reward,0.9703
paradigm order put,0.9715
filter,0.9780
popularized,0.9754
algorithm ci,0.9712
sensitivity,0.9727
adoption,0.9702
assessment,0.9766
problem bench,0.9760
multiple,0.9713
tailored,0.9715
comparisons insufficient,0.9734
scale,0.9712
validity bench,0.9715
descent,0.9731
disagreements,0.9713
bias,0.9780
gaps,0.9703
routinely,0.9723
viewpoint,0.9750
furthermore learning,0.9730
particular discuss,0.9714
filtered,0.9730
highlighting,0.9733
bench underlying,0.9715
testing,0.9763
furthermore,0.9701
drains,0.9706
significant,0.9708
resolving,0.9738
connection,0.9741
important,0.9712
properties,0.9730
probing,0.9722
core,0.9722
domain knowledge,0.9718
problem properties,0.9754
task learning,0.9801
metric learning,0.9741
alignment learning,0.9705
space learning,0.9793
concrete learning,0.9771
distribution learning,0.9716
graph learning,0.9700
data learning,0.9768
notions learning,0.9730
proxy learning,0.9802
general learning,0.9729
transfer learning,0.9757
instant task learning,0.9716
bench learning,0.9718
practical task,0.9764
problem broader task,0.9715
appropriate baseline choice,0.9701
method provides,0.9701
leading strategies using,0.9704
problem related,0.9700
connection test,0.9706
di apparent model,0.9739
performance specific,0.9702
baseline choice,0.9781
apparent model,0.9744
practical reasons,0.9738
objective assessments different,0.9713
task specific,0.9708
significance testing,0.9733
specific test,0.9751
test set,0.9711
theory divide failure,0.9716
distinct methods,0.9709
framework evaluation,0.9702
proposed method provides,0.9703
broader task,0.9717
data choices,0.9724
conceptual framework,0.9720
evaluation away current,0.9704
task concrete,0.9716
guidance,0.9731
performance proposed method,0.9700
cost effort,0.9717
direct assessment,0.9744
method,0.9768
common evaluation,0.9725
applications instead,0.9720
deep deter policy,0.9747
cost effort involved,0.9732
task proposed method,0.9788
application,0.9700
problem isolation,0.9726
thorough feature,0.9705
validity criteria,0.9714
mis methods,0.9704
method merit,0.9715
method unfortunately,0.9715
practical consider,0.9773
underlying assumption bench,0.9702
model efficiency,0.9714
data constructed design,0.9730
used evaluation paper,0.9709
representative broader task,0.9705
strategies using,0.9701
paradigm test,0.9732
behavior alternatives,0.9711
model selection,0.9755
process may lead,0.9722
paradigm evaluation,0.9707
data leads model,0.9702
study specific machine,0.9710
im test,0.9704
evaluation use,0.9703
evaluation model,0.9748
problem identifying,0.9705
proposed method unfortunately,0.9701
treatment condition,0.9764
initial methods reward,0.9713
appropriate test,0.9733
objective assessments,0.9732
performance model,0.9793
domain knowledge,1.0000
probing model,0.9747
interpreted performance model,0.9713
data leads model,0.9729
ml evaluation model,0.9727
evaluation model,0.9747
deep metric learning,0.9833
bench learning,0.9712
practical task,0.9714
problem broader task,0.9755
distance fi used,0.9743
problem transfer,0.9777
mirror results,0.9716
conclusions,0.9717
data features,0.9702
method provides,0.9735
similarly models trained,0.9700
problem sufficient,0.9727
parts requires reference,0.9713
tasks literature means,0.9722
implementation reached,0.9717
baked bench data,0.9706
validity problems,0.9744
certain sub result,0.9703
systems found,0.9739
problem related,0.9715
connection test,0.9720
classification models,0.9852
di apparent model,0.9840
rules biased,0.9745
performance specific,0.9791
method represents,0.9720
modes inspired,0.9743
data generation,0.9734
problem whereas,0.9725
classification based,0.9731
broader scenarios,0.9702
baseline choice,0.9776
problems without,0.9712
apparent model,0.9837
practical reasons,0.9722
methods,0.9773
data used,0.9722
im test set,0.9784
genera models would,0.9766
models could exploit,0.9747
criteria offers,0.9778
objective assessments different,0.9722
knowledge required details,0.9710
task specific,0.9790
paradigm also,0.9730
ml evaluation away,0.9718
significance testing,0.9836
require data collecting,0.9725
data qui,0.9746
despite diversity tasks,0.9733
data mis,0.9738
models regularly exploit,0.9723
consequently implementations,0.9722
problems claim,0.9709
data bench,0.9752
additionally paper,0.9719
recommendation,0.9720
comparison,0.9756
alternatives bench,0.9711
framed indicator progress,0.9725
performance che models,0.9750
data labels,0.9739
systems research failed,0.9702
specific test,0.9753
models similarly,0.9728
test set,0.9793
across diverse areas,0.9712
inference bench,0.9707
data provides,0.9755
examples generally performance,0.9721
models used,0.9745
theory divide failure,0.9759
distinct methods,0.9767
applications become,0.9729
various implementations may,0.9711
parameters help,0.9720
classification,0.9741
objective,0.9700
mechanisms,0.9710
paradigm also illustrate,0.9701
different areas,0.9716
connections,0.9727
classification image,0.9778
framework evaluation,0.9721
require data,0.9751
fi used,0.9721
standards,0.9743
data therefore,0.9712
proposed method provides,0.9739
deep learning noted,0.9731
broader task,0.9730
corresponding data,0.9703
data choices,0.9833
models suffer performance,0.9735
claims address,0.9752
particular task proposed,0.9745
poorly computed based,0.9740
problems involved domain,0.9748
paradigm particular discuss,0.9727
formally hope model,0.9770
conceptual framework,0.9797
failure mode across,0.9740
perspective recent,0.9710
evaluation away current,0.9724
operators,0.9777
data mis specific,0.9705
recognition bench,0.9701
see figure tasks,0.9709
several fields insights,0.9707
applications instead constructed,0.9751
comparisons difficult,0.9746
definitions,0.9710
poorly evaluated data,0.9727
treatment,0.9706
task concrete,0.9788
guidance,0.9757
bench paradigm particular,0.9786
data may,0.9774
conclusion,0.9711
learning noted,0.9714
training set de,0.9723
context around,0.9725
cost effort,0.9719
research directions,0.9743
direct assessment,0.9740
core empirical machine,0.9712
details led significant,0.9701
concerns bench paradigm,0.9729
current focus competitive,0.9727
key role bench,0.9703
models used ci,0.9705
algorithm advancement,0.9743
criteria,0.9779
processing,0.9709
relies framework,0.9753
gains proposed,0.9702
context,0.9746
transfer asks,0.9721
adaptive note cited,0.9705
criteria well,0.9717
task definitions,0.9710
conclusion bench paradigm,0.9712
core assumption,0.9773
cid figure framework,0.9734
stereo associations per,0.9702
problem relying,0.9705
decade test set,0.9750
models suffer,0.9798
evaluation gold standard,0.9705
data input,0.9724
testing researchers described,0.9720
particular discuss implementation,0.9719
underlying assumptions,0.9755
applications chain,0.9755
method,0.9789
newer methods neural,0.9715
comparisons inadequate,0.9753
common evaluation,0.9715
data concrete,0.9718
data exist,0.9752
applications instead,0.9785
context single,0.9716
hope model,0.9710
data collecting,0.9753
developed classification,0.9796
performance similarly cross,0.9714
indicator progress,0.9710
specific data,0.9724
transfer appendix explore,0.9721
method also,0.9702
significance testing makes,0.9754
data tracked,0.9711
framework bench evaluation,0.9740
regression,0.9715
failures population subgroup,0.9761
image considered,0.9705
classification task,0.9777
methods researchers,0.9729
filtered papers,0.9701
cases algorithm expected,0.9711
models,0.9730
framework,0.9765
different data,0.9728
implementation,0.9733
hence performance,0.9750
paradigm particular,0.9756
proper comparisons highlight,0.9748
particular implementation,0.9730
task proposed,0.9751
deep deter policy,0.9730
perceive models fail,0.9772
via data abstract,0.9754
well problems claim,0.9724
validity bench particularly,0.9709
cost effort involved,0.9746
within bench paradigm,0.9705
measurement,0.9729
data collected,0.9710
relative performance specific,0.9762
task proposed method,0.9761
test,0.9727
performance che,0.9716
evidence,0.9721
well image ci,0.9719
application,0.9765
data abstract,0.9728
assumptions,0.9746
problem isolation,0.9741
interpreted performance model,0.9721
models would report,0.9752
methods marginal,0.9745
community practices around,0.9708
model performance,0.9728
input,0.9728
thorough feature,0.9706
validity criteria,0.9767
mis methods,0.9721
hypothesis,0.9719
hope model gen,0.9738
practical consider ti,0.9740
specific obvious,0.9706
choice,0.9717
metric involve,0.9762
distinct data,0.9793
method unfortunately,0.9715
progress bench,0.9717
problem broader,0.9734
overview papers,0.9705
mirror results variety,0.9725
divide failure,0.9724
comparison inadequate,0.9772
problems involved,0.9712
practical consider,0.9780
definitions bench,0.9714
underlying assumption bench,0.9741
data distinguish,0.9784
filtered papers applicable,0.9730
state given learning,0.9721
perspective,0.9756
model efficiency,0.9784
data constructed design,0.9838
differently consider,0.9721
data mis suggest,0.9735
problem data may,0.9742
data choices involved,0.9796
follow bench paradigm,0.9710
generally performance,0.9702
properties within,0.9723
representative broader task,0.9733
exposed images contained,0.9726
models exploit,0.9764
hope taxonomy offers,0.9704
models fail,0.9724
strategies using,0.9745
claimed improvements thus,0.9703
data exist various,0.9715
paradigm test,0.9808
model,0.9791
paper claims address,0.9701
behavior alternatives,0.9765
computed based context,0.9734
model selection,0.9820
evidence many,0.9730
image using,0.9707
universal study measuring,0.9741
deployment require,0.9710
process may lead,0.9750
mechanisms needed,0.9726
study specific,0.9702
paradigm evaluation,0.9773
data may also,0.9712
systems,0.9719
data leads model,0.9831
failure modes inspired,0.9753
ml evaluation model,0.9739
study specific machine,0.9754
ann data,0.9702
rules,0.9708
various categories transfer,0.9707
im test,0.9725
presented figure,0.9735
directions instance series,0.9722
solutions comparable,0.9738
problem framed,0.9701
scale ai,0.9709
reward scaling clip,0.9734
problems figure,0.9714
effectively distinct methods,0.9703
core assumption test,0.9742
particular example failing,0.9710
based factors,0.9735
strategies using deep,0.9701
data particular,0.9789
across different areas,0.9709
classification linear,0.9725
figure framework bench,0.9702
evaluation model,0.9779
problem identifying,0.9727
many underlying assumptions,0.9730
images contained,0.9737
evaluation ultimately tied,0.9706
cues drops model,0.9751
task bench,0.9728
test set interested,0.9726
implementations may,0.9746
models achieve,0.9735
treatment condition,0.9784
results collaborative,0.9721
con models suffer,0.9753
research failed,0.9709
problems associated figure,0.9779
results closely mirror,0.9715
newer methods using,0.9708
initial methods reward,0.9749
paradigm order put,0.9748
within context single,0.9723
appropriate test,0.9727
specific data particular,0.9755
con models,0.9703
algorithm ci,0.9723
assessment,0.9728
problem bench,0.9736
paradigm conclude,0.9707
theory divide,0.9703
comparisons insufficient,0.9744
methods using,0.9753
validity bench,0.9716
different algorithms hand,0.9725
bias,0.9721
data,0.9753
patterns literature allow,0.9752
leads model performance,0.9762
definition encompasses,0.9716
viewpoint,0.9705
furthermore learning,0.9712
data provides evidence,0.9718
decade test,0.9715
testing,0.9705
distinct data number,0.9711
objective assessments,0.9779
paradigm order,0.9762
gradient descent,0.9700
performance model,0.9875
leader competition,0.9701
current evaluation,0.9705
rules biased,0.9702
performance specific,0.9702
modes inspired,0.9705
apparent model,0.9713
criteria offers,0.9703
task specific,0.9733
recommendation,0.9721
comparison,0.9701
test set,0.9712
models used,0.9703
classification,0.9750
data choices,0.9751
particular task proposed,0.9723
failure mode across,0.9710
guidance,0.9711
research directions,0.9703
criteria,0.9746
models suffer,0.9701
method,0.9707
developed classification,0.9802
failures population subgroup,0.9710
task proposed,0.9704
application,0.9753
validity criteria,0.9726
progress bench,0.9703
filtered papers applicable,0.9729
model,0.9705
model selection,0.9741
distinction,0.9707
competition,0.9720
treatment condition,0.9720
competitions findings,0.9715
performance model,0.9714
task learning,0.9866
metric learning,0.9795
definitions bench learning,0.9714
original learning,0.9739
related learning,0.9702
deep metric learning,0.9702
space learning,0.9798
concrete learning,0.9734
specific learning,0.9708
problem isolation,0.9731
task concrete learning,0.9753
data learning,0.9819
notions learning,0.9741
proxy learning,0.9768
single learning,0.9793
task specific learning,0.9777
general learning,0.9878
disc learning,0.9756
bench learning,0.9849
probing model,0.9722
data leads model,0.9762
ml evaluation model,0.9799
evaluation model,0.9822
learning problem task,0.9746
algorithms specific learning,0.9720
graph learning,0.9718
transfer learning,0.9722
alignment learning,0.9719
classification models,0.9721
probing model,0.9706
interpreted performance model,0.9720
data leads model,0.9790
ml evaluation model,0.9814
evaluation model,0.9734
