Word,Similarity
learning task,1.0000
baseline several,0.9719
conclusions,0.9712
power,0.9723
privacy found,0.9702
prediction however,0.9743
clients,0.9725
targeting,0.9702
connections,0.9713
leverage,0.9704
aspects need,0.9716
employ classification,0.9744
samples using,0.9701
guidance,0.9728
requirements,0.9741
among clients,0.9708
conclusion,0.9713
models achieving,0.9724
core step,0.9708
data across different,0.9705
measuring,0.9721
based,0.9711
efficiency regarding fl,0.9774
models geographically,0.9709
problem valuable,0.9712
samples among,0.9736
due similarity data,0.9703
choice,0.9764
perspective,0.9721
particularly potential alleviate,0.9710
among devices,0.9706
rules using,0.9716
methods may,0.9704
additionally training,0.9720
issue fed,0.9705
specific,0.9720
model namely,0.9703
although utilizing data,0.9706
model especially dealing,0.9728
certain vertical,0.9715
clients involve,0.9715
orders,0.9712
performance across,0.9714
scenarios additionally distance,0.9711
generally distribution,0.9713
using data referred,0.9700
relies characteristics,0.9773
model initial,0.9705
crucial guidance,0.9724
additionally distance,0.9737
modification,0.9710
category,0.9777
calculation,0.9750
models need,0.9724
models compared,0.9723
comparison,0.9779
methods based,0.9720
test set,0.9724
crucial due requirements,0.9721
weaknesses,0.9708
confidential conjunction ic,0.9701
difficult due system,0.9754
model undergoes,0.9737
feedback,0.9738
processing,0.9724
model especially,0.9712
analyzed,0.9709
approach significantly,0.9705
due system,0.9788
reasons,0.9722
systems utilizing,0.9730
utilization metal,0.9703
distance,0.9712
learning entered stage,0.9717
inspecting,0.9709
consequently training,0.9733
adjustment,0.9736
due independence confidential,0.9722
payment,0.9718
specific model,0.9709
data within,0.9709
classify,0.9730
classified,0.9715
model called,0.9707
thereby improving,0.9702
directions,0.9711
model selection,0.9707
following ways reduced,0.9746
task,0.9709
data using,0.9718
model leading,0.9765
requiring analysis,0.9712
particularly potential,0.9705
priority,0.9758
discipline,0.9727
bias,0.9723
testing,0.9720
using data,0.9714
connection,0.9704
ultimately providing,0.9713
due security,0.9700
models across different,0.9725
ability,0.9706
data need,0.9710
conditions,0.9754
data contained,0.9718
model extensive,0.9718
involving sg step,0.9735
illustrates classification framework,0.9733
global model requiring,0.9755
within framework evaluated,0.9707
data comprising,0.9711
coding,0.9744
characteristics,0.9757
weaknesses fed metal,0.9727
customers,0.9717
issues caused,0.9731
eliminating need,0.9715
tuning,0.9728
meta using,0.9718
model within,0.9743
topic fed metal,0.9717
need data,0.9703
models using,0.9718
addressing,0.9701
key aspects need,0.9707
learning called per,0.9716
significantly affect main,0.9702
generally banks,0.9703
model requiring,0.9765
models,0.9742
users employ,0.9710
node using,0.9714
models within,0.9722
significantly affect,0.9705
aggregate information central,0.9710
factor,0.9727
wells addressing data,0.9708
balancing,0.9712
global model leading,0.9721
knowledge specific,0.9711
module,0.9702
habits,0.9704
transmission,0.9717
grouping,0.9782
progress fed metal,0.9701
model,0.9760
difficulties,0.9706
using knowledge previous,0.9731
instructions,0.9708
limit,0.9728
system,0.9731
weighs importance,0.9741
based specific,0.9710
consequently slowing,0.9706
confrontation,0.9728
due requirements,0.9753
data without,0.9715
joint model,0.9744
novel system,0.9706
following advantages,0.9707
models across,0.9703
validation within,0.9700
method consists,0.9707
considerations,0.9730
analyzed highlighting,0.9708
using data distributed,0.9707
devices within fed,0.9735
instruction,0.9728
classification based,0.9748
systems results narrow,0.9739
pattern,0.9725
performance primary,0.9700
rates,0.9704
thus affecting,0.9702
emphasizes devices,0.9707
recommendation,0.9700
algorithms believed,0.9702
conclusion fed metal,0.9722
classification,1.0000
typically,0.9702
despite potential advantages,0.9703
model incorporating,0.9744
model advantages,0.9723
using final test,0.9729
configuration,0.9752
model unsuitable,0.9722
data requiring,0.9726
system metal,0.9719
tasks requires,0.9711
indicators among,0.9722
methods exhibit,0.9721
nodes regarding,0.9747
fed learning however,0.9704
type,0.9710
protection,0.9734
phase,0.9702
based cross,0.9714
systems serve,0.9724
data across,0.9724
advantage,0.9712
illustrates classification,0.9821
therefore training,0.9719
due independence,0.9720
including information,0.9707
protection however,0.9726
bias caused,0.9700
baseline several,0.9726
methods ad,0.9753
improper,0.9721
fl technology intermittent,0.9710
insights,0.9709
treated,0.9708
techniques reduce,0.9712
fed optimization,0.9722
suitable managing,0.9729
predicted,0.9713
deep residual learning,0.9707
prediction however,0.9746
ic involves use,0.9701
directly,0.9718
natural,0.9713
using meta,0.9719
local model extensive,0.9725
algorithm commencement,0.9732
ai crucial,0.9730
systems long,0.9743
empirical,0.9751
experiment tackle,0.9738
predicting,0.9774
method leverage,0.9748
mechanisms,0.9804
connections,0.9735
leverage,0.9770
instead separate,0.9735
relatively,0.9704
aspects need,0.9715
memory,0.9722
resulting modification,0.9710
joint comparisons,0.9703
employ classification,0.9707
samples using,0.9710
weighs,0.9703
guidance,0.9744
aspect,0.9724
loop metal resolved,0.9706
techniques address,0.9739
progress core,0.9712
comparing,0.9738
context,0.9710
applications scarce,0.9735
hyper,0.9739
unable,0.9712
models achieving,0.9737
methods fed,0.9739
significant di,0.9702
methods machine,0.9756
meta model trained,0.9754
hybrid attention,0.9724
grouped,0.9762
method,0.9793
measuring,0.9738
suitable fl,0.9706
exchange,0.9728
based,0.9740
workshop,0.9720
methods alleviate,0.9762
systems lever,0.9743
applicable several,0.9717
method based,0.9701
tom analysis,0.9724
outline,0.9738
methods typically,0.9731
interests,0.9721
analysis covered,0.9726
manipulation,0.9702
frame,0.9702
facilitate,0.9725
consequently learning,0.9743
capability,0.9705
measurement,0.9807
models geographically,0.9760
problem valuable,0.9792
dimensional,0.9783
models relies,0.9721
local models achieving,0.9727
systems specifically,0.9738
process,0.9719
problem,0.9702
project,0.9737
reducing,0.9707
converting,0.9757
survey,0.9702
focus,0.9740
transferring,0.9727
integrated,0.9716
trans wire,0.9714
statistical benign,0.9744
perspective,0.9766
substantial using,0.9708
analyze,0.9748
rules using,0.9718
method achieve,0.9722
diverse,0.9721
suitable,0.9746
methods may,0.9727
precision,0.9771
distinguishing,0.9754
scenarios single,0.9713
issue fed,0.9734
filters,0.9758
framework semi,0.9715
using trial,0.9733
zen,0.9705
specific,0.9773
model namely,0.9744
environments lead,0.9703
method proton,0.9723
demand,0.9708
methods persistence,0.9723
decision,0.9717
certain vertical,0.9704
potential alleviate,0.9726
task trained,0.9702
neglect,0.9706
methods address,0.9732
en model,0.9711
spectrum,0.9736
neural,0.9757
performance across,0.9719
adaptive weighs,0.9729
additionally case,0.9720
using controlled meta,0.9715
cost lin,0.9707
generally distribution,0.9723
significant,0.9708
collaboration,0.9731
using data referred,0.9736
model aims,0.9701
relies characteristics,0.9743
core,0.9722
training,0.9706
consequently creative,0.9735
methods commonly,0.9723
model initial,0.9726
distinctive,0.9731
specification,0.9710
indicators,0.9739
method enhance,0.9715
summarized,0.9736
instability,0.9811
fed methods,0.9731
require,0.9728
possessing,0.9712
mechanism,0.9777
prevalent,0.9703
modification,0.9742
assessed,0.9728
evident,0.9754
therefore vertical,0.9709
scala,0.9734
category,0.9753
conceptual ml,0.9732
problem multiple,0.9750
calculation,0.9770
models need,0.9703
models compared,0.9705
comparison,0.9816
device,0.9735
techniques zero insignificant,0.9709
gradient using,0.9704
mature,0.9705
methods based,0.9715
essence,0.9703
framework significantly,0.9715
viable,0.9703
accurately,0.9702
definition,0.9750
weaknesses,0.9725
residual,0.9764
confidential conjunction ic,0.9736
methods giving,0.9713
labeled,0.9759
contrast,0.9753
methods terms,0.9741
thereby creating,0.9702
utilizing,0.9730
model undergoes,0.9775
energy,0.9705
problems,0.9714
involving,0.9712
feedback,0.9779
sharing paradigm,0.9774
behavior,0.9766
nodes,0.9701
processing,0.9798
usage,0.9720
model especially,0.9749
analyzed,0.9764
effectively,0.9727
algorithm focuses,0.9713
balanced,0.9734
broadly,0.9758
crucial,0.9753
approach significantly,0.9781
due system,0.9701
groups using,0.9701
branch,0.9721
model enabling,0.9723
vertical,0.9731
enabling,0.9755
cipher,0.9783
regression,1.0000
rigorous,0.9746
framework,0.9755
initial,0.9701
systems utilizing,0.9718
utilization metal,0.9702
data highly,0.9715
furthermore fed,0.9723
considered,0.9732
size,0.9700
cutting,0.9773
distance,0.9723
incorporating,0.9746
drug,0.9708
inspecting,0.9716
application,0.9766
crucial several,0.9704
sub learning,0.9721
data methods unable,0.9718
consequently training,0.9706
outlined,0.9712
adjustment,0.9759
lever,0.9737
payment,0.9746
persistence,0.9729
mechanism significantly,0.9734
response,0.9741
overcome,0.9707
data resulting relatively,0.9703
toxic,0.9707
inference,0.9787
classify,0.9775
capture,0.9703
model called,0.9737
consumption,0.9700
het terms,0.9705
opt using,0.9716
directions,0.9714
model selection,0.9766
simulation,0.9750
operating,0.9702
particularly,0.9703
prediction,0.9808
wire,0.9718
practice,0.9713
validation,0.9739
methods introduced,0.9728
labeling,0.9769
protocol,0.9751
method transforming,0.9725
characteristics lead,0.9731
data stationary,0.9732
task,0.9732
integration,0.9721
data using,0.9714
sy,0.9717
joint,0.9700
certain,0.9732
standard,0.9735
model leading,0.9771
proto,0.9722
analyzing,0.9721
weighted,0.9760
suitable cross,0.9709
crypt,0.9744
diagram,0.9730
sensitivity,0.9727
multiple,0.9713
priority,0.9729
scale,0.9712
bias,0.9780
algorithm poisoning,0.9710
thus avoiding,0.9705
testing,0.9763
fixed,0.9705
progress fl algorithms,0.9706
furthermore,0.9701
connection,0.9741
harness,0.9730
limiting,0.9755
focuses,0.9702
tackle,0.9713
exchanging,0.9751
systemic,0.9760
model transfer,0.9743
using,0.9718
solution,0.9740
privacy technique,0.9706
setting,0.9718
word prediction,0.9701
revealing,0.9730
constraints,0.9766
isolation,0.9737
al figure proton,0.9716
conditions,0.9714
rigorous analyzed,0.9725
neighbor,0.9701
model extensive,0.9765
cycle,0.9724
due variations,0.9711
floating,0.9732
global model requiring,0.9764
speaking,0.9745
deep neural,0.9743
method multi,0.9735
model explain,0.9719
corresponding,0.9714
consideration,0.9731
process summarized,0.9724
techniques,0.9762
compare,0.9728
gao,0.9705
data dispersed,0.9733
coding,0.9793
sid,0.9708
pei,0.9706
strategies devices neglect,0.9718
metal strategies,0.9743
characteristics,0.9718
global model distributing,0.9735
generation,0.9730
definitions,0.9740
however robust,0.9703
settings,0.9755
tuning,0.9731
meta using,0.9758
consequently employing metal,0.9708
model sharing,0.9709
model within,0.9736
encryption chin,0.9705
models address,0.9730
anomaly,0.9749
paradigm,0.9754
topic fed metal,0.9703
data leading,0.9720
experiment,0.9701
models using,0.9731
understanding,0.9711
method called,0.9706
addressing,0.9752
intensive,0.9739
additionally variant,0.9748
importance,0.9708
extraction,0.9750
fluctuations,0.9779
model requiring,0.9726
practical method fed,0.9727
consequently learned model,0.9705
models,0.9707
models within,0.9726
flex,0.9718
data employs,0.9710
flexible,0.9744
model prior,0.9727
relies use,0.9726
interest,0.9730
factor,0.9740
problem insufficient labeled,0.9705
cyber resulting,0.9703
demonstrates,0.9703
techniques reduces,0.9725
compression,0.9821
advantages,0.9720
metal curiosity algorithms,0.9716
model reflective,0.9715
system easily,0.9715
instead training,0.9709
based weighted,0.9709
balancing,0.9766
divides,0.9705
mach,0.9705
mach learn,0.9720
compared,0.9725
techniques depends,0.9719
definition fed,0.9719
significantly,0.9725
global model leading,0.9750
knowledge specific,0.9727
module,0.9760
circulation,0.9719
transmission,0.9707
dependence,0.9742
grouping,0.9738
learning proposed resulting,0.9714
problem insufficient,0.9712
concepts,0.9761
dense,0.9733
multi,0.9774
bias across,0.9702
using fed,0.9711
model,0.9710
additionally intermediate,0.9702
difficulties,0.9754
affect main,0.9707
principles,0.9728
limit,0.9739
substantially,0.9701
rules,0.9719
encompasses,0.9730
system,0.9714
weighs importance,0.9729
transforms,0.9769
based specific,0.9722
consequently slowing,0.9706
costly,0.9737
modules,0.9740
model generally,0.9736
method system,0.9704
resulting,0.9707
encoding,0.9757
based euclidean,0.9727
conjunction ic,0.9743
process however,0.9760
rely,0.9709
meta,0.9766
method weighted,0.9761
confrontation,0.9705
adoption,0.9702
data without,0.9736
joint model,0.9709
descent,0.9731
specifically applied researched,0.9706
behavior based,0.9716
important,0.9712
methods meta,0.9745
cyber demonstrate,0.9701
validation within,0.9722
considerations,0.9736
analyzed highlighting,0.9723
using data distributed,0.9756
instruction,0.9706
analysis,0.9723
methods,0.9794
pattern,0.9783
behaviors,0.9722
factor based weighted,0.9702
induction,0.9796
reinforcement,0.9727
commonly,0.9730
rates,0.9757
fundamental,0.9742
survey homo,0.9702
recommendation,0.9744
data therefore objective,0.9708
algorithms believed,0.9750
independently,0.9753
requires,0.9727
automated,0.9730
decline,0.9717
frequency,0.9763
cid,0.9704
sampling,0.9746
employing weighted,0.9725
deep transfer,0.9734
typically,0.9705
opt multiple,0.9759
methods achieve,0.9736
node poisoning,0.9701
expert,0.9727
transforming,0.9713
model incorporating,0.9767
model advantages,0.9742
characteristic,0.9725
typically demonstrate,0.9701
vulnerability,0.9722
allowing,0.9746
adjust,0.9750
concept fed,0.9760
frequent,0.9706
configuration,0.9770
h fed learning,0.9708
model credibility,0.9744
algorithm historical,0.9732
difficult,0.9709
techniques cannot,0.9703
model unsuitable,0.9747
however approach,0.9701
meta adjust,0.9722
data requiring,0.9708
batch,0.9702
system metal,0.9732
program,0.9703
global model learned,0.9737
methods relatively,0.9751
therefore improving,0.9712
consequently order,0.9726
ascent,0.9702
restrict,0.9758
weight,0.9702
interactions central,0.9716
input,0.9716
pan,0.9727
data yue,0.9727
particularly using,0.9721
methods exhibit,0.9749
affect,0.9746
data harness,0.9749
continuity,0.9751
typically model,0.9713
transfer,0.9737
credibility,0.9731
data high degree,0.9701
nodes regarding,0.9726
process xi,0.9737
useful multi,0.9711
mode central,0.9720
purposes,0.9706
nodes confident,0.9720
similarities,0.9711
techniques zero,0.9738
similarity,0.9746
organic,0.9700
model moving,0.9701
minimal,0.9707
type,0.9749
colleagues,0.9704
predictions,0.9718
process greatly,0.9747
generally forms,0.9705
useful,0.9749
requiring,0.9733
data di,0.9734
protection,0.9704
lower bound,0.9703
phase,0.9749
prevalent method weighted,0.9732
based cross,0.9719
categorized,0.9754
implementing,0.9724
integrated fl,0.9726
data sampling,0.9715
mit forgetting maintaining,0.9722
adjusting,0.9748
approach,0.9710
methods like,0.9717
based alternating,0.9707
however inappropriate,0.9700
tailored,0.9715
approach opt,0.9726
therefore training,0.9751
bias caused,0.9724
highlighting,0.9733
conditions di,0.9737
cutting exploration,0.9732
efficiency knowledge,0.9713
id features,0.9720
model meta,0.9711
transfer learning,0.9757
feature learning,0.9733
learning transfer,0.9728
meta inter learning,0.9705
fine models learning,0.9706
data learning,0.9768
h meta learning,0.9759
metric learning,0.9741
rules opt learning,0.9706
edges learning,0.9741
network learning,0.9773
problem fed learning,0.9734
devices learning,0.9717
meta fast learning,0.9759
meta learning,1.0000
node learning,0.9854
fixed learning,0.9701
efficient learning,0.9704
em model rapidly,0.9710
research attention application,0.9716
local model extensive,0.9759
specific application scenario,0.9730
shared data model,0.9725
common method,0.9782
global model model,0.9731
method leverage,0.9735
recommended algorithm,0.9763
data related model,0.9757
control mechanisms,0.9701
based metric approach,0.9703
superiority approach,0.9740
single task objective,0.9746
guidance,0.9731
global model,0.9753
meta model trained,0.9725
scale system,0.9704
self methods used,0.9765
method,0.9768
method based,0.9727
privacy method,0.9849
performance model,0.9793
approach compared,0.9779
method use,0.9747
detection method,0.9776
selection model,0.9727
data ii model,0.9753
method achieve,0.9726
performance method,0.9724
required communication,0.9706
sharing model,0.9747
method proton,0.9708
method extremely,0.9714
technique enables,0.9717
crucial guidance support,0.9706
useful multi scenarios,0.9704
mechanism approach,0.9714
method utilizes,0.9749
model collaboration,0.9715
method enhance,0.9754
fed methods,0.9708
weighted model,0.9711
primary task algorithm,0.9708
approach serves,0.9716
test set,0.9711
viable approach,0.9709
integrated fl method,0.9709
solution allows,0.9706
comparison offer,0.9723
privacy model,0.9765
method employed,0.9742
detection response based,0.9710
comparison offer crucial,0.9718
technique allows,0.9720
approach significantly,0.9731
suitable data recommended,0.9707
issue model,0.9736
data model,0.9722
training objective function,0.9708
target model,0.9706
shared model,0.9739
task objective,0.9717
leverage model,0.9769
collaborative approach small,0.9717
application,0.9700
using data approach,0.9751
data isolation,0.9701
amp strategy employed,0.9701
specific model,0.9741
task approach,0.9866
input method,0.9734
equipment selection model,0.9727
classification framework,0.9714
protection model,0.9773
model selection,0.9755
alternative approach,0.9723
method smart,0.9714
model combination based,0.9715
approaches include local,0.9708
enhancing model,0.9719
approach users employ,0.9718
collaborative approach,0.9782
prediction based,0.9705
recommend system,0.9707
based methods employed,0.9712
appropriate model,0.9759
model transfer,0.9703
privacy technique,0.9790
accuracy model,0.9701
difficulties model within,0.9700
global model requiring,0.9717
central model,0.9712
strategies solution,0.9727
data dispersed,0.9722
joint model tasks,0.9707
approach centralized,0.9724
evaluation factor based,0.9727
practical method fed,0.9733
characteristics enhancing model,0.9723
data approach,0.9743
using meta guides,0.9710
suitable scenarios,0.9713
effective model,0.9790
techniques using,0.9705
global model leading,0.9737
training fed model,0.9750
process may require,0.9708
approach introduced,0.9748
strategies recommendation,0.9750
ad method employed,0.9767
response based,0.9771
meta decision,0.9722
model generally,0.9745
method system,0.9796
application direction however,0.9704
strategies promptly electronics,0.9704
efficiency recommendation,0.9764
difficulties model,0.9771
method weighted,0.9721
approach retains,0.9719
necessary model,0.9711
joint model,0.9734
behavior based,0.9720
framework objective,0.9710
clients approach,0.9703
inter model,0.9707
meta method leverage,0.9720
research framework,0.9705
superiority approach compared,0.9721
framework evaluated based,0.9704
fed recommend system,0.9705
training model initial,0.9712
training model,0.9813
detection framework differs,0.9726
data recommended based,0.9711
model requiring training,0.9716
model incorporating,0.9700
model advantages,0.9738
fair performance model,0.9772
detection method based,0.9731
well enhancing model,0.9731
performance global model,0.9725
recommended based prior,0.9758
rely specific model,0.9714
global model learned,0.9708
fl method consists,0.9718
response based specific,0.9755
fundamental concept,0.9715
enabling model,0.9749
sharing paradigm without,0.9722
performance model across,0.9732
metric approach,0.9700
variations model,0.9707
practical method,0.9816
communication method,0.9780
selection scheme,0.9716
em model,0.9703
performance system,0.9705
cross model,0.9717
prevalent method weighted,0.9746
prevalent method,0.9765
data sampling,0.9706
ability enhancing model,0.9760
requirements approach,0.9748
approach opt,0.9730
trade model,0.9770
data knowledge,0.9765
learning model,0.9890
shared data model,0.9702
scenario model,0.9729
learning enabling model,0.9792
recommendation model,0.9714
degree learning model,0.9898
gradient descent model,0.9715
selection model,0.9722
sharing model,0.9728
management model,0.9761
meta model,0.9706
weighted model,0.9708
privacy model,0.9715
resource management model,0.9775
distance weighted model,0.9713
leverage model,0.9721
protection model,0.9732
personal efficient model,0.9710
data collaborate model,0.9781
substantial bias model,0.9763
integrated global model,0.9706
distribution model,0.9736
idea shift model,0.9752
effective model,0.9734
idea model,0.9703
method leverage model,0.9793
inc learning model,0.9710
rapid adaptation model,0.9785
difficulties model,0.9745
strategies model,0.9753
shared global model,0.9711
fundamental idea model,0.9751
distributed training model,0.9752
deep learning model,1.0000
learning performance model,0.9860
bias model,0.9722
differential privacy model,0.9815
flexible model,0.9743
first order model,0.9717
fed learning model,0.9871
deep transfer learning,0.9823
meta learning,0.9744
differential privacy technique,0.9704
degree learning model,0.9722
performance method,0.9750
task approach,0.9702
fed learning methods,0.9752
difficulties model,0.9702
meta method leverage,0.9709
deep learning model,0.9809
communication method,0.9770
fed learning model,0.9767
baseline several,0.9749
data interactions,0.9754
data multiple,0.9729
system given,0.9757
methods ad,0.9763
step data,0.9798
conclusions,0.9717
model parties need,0.9766
fed models need,0.9735
fl technology intermittent,0.9754
process model,0.9724
system structure,0.9741
em model rapidly,0.9781
significant challenge,0.9719
per objective,0.9708
models en model,0.9720
training context fed,0.9737
global model aims,0.9740
al proposed meta,0.9709
data generation,0.9734
additional communication,0.9710
techniques reduce,0.9754
fed optimization,0.9702
data fl,0.9719
performance order significantly,0.9702
stab model,0.9702
suitable managing,0.9715
main methods,0.9747
prediction however,0.9758
model general across,0.9790
ic involves use,0.9759
research attention application,0.9774
models results demonstrate,0.9707
compared using,0.9741
meta data using,0.9731
using meta,0.9708
clients may lead,0.9723
local model extensive,0.9807
ensured models,0.9716
model requirements,0.9766
data relationships,0.9703
adaptive weighs importance,0.9743
thus avoiding risk,0.9714
specific application scenario,0.9744
regarding fl models,0.9708
ai crucial,0.9737
systems long,0.9704
shared data model,0.9825
global model enabling,0.9740
common method,0.9718
global model model,0.9848
computation results device,0.9702
experiment tackle,0.9715
predicting,0.9704
ag model,0.9712
objective,0.9700
method leverage,0.9770
mechanisms,0.9710
research findings,0.9703
local model,0.9729
connections,0.9727
recommended algorithm,0.9752
data related model,0.9875
algorithms traffic sign,0.9734
data therefore,0.9712
figure comparison,0.9719
set illustrated figure,0.9725
control mechanisms,0.9709
aspects need,0.9748
tasks model makes,0.9711
methods employed model,0.9784
solutions include,0.9732
employ classification,0.9805
samples using,0.9769
models often consist,0.9757
single task objective,0.9785
data type,0.9805
guidance,0.9757
objective task goal,0.9706
model parameters central,0.9714
ad data employs,0.9756
requirements,0.9762
data demonstrate traditional,0.9763
additionally het data,0.9729
conclusion,0.9711
recommendations,0.9710
clients central,0.9714
techniques address,0.9763
lack explain decision,0.9705
performance fed,0.9706
research directions,0.9743
progress core,0.9747
first stage model,0.9775
context,0.9746
applications scarce,0.9774
global model,0.9834
performance system metal,0.9758
models achieving,0.9773
methods fed,0.9755
methods machine,0.9731
evident limitations,0.9728
mechanism ensures,0.9701
meta model trained,0.9814
additionally proposed,0.9719
scale system,0.9784
varying perspectives concept,0.9726
self methods used,0.9784
data across different,0.9737
method,0.9789
suitable fl,0.9702
framework evaluated,0.9754
models aggregate,0.9735
protection anomaly,0.9731
workshop,0.9712
methods alleviate,0.9748
model across devices,0.9752
concentrate data,0.9717
strategy called,0.9747
algorithm focuses ag,0.9700
tasks enable,0.9701
broadly speaking information,0.9717
systems lever,0.9772
applicable several,0.9728
weights due limitations,0.9705
performance category,0.9728
specific data,0.9724
characteristics tasks hand,0.9730
method based,0.9779
models compared using,0.9714
within framework,0.9728
information allows,0.9725
theoretical lower,0.9705
per integration,0.9707
methods typically,0.9752
privacy method,0.9767
methods based models,0.9765
efficiency regarding fl,0.9761
performance model,0.9875
analysis covered,0.9757
commonly using,0.9728
resources required experiment,0.9728
approach compared,0.9771
fl methods defined,0.9731
manager fed learning,0.9701
core focus,0.9707
methods unable,0.9724
prediction bench recommendation,0.9711
method use,0.9769
consequently learning,0.9701
measurement,0.9729
model fed learning,0.9737
using dec information,0.9725
test,0.9727
aggregation proposed integrated,0.9719
models geographically,0.9793
steps data approach,0.9730
problem valuable,0.9756
list algorithms believed,0.9774
parameters lead,0.9728
models relies,0.9748
nic model,0.9736
local models achieving,0.9800
model performance,0.9728
potential addressing,0.9717
clients instead,0.9702
due similarity data,0.9753
systems specifically,0.9759
choice,0.9717
integrated capture depend,0.9775
data exposure,0.9776
using algorithms,0.9727
allowing banks benefit,0.9722
selection model,0.9799
framework network,0.9713
statistical benign,0.9725
data ii model,0.9862
overhead quan involves,0.9739
perspective,0.9756
include network,0.9729
edge environment,0.9710
rules using,0.9782
method achieve,0.9748
methods may,0.9776
clients lower,0.9711
ld summary instead,0.9719
confines data,0.9705
additionally training,0.9703
scenarios single,0.9753
issue fed,0.9701
resulting ideas,0.9726
filters,0.9715
clients instead central,0.9713
device power,0.9722
framework semi,0.9763
using trial,0.9710
applying gradient descent,0.9735
required communication,0.9750
sharing model,0.9766
data among,0.9734
data methods like,0.9743
subsequent input data,0.9751
systems,0.9719
model performance system,0.9719
concept fed metal,0.9708
system perspective,0.9804
model namely,0.9783
methods fed introduces,0.9707
environments lead,0.9759
comparison traditional,0.9738
global model sat,0.9738
model subsequently central,0.9748
method proton,0.9716
based data subsequently,0.9725
data lead significant,0.9743
although utilizing data,0.9709
adversary objective,0.9702
model global,0.9725
methods persistence,0.9739
data figure,0.9742
model especially dealing,0.9727
potential alleviate,0.9736
task trained,0.9711
often involves,0.9703
thus affecting models,0.9702
first step data,0.9753
clients involve,0.9702
methods address,0.9755
en model,0.9801
based tom analysis,0.9727
method data,0.9703
model transmitted,0.9722
performance across,0.9773
domains including image,0.9715
scenarios additionally distance,0.9711
adaptive weighs,0.9714
crucial guidance support,0.9752
suitable data,0.9729
additionally case,0.9705
useful multi scenarios,0.9796
meta model,0.9728
using controlled meta,0.9709
cost lin,0.9710
mechanism approach,0.9774
method utilizes,0.9723
within fl framework,0.9734
recommendation algorithms figure,0.9713
using data referred,0.9789
model aims,0.9760
relies characteristics,0.9814
additionally field,0.9720
methods commonly,0.9739
model collaboration,0.9764
model initial,0.9763
utilizing data multiple,0.9700
high performance primary,0.9708
fed methods terms,0.9750
indicators,0.9774
fl methods used,0.9747
method enhance,0.9742
fed methods giving,0.9701
summarized,0.9707
fed models aggregate,0.9756
global model fed,0.9759
individual devices within,0.9717
data recommended,0.9742
crucial guidance,0.9727
instability,0.9704
services led,0.9707
iso,0.9706
fed methods,0.9738
common approaches include,0.9700
devices feature space,0.9757
differential privacy found,0.9726
weighted model,0.9793
results narrow perspective,0.9739
counterparts current model,0.9723
several methods alleviate,0.9725
training employ class,0.9711
primary task objective,0.9704
framework via,0.9721
framework framework employs,0.9735
category,0.9760
based common samples,0.9727
global models,0.9714
conceptual ml,0.9763
opt model,0.9772
problem multiple,0.9736
calculation,0.9712
models need,0.9760
models compared,0.9791
comparison,0.9756
device,0.9711
data labels,0.9739
prediction based cross,0.9759
local scenarios additionally,0.9761
techniques zero insignificant,0.9707
performance model initial,0.9782
gradient using,0.9757
various methods address,0.9708
methods based,0.9748
benefits using,0.9722
unique data characteristics,0.9739
test set,0.9793
framework significantly,0.9760
collected data,0.9708
approaches include,0.9734
integrated fl method,0.9753
solution allows,0.9712
crucial due requirements,0.9735
among different data,0.9730
task main,0.9737
methods include,0.9727
data via,0.9725
include first model,0.9735
comparison offer,0.9742
privacy model,0.9782
resulting model initial,0.9709
consequently training samples,0.9700
confidential conjunction ic,0.9740
difficult due system,0.9723
methods giving,0.9739
per integration security,0.9718
factor based,0.9714
arising data,0.9734
based gradient,0.9706
module way,0.9708
clients lack,0.9709
methods terms,0.9763
methods defined allows,0.9763
method employed,0.9705
however event data,0.9725
applications models,0.9777
capabilities making suitable,0.9705
al proposed model,0.9756
global model lever,0.9754
networks using model,0.9768
model undergoes,0.9785
model model,0.9711
performance disc across,0.9750
global model like,0.9734
significant variations model,0.9705
detection response based,0.9724
approach introduced enables,0.9711
feedback,0.9743
sharing paradigm,0.9764
concept parallel,0.9712
need considered reducing,0.9711
processing,0.9709
usage,0.9739
computation based,0.9709
transmission result centralized,0.9729
model especially,0.9782
learning utilization metal,0.9714
methods used,0.9726
comparison offer crucial,0.9766
technique allows,0.9705
algorithm focuses,0.9755
methods introduced address,0.9703
framework transfer,0.9755
approach significantly,0.9776
suitable data recommended,0.9706
due system,0.9708
issue model,0.9809
data information within,0.9743
groups using,0.9737
suitable scenarios involving,0.9751
data lead,0.9752
data characteristics lead,0.9753
model enabling,0.9761
cyber resulting compromise,0.9706
data compared,0.9735
diagram adapted huang,0.9705
applications fed,0.9717
parameters may,0.9745
certain levels model,0.9737
models results,0.9721
regression,0.9715
data volume,0.9757
network require,0.9742
performance significant challenge,0.9747
specifically applied,0.9734
simulation results demon,0.9736
current model,0.9720
data model,0.9847
framework,0.9765
characteristics cyber,0.9703
systems utilizing,0.9728
training objective function,0.9718
utilization metal,0.9758
solution consists,0.9732
system constraints,0.9718
data model solely,0.9719
data highly,0.9749
due requirements performance,0.9710
performance models,0.9715
data collected,0.9710
data requiring analysis,0.9771
target model,0.9760
shared model,0.9776
methods used address,0.9702
task objective,0.9754
clients may possess,0.9709
techniques used,0.9716
participating data fed,0.9725
leverage model,0.9798
diagram based,0.9738
di data list,0.9711
application,0.9765
model information central,0.9789
using data approach,0.9791
data methods unable,0.9794
consequently training,0.9708
data isolation,0.9746
summary main methods,0.9728
global model adequate,0.9769
consideration data,0.9762
local data characteristics,0.9754
sg step,0.9704
amp strategy employed,0.9708
perspectives concept,0.9761
based specific security,0.9728
specific model,0.9848
mechanism significantly,0.9748
response,0.9714
task approach,0.9830
models rapid,0.9717
fed model para,0.9735
data resulting relatively,0.9751
equipment selection model,0.9834
following conditions,0.9710
including image,0.9747
classification framework,0.9859
data drug,0.9784
data within,0.9765
aspects need considered,0.9719
performance targeted back,0.9702
include model,0.9748
protection model,0.9828
among devices different,0.9720
methods become,0.9734
separate data,0.9709
model called,0.9791
process consists,0.9742
data list,0.9760
data compared relevant,0.9725
opt using,0.9706
local models used,0.9752
model selection,0.9820
data dispersed across,0.9716
application behavior,0.9745
overview concepts classification,0.9745
local data subsequently,0.9704
intermediate data related,0.9737
achievements model,0.9759
following ways reduced,0.9735
receives model,0.9833
framework framework,0.9715
applied researched domains,0.9733
data via group,0.9707
methods introduced,0.9754
classification diagram,0.9760
bias across devices,0.9714
method transforming,0.9719
design ty ic,0.9702
characteristics lead,0.9768
data stationary,0.9793
low data drug,0.9720
integration,0.9706
model combination based,0.9799
data using,0.9800
disc global model,0.9783
based distribution,0.9721
di consequently training,0.9711
model leading,0.9794
data characteristics,0.9819
requiring analysis,0.9715
significantly model,0.9703
research directions discipline,0.9709
equation cid,0.9712
methods represent,0.9767
approaches include local,0.9742
fed model,0.9721
separate data models,0.9771
using model,0.9730
data several,0.9733
enhancing model,0.9748
diagram,0.9759
terms detection accuracy,0.9743
classification based computed,0.9772
network require specific,0.9722
approach users employ,0.9713
collaborative approach,0.9727
process framework,0.9705
prediction based,0.9766
bias,0.9721
individual devices,0.9744
small data intermittent,0.9719
thus avoiding,0.9718
testing,0.9705
progress fl algorithms,0.9730
using data,0.9791
small messages model,0.9721
model adequate meeting,0.9731
step data alignment,0.9728
application figure,0.9790
data well,0.9710
based methods employed,0.9739
local data across,0.9764
data within systems,0.9765
shared model could,0.9703
appropriate model,0.9782
model transfer,0.9798
models across different,0.9786
privacy technique,0.9751
using gradient descent,0.9722
techniques offer,0.9709
data constraints,0.9816
focus fed transfer,0.9700
framework employs,0.9737
accuracy model,0.9767
constraints,0.9704
difficulties model within,0.9794
well global model,0.9704
metal methods possess,0.9702
database,0.9726
program needs,0.9736
systems lever distributed,0.9711
data need,0.9775
task depicted,0.9734
upon findings integrate,0.9727
data zhang,0.9761
fed model parties,0.9747
conditions,0.9767
using meta inter,0.9706
data contained,0.9773
com nic model,0.9756
framework extended,0.9704
model extensive,0.9774
mask mechanisms employed,0.9702
data data need,0.9761
using samples,0.9729
respective models using,0.9799
illustrates classification framework,0.9810
global model requiring,0.9825
method multi,0.9742
model explain,0.9788
application field,0.9743
information within,0.9707
central model,0.9821
local model based,0.9724
models used,0.9745
process summarized,0.9766
within framework evaluated,0.9781
techniques,0.9739
strategies solution,0.9726
data comprising,0.9767
data dispersed,0.9818
strategies devices neglect,0.9767
metal strategies,0.9759
via model,0.9747
characteristics,0.9751
data case,0.9736
global model distributing,0.9765
definitions,0.9710
due variations data,0.9708
methods include huff,0.9715
model classification,0.9736
well comparison traditional,0.9703
framework work adapted,0.9709
hyper need data,0.9708
within framework fed,0.9745
performance typically model,0.9709
data tackle,0.9705
meta using,0.9753
consequently employing metal,0.9705
model sharing,0.9701
model within,0.9793
energy constraints,0.9767
models address,0.9779
similar data recommended,0.9706
framework aims,0.9732
topic fed metal,0.9712
data leading,0.9770
addressed field,0.9713
joint model tasks,0.9781
algorithms clients involve,0.9704
need data,0.9727
towards target distribution,0.9712
models using,0.9830
evaluation factor based,0.9755
method called,0.9739
respective models,0.9725
within given data,0.9774
additionally variant,0.9729
algorithms use,0.9714
key aspects need,0.9734
common data,0.9701
learning called per,0.9707
local model main,0.9778
models need provided,0.9738
model requiring,0.9774
practical method fed,0.9767
consequently learned model,0.9733
models,0.9730
users employ,0.9704
characteristics enhancing model,0.9813
models within,0.9788
tasks require,0.9733
research summarized,0.9707
strategies application fed,0.9764
data employs,0.9744
model prior,0.9800
aggregate information central,0.9775
relies use,0.9701
data approach,0.9758
problem insufficient labeled,0.9711
simulation results demonstrate,0.9729
based atmospheric,0.9736
data demonstrate,0.9712
techniques reduces,0.9760
learned model source,0.9723
using meta guides,0.9773
evidence,0.9721
techniques within framework,0.9737
model reflective,0.9777
resulting compromise,0.9700
suitable scenarios,0.9750
wells addressing data,0.9753
scenarios involving,0.9726
instead training,0.9703
im data,0.9720
based weighted,0.9722
requiring additional communication,0.9706
effective model,0.9769
may include,0.9707
respective models process,0.9780
clients may,0.9728
data related,0.9763
method leverage model,0.9725
techniques depends,0.9753
techniques using,0.9724
classification mechanism,0.9763
definition fed,0.9766
global model leading,0.9838
knowledge specific,0.9773
module,0.9742
intermediate data,0.9721
data lead substantial,0.9708
parameters may approach,0.9780
transmission,0.9731
concept transfer,0.9703
learning proposed resulting,0.9749
summary metal successfully,0.9704
problem insufficient,0.9708
training fed model,0.9825
small data,0.9755
process may require,0.9753
bias across,0.9729
approach introduced,0.9727
models within group,0.9781
model,0.9791
parameters central,0.9749
comparison three stages,0.9710
therefore improving model,0.9704
fair resource,0.9701
results demonstrate approach,0.9747
approach significantly improves,0.9735
cost com model,0.9704
affect main,0.9735
fed learning differential,0.9745
node data however,0.9769
computed achieve classification,0.9715
strategies recommendation,0.9761
using knowledge previous,0.9705
client groups using,0.9717
source term,0.9731
limit,0.9715
algorithms figure,0.9768
based methods,0.9706
per input data,0.9723
response based,0.9785
rules,0.9708
system,0.9758
weighs importance,0.9737
based specific,0.9741
analyzed study,0.9703
system metal concept,0.9702
disadvantage fed,0.9717
techniques within,0.9718
using data training,0.9739
task aiming,0.9712
meta decision,0.9708
spatial concept,0.9764
model generally,0.9837
method system,0.9862
framework significantly compared,0.9725
based euclidean,0.9734
data possess label,0.9727
application direction however,0.9742
firstly global model,0.9728
conjunction ic,0.9730
models need intermediate,0.9716
process however,0.9728
fed models strategy,0.9779
data information may,0.9766
required experiment tackle,0.9732
efficiency recommendation,0.9794
difficulties model,0.9846
method weighted,0.9796
systems vision,0.9724
samples compared legitimate,0.9722
involving learning zero,0.9706
model combination,0.9712
approach retains,0.9704
im opt model,0.9719
data without,0.9744
necessary model,0.9734
method system enable,0.9742
joint model,0.9817
data,0.9753
strategies model,0.9723
hospital data may,0.9705
related model upon,0.9775
specifically applied researched,0.9742
behavior based,0.9772
model communication,0.9736
methods meta,0.9757
novel system,0.9743
model performance across,0.9703
previous data inputs,0.9703
features therefore training,0.9714
paper aims analyze,0.9709
data features,0.9702
framework objective,0.9776
im data di,0.9717
clients lead,0.9709
data samples using,0.9756
validation within,0.9748
method consists,0.9750
clients decline,0.9702
clients approach,0.9711
type model,0.9759
within systems,0.9724
methods involve,0.9706
analyzed highlighting,0.9727
prediction enables,0.9721
using data distributed,0.9787
models may encounter,0.9761
global model based,0.9747
instruction,0.9737
classification based,0.9731
data employs ad,0.9708
task ara,0.9717
security analyzed highlighting,0.9733
mit communication,0.9709
systems results narrow,0.9790
methods,0.9773
framework performance,0.9741
pattern,0.9718
similar data features,0.9735
algorithm based tom,0.9708
inter model,0.9803
weights based,0.9704
factor based weighted,0.9731
task requirements,0.9723
parameters specific,0.9751
performance primary,0.9724
data may include,0.9768
research framework,0.9754
thus affecting,0.9714
model using data,0.9709
data referred,0.9728
global model back,0.9724
recommendation,0.9720
framework differs,0.9766
data therefore objective,0.9738
algorithms believed,0.9736
costs following,0.9703
techniques effectively reduce,0.9706
framework evaluated based,0.9726
classification,0.9741
data light,0.9783
data contained publications,0.9726
fed recommend system,0.9754
training model initial,0.9744
data enables,0.9742
training model,0.9871
definition fed metal,0.9726
framework allowing,0.9726
detection framework differs,0.9773
model para,0.9750
metal model,0.9706
data recommended based,0.9752
methods achieve,0.9759
framework diagram,0.9713
data may,0.9774
stage model,0.9745
model requiring training,0.9766
bias caused local,0.9703
model incorporating,0.9804
client importance,0.9716
model advantages,0.9805
comprehensive overview concepts,0.9712
gradient bias caused,0.9730
fair performance model,0.9787
following definitions employed,0.9720
using final test,0.9749
data need ii,0.9770
data input,0.9724
model global model,0.9713
significant progress field,0.9705
well enhancing model,0.9756
concept fed,0.9735
configuration,0.9745
data io,0.9717
task determined equation,0.9704
performance global model,0.9820
methods ensure data,0.9719
model credibility,0.9756
algorithm historical,0.9727
recommended based prior,0.9733
classification additionally,0.9707
techniques cannot,0.9750
model unsuitable,0.9777
data requiring,0.9773
strategies central,0.9702
rely specific model,0.9830
need addressed field,0.9708
system metal,0.9732
different data,0.9728
data possess,0.9719
implementation,0.9733
framework extended highly,0.9730
data may involve,0.9775
global model learned,0.9781
methods relatively,0.9758
fl method consists,0.9756
data different,0.9706
tasks requires,0.9735
fundamental idea model,0.9727
response based specific,0.9772
fundamental concept,0.9752
enabling model,0.9794
indicators among,0.9752
sharing paradigm without,0.9725
performance model across,0.9805
interactions central,0.9764
performance typically,0.9707
input,0.9728
model using,0.9789
differences data lead,0.9705
pattern remains,0.9712
data yue,0.9789
particularly using,0.9742
methods exhibit,0.9770
variations model,0.9809
methods defined,0.9756
including transmission,0.9715
overview fed metal,0.9723
insights support,0.9733
practical method,0.9760
general model,0.9706
het fed models,0.9717
testing conditions,0.9769
data harness,0.9758
selection scheme,0.9730
data interactions central,0.9702
di models across,0.9743
em model,0.9809
model relationships determines,0.9753
performance di,0.9739
figure comparison three,0.9702
ml model,0.9809
towards scheduling fed,0.9715
continuity,0.9703
typically model,0.9750
among different devices,0.9717
nodes regarding,0.9757
process xi,0.9738
domains including,0.9717
data differential,0.9707
mode central,0.9714
personal models need,0.9719
nodes confident,0.9739
model potential,0.9785
energy feedback,0.9737
data nec need,0.9764
training model class,0.9802
techniques zero,0.9730
framework page,0.9703
performance system,0.9744
distribution using,0.9724
cross model,0.9819
model moving,0.9727
type,0.9711
predictions,0.9751
model called pri,0.9720
application direction,0.9720
data di,0.9788
additionally applicable,0.9714
presented figure,0.9735
fed learning demonstrated,0.9729
data furthermore,0.9734
resource constraints,0.9731
mechanism significantly reduces,0.9703
overview concepts,0.9742
lower bound,0.9709
based models,0.9757
status paper,0.9753
methods unable adapt,0.9701
prevalent method weighted,0.9806
induction snail figure,0.9709
following conditions di,0.9740
based cross,0.9727
mit communication scenarios,0.9737
fed learning including,0.9706
data moreover,0.9722
models relies use,0.9771
local data due,0.9711
related model,0.9820
integrated fl,0.9723
results demonstrate meta,0.9716
non im data,0.9783
framework page recommendation,0.9715
utilization metal algorithms,0.9706
data sampling,0.9799
mit forgetting maintaining,0.9726
systems serve,0.9732
ability enhancing model,0.9795
data across,0.9712
requirements approach,0.9744
methods like,0.9713
approach opt,0.9730
privacy ml model,0.9710
first order model,0.9743
illustrates classification,0.9760
therefore training,0.9742
solutions include model,0.9818
including information,0.9708
protection however,0.9705
systems directly facing,0.9740
bias caused,0.9766
trade model,0.9774
local models en,0.9716
considered data,0.9749
conditions di,0.9761
gradient descent,0.9700
significant challenge,0.9700
research findings,0.9704
recommended algorithm,0.9703
employ classification,0.9721
single task objective,0.9734
data type,0.9730
guidance,0.9711
requirements,0.9723
research directions,0.9703
progress core,0.9718
applications scarce,0.9711
method,0.9707
applicable several,0.9709
performance category,0.9746
performance model,0.9714
candidate word,0.9722
data ii model,0.9734
scenarios single,0.9717
required communication,0.9727
en model,0.9715
issue field,0.9712
relies characteristics,0.9713
indicators,0.9716
category,0.9738
comparison,0.9701
test set,0.9712
comparison offer,0.9726
classified three categories,0.9709
issue model,0.9707
utilization metal,0.9712
task objective,0.9732
application,0.9753
specific model,0.9741
classification framework,0.9754
classified,0.9721
model selection,0.9741
data stationary,0.9704
data characteristics,0.9723
selected,0.9718
diagram,0.9706
database,0.9710
application field,0.9703
models used,0.9703
data dispersed,0.9713
characteristics,0.9710
data case,0.9700
local model main,0.9704
practical method fed,0.9713
suitable scenarios,0.9708
global model leading,0.9738
knowledge specific,0.9705
model,0.9705
system,0.9708
model generally,0.9720
method system,0.9706
conjunction ic,0.9702
efficiency recommendation,0.9709
joint model,0.9720
novel system,0.9736
framework objective,0.9701
type model,0.9728
recommendation,0.9721
classification,0.9750
training model,0.9702
model incorporating,0.9723
model advantages,0.9704
significant progress field,0.9706
configuration,0.9701
classification additionally,0.9745
model unsuitable,0.9704
variations model,0.9701
testing conditions,0.9721
em model,0.9709
training model class,0.9733
cross model,0.9700
type,0.9704
status paper,0.9736
competition,0.9720
illustrates classification,0.9727
models learning,0.9742
learning using,0.9722
learning core,0.9715
directly opt learning,0.9728
used learning,0.9739
model fed learning,0.9728
centralized learning,0.9729
overview learning,0.9787
learning transfer,0.9710
opt learning,0.9752
model learning,0.9819
context fed learning,0.9747
sub learning,0.9704
data learning,0.9819
h meta learning,0.9736
performance fed learning,0.9732
metric learning,0.9795
rules opt learning,0.9773
model transfer,0.9705
edges learning,0.9770
problem fed learning,0.9812
inter learning,0.9716
adaptive learning,0.9740
classification fed learning,0.9782
residual learning,0.9774
model communication,0.9718
deep learning using,0.9705
meta learning,0.9841
device edges learning,0.9703
node learning,0.9875
fixed learning,0.9836
efficient learning,0.9755
process fed learning,0.9735
process model,0.9768
learning model,0.9721
shared data model,0.9713
data related model,0.9710
scenario model,0.9775
recommendation model,1.0000
degree learning model,0.9734
values model,0.9710
selection model,0.9769
sharing model,0.9772
application scenarios model,0.9709
tasks model,0.9721
management model,0.9740
meta model,0.9760
privacy model,0.9716
loss values model,0.9702
order model,0.9711
data type model,0.9758
protection model,0.9712
node model,0.9733
data collaborate model,0.9761
multiple tasks model,0.9714
distribution model,0.9761
idea model,0.9720
method leverage model,0.9727
application scenario model,0.9764
address issue model,0.9714
difficulties model,0.9721
algorithm model,0.9708
deep learning model,0.9714
flexible model,0.9710
privacy ml model,0.9709
learning task,0.9708
transfer learning,0.9722
framework transfer learning,0.9706
deep transfer learning,0.9782
data centralized learning,0.9754
concept transfer learning,0.9704
distributed learning,0.9799
network learning,0.9760
meta fast learning,0.9731
rapid adaptive learning,0.9704
meta learning,0.9733
based machine learning,0.9708
conference learning,0.9737
feature learning,1.0000
leading sub learning,0.9740
meta learning,0.9733
server learning,0.9713
process model,0.9703
data related model,0.9749
scenario model,0.9709
gradient descent model,0.9842
methods based models,0.9752
metric approach models,0.9735
aggregation process model,0.9717
selection model,0.9729
contrast model,0.9755
meta model,0.9711
weighted model,0.9737
loss values model,0.9734
distance weighted model,0.9804
optimization model,0.9709
aggregation strategies model,0.9727
data collaborate model,0.9729
substantial bias model,0.9761
distribution model,0.9760
idea shift model,0.9765
method leverage model,0.9798
fundamental idea model,0.9772
algorithm model,0.9709
bias model,0.9756
differential privacy model,0.9763
first order model,0.9708
