Word,Similarity
evaluation learning task,0.9780
learning task,1.0000
rates,0.9704
including methods,0.9716
model especially,0.9712
task however,0.9701
model lower,0.9705
generally condition,0.9703
layer causes,0.9707
condition,0.9700
methods could,0.9702
tuning,0.9728
advantage,0.9712
including methods key,0.9712
multiple performance,0.9721
challenges research inspired,0.9720
due ad training,0.9719
model transferring,0.9719
leverage,0.9704
recognition results,0.9701
distance,0.9712
task weight,0.9736
processing,0.9724
data employed,0.9710
knowledge used,0.9746
vital factor,0.9708
model,0.9760
perspective,0.9721
systems show,0.9732
position,0.9711
comprehensive specific,0.9701
classification perform,0.9796
guidance,0.9728
classification,1.0000
based specific,0.9710
task illustrated,0.9713
methods last,0.9702
module,0.9702
model superior,0.9735
tasks involved transfer,0.9758
segment duc principle,0.9715
due characteristics,0.9765
method transfer,0.9712
analyzed,0.9709
depends interactive segment,0.9700
regarded problem,0.9752
models instead con,0.9706
model largely,0.9762
connections,0.9713
tasks step,0.9700
task,0.9709
measuring,0.9721
segment relies,0.9724
system,0.9731
calculation,0.9750
classification pixel,0.9728
duc principle,0.9712
models provide,0.9702
lot research considers,0.9728
classification pixel classification,0.9830
methods based,0.9720
classification however,0.9832
categorized meta,0.9728
category presents,0.9775
characteristics,0.9757
model largely de,0.9719
typically,0.9702
choice,0.9764
task specific,0.9750
method although,0.9716
doi fits metal,0.9715
task related,0.9735
hierarchical bay,0.9710
explanation,0.9728
including model,0.9721
category,0.9777
factor,0.9727
coding,0.9744
rule within para,0.9730
gaps,0.9712
conclusions,0.9712
selected test,0.9703
based bench,0.9700
research inspired,0.9728
including learning,0.9708
research demonstrated model,0.9713
due lots di,0.9703
experience involved metal,0.9704
pattern,0.9725
task although,0.9744
category prior,0.9757
metal regarded optimization,0.9733
especially large,0.9704
vans categorized meta,0.9719
specific,0.9720
based,0.9711
survey listed,0.9725
related considering requirements,0.9705
methods criticized,0.9731
ability,0.9706
recommendation,0.9700
requirements,0.9741
category seen,0.9758
model leverage,0.9770
codes,0.9719
therefore tracking,0.9715
requirement,0.9703
models,0.9742
classified,0.9715
tan classification,0.9764
definitions metal,0.9744
thus promoting,0.9718
though category presents,0.9720
comparison,0.9779
regarded problem extremely,0.9703
using label,0.9716
pixel classification however,0.9740
type,0.9710
conclusion,0.9713
modification,0.9710
con knowledge used,0.9719
suitable dealing,0.9713
testing,0.9720
similarities,0.9711
categorized,0.9754
encoding,0.9757
reinforcement,0.9727
predicted,0.9713
rates,0.9757
instead con,0.9700
flow,0.9768
including methods,0.9718
tool,0.9715
using,0.9718
res model dense,0.9714
socio,0.9701
umbrella term,0.9711
model especially,0.9749
methods drawn,0.9727
se problem,0.9715
horizon,0.9712
limitation,0.9726
methods could,0.9716
scala,0.9734
tuning,0.9731
rate tian,0.9701
embedded,0.9767
semantic,0.9805
including methods key,0.9701
multiple performance,0.9719
practice,0.9713
speeds,0.9723
importance,0.9708
methods suitable,0.9714
crossover,0.9749
methods widely,0.9712
deep neural,0.9743
suitable,0.9746
standard,0.9735
principles,0.9728
distinguish,0.9732
method dependent,0.9709
model transferring,0.9770
size,0.9700
models discussed,0.9704
effective regular achieved,0.9706
hybrid attention,0.9724
leverage,0.9769
distance,0.9723
computational ex men,0.9731
methods model,0.9723
imaging,0.9774
approach,0.9710
setup,0.9754
breakthrough,0.9758
obvious,0.9711
insight,0.9762
task weight,0.9712
maha,0.9704
processing,0.9798
problems summarized,0.9715
knowledge used,0.9739
spans,0.9757
scan,0.9754
useful,0.9749
application,0.9766
metal corresponding,0.9703
scale,0.9712
collaboration,0.9731
properties,0.9730
methods bench,0.9728
methods mainly,0.9725
core,0.9722
characterized,0.9715
conditioned,0.9709
poly,0.9718
systematically introduced,0.9738
million res model,0.9707
memory,0.9722
hyper,0.9739
crude,0.9721
proto,0.9722
model,0.9710
similarity,0.9746
perspective,0.9766
many models relational,0.9716
rigid ann,0.9723
methods diverse li,0.9705
method meta,0.9718
methods reason,0.9759
mari taxonomy,0.9708
framework divide,0.9723
methods including,0.9721
diagnosis,0.9738
zen,0.9705
weight,0.9702
mechanisms,0.9804
fault diagnosis,0.9701
expansion poly,0.9732
onto zhao,0.9701
expose,0.9709
experiment,0.9701
task structured,0.9715
guidance,0.9744
fearing,0.9709
methods therefore,0.9705
methods slightly,0.9714
rus,0.9704
process,0.9719
metal term,0.9707
method cat,0.9718
principle,0.9763
lever,0.9737
interest,0.9730
syn learning,0.9715
sequence,0.9712
modules,0.9740
based specific,0.9722
fundamental concepts,0.9701
problem comprehensive,0.9717
problem meta,0.9725
methods last,0.9731
frequency,0.9763
techniques,0.9762
module,0.9760
corresponding,0.9714
considered,0.9732
model superior,0.9734
tasks involved transfer,0.9724
dependent,0.9760
weighted,0.9760
due characteristics,0.9744
trans pattern earned,0.9708
selection metal,0.9726
analysis toward mel,0.9716
contrast,0.9753
weighted importance,0.9708
resulting,0.9707
method transfer,0.9773
meta,0.9766
methods ta,0.9754
analyzed,0.9764
neighbor,0.9701
malik,0.9705
heath,0.9705
methods deep,0.9733
interests,0.9721
regarded problem,0.9724
models instead con,0.9728
model largely,0.9747
problem metal,0.9746
connections,0.9735
task,0.9732
requires,0.9727
mach,0.9705
opt meta,0.9724
methods ri,0.9759
measuring,0.9738
concepts,0.9761
segment relies,0.9732
system,0.9714
multiple,0.9713
mi method meta,0.9730
survey,0.9702
calculation,0.9770
dense,0.9733
visually,0.9701
duc principle,0.9704
models ne,0.9715
academia,0.9711
difficult,0.9709
lot research considers,0.9700
focus,0.9740
learning proposed neural,0.9720
however appropriate,0.9705
methods im,0.9732
methods based,0.9715
important,0.9712
problems,0.9714
pan,0.9727
combining,0.9738
methods compared,0.9706
problem timeline,0.9704
layers used,0.9710
category presents,0.9707
defining,0.9702
characteristics,0.9718
kernel,0.9734
regression,1.0000
resolution,0.9740
compared,0.9725
model largely de,0.9700
typically,0.9705
structured,0.9766
focuses,0.9702
scans,0.9731
input,0.9716
usage,0.9720
fundamental,0.9742
consideration,0.9731
discussion,0.9704
para learning,0.9736
task specific,0.9724
basis,0.9776
method although,0.9736
outlines,0.9735
methods selected,0.9730
connected mari taxonomy,0.9722
doi fits metal,0.9700
therefore survey,0.9731
localized,0.9729
certain,0.9732
data metal,0.9750
frame,0.9702
capability,0.9705
comparison conventional deep,0.9707
significant,0.9708
using meta,0.9719
layer layer,0.9708
origin,0.9725
data les,0.9717
validation,0.9739
neural,0.9757
require,0.9728
hierarchical bay,0.9724
explanation,0.9754
advantages,0.9720
methods con,0.9739
applications ta,0.9704
compare,0.9728
category,0.9753
sy,0.9717
bay hierarchical,0.9707
definition,0.9750
factor,0.9740
neural zhang,0.9708
effectively conjunction metal,0.9721
coding,0.9793
method ter,0.9757
methods meta,0.9745
directly,0.9718
rules,0.9719
focused,0.9710
operation,0.9725
pixels,0.9720
extraction,0.9750
gaps,0.9703
tune,0.9714
extend,0.9711
problems metal,0.9721
based bench,0.9726
cyclic,0.9809
method con,0.9717
workshop,0.9720
mechanism singh,0.9764
research automatic,0.9726
including learning,0.9704
initial,0.9701
cid,0.9704
visiting,0.9700
model multiple,0.9732
retrieval,0.9759
pattern,0.9783
problem,0.9702
model par,0.9723
methods diverse,0.9735
definition metal,0.9733
suitable opt,0.9704
tumor,0.9738
category prior,0.9717
methods structure,0.9726
synth learning,0.9749
metal regarded optimization,0.9743
setting,0.9718
methods work,0.9728
aims convert,0.9700
analyzed disadvantage,0.9704
specific,0.9773
based,0.9740
using opt,0.9713
models al,0.9733
analysis,0.9723
characteristic compatibility,0.9705
mechanism,0.9777
scales,0.9754
connected layer,0.9707
opt metal,0.9722
recommendation,0.9744
generation,0.9730
malik learning opt,0.9709
without data metal,0.9709
visual comparison,0.9701
rigid,0.9743
method suffers,0.9733
comparison conventional,0.9725
boundary,0.9711
rule,0.9740
model leverage,0.9775
codes,0.9772
therefore tracking,0.9736
requirement,0.9742
transferring,0.9727
transfer,0.9737
predictions,0.9718
models,0.9707
method,0.9793
balanced,0.9734
neo,0.9723
meta though category,0.9718
vertical,0.9731
constrained,0.9744
relatively,0.9704
fusion,0.9739
definitions metal,0.9733
thus promoting,0.9723
though category presents,0.9714
degradation,0.9718
poses,0.9708
divide,0.9737
comparison,0.9816
understanding,0.9711
data matter,0.9737
imperfect,0.9712
methods,0.9794
adjust,0.9750
viewed,0.9718
based definition,0.9717
empirical,0.9751
using label,0.9715
outline,0.9738
context,0.9710
task transfer,0.9717
expert,0.9727
opt used,0.9703
multi,0.9774
research verified,0.9706
training,0.9706
model prior,0.9727
gao,0.9705
project,0.9737
however rep,0.9706
model aims,0.9701
model con,0.9748
label constrained deep,0.9702
methods including transfer,0.9703
supervision,0.9727
type,0.9749
labeled,0.9759
effectively,0.9727
methods based meta,0.9709
connected,0.9702
modification,0.9742
res model,0.9702
framework,0.9755
activation,0.9733
metal classified meta,0.9702
definitions,0.9740
methods mi,0.9741
descent,0.9731
mach intel comparison,0.9725
natural,0.9713
geometric,0.9713
con knowledge used,0.9722
importance calculation,0.9712
furthermore,0.9701
suitable dealing,0.9748
survey metal,0.9717
based meta,0.9718
methods vent,0.9734
methods achieve,0.9736
diverse,0.9721
rake,0.9722
characteristic,0.9725
summarized,0.9736
comparing,0.9738
testing,0.9763
meta knowledge,1.0000
data meta,0.9738
features meta last,0.9776
meta focus,0.9732
rev features meta,0.9726
global features,0.9729
model meta,0.9711
features con,0.9701
task properties,1.0000
based learning,0.9701
feature learning,0.9733
evidence learning,0.9728
process learning,0.9825
prototype learning,0.9798
effects learning,0.9789
transfer learning,0.9757
term learning,0.9706
methods learning,0.9788
meta learning,1.0000
sc meta learning,0.9793
image deep learning,0.9717
interaction learning,0.9825
learning via meta,0.9705
properties learning,0.9766
domains learning,0.9776
multi learning,0.9757
network learning,0.9773
automatic learning learning,0.9743
survey learning,0.9744
learning transfer,0.9728
task learning,0.9801
metric learning,0.9741
visual learning,0.9784
applications learning,0.9778
method learning,0.9784
canonical learning,0.9741
self learning,0.9713
data learning,0.9768
cross learning,0.9846
methods based learning,0.9726
data model,0.9722
umbrella term,0.9719
able method,0.9710
learning field used,0.9705
multiple performance,0.9701
task comparison metal,0.9702
based research considers,0.9711
methods suitable,0.9707
method dependent,0.9737
target task however,0.9717
target task although,0.9736
matching na initiative,0.9710
used based research,0.9709
methods model,0.9723
clear model,0.9720
objective test,0.9751
research perspective,0.9713
segment based con,0.9703
method improve,0.9729
knowledge used,0.9724
application,0.9700
limited task community,0.9703
methods mainly,0.9706
method meta,0.9703
methods selected test,0.9772
detailed information method,0.9784
guidance,0.9731
ask training model,0.9748
research perspective challenge,0.9711
method transfer,0.9751
learning mechanism,0.9701
mi method meta,0.9760
performance model,0.9793
network model,0.9759
problem timeline,0.9743
inter objective test,0.9714
model proposed,0.9714
task specific,0.9708
method although,0.9740
calculation method,0.9712
task field,0.9701
comparison conventional deep,0.9711
hierarchical bay model,0.9717
intent classification using,0.9742
special research perspective,0.9706
method ter,0.9723
interaction mechanism,0.9767
mechanism singh,0.9711
classification using label,0.9710
model evaluation,0.9732
performance method,0.9724
methods work,0.9725
intelligent method,0.9802
training model,0.9813
method using,0.9728
method suffers,0.9713
space method although,0.9748
comparison conventional,0.9704
framework practice,0.9722
information method,0.9734
method,0.9768
usage mean,0.9706
specific problem,0.9742
powerful method,0.9715
meta method using,0.9706
task transfer,0.9737
recommendation system,0.9727
method although research,0.9726
learning method,0.9803
limitation related task,0.9712
method switch,0.9714
based model,0.9773
classification reinforce method,0.9812
meta knowledge,0.9718
variability model,0.9705
methods learning model,0.9818
learning well model,0.9848
learning model deep,0.9728
learning model,0.9890
network model,0.9705
performed based model,0.9774
value depth model,0.9713
learning con model,0.9750
decisions model,0.9718
deep learning model,1.0000
networks bay model,0.9721
learning bay models,0.9701
meta base model,0.9709
including learning model,0.9799
learning method,0.9710
prototype learning,0.9743
meta learning,0.9744
image deep learning,0.9777
learning field used,0.9702
performed based model,0.9702
deep learning model,0.9809
performance method,0.9750
intelligent method,0.9721
multi learning method,0.9708
meta method using,0.9746
learning method,0.9875
classification reinforce method,0.9719
data model,0.9847
task metric,0.9710
data sights,0.9714
used clusters visual,0.9724
systems show fig,0.9745
methods could successfully,0.9717
flow,0.9746
including methods,0.9779
res model dense,0.9756
umbrella term,0.9796
classification using,0.9759
survey authors proposed,0.9706
model especially,0.9782
small data,0.9755
model lower,0.9707
rain model,0.9732
pa comparison,0.9773
system complete,0.9707
segment summarized,0.9703
lim provides,0.9706
methods drawn,0.9757
specific feature,0.9711
using meta data,0.9707
intra var methods,0.9708
methods could,0.9721
methods criticized learning,0.9756
additional data matter,0.9702
learning field used,0.9729
meta summary large,0.9731
semantic,0.9724
including methods key,0.9787
multiple performance,0.9755
task comparison metal,0.9783
application metal,0.9729
core idea nearest,0.9709
based research considers,0.9738
methods suitable,0.9750
methods widely,0.9742
ann burden standard,0.9715
model parameters depends,0.9726
method dependent,0.9776
intel comparison,0.9702
target task however,0.9724
target task although,0.9746
model transferring,0.9780
models discussed,0.9813
systems,0.9719
detailed summary small,0.9713
matching na initiative,0.9710
effective regular achieved,0.9702
recognition results,0.9741
corresponded model,0.9790
used based research,0.9733
metal model,0.9706
method reduced certain,0.9714
methods model,0.9863
methods work existing,0.9700
clear model,0.9801
objective test,0.9788
bay hierarchical models,0.9811
method therefore,0.9719
research perspective,0.9720
kernel metal,0.9712
segment based con,0.9736
term systems,0.9736
task weight,0.9732
method improve,0.9729
im data,0.9720
su description metal,0.9722
model genera,0.9747
processing,0.9709
data employed,0.9798
knowledge used,0.9782
segment including methods,0.9745
gradient metal selected,0.9701
effectiveness metal,0.9727
according model,0.9732
data collected,0.9710
methods mainly use,0.9706
problem addressed breakthrough,0.9739
application,0.9765
team proposed deep,0.9703
vision models,0.9747
predictions metal,0.9721
model para,0.9750
algorithm aims take,0.9721
posed guided networks,0.9783
relevant features describe,0.9736
methods bench,0.9712
parameters requires,0.9719
methods mainly,0.9770
using networks inter,0.9709
metal model leverage,0.9734
proposed model superior,0.9731
based methods mainly,0.9729
million res model,0.9738
decisions model metal,0.9753
model,0.9791
tin adaptation model,0.9731
experiment setting,0.9714
perspective,0.9756
systems show,0.9783
including f data,0.9742
useful framework advancing,0.9739
many models relational,0.9729
methods diverse li,0.9743
method meta,0.9735
methods reason,0.9777
framework divide,0.9760
methods including,0.9776
semantic segment based,0.9713
mechanisms,0.9710
fault diagnosis,0.9734
potential benefits,0.9708
methods selected test,0.9830
classification perform,0.9751
classification problems summarized,0.9747
learning proposed based,0.9703
detailed information method,0.9841
smaller data,0.9730
task structured,0.9757
guidance,0.9757
data metal model,0.9722
ask training model,0.9798
authors compare bench,0.9703
methods used identify,0.9731
methods therefore,0.9758
methods slightly,0.9741
tasks base ter,0.9759
methods view,0.9744
metal term,0.9702
method cat,0.9733
principle,0.9731
methods based three,0.9750
learning target,0.9723
classification,0.9741
using opt gradient,0.9740
based specific,0.9741
depth model,0.9732
research perspective challenge,0.9725
methods suitable dealing,0.9738
large data,0.9736
related term,0.9708
fundamental concepts,0.9784
task illustrated,0.9760
problem comprehensive,0.9749
methods last,0.9769
research teams view,0.9749
techniques,0.9739
methods mis since,0.9739
module,0.9742
resulting shared require,0.9711
fig metal applications,0.9705
methods similar,0.9701
ce systems,0.9721
based methods,0.9706
model superior,0.9726
tasks involved transfer,0.9736
segment duc principle,0.9748
due characteristics,0.9712
choi gradient metal,0.9705
gradient descent,0.9700
selection metal,0.9742
data target,0.9743
target task beside,0.9703
analysis toward mel,0.9746
weighted importance,0.9725
method transfer,0.9810
methods ta,0.9732
metal fig relationships,0.9715
methods deep,0.9719
co data lung,0.9754
depends interactive segment,0.9746
com concrete application,0.9766
regarded problem,0.9743
models instead con,0.9755
allow methods experiments,0.9721
model largely,0.9788
sequences wear using,0.9746
using label constrained,0.9721
size performed,0.9708
problem metal,0.9724
ti application metal,0.9738
connections,0.9727
model frequency weighted,0.9756
tasks step,0.9727
tip perspectives,0.9708
samples allow methods,0.9732
methods ri,0.9770
data used,0.9722
model r,0.9751
semantic entity difficult,0.9717
samples allow,0.9734
objective,0.9700
improved conducted demonstrate,0.9728
segment relies,0.9727
system,0.9758
methods target,0.9728
methods found,0.9732
learning mechanism,0.9742
classification adjusted,0.9742
mi method meta,0.9781
calculation,0.9712
classification pixel,0.9771
performance model,0.9875
network model,0.9846
duc principle,0.9750
ind summarized principles,0.9775
model used,0.9764
duc principle metal,0.9707
models ne,0.9730
models provide,0.9787
lot research considers,0.9719
classification pixel classification,0.9798
learning proposed neural,0.9721
methods im,0.9726
methods based,0.9748
tasks base,0.9736
see lot research,0.9712
classification however,0.9709
performed based model,0.9715
categorized meta,0.9727
methods compared,0.9760
problem timeline,0.9780
system consists,0.9717
layers used,0.9759
series comprehensive specific,0.9742
process model,0.9724
category presents,0.9733
model k,0.9767
characteristics,0.9751
also summarized three,0.9701
regression,0.9715
model largely de,0.9772
ing prior models,0.9724
modeling aims evaluate,0.9703
model methods mi,0.9729
method con based,0.9721
yang overview multi,0.9753
data complicated,0.9723
choice,0.9717
evidence,0.9721
input,0.9728
usage,0.9739
data focuses,0.9725
inter objective test,0.9773
hierarchical bay models,0.9823
model proposed,0.9765
para learning,0.9710
task specific,0.9790
data lung,0.9754
basis,0.9735
method although,0.9765
methods selected,0.9757
definitions metal classified,0.9720
doi fits metal,0.9720
therefore survey,0.9730
biological plausible proposed,0.9718
metal initial code,0.9722
data metal,0.9763
cat model,0.9770
comprehensive specific feature,0.9743
task field,0.9754
task related,0.9738
organized follows,0.9702
comparison conventional deep,0.9740
metadata learned,0.9737
demonstrated use data,0.9715
using meta,0.9708
additionally lu,0.9721
layer layer,0.9749
data les,0.9732
hierarchical bay,0.9747
explanation,0.9705
systems additionally lu,0.9740
metal methods model,0.9714
methods con,0.9737
applications finally sufficient,0.9726
including model,0.9748
applications ta,0.9725
hierarchical bay model,0.9875
case small data,0.9742
adam opt used,0.9703
category,0.9760
problem addressed,0.9710
method showed,0.9731
following characteristics,0.9728
global task,0.9742
intent classification using,0.9815
entity difficult understand,0.9729
network aims,0.9701
bay hierarchical,0.9717
predictions metal initial,0.9717
special research perspective,0.9752
method ter,0.9771
methods meta,0.9757
rules,0.9708
data,0.9753
method reduced,0.9710
rule within para,0.9705
required located related,0.9720
methods comparative results,0.9723
conclusions,0.9717
interaction mechanism,0.9810
cowan use,0.9743
applications ta ic,0.9709
selected test,0.9733
following characteristics image,0.9758
based bench,0.9733
hot research,0.9721
model met,0.9721
method con,0.9715
network focus,0.9732
comparison metal,0.9748
workshop,0.9712
overview multi,0.9746
proceedings fast video,0.9701
mechanism singh,0.9787
including learning,0.9717
task comparison,0.9711
research demonstrated model,0.9725
se problem timeline,0.9728
based data characteristics,0.9765
imperfect data review,0.9727
framework learning,0.9712
model multiple,0.9746
pattern,0.9718
signal task specific,0.9715
opt models,0.9744
model par,0.9721
meaning following labels,0.9722
test,0.9727
classification using label,0.9820
task although,0.9742
methods diverse,0.9764
model evaluation,0.9770
definition metal,0.9759
suitable opt,0.9706
category prior,0.9763
networks bay model,0.9761
methods structure,0.9762
lim table,0.9768
boundary semantic,0.9701
metal regarded optimization,0.9752
challenging task field,0.9720
methods work,0.9786
intelligent method,0.9744
intel comparison conventional,0.9712
opt model,0.9772
analyzed disadvantage,0.9759
classified meta section,0.9715
framework opt,0.9738
image se metal,0.9704
complexity vital factor,0.9703
training task,0.9715
conjunction metal,0.9709
survey listed,0.9706
models al,0.9707
addressed boundaries metal,0.9711
related considering requirements,0.9736
parameters depends,0.9750
framework advancing confusion,0.9716
training model,0.9871
data table setting,0.9736
examples survey,0.9779
corresponded model lower,0.9746
larger data,0.9748
methods criticized,0.9747
learning regarded problem,0.9727
recommendation,0.9720
problem timeline metal,0.9743
requirements,0.9762
different domains scenarios,0.9709
without data metal,0.9742
meta base model,0.9765
method using,0.9759
detailed summary,0.9760
task outer,0.9712
visual comparison,0.9727
method suffers,0.9738
space method although,0.9720
comparison conventional,0.9730
chen survey deep,0.9713
framework practice,0.9727
image segment shu,0.9702
category seen,0.9725
objective meta,0.9703
method data,0.9703
model leverage,0.9806
study carried spatial,0.9720
generally condition feature,0.9729
codes,0.9725
therefore tracking,0.9703
requirement,0.9737
posed expansion,0.9714
predictions,0.9751
con layers used,0.9731
without bench study,0.9720
models,0.9730
method,0.9789
algorithm aims,0.9723
usage mean,0.9783
model model,0.9711
meta though category,0.9710
additional data,0.9737
original data,0.9713
bay hierarchical model,0.9817
definitions metal,0.9751
data different,0.9706
categories including model,0.9733
thus promoting,0.9735
though category presents,0.9731
model using,0.9789
data balanced,0.9767
specific problem,0.9792
comparison,0.9756
data matter,0.9767
model frequency,0.9730
methods,0.9773
al problem focuses,0.9704
based definition,0.9714
wah tasks aware,0.9703
data see,0.9700
regarded problem extremely,0.9701
useful framework,0.9742
using label,0.9724
burden metal,0.9711
resource link,0.9706
par cat model,0.9779
context,0.9746
task transfer,0.9789
pixel classification however,0.9761
data principle,0.9761
opt used,0.9742
data summarized,0.9705
data characteristics,0.9819
fc model,0.9738
applications finally,0.9720
metal methods compared,0.9710
effectiveness metal set,0.9716
segment methods based,0.9763
model prior,0.9800
meta task outer,0.9720
model aims,0.9760
model con,0.9761
methods including transfer,0.9726
supervision,0.9707
performance needs metal,0.9757
type,0.9711
al analyzed disadvantage,0.9728
method although research,0.9717
entity difficult,0.9721
similar methods including,0.9706
sequences wear,0.9701
methods based meta,0.9755
learning method,0.9713
data review,0.9775
corresponding methods view,0.9739
data input,0.9724
conclusion,0.9711
table related term,0.9725
res model,0.9731
data outer,0.9736
limitation related task,0.9708
framework,0.9765
metal classified meta,0.9707
definitions,0.9710
methods mi,0.9747
mach intel comparison,0.9761
con knowledge used,0.9757
importance calculation,0.9745
suitable dealing,0.9707
survey metal,0.9719
aims take,0.9722
based meta,0.9716
methods vent,0.9762
global features step,0.9722
methods achieve,0.9759
methods used,0.9726
methods therefore survey,0.9750
based model,0.9813
lot research,0.9728
summarized,0.9707
testing,0.9705
classification reinforce method,0.9786
umbrella term,0.9712
first category,0.9702
specific feature,0.9725
multiple performance,0.9711
task comparison metal,0.9705
target task although,0.9708
first category prior,0.9711
recognition results,0.9706
objective test,0.9703
application,0.9753
proposed model superior,0.9708
model,0.9705
methods selected test,0.9720
classification perform,0.9735
detailed information method,0.9758
guidance,0.9711
classification,0.9750
model superior,0.9723
selected,0.9718
due characteristics,0.9707
selection metal,0.9702
method transfer,0.9708
system,0.9708
classification pixel,0.9731
performance model,0.9714
classification pixel classification,0.9757
categorized meta,0.9705
problem timeline,0.9718
category presents,0.9741
characteristics,0.9710
task specific,0.9733
definitions metal classified,0.9705
metal initial code,0.9727
cat model,0.9724
task field,0.9711
hierarchical bay model,0.9703
category,0.9738
special research perspective,0.9729
interaction mechanism,0.9712
selected test,0.9746
comparison metal,0.9713
mechanism singh,0.9710
classification using label,0.9745
category prior,0.9721
challenging task field,0.9721
classified meta section,0.9730
training model,0.9702
recommendation,0.9721
requirements,0.9723
detailed summary,0.9732
category seen,0.9712
requirement,0.9705
method,0.9707
classified,0.9721
tan classification,0.9727
specific problem,0.9724
comparison,0.9701
task transfer,0.9710
second category,0.9726
data characteristics,0.9723
fc model,0.9705
competition,0.9720
type,0.9704
evidence learning,0.9739
sourced learning,0.9721
process learning,0.9871
categorized meta learning,0.9720
effects learning,0.9723
densely learning,0.9705
overview learning,0.9787
term learning,0.9837
prior learning,0.9742
mechanism learning,0.9709
supervised learning,0.9726
methods learning,0.9759
meta learning,0.9841
learning target,0.9702
sc meta learning,0.9709
models learning,0.9742
interaction learning,0.9708
opt learning,0.9752
topic deep learning,0.9748
domains learning,0.9794
multi learning,0.9773
automatic learning learning,0.9729
survey learning,0.9784
used learning,0.9739
framework learning,0.9719
learning transfer,0.9710
task learning,0.9866
automatic learning,0.9715
metric learning,0.9795
method learning,0.9817
canonical learning,0.9804
model learning,0.9819
approximate learning,0.9770
self learning,0.9717
dependent learning,0.9725
ur learning,0.9716
data learning,0.9819
continuous learning,0.9812
cross learning,0.9814
methods based learning,0.9731
specific learning,0.9708
learning model,0.9721
network model,0.9723
process model,0.9768
value depth model,0.9703
decisions model,0.9726
deep learning model,0.9714
meta base model,0.9725
recommendation system,0.9761
evaluation learning task,0.9813
learning task,0.9708
new learning task,0.9727
based learning,0.9801
prototype learning,0.9777
transfer learning,0.9722
meta learning,0.9733
data continual learning,0.9733
network learning,0.9760
automatic learning learning,0.9717
methods based learning,0.9819
feature learning,1.0000
meta learning,0.9733
applications learning,0.9767
conference learning,0.9737
cross learning,0.9724
methods learning model,0.9730
optimization process model,0.9729
tia parameters model,0.9737
model genera model,0.9754
performed based model,0.9745
process model,0.9703
algorithm form model,0.9711
metal methods model,0.9759
hierarchical model,0.9702
meta base model,0.9724
optimization trained model,0.9719
