Word,Similarity
learning method task,0.9781
data use,0.9704
test set,0.9724
knowledge ol directly,0.9731
supposed incorporate class,0.9705
advantage,0.9712
identifying,0.9714
classification add,0.9731
category,0.9777
task concept,0.9768
membership decided,0.9717
task specific,0.9750
classification,1.0000
divide training,0.9702
data split,0.9713
factor,0.9727
module,0.9702
model encoded,0.9737
belongs category,0.9715
limit,0.9728
al adopt framework,0.9702
though requirement,0.9701
system,0.9731
calculation,0.9750
conclusion,0.9713
classification liang,0.9702
task see,0.9735
testing,0.9720
task liu insufficient,0.9709
single task cross,0.9729
category genre,0.9739
method incorporating label,0.9705
experimental objective,0.9724
including advantage,0.9723
task known,0.9728
task divided based,0.9725
multi however effectiveness,0.9728
classified,0.9715
classification hu,0.9849
method balancing,0.9727
method divide training,0.9709
ability,0.9706
task following,0.9703
classification huang,0.9732
classification yao,0.9770
fusion ignoring fact,0.9716
data across,0.9724
synth new data,0.9713
task evenly,0.9702
method divide,0.9721
model conditioned,0.9752
model recognize,0.9703
modification wan,0.9736
classification xi,0.9752
task despite success,0.9718
modification,0.9710
comparison,0.9779
based cross,0.9714
classification rus,0.9784
explanation,0.9728
correction,0.9741
framework except,0.9705
genre,0.9775
data characteristic,0.9703
adapted task semantic,0.9707
notably advantage,0.9738
model first,0.9701
classification ju,0.9793
adjustment,0.9736
classification yu,0.9838
task involved optimization,0.9722
predict novel,0.9708
phase,0.9702
based,0.9711
task encoded,0.9708
method although,0.9716
modulation,0.9716
limitation meta model,0.9756
task despite,0.9705
however general ability,0.9725
classification liu,0.9819
category learned,0.9722
leverage,0.9704
task adopt,0.9722
model inner,0.9715
task cross,0.9736
class however,0.9733
evidence shown,0.9709
research supposed accompanied,0.9713
task evidenced due,0.9748
application large,0.9708
task although,0.9744
generalized across,0.9721
specific,0.9720
concept labeled,0.9717
task,0.9709
investigation multi,0.9715
condition,0.9700
framework major weakness,0.9716
rule detailed,0.9741
method realized,0.9707
among task,0.9723
task multiple,0.9707
comparison feed ding,0.9700
due ability metal,0.9717
pattern,0.9725
particular model,0.9726
connection,0.9704
despite sampling requires,0.9733
power,0.9723
task pri,0.9705
balancing,0.9712
weakness,0.9721
task yao,0.9702
model tri,0.9750
dime task training,0.9717
including advantage however,0.9714
type,0.9710
bias,0.9723
task liu,0.9718
tom classify speech,0.9706
model requires,0.9724
gap,0.9707
aggregation head,0.9701
classification task,0.9741
including learning,0.9708
perspective,0.9721
including methodology,0.9712
performance condition,0.9738
based pairing,0.9707
model tri lots,0.9706
category including,0.9757
classification assumes,0.9713
nonetheless risk,0.9700
typically,0.9702
choice,0.9764
task divided,0.9730
task combination,0.9719
data based,0.9706
visual prototype,0.9701
model,0.9760
integrated base,0.9717
classify,0.9730
task aligned,0.9731
task involved,0.9728
model deter,0.9700
limited factor,0.9733
measuring,0.9721
paradigm called,0.9702
requirement,0.9703
promising investigate siam,0.9701
due across mod,0.9701
visual ground,0.9701
task choice,0.9772
conditioning,0.9716
classification zhang,0.9775
data apart,0.9724
need aligned training,0.9702
processing,0.9724
divide training class,0.9731
distance,0.9712
influence,0.9730
model region,0.9701
including task,0.9721
model due,0.9748
similarity,0.9746
multi,0.9774
survey discus,0.9701
corresponding,0.9714
highlighting,0.9733
mod specific,0.9719
due scala,0.9721
comparison measuring,0.9748
incorporate,0.9737
dime task,0.9719
knowledge ol directly,0.9711
tier https,0.9705
textual involved,0.9721
module im,0.9701
capability,0.9705
deep neural,0.9743
catastrophic,0.9715
method incorporating,0.9762
pursuit,0.9733
system ts,0.9702
customized,0.9778
consideration,0.9731
using,0.9718
method fe,0.9706
instead using,0.9707
split,0.9712
pairing,0.9722
identifying,0.9724
method focus,0.9730
data modeled,0.9716
category,0.9753
task concept,0.9707
boundary,0.9711
task trained,0.9702
paradigm,0.9754
paradigm relevant,0.9712
task specific,0.9724
semantic,0.9805
method,0.9793
algorithm zhao,0.9737
alignment para,0.9718
initial,0.9701
rule,0.9740
paradigm discussed,0.9716
proper,0.9716
data split,0.9725
processed,0.9706
retrieval cross,0.9714
predicting,0.9774
essence,0.9703
factor,0.9740
alignment paradigm,0.9788
decision,0.9717
module,0.9760
effectively,0.9727
model encoded,0.9724
selection bay,0.9705
belongs category,0.9720
limit,0.9739
deficiency,0.9765
extraction,0.9750
standard,0.9735
modeled,0.9745
sequential data,0.9717
accurately,0.9702
efficiency task complicated,0.9716
al linear combine,0.9705
dependence,0.9742
dual,0.9724
aspect,0.9724
problem,0.9702
though requirement,0.9716
sequence,0.9712
method believe,0.9757
characteristic,0.9725
transferring,0.9727
system,0.9714
calculation,0.9770
di considered,0.9705
modular,0.9722
hyper,0.9739
producing,0.9700
diffusion,0.9812
adjust,0.9750
testing,0.9763
definition metal,0.9733
single task cross,0.9713
method believe although,0.9718
comparison em,0.9762
implication,0.9732
neglect,0.9706
shaping,0.9718
embedded,0.9767
transforming,0.9713
training thus used,0.9706
weighted,0.9760
method incorporating label,0.9744
alignment cross,0.9719
pair mining,0.9732
experimental objective,0.9723
rotating,0.9723
transfer,0.9737
syn learning,0.9715
requires,0.9727
therefore transforming,0.9721
model identify,0.9709
pear,0.9733
resulting,0.9707
regime,0.9733
signal using,0.9714
project,0.9737
flex,0.9718
meta including,0.9718
system multi,0.9713
multi however effectiveness,0.9746
prototype leverage,0.9721
method balancing,0.9747
contrast,0.9753
partial multi,0.9708
observation,0.9740
interest chinese,0.9704
weighted inter,0.9741
classification huang,0.9709
rely design,0.9722
sequential cross,0.9705
fused,0.9737
diversified,0.9700
approach,0.9710
pattern sim,0.9706
fusion ignoring fact,0.9704
scala,0.9734
instead expensive,0.9743
integrated problem,0.9746
insight,0.9762
vision however,0.9715
task modulation,0.9751
spec di task,0.9702
neo,0.9723
activation,0.9733
sentiment,0.9714
incorporating,0.9746
computed life,0.9704
notion partially,0.9761
system fig,0.9725
fusion,0.9739
multi input including,0.9703
method divide,0.9768
gao,0.9705
variant meta fig,0.9707
model conditioned,0.9748
neural vance,0.9735
arguably,0.9759
ml focus,0.9725
perspective term,0.9757
aging,0.9706
model recognize,0.9746
modifying,0.9722
ist specific,0.9701
particularly,0.9703
empirical,0.9751
modification wan,0.9716
discussion,0.9704
proximity,0.9702
facilitate,0.9725
principle,0.9763
supervision,0.9727
evenly,0.9715
based convex,0.9717
relatively,0.9704
including modifying multi,0.9700
en model,0.9711
meta need,0.9703
mach,0.9705
process,0.9719
arguably shifted,0.9730
significant,0.9708
si multi,0.9711
modification,0.9742
method variant,0.9701
meta learned audio,0.9700
integration sensitive,0.9740
usage,0.9720
wrapped,0.9713
behavior,0.9766
comparison,0.9816
interpretation,0.9723
however approach,0.9701
therefore often,0.9702
regime cross,0.9748
refining,0.9737
method based,0.9701
factor could employed,0.9712
mode collapse,0.9764
assumption,0.9770
based cross,0.9719
encoding,0.9757
paradigm finally,0.9709
memory,0.9722
en learning,0.9727
spanning,0.9727
process classify,0.9705
directly,0.9718
batch,0.9702
proved,0.9716
framework,0.9755
utilizing,0.9730
explanation,0.9754
correction,0.9721
kernel related,0.9716
useful,0.9749
genre,0.9709
data characteristic,0.9780
algorithm involve,0.9728
semi learning,0.9761
adapted task semantic,0.9715
combining,0.9738
potential alignment paradigm,0.9760
also attempt,0.9712
input including,0.9714
recognition ic deep,0.9704
size,0.9700
especially variant,0.9724
boost,0.9739
geometric,0.9713
meta related,0.9723
bypassed,0.9712
data objective,0.9724
frame,0.9702
problem cp,0.9717
adjustment,0.9759
task involved optimization,0.9739
characteristic multi,0.9726
based metal,0.9717
phase,0.9749
based,0.9740
framework divide,0.9723
task encoded,0.9720
certain concept,0.9707
phenomenon multi,0.9706
task evidenced,0.9704
scale,0.9712
automated,0.9730
adjusting,0.9748
cross retrieval,0.9705
input,0.9716
based natural,0.9705
data ri,0.9719
optimization involved,0.9703
process synthesized,0.9742
recognizing,0.9709
mod involve analysis,0.9728
al extend model,0.9721
integrated,0.9716
theoretically learning,0.9704
novel perspective term,0.9721
effectively opt,0.9714
obvious,0.9711
method although,0.9736
definition,0.9750
modulation,0.9782
multi data however,0.9712
distinctive,0.9731
costly,0.9737
task concept metal,0.9722
considered,0.9732
summarized,0.9736
kernel,0.9734
leverage,0.9769
data tribute,0.9715
encoded,0.9701
distinguish,0.9732
meta cross,0.9734
suitable similarity,0.9736
task disc,0.9710
suitable,0.9746
neural,0.9757
multi information tan,0.9731
including supervised,0.9705
affect,0.9746
model inner,0.9761
regression,1.0000
compared,0.9725
mechanism,0.9777
task cross,0.9706
opt exact,0.9743
setting,0.9718
diverse,0.9721
theoretically,0.9733
variant meta,0.9747
certain,0.9732
solution,0.9740
method including,0.9733
facial,0.9740
rely,0.9709
practice,0.9713
reducing,0.9707
weight,0.9702
rigid,0.9743
research supposed accompanied,0.9706
furthermore,0.9701
pan,0.9727
application large,0.9738
notion,0.9753
generalized across,0.9727
labeled,0.9759
specific,0.9773
concept labeled,0.9764
necessity,0.9718
tackle,0.9713
task,0.9732
multi meta low,0.9704
protocol,0.9751
investigation multi,0.9718
unified opt sequential,0.9719
migrating,0.9741
paradigm promote,0.9705
convenience,0.9706
lever,0.9737
algorithm gan,0.9739
data however introduced,0.9700
rule detailed,0.9714
focus,0.9740
discovery using,0.9726
integrating,0.9786
overlooked,0.9718
method heavily,0.9738
method realized,0.9756
realization multi,0.9717
factor hardly,0.9713
predicted,0.9713
interests,0.9721
data seeing,0.9721
computed hybrid,0.9740
opt optimization,0.9709
eventually proto,0.9704
explains,0.9716
commonly,0.9730
model multiple,0.9732
branch,0.9721
understanding,0.9711
interest,0.9730
pattern,0.9783
particular model,0.9720
conditioned,0.9709
textual involved mod,0.9706
problem rep,0.9700
connection,0.9741
program,0.9703
investigation,0.9721
analysis,0.9723
meta,0.9766
generation,0.9730
cot multi,0.9735
method cross,0.9739
task pri,0.9709
similar instance,0.9709
coil,0.9759
balancing,0.9766
algorithm embodied,0.9703
embodied,0.9716
method opt,0.9759
dime,0.9715
data hearing,0.9711
gan survey,0.9731
task yao,0.9701
model tri,0.9732
system method divide,0.9738
combined appears paper,0.9724
data neglect,0.9714
divide,0.9737
comparison feed,0.9739
comparison multi,0.9766
require,0.9728
type,0.9749
semantic concept,0.9701
multiple,0.9713
enrichment,0.9766
intuitive,0.9753
suggests,0.9712
aligned,0.9747
proto,0.9722
em module,0.9715
bias,0.9780
including multi,0.9717
sampling,0.9746
particular,0.9707
depending,0.9728
determination,0.9705
task liu,0.9707
measurement,0.9807
model requires,0.9706
connected,0.9702
important,0.9712
demand,0.9708
transform,0.9777
focused,0.9710
collaboration,0.9731
alter mari,0.9714
differentiated,0.9756
aligned multi,0.9711
multi model encoded,0.9718
including learning,0.9704
recognition co,0.9738
training paradigm,0.9721
apart data objective,0.9740
recognition ic,0.9704
perspective,0.9766
res relationship category,0.9708
useful original,0.9722
nonetheless risk,0.9712
typically,0.9705
using genera,0.9704
specific meta,0.9722
experiment,0.9701
context although,0.9702
wise addition,0.9703
system ho,0.9718
vega,0.9715
effectively https,0.9705
context,0.9710
workshop,0.9720
characteristic multiple,0.9736
novel propagation,0.9759
collapse,0.9735
task combination,0.9705
mechanism ones,0.9729
sensor,0.9742
transformation,0.9793
requiring,0.9733
paradigm based,0.9729
importance,0.9708
compare,0.9728
data based,0.9739
model,0.9710
integrated base,0.9701
prediction,0.9808
reinforcement,0.9727
method including learning,0.9720
validation,0.9739
dimensional,0.9783
classify,0.9775
natural,0.9713
exploited,0.9719
difficult,0.9709
analyze,0.9748
task aligned,0.9723
boundary learning,0.9744
method many,0.9708
utilize,0.9766
concept used,0.9712
survey metal,0.9717
instability,0.9811
unified multi,0.9711
phonetic,0.9738
loren,0.9722
model deter,0.9768
integration,0.9721
retrieval,0.9759
assumption combine,0.9737
mod textual involved,0.9702
descent,0.9731
analogy,0.9743
limited factor,0.9745
generation summarized,0.9718
paradigm multi,0.9715
pot,0.9701
inference,0.9787
extend,0.9711
measuring,0.9738
flexible,0.9744
paradigm initial,0.9720
requirement,0.9742
definition metal multi,0.9705
optimization involved meta,0.9725
survey,0.9702
mod particular,0.9716
tri,0.9720
implementing,0.9724
conditioning,0.9747
application,0.9766
problem originated,0.9729
processing,0.9798
specific sub,0.9732
training,0.9706
distance,0.9723
limitation,0.9726
influence,0.9709
sy,0.9717
data metal,0.9750
notably,0.9708
multiple data fe,0.9720
multi en enrichment,0.9704
task opt,0.9701
overcome,0.9707
transforms,0.9769
rather predicting,0.9703
framework major,0.9735
operating,0.9702
enabling,0.9755
alter,0.9710
rus,0.9704
capture,0.9703
domain knowledge,0.9718
meta model knowledge,0.9783
model knowledge,0.9747
knowledge meta,0.9724
information knowledge,0.9748
object feature,0.9726
visual object feature,0.9702
model meta,0.9711
meta ones,0.9709
focus learning,0.9728
performance learning,0.9715
learning type learning,0.9708
network learning,0.9773
application learning,0.9740
input learning,0.9808
extended learning,0.9701
method learning,0.9784
survey learning,0.9744
sample learning,0.9775
metric learning,0.9741
general learning,0.9729
term learning,0.9706
meta learning,1.0000
self learning,0.9713
meta ones learning,0.9702
sequential learning,0.9741
perspective learning,0.9754
meta deep learning,0.9859
cross learning,0.9846
multi learning,0.9757
visual learning,0.9784
variation learning,0.9717
problem learning,0.9733
complex learning,0.9770
type learning,0.9727
meta ac learning,0.9734
parameter learning,0.9767
