Word,Similarity
learning task,1.0000
constitute task mentioned,0.9714
module,0.9702
data lower,0.9702
en model utilized,0.9707
task depends,0.9710
model regarded,0.9766
layer use,0.9714
data across,0.9724
feedback,0.9738
specific model,0.9709
task regarded,0.9759
sampled training,0.9706
methodology following category,0.9703
upon integration,0.9706
belongs model category,0.9764
classification,1.0000
meta using,0.9718
pattern,0.9725
classification word,0.9780
main factor work,0.9719
task mahal distance,0.9745
requirement,0.9703
module consulted,0.9735
publication steven,0.9701
limit,0.9728
etc comparison,0.9713
model considers,0.9702
task promising,0.9713
cid approximation first,0.9724
tad show testing,0.9730
network using,0.9725
including en model,0.9712
classification however,0.9832
training iteration metal,0.9719
model selection,0.9707
bias,0.9723
conditioning,0.9716
following procedure action,0.9719
complete metal system,0.9715
task considered,0.9753
class soft,0.9704
large data hand,0.9731
modification,0.9710
especially data,0.9720
comparison,0.9779
conclusion,0.9713
upon output,0.9718
system brad,0.9738
selected considers using,0.9754
data include,0.9717
system,0.9731
model incorporating,0.9744
classification within,0.9796
method within,0.9733
model progressive,0.9717
task model metal,0.9723
advantage,0.9712
data regarded,0.9714
data using,0.9718
choice,0.9764
model however,0.9706
model compared,0.9715
type,0.9710
task layered metal,0.9715
classification task,0.9741
upon model,0.9720
model regarded meta,0.9744
task seen metal,0.9703
task include,0.9702
belongs model,0.9746
model though,0.9722
model intriguing,0.9732
model explains,0.9745
super testing,0.9700
typically,0.9702
label using,0.9716
category cid,0.9734
required deep learning,0.9705
application famous,0.9749
condition,0.9700
classify,0.9730
data use,0.9704
upon data,0.9701
bay program,0.9705
connection,0.9704
calculation,0.9750
without expert action,0.9704
per category,0.9750
mission,0.9721
though data,0.9711
model recommendation,0.9717
instead testing,0.9719
factor,0.9727
model highest,0.9724
distance,0.9712
model comprehensive overview,0.9702
accounted deco network,0.9700
task specified,0.9732
influence,0.9730
data represented,0.9704
data might subject,0.9702
generated hand,0.9709
recommendation,0.9700
using feature,0.9714
using feed,0.9708
classification roughly,0.9750
guidance,0.9728
model typical,0.9720
formula constitutes,0.9710
regression need,0.9739
model considered,0.9717
class compared former,0.9721
classification bay,0.9749
upon adaptation,0.9704
link using,0.9701
model finally,0.9708
network model highest,0.9723
class sampled,0.9716
network weight,0.9710
task typical,0.9708
hierarchical bay,0.9710
additionally model,0.9714
method containing,0.9710
task mentioned,0.9748
task however,0.9701
classification category,0.9850
task related,0.9735
label metal validation,0.9728
complex task resort,0.9726
task mahal,0.9720
regarded metal,0.9711
using testing,0.9734
subject,0.9709
additional classification,0.9740
among task,0.9723
metal system,0.9708
data lifelong,0.9720
data novel,0.9734
position,0.9711
perspective,0.9721
model expected,0.9734
sampled policy,0.9709
task,0.9709
classification recent,0.9743
task remains,0.9703
task see,0.9735
avoidance,0.9710
graph regarded metal,0.9720
functionality,0.9757
model moderate,0.9752
task specific,0.9750
bay procedure worth,0.9727
processing,0.9724
bay decision,0.9710
tuning,0.9728
data considers,0.9710
model,0.9760
main factor,0.9758
tier useful,0.9704
based,0.9711
method reviewed,0.9710
data based,0.9706
adaptation metal base,0.9712
using training,0.9761
task figure,0.9733
ik sampled policy,0.9715
measuring,0.9721
procedure worth,0.9725
within pre,0.9704
classification th,0.9704
model need,0.9727
consists task case,0.9721
category,0.9777
model difficult,0.9704
bay model marginal,0.9713
asa classification category,0.9714
skill,0.9707
task seen,0.9701
using performance,0.9702
model examined,0.9713
model combined deep,0.9702
setup proto,0.9708
model bp,0.9707
using data,0.9714
strategy required,0.9724
novel task however,0.9714
data labeled,0.9759
cooperation modelled game,0.9708
stat recent development,0.9724
model utilized,0.9716
task regarded finding,0.9734
identifying,0.9714
data weight,0.9707
power,0.9723
data divided,0.9716
upon output label,0.9716
forecast metal,0.9715
worse model,0.9706
ability,0.9706
classification model,0.9741
model advance,0.9724
cluster mentioned,0.9718
task task specific,0.9727
belief,0.9723
framework mahal distance,0.9748
regulation,0.9747
model widely,0.9739
classification based,0.9748
classification power,0.9781
sub methodology,0.9718
specific,0.9720
testing,0.9720
task relies,0.9709
using visual,0.9709
module,0.9760
survey,0.9702
cid simultaneous maxim,0.9704
model combine deep,0.9706
flexible,0.9744
en model utilized,0.9748
based metal,0.9717
defining,0.9702
model regarded,0.9755
importance,0.9708
context ci,0.9710
layer use,0.9729
hyper,0.9739
mil,0.9703
model respond,0.9752
feedback,0.9779
model marginal,0.9765
sy,0.9717
using meta,0.9719
meta model explains,0.9726
proceeding ji,0.9704
solution,0.9740
task opt,0.9701
protocol,0.9751
self proposed,0.9703
parameter utilizes,0.9736
model adaptation metal,0.9716
task regarded,0.9723
collapse,0.9735
tri,0.9720
boredom,0.9702
approach among,0.9702
valued,0.9738
combined pi,0.9709
stroke,0.9732
methodology following category,0.9711
standard,0.9735
upon integration,0.9701
belongs model category,0.9704
explains,0.9716
meta using,0.9758
consideration,0.9731
infinite,0.9725
pattern,0.9783
classification word,0.9732
tackle,0.9713
retrieval,0.9759
classification snail,0.9727
split,0.9712
compare trial,0.9734
concept primary,0.9728
case opt,0.9753
weighted,0.9760
requirement,0.9742
analysis,0.9723
en model regarded,0.9715
module consulted,0.9755
capture,0.9703
extraction,0.9750
method many,0.9708
lever,0.9737
tool,0.9715
limit,0.9739
sequential data forget,0.9723
ins prediction metal,0.9711
etc comparison,0.9743
model considers,0.9727
operation,0.9725
model rep,0.9750
recent development classification,0.9701
hess meta learning,0.9705
network model beat,0.9721
tune,0.9714
vary,0.9752
upon deep model,0.9702
inference,0.9787
experiment,0.9701
architecture using,0.9706
including en model,0.9737
requires,0.9727
kernel,0.9734
adi,0.9714
model also vastly,0.9718
inversion,0.9753
varies,0.9721
mechanism distance,0.9741
using meta cid,0.9710
require,0.9728
model selection,0.9766
data ci,0.9723
layered,0.9734
model conduct,0.9741
diverse,0.9721
scaling,0.9777
strictly,0.9749
bias,0.9780
demand,0.9708
conditioning,0.9747
integration expected,0.9724
largest,0.9705
model based upon,0.9702
method metal,0.9711
based meta,0.9718
mechanism combine,0.9778
opt discrete,0.9736
class soft,0.9702
simultaneous,0.9704
prediction metal continually,0.9704
mechanism,0.9777
instead using,0.9707
interval,0.9709
prefer,0.9717
focus,0.9740
modification,0.9742
encoded,0.9701
aspect integrating,0.9717
depending,0.9728
sentiment,0.9714
data instead training,0.9711
especially data,0.9734
precise,0.9720
comparison,0.9816
criterion,0.9747
decision,0.9717
necessity,0.9718
pursuit,0.9733
facial,0.9740
model goal,0.9717
layer layer,0.9708
model also widely,0.9704
pre model deep,0.9705
incorporating,0.9746
descent,0.9731
implying,0.9733
deep model conduct,0.9728
model impose,0.9722
method sub,0.9738
system brad,0.9737
utilize,0.9766
topology,0.9721
relative extract exceed,0.9720
gradient explode,0.9724
system,0.9714
computation donald,0.9726
strict,0.9706
integration bay,0.9724
model comprehensive,0.9704
model incorporating,0.9767
theoretically,0.9733
method within,0.9765
method rep,0.9704
method based,0.9701
buffer,0.9719
reinforcement,0.9727
prom pro,0.9701
method adapt,0.9712
method accurately,0.9708
layer mapping,0.9725
meta maximize,0.9701
data sub,0.9706
model intensive,0.9750
bay procedure,0.9722
approach proceeding,0.9736
aspect,0.9724
often method,0.9703
scala,0.9734
model progressive,0.9783
imitation,0.9726
directly,0.9718
behavior market,0.9724
task model metal,0.9716
regression last,0.9717
project,0.9737
model interesting,0.9714
bay genera model,0.9734
momentum ada,0.9788
res model,0.9702
method meta,0.9718
neighbor,0.9701
data using,0.9714
model combine,0.9740
rake,0.9722
trans metal,0.9705
proceeding este,0.9716
context,0.9710
usually indexed,0.9707
method bay,0.9779
applied task metal,0.9715
ld trial,0.9716
transfer,0.9737
model however,0.9703
lt learning,0.9717
outline,0.9738
deep model,0.9718
setup,0.9754
lower bound,0.9703
boundary,0.9711
transformation,0.9793
model compared,0.9740
treatment,0.9705
integrated deep siam,0.9713
final layer,0.9717
type,0.9749
data highly,0.9715
function metal,0.9719
upon graph regarded,0.9715
saber,0.9700
certain,0.9732
data posterior,0.9737
problems metal,0.9721
upon model,0.9748
deep model specified,0.9704
stem,0.9722
model regarded meta,0.9771
ind term application,0.9704
layer meta,0.9700
combined solve,0.9705
input,0.9716
application recent,0.9734
regression mini,0.9719
instead training,0.9709
model intriguing,0.9737
model explains,0.9731
data sur,0.9700
transition,0.9810
snail viewed modification,0.9706
extended meta,0.9710
data especially,0.9719
accurately,0.9702
model consist,0.9725
model integrating,0.9768
automated,0.9730
meta rep without,0.9703
hierarchical bay th,0.9700
method combining,0.9744
typically,0.9705
label using,0.9701
sampling,0.9746
induction,0.9796
gel,0.9727
principle,0.9763
transferring,0.9727
paradigm,0.9754
upon robotics,0.9725
indicator,0.9715
commonly,0.9730
application famous,0.9743
connected,0.9702
data task metal,0.9728
viewed,0.9718
comparable,0.9719
soy,0.9718
upon integration machine,0.9720
classify,0.9775
model combined,0.9724
using cid,0.9729
activation,0.9733
compared,0.9725
horizon,0.9712
embedded,0.9767
metal feasible,0.9709
model rep extended,0.9724
upon data,0.9710
method recent,0.9783
adjust,0.9750
costly,0.9737
mechanism extract,0.9718
natural,0.9713
size,0.9700
validation,0.9739
algorithm scratch,0.9708
since deep neural,0.9702
momentum,0.9736
rec model,0.9703
ai consider,0.9731
similarly imitation,0.9706
deep neural,0.9743
bay regression,0.9800
clone,0.9709
connection,0.9741
large data million,0.9729
model ind,0.9745
framed,0.9700
integrated reinforcement,0.9767
calculation,0.9770
rule,0.9740
analyze,0.9748
sequence,0.9712
workshop,0.9720
generation,0.9730
opt using,0.9716
model recommendation,0.9737
shifting,0.9711
additionally case,0.9720
observation,0.9740
instead testing,0.9754
market,0.9717
effective adaptation,0.9728
outlined,0.9712
treated,0.9708
flow,0.9768
rare situation based,0.9710
rather prediction,0.9702
kala,0.9729
factor,0.9740
difficult,0.9709
problem metal,0.9746
useful,0.9749
dependence,0.9742
distance,0.9723
fitting combined,0.9707
method focus,0.9730
fearing,0.9709
upon sampling,0.9734
rely,0.9709
sophisticated,0.9718
data metal,0.9750
influence,0.9709
meta,0.9766
manipulation,0.9702
model integrated deep,0.9711
setting,0.9718
recommendation,0.9744
proved,0.9716
using genetic,0.9701
demonstrates,0.9703
etc integral,0.9712
labeled,0.9759
method,0.9793
data deeper,0.9717
computation drug,0.9766
though process,0.9748
using feed,0.9719
guidance,0.9744
model typical,0.9719
intention,0.9715
mechanism embedded,0.9701
relatively,0.9704
regression need,0.9746
model considered,0.9738
en model,0.9711
deep residual comprehensive,0.9719
dimensional,0.9783
system around,0.9735
predicted,0.9713
affect,0.9746
problem,0.9702
fundamental,0.9742
cid,0.9704
definition,0.9750
layer res,0.9727
feasible tack,0.9707
dependent,0.9760
survey metal,0.9717
labelled,0.9705
deep model required,0.9711
network model highest,0.9743
method pearl,0.9762
similarity,0.9746
cluster algorithm trained,0.9708
categorized,0.9754
frequent,0.9706
inherently,0.9713
response,0.9741
class sampled,0.9721
parameter located,0.9704
task similar trained,0.9702
network weight,0.9747
crucial,0.9753
novel task opt,0.9733
logical,0.9726
survey meta,0.9702
derived,0.9719
upon sequence,0.9705
multi learned,0.9701
hierarchical bay,0.9724
convergence see,0.9719
process soft,0.9751
method belong,0.9747
data large,0.9713
additionally model,0.9719
performance cactus,0.9700
meta contrary notation,0.9733
method containing,0.9736
compare,0.9728
framework deep,0.9702
opt since,0.9701
integrated,0.9716
expert,0.9727
policy using,0.9730
linking,0.9756
task transfer,0.9717
self theoretically achieve,0.9713
tal differential,0.9705
model layered,0.9717
framework mahal,0.9716
assumption,0.9770
however memory,0.9714
typical problem,0.9706
branch,0.9721
extend,0.9711
specification,0.9710
approach mentioned,0.9712
combination viewed,0.9711
complex task resort,0.9720
prediction metal,0.9737
producing,0.9700
operation layer,0.9705
rare situation metal,0.9748
integrating,0.9786
exchange,0.9728
framework treated,0.9727
method slightly,0.9707
model identify,0.9709
constrained,0.9744
imagination,0.9719
era capability,0.9725
utilizes margin,0.9716
task mahal,0.9702
framework recent,0.9711
using testing,0.9721
subject,0.9760
integration metal,0.9719
process,0.9719
connected layer,0.9707
using adaptation,0.9707
boost,0.9739
important,0.9712
semantic,0.9805
task trained,0.9702
data lifelong,0.9704
data novel,0.9745
perspective,0.9766
model expected,0.9751
behavior,0.9766
malik learning opt,0.9709
relative extract modified,0.9710
model integrated,0.9707
sampled policy,0.9713
task,0.9732
partition,0.9703
using computation,0.9704
accounted deco,0.9720
dependency,0.9802
multi,0.9774
integrated meta,0.9723
robot need,0.9707
batch,0.9702
application,0.9766
method comparable,0.9727
frame,0.9702
framework viewed,0.9714
graph regarded metal,0.9740
gao,0.9705
procedure metal,0.9726
learning proposed classify,0.9717
functionality,0.9764
complementary,0.9778
dense,0.9733
curve vital,0.9733
model moderate,0.9766
combining,0.9738
task specific,0.9724
bay procedure worth,0.9726
dependency ms metal,0.9707
processing,0.9798
understanding,0.9711
tuning,0.9731
integration,0.9721
progressively using,0.9718
model,0.9710
training,0.9706
malik,0.9705
soft mapping,0.9766
along optimization,0.9719
behavioral,0.9731
inference late,0.9720
system nature,0.9723
precision,0.9771
layer ax,0.9732
tier useful,0.9718
based,0.9740
neural,0.9757
method reviewed,0.9708
data based,0.9739
causal,0.9779
reaction,0.9724
cortex,0.9787
self using,0.9700
method regard,0.9731
using training,0.9720
objective estimate trial,0.9713
encoding,0.9757
regression chelsea,0.9714
suitable,0.9746
task figure,0.9725
closest,0.9706
data instead testing,0.9705
algorithm trained,0.9724
measuring,0.9738
procedure worth,0.9719
opt metal,0.9722
model need,0.9766
instability,0.9811
consists task case,0.9708
regret function ft,0.9713
based genetic,0.9710
opt scale,0.9770
scale,0.9712
fixed,0.9705
category,0.9753
data super,0.9708
heavy computation metal,0.9707
interest,0.9730
model difficult,0.9730
bay model marginal,0.9767
contrary notation,0.9762
opt solution,0.9711
ex labor hyper,0.9704
data mini,0.9719
temperature,0.9732
multiple,0.9713
task case,0.9716
application deep,0.9710
task seen,0.9712
using performance,0.9718
proper,0.9716
regression,1.0000
graph regarded,0.9714
characteristic,0.9725
model examined,0.9745
model applicable,0.9736
model combined deep,0.9713
considered,0.9732
model sub,0.9726
intensive,0.9739
weight,0.9702
deep model considered,0.9719
setup proto,0.9745
properly,0.9720
sv meta objective,0.9705
seeking,0.9702
model bp,0.9760
empirical,0.9751
environment figure,0.9704
using sg,0.9701
using,0.9718
memory,0.9722
predicting,0.9774
inference predict,0.9706
process layered,0.9701
integrated deep,0.9711
memory metal,0.9704
sequential data,0.9717
using data novel,0.9733
meta regarded random,0.9730
novel task however,0.9700
framework,0.9755
data labeled,0.9719
method include,0.9708
model al,0.9752
residual,0.9764
initial,0.9701
plan,0.9751
deep extract,0.9748
concept proceeding,0.9711
spot,0.9715
like integrated,0.9720
model utilized,0.9717
flex,0.9718
identifying,0.9724
integrated problem,0.9746
degree autonomy smart,0.9701
rarely,0.9710
comparison bench,0.9741
drug,0.9708
motivation,0.9761
origin,0.9725
approach,0.9710
allowing,0.9746
uniquely,0.9742
mechanism layer,0.9726
integration genera,0.9713
upon sequence sub,0.9700
data sufficiently,0.9713
pan,0.9727
problems,0.9714
focused,0.9710
rus,0.9704
especially simulated mechanical,0.9705
utilizing,0.9730
corresponding,0.9714
inference marginal,0.9714
classification model,0.9715
bay optimization,0.9711
movement,0.9751
su importance,0.9721
program,0.9703
belief,0.9715
proto,0.9722
power modelled,0.9765
capability,0.9705
alphabet,0.9750
system jan,0.9718
thus adapting,0.9738
simulation,0.9750
model widely,0.9758
layer cid,0.9724
squared,0.9722
prediction,0.9808
specific,0.9773
metal curiosity algorithm,0.9704
testing,0.9763
meta cognition,0.9759
class feature,0.9708
model meta,0.9711
meta data feature,0.9739
data meta,0.9738
meta feature,0.9809
efficient learning,0.9704
visual learning,0.9784
step size learning,0.9712
parameter learning,0.9767
hyper learning,0.9741
self learning,0.9713
human concept learning,0.9775
meta learning,1.0000
multi learning,0.9757
task meta learning,0.9774
environment learning,0.9733
learning deep neural,0.9705
inference learning,0.9788
primary component learning,0.9731
transfer learning,0.9757
causal learning,0.9784
network learning,0.9773
size learning,0.9732
concept learning,0.9879
metric learning,0.9741
cross learning,0.9846
meta meta learning,0.9796
component learning,0.9848
data learning,0.9768
