Word,Similarity
learning specific task,0.9701
sub included,0.9708
models require,0.9709
model fused,0.9729
data based,0.9706
properties starting,0.9712
learned features,0.9712
model encompassed,0.9747
category discussed,0.9762
large data demonstrated,0.9701
sole criterion,0.9704
specifically addressing,0.9701
leverage,0.9704
classification within,0.9796
generally classified,0.9701
recent events regions,0.9701
guidance,0.9728
requirements,0.9741
model specifically,0.9744
conclusion,0.9713
diagnostic criteria,0.9745
scale involve,0.9715
regulation,0.9747
model contrast,0.9703
phase using,0.9725
addressed data,0.9730
scar multi learning,0.9731
measuring,0.9721
based,0.9711
based ad factor,0.9711
respectively libraries,0.9707
task families,0.9730
framework classify,0.9704
testing across,0.9711
based breast,0.9710
notable meta,0.9702
models primary,0.9730
based sub objective,0.9743
recognition remains,0.9715
choice,0.9764
detecting dia novel,0.9707
task note,0.9714
duc systematically prejudice,0.9706
methods may,0.9704
model level,0.9711
model focus,0.9732
model labeled,0.9768
specific,0.9720
interface,0.9704
application phase,0.9710
class dia,0.9737
accomplishments studies,0.9710
comparison across,0.9755
areas within,0.9709
models outlined,0.9704
influence,0.9730
based identified mode,0.9722
performance across,0.9714
model addressed,0.9733
given meta prevention,0.9701
investigation healthcare,0.9718
category,0.9777
comparison,0.9779
model cross,0.9743
crucial data,0.9731
classification using two,0.9747
models specifically,0.9733
framework heart,0.9700
healthcare despite mary,0.9719
nevertheless despite voice,0.9704
major components,0.9702
based deep,0.9701
model second,0.9756
feedback,0.9738
scores among wu,0.9711
conditions single,0.9716
processing,0.9724
analyzed,0.9709
including metal ones,0.9711
particularly domains dress,0.9718
eligibility,0.9737
reasons,0.9722
molecules,0.9700
solely studies,0.9716
due factors,0.9712
utilization metal,0.9703
weighing,0.9712
model require,0.9739
task gives,0.9704
relative task,0.9708
distance,0.9712
upon model,0.9720
however model metal,0.9713
survey ali,0.9705
lip,0.9713
notable concern,0.9709
adjustment,0.9736
specific model,0.9709
model connecting,0.9712
classify,0.9730
classified,0.9715
data characterized,0.9710
directions,0.9711
tasks step,0.9700
model selection,0.9707
model classify,0.9739
expertise,0.9733
various require,0.9709
models reasons,0.9732
model model toward,0.9728
task,0.9709
task significant,0.9751
arises differences feature,0.9719
methods unlike,0.9725
condition,0.9700
considering issue,0.9727
ali across healthcare,0.9702
systems via metal,0.9702
based limited data,0.9705
employs test,0.9734
data employed,0.9710
bias,0.9723
additionally models,0.9707
testing,0.9720
data cross,0.9719
spectral,0.9714
position,0.9711
diagnostic setting,0.9726
ability,0.9706
data specific,0.9735
conditions,0.9754
identifying,0.9714
accumulation shared batch,0.9715
characteristics,0.9757
methods despite,0.9726
pathway,0.9726
advanced concepts,0.9708
tuning,0.9728
meta using,0.9718
criteria,0.9744
treatment te,0.9702
directly result,0.9707
ward making,0.9706
addressing,0.9701
divide employed,0.9707
models,0.9742
influence across wide,0.9743
factor,0.9727
modulation,0.9716
balancing,0.9712
subject,0.9709
especially challenges,0.9718
module,0.9702
habits,0.9704
especially healthcare,0.9706
classification edge,0.9820
areas facilitated applying,0.9735
gathered task loss,0.9716
model,0.9760
data distinct,0.9746
difficulties,0.9706
system,0.9731
recognition combined,0.9713
area une using,0.9715
level proposed strategy,0.9702
models rise,0.9748
information across,0.9720
system diagnostic criteria,0.9723
considerations,0.9730
regardless severity,0.9710
rule opt within,0.9719
metal system,0.9708
pattern,0.9725
coupled advancement,0.9759
cid outer optimization,0.9719
rates,0.9704
accomplishments studies date,0.9708
different survey en,0.9736
solutions provide,0.9702
classification,1.0000
ph among different,0.9714
typically,0.9702
comparison across different,0.9713
classification model,0.9741
techniques across,0.9718
additionally genetic,0.9717
using performance,0.9702
system large,0.9702
data objective integrating,0.9701
model classify seven,0.9716
layer however,0.9706
survey widely,0.9717
system metal,0.9719
regardless,0.9709
influence across,0.9733
domains strategy would,0.9716
connecting,0.9706
including metal,0.9718
cox loss metal,0.9722
models bo,0.9700
although approach led,0.9700
limiting ability,0.9740
decisive factors,0.9714
data scar identifying,0.9719
type,0.9710
lever shared,0.9710
mechanisms provided,0.9709
data across range,0.9714
phase,0.9702
methods liz metal,0.9724
model significantly,0.9753
style,0.9725
data across,0.9724
versus micro whole,0.9721
gaps,0.9712
utilized algorithms,0.9702
criterion,0.9747
applied tune,0.9701
insights,0.9709
models considerable,0.9715
metal quantitative,0.9712
evident dl,0.9705
structural,0.9775
limits,0.9746
model authors,0.9704
utilities,0.9756
signal using,0.9714
particular limited,0.9700
significance ee,0.9726
vary,0.9752
tune,0.9714
model fused,0.9744
predicted,0.9713
resource cross,0.9728
directly,0.9718
simultaneous,0.9704
diabetes,0.9715
due tissues,0.9711
data based,0.9739
natural,0.9713
sole,0.9720
ci using,0.9717
biased,0.9763
using meta,0.9719
models transfer,0.9701
properties starting,0.9755
learned features,0.9710
model encompassed,0.9736
spontaneously,0.9723
pivotal methods metal,0.9750
common leading enhanced,0.9711
empirical,0.9751
sole criterion,0.9758
predicting,0.9774
mechanisms,0.9804
leverage,0.9770
relatively,0.9704
moreover metal,0.9724
screening,0.9785
reveal,0.9714
micro,0.9712
recognizing,0.9709
electro require base,0.9714
memory,0.9722
coupled,0.9755
constrained,0.9744
baxter,0.9706
guidance,0.9744
aspect,0.9724
model specifically,0.9756
problems metal,0.9721
analyses,0.9721
survey zero,0.9722
comparing,0.9738
discussion,0.9704
context,0.9710
monitoring,0.9724
scale involve,0.9741
mechanism award,0.9733
res study proposed,0.9707
slide,0.9738
based meta,0.9718
hyper,0.9739
unable,0.9712
residue,0.9730
model contrast,0.9774
methods machine,0.9756
ar using,0.9710
phase using,0.9757
automated systems ml,0.9715
scar multi learning,0.9701
grouped,0.9762
method,0.9793
measuring,0.9738
based,0.9740
workshop,0.9720
ser model,0.9716
momentum,0.9736
problem designed,0.9724
framework predicting,0.9715
framework contrast,0.9742
resonance,0.9718
rec within,0.9715
framework classify,0.9734
sequence,0.9712
testing across,0.9704
outline,0.9738
mechanism represented,0.9703
based breast,0.9705
influential,0.9731
frame,0.9702
buffer,0.9719
facilitate,0.9725
capability,0.9705
appealing,0.9745
measurement,0.9807
en complex,0.9712
due presence im,0.9716
dimensional,0.9783
compensate,0.9740
based social,0.9701
process,0.9719
problem,0.9702
often based,0.9717
reducing,0.9707
survey,0.9702
connected,0.9702
focus,0.9740
transferring,0.9727
process includes,0.9706
integrated,0.9716
atlas,0.9726
meta leverage,0.9735
gen incorporation multi,0.9739
approach involved,0.9716
analyze,0.9748
diverse,0.9721
suitable,0.9746
methods may,0.9727
paradigm appropriately,0.9724
precision,0.9771
visually,0.9701
metal models diseases,0.9702
splitting,0.9749
scenarios single,0.9713
methods zhou,0.9730
zen,0.9705
model focus,0.9725
model labeled,0.9727
specific,0.9773
ph metal,0.9723
overlooked,0.9718
acute,0.9733
recognition ic deep,0.9704
systems ml,0.9715
interface,0.9765
opt metal,0.9722
case whereas,0.9702
application phase,0.9725
demand,0.9708
modeled,0.9745
class dia,0.9711
outer objective methods,0.9713
comparison across,0.9742
decision,0.9717
transparent,0.9760
applications physicians,0.9702
compressed,0.9739
seam,0.9739
link study,0.9738
convenience,0.9706
en model,0.9711
customized,0.9778
spectrum,0.9736
neural,0.9757
models outlined,0.9726
influence,0.9709
performance across,0.9719
model addressed,0.9729
deliver,0.9708
viewpoint,0.9750
insight,0.9762
differentiate,0.9742
incorporate,0.9737
curriculum,0.9729
estimation ee,0.9721
significant,0.9708
training,0.9706
semantic,0.9805
profession pathogen,0.9713
assumption,0.9770
prompting,0.9716
transfer fashion ml,0.9734
indicators,0.9739
summarized,0.9736
methods including,0.9721
instability,0.9811
although interpreting predict,0.9715
require,0.9728
mechanism,0.9777
prevalent,0.9703
particular,0.9707
societal,0.9737
assessed,0.9728
investigation healthcare,0.9735
evident,0.9754
scala,0.9734
depending,0.9728
category,0.9753
paradigm explaining outcome,0.9712
sub objective meta,0.9715
comparison,0.9816
flow,0.9768
model cross,0.9732
ts multiple,0.9731
lit,0.9725
essence,0.9703
approval,0.9715
methods continues,0.9750
models specifically,0.9739
accurately,0.9702
additionally ones,0.9719
model con,0.9748
definition,0.9750
documenting,0.9708
common ph,0.9709
phase faces,0.9705
weigh,0.9702
labeled,0.9759
tumor,0.9738
contrast,0.9753
based deep,0.9713
specialized,0.9739
feedback gathered,0.9700
treatment,0.9705
flux,0.9736
data ne,0.9708
utilizing,0.9730
scans,0.9731
howard,0.9702
energy,0.9705
problems,0.9714
recognition ic,0.9704
model second,0.9730
involving,0.9712
prediction require,0.9714
fusion,0.9739
single problem numerous,0.9724
feedback,0.9779
behavior,0.9766
nodes,0.9701
conditions single,0.9703
data compound scar,0.9738
processing,0.9798
usage,0.9720
analyzed,0.9764
effectively,0.9727
combining,0.9738
paradigm meta,0.9731
balanced,0.9734
typically leverage,0.9732
notably,0.9708
types within,0.9702
abilities,0.9702
selection metal,0.9726
adoption metal,0.9726
crucial,0.9753
groups using,0.9701
molecules,0.9723
interpretation,0.9723
dimensions,0.9730
pivotal methods,0.9736
definition metal difficult,0.9731
meta cross,0.9734
varied,0.9721
enabling,0.9755
usually arise,0.9716
yielding,0.9709
regression,1.0000
rigorous,0.9746
defining,0.9702
meta properly,0.9739
framework,0.9755
definition metal,0.9733
due factors,0.9715
initial,0.9701
viewed,0.9718
varies,0.9721
model based evident,0.9722
utilization metal,0.9702
neo,0.9723
weighing,0.9737
discussing,0.9708
model require,0.9724
supervision,0.9727
model ann,0.9765
dementia,0.9728
intervention unlike,0.9700
transformation,0.9793
considered,0.9732
size,0.9700
distance,0.9723
instead algorithms,0.9742
upon model,0.9748
based sub,0.9700
incorporating,0.9746
interaction drug,0.9700
drug,0.9708
struggle,0.9716
techniques single,0.9721
data wear,0.9738
application,0.9766
domains dress,0.9729
assumptions,0.9730
synthetic,0.9750
outlined,0.9712
pali,0.9753
approach gen,0.9765
characterized,0.9715
adjustment,0.9759
data thirteen,0.9700
lever,0.9737
quantitative,0.9735
model connecting,0.9738
ex tackle domain,0.9716
response,0.9741
overcome,0.9707
acronym,0.9757
inference,0.9787
automated distinction strain,0.9711
intervention,0.9727
classify,0.9775
treatment features,0.9701
capture,0.9703
data divide,0.9738
cardiac,0.9753
task modulation,0.9751
sensor,0.9742
opt using,0.9716
directions,0.9714
flawed,0.9768
model selection,0.9766
suggesting,0.9741
simulation,0.9750
methods driven,0.9756
operating,0.9702
model classify,0.9772
particularly,0.9703
setup,0.9754
prediction,0.9808
model moreover,0.9721
pivotal,0.9733
practice,0.9713
validation,0.9739
phase exploit,0.9736
based labeled,0.9716
precise,0.9720
expertise,0.9715
model related,0.9737
data metal,0.9750
model model toward,0.9701
predictions transfer,0.9724
task,0.9732
structural thoroughly discussed,0.9700
integration,0.9721
using graphs proceedings,0.9728
furthermore bio,0.9718
sy,0.9717
focused,0.9710
task significant,0.9712
ser based,0.9710
arises differences feature,0.9729
epidemic using,0.9748
modular,0.9722
extend,0.9711
certain,0.9732
standard,0.9735
bay methods,0.9751
therefore employing,0.9700
methods unlike,0.9767
scheme mixture,0.9727
proto,0.9722
analyzing,0.9721
model ml,0.9765
problem numerous within,0.9703
thickness,0.9713
using evident,0.9705
weighted,0.9760
systems via metal,0.9741
prediction ee,0.9717
employs test,0.9728
cluster due,0.9706
sensitivity,0.9727
model increase,0.9706
multiple,0.9713
scale,0.9712
bias,0.9780
logical,0.9726
additionally models,0.9715
testing,0.9763
fixed,0.9705
furthermore,0.9701
using dia,0.9744
data cross,0.9723
spectral,0.9769
limiting,0.9755
survey ec,0.9716
focuses,0.9702
methods handling,0.9728
distinction strain,0.9725
tackle,0.9713
diagnostic setting,0.9704
using,0.9718
suitable choice mathematical,0.9701
solution,0.9740
method incorporate,0.9740
methods tack,0.9716
data specific,0.9736
ba natural,0.9707
imaging,0.9774
settling,0.9702
setting,0.9718
constraints,0.9766
en disease,0.9720
based pr,0.9705
resulting data scar,0.9708
conditions,0.9714
data integrating,0.9722
neighbor,0.9701
learning paradigm,0.9745
cycle,0.9724
deep neural,0.9743
metal uses,0.9713
identifying,0.9724
techniques,0.9762
basis,0.9776
rule opt,0.9717
compare,0.9728
gao,0.9705
metal algorithm respiratory,0.9734
sid,0.9708
retrieve,0.9733
pei,0.9706
metal strategies,0.9743
lever prior,0.9713
characteristics,0.9718
methods despite,0.9719
generation,0.9730
definitions,0.9740
settings,0.9755
problem meta,0.9725
reporting,0.9705
important develop,0.9703
tuning,0.9731
tests,0.9732
meta using,0.9758
strategies alleviate,0.9701
layer aug,0.9726
targeted condition,0.9745
criteria,0.9716
peripheral,0.9749
anomaly,0.9749
paradigm,0.9754
utilize,0.9766
approach unlike,0.9727
systems via,0.9710
treatment te,0.9717
tool,0.9715
problem numerous,0.9724
ward making,0.9722
lim scale involve,0.9724
using ml,0.9735
based cage,0.9705
understanding,0.9711
method called,0.9706
addressing,0.9752
price,0.9740
intensive,0.9739
guidelines,0.9766
framework lei,0.9701
sami,0.9713
model evolutionary,0.9760
importance,0.9708
ng micro,0.9707
implementations,0.9715
extraction,0.9750
evenly,0.9715
bacterial,0.9748
precise dia designing,0.9721
models,0.9707
rarely,0.9710
although approach,0.9712
data compound,0.9736
flexible,0.9744
interest,0.9730
factor,0.9740
complaint,0.9728
demonstrates,0.9703
boost,0.9739
modulation,0.9782
methods metal,0.9707
ti diagnosis,0.9704
patterns,0.9746
methods early,0.9713
bio weighted,0.9707
type qui,0.9728
dependent,0.9760
transform,0.9777
model integrating,0.9768
maha,0.9704
partition,0.9703
balancing,0.9766
rule,0.9740
subject,0.9760
compared,0.9725
significance,0.9727
developing generalized appoint,0.9712
usually models,0.9708
single task metal,0.9717
model moreover metal,0.9736
significantly,0.9725
especially challenges,0.9703
module,0.9760
model con based,0.9702
outcomes flawed,0.9717
especially healthcare,0.9712
concepts,0.9761
multi,0.9774
bias across,0.9702
framework utilized,0.9705
model,0.9710
therefore addressing,0.9739
data distinct,0.9737
precision treat,0.9706
difficulties,0.9754
meta related,0.9723
data objective,0.9724
tal learning,0.9708
approach kw,0.9740
pneumonia,0.9758
hi largely analysis,0.9768
substantially,0.9701
rules,0.9719
encompasses,0.9730
system,0.9714
ked,0.9706
autism,0.9769
costly,0.9737
magnetic,0.9718
movement,0.9751
resulting,0.9707
encoding,0.9757
enrichment,0.9766
vocabulary,0.9772
beneficial,0.9727
opt molecules,0.9742
distinguish,0.9732
including multi,0.9717
algorithm respiratory,0.9739
different methods pl,0.9730
dia prevent,0.9730
qin,0.9736
methods call,0.9729
meta,0.9766
en solution,0.9727
ml considered,0.9710
approaches prevent,0.9703
regression owing progress,0.9706
bio metal,0.9713
paradigm explaining,0.9727
adoption,0.9702
assessment,0.9766
approach particularly,0.9706
descent,0.9731
facilitated applying,0.9716
circuits,0.9724
solutions rare,0.9755
important,0.9712
properties,0.9730
models rise,0.9762
considerations,0.9736
paradigm meta tailor,0.9707
learning model cause,0.9736
em module,0.9715
refined,0.9755
based metal,0.9717
lab,0.9714
analysis,0.9723
confront,0.9703
methods,0.9794
pattern,0.9783
coupled advancement,0.9759
squared,0.9722
cid outer optimization,0.9785
meta paradigm,0.9775
induction,0.9796
reinforcement,0.9727
applications apparent,0.9740
kernel,0.9734
cl demographics medications,0.9706
torre genetics,0.9701
pseudo,0.9712
commonly,0.9730
rates,0.9757
fundamental,0.9742
lifestyle,0.9730
ex learning,0.9703
requires,0.9727
solutions single,0.9714
likewise tan,0.9705
different survey en,0.9728
models ic,0.9722
interaction ic,0.9734
sophisticated,0.9718
beam,0.9720
properly,0.9720
automated,0.9730
decline,0.9717
frequency,0.9763
cid,0.9704
useful meta,0.9713
approach cardiac,0.9758
specifically proposed,0.9716
dual,0.9724
algorithm res,0.9774
well algorithms,0.9711
survey condition exploit,0.9708
typically,0.9705
mimic propose,0.9727
admitted,0.9705
control vol,0.9725
dietary,0.9705
phase using dia,0.9753
using meta advances,0.9705
models nl,0.9753
facilitated,0.9742
fatigue,0.9719
classification model,0.9715
techniques across,0.9727
integrating supervision,0.9733
af detection ha,0.9710
models promise,0.9740
expert,0.9727
hess meta learning,0.9705
characteristic,0.9725
additionally genetic,0.9746
loop autism,0.9717
based pr disease,0.9705
meta accurately dia,0.9701
fused,0.9737
using performance,0.9718
model identify,0.9709
system large,0.9711
patient cross ee,0.9704
adjust,0.9750
using medical,0.9701
frequent,0.9706
based wear,0.9753
model cn alleviate,0.9754
difficult,0.9709
scan,0.9754
batch,0.9702
layer however,0.9709
system metal,0.9732
data straightforward,0.9704
parameters approach consisted,0.9726
program,0.9703
comparable,0.9719
investigating,0.9700
connecting,0.9712
retrieval,0.9759
causal,0.9779
malik,0.9705
temperature,0.9732
cardiac ci,0.9739
extensions,0.9723
avenues,0.9710
embedded,0.9767
weight,0.9702
investigation,0.9721
input,0.9716
selection module,0.9724
prevalence,0.9718
integrating,0.9786
perspectives algorithms,0.9703
pan,0.9727
differing,0.9721
innovations,0.9715
however assumption,0.9730
segment self aba,0.9731
finely,0.9707
effectively reduced,0.9704
operation,0.9725
divide,0.9737
models bo,0.9711
affect,0.9746
split,0.9712
necessity,0.9718
models widely,0.9702
process semi,0.9738
bay methods unlike,0.9705
model tends,0.9766
aging,0.9706
transfer,0.9737
limiting ability,0.9714
plans,0.9746
across subjects devices,0.9706
similarities,0.9711
io aspects drug,0.9709
based evident,0.9718
techniques extract,0.9735
similarity,0.9746
minimal,0.9707
objective integrating,0.9730
type,0.9749
survey metal,0.9717
predictions,0.9718
mechanisms provided,0.9707
structured,0.9766
buffer acronym,0.9721
useful,0.9749
data di,0.9734
data ml,0.9740
diagnostic,0.9707
phase,0.9749
diagnosis,0.9738
especially challenges proceedings,0.9711
ic data arises,0.9716
paradigm objective,0.9723
algorithm tackle,0.9750
methods well,0.9717
implementing,0.9724
methods liz metal,0.9730
pens,0.9720
model mit traumatic,0.9701
algorithm len,0.9743
automated distinction,0.9732
task structured,0.9715
model significantly,0.9776
methods fall,0.9758
adjusting,0.9748
approach,0.9710
style,0.9734
methods like,0.9717
syn search utilize,0.9703
typically measured,0.9713
tailored,0.9715
method vent,0.9748
prediction metal,0.9737
gaps,0.9703
prediction require layer,0.9712
utilized algorithms,0.9726
meta la using,0.9732
genetics,0.9735
domain knowledge,0.9718
insights knowledge,0.9752
module meta model,0.9705
data meta,0.9738
features q meta,0.9721
model meta,0.9711
meta continual learning,0.9703
ge meta learning,0.9718
process learning,0.9825
integration learning,0.9835
transfer learning,0.9757
multi learning,0.9757
feature learning,0.9733
sc meta learning,0.9793
learning transfer,0.9728
self learning,0.9713
prediction learning,0.9810
data learning,0.9768
knowledge procedure learning,0.9747
structural learning,0.9791
momentum learning,0.9812
expert knowledge learning,0.9714
inner loop learning,0.9725
graph learning,0.9700
process meta learning,0.9729
task learning,0.9801
che meta learning,0.9708
loop learning,0.9832
knowledge learning,0.9820
tensor learning,0.9715
meta learning,1.0000
meta structural learning,0.9723
distribution learning,0.9716
performance learning,0.9715
model authors,0.9708
signal using,0.9729
proposed method exercise,0.9734
data based,0.9711
fusion model,0.9729
first approach,0.9730
model second monitoring,0.9767
guidance,0.9731
model contrast,0.9721
method,0.9768
problem designed,0.9726
framework predicting,0.9700
method includes,0.9725
management use metal,0.9730
approach enables,0.9719
strategy employed available,0.9732
process includes,0.9734
task approach enables,0.9725
approach involved,0.9788
ml method,0.9761
performance method,0.9724
survey model,0.9727
model targeted condition,0.9740
framework model,0.9779
process help guide,0.9738
model focus,0.9701
outer objective methods,0.9764
link study,0.9733
learning method,0.9803
ensemble model fused,0.9720
fast test,0.9703
approach consisted work,0.9718
bias training,0.9710
weighted model,0.9711
sensitivity automated model,0.9775
depending strategy employed,0.9718
approach led,0.9729
evaluation specific model,0.9775
importance based metal,0.9700
objective integrating supervision,0.9704
suitable choice,0.9740
baseline offer specific,0.9706
approach general framework,0.9702
application phase using,0.9705
using pre models,0.9716
prediction require,0.9701
process includes utilizing,0.9707
approach recommend,0.9776
potential bias,0.9707
multiple participants approach,0.9711
pivotal methods,0.9752
data model,0.9722
suitable choice assessing,0.9719
model based evident,0.9724
approach involved considering,0.9718
relative task,0.9730
intervention unlike,0.9706
red develop model,0.9729
connecting model significantly,0.9720
application,0.9700
diagnostic approach,0.9816
specific model,0.9741
objective methods including,0.9706
task approach,0.9866
treatment based,0.9732
treatment features,0.9720
task modulation,0.9716
based approaches,0.9720
model selection,0.9755
traditional models indicators,0.9714
approach effectively reduced,0.9720
model model toward,0.9719
approach recommend system,0.9813
objective methods,0.9741
employs test,0.9716
procedure typically,0.9719
prediction based,0.9705
recommend system,0.9707
bias clinical,0.9700
method clean disease,0.9714
approach particularly useful,0.9707
diagnostic setting,0.9761
method incorporate,0.9779
translation using,0.9708
fine approach,0.9719
meta method contribute,0.9719
management use,0.9753
key concept,0.9715
tasks model addressed,0.9745
performance proposed method,0.9700
targeted condition,0.9747
prediction evaluated approach,0.9722
approach unlike,0.9730
technique meta,0.9717
score variant,0.9735
traditional ml method,0.9702
process strategy,0.9784
method incorporate un,0.9753
data approach,0.9743
toward source model,0.9707
automated approaches,0.9745
guided methods,0.9793
data primary choice,0.9751
framework utilized,0.9704
training model second,0.9731
data objective,0.9713
meta decision,0.9722
approach may guarantee,0.9718
potential help model,0.9765
method different,0.9703
approaches prevent,0.9715
evaluation specific,0.9736
management treatment features,0.9728
model evaluation,0.9732
ng method incorporate,0.9752
approach particularly,0.9712
therefore addressing bias,0.9709
listener diagnosis,0.9704
development based decision,0.9795
system diagnostic criteria,0.9738
pivotal techniques,0.9736
attain meta method,0.9705
learning model cause,0.9743
pro bench strategy,0.9702
metal system,0.9706
cl demographics medications,0.9701
prediction model,0.9720
training model,0.9813
significant model,0.9714
tackle learning model,0.9702
classification model,0.9800
af detection ha,0.9712
application ref strategy,0.9750
model identify,0.9714
management evidence decision,0.9704
costs learning approach,0.9719
general diagnostic approach,0.9779
method input,0.9711
parameters approach consisted,0.9725
performance developed model,0.9710
assumption often met,0.9720
general data approach,0.9742
bias model zoo,0.9753
process place,0.9701
network model,0.9759
automated model,0.9774
minutes learning approach,0.9754
limiting ability,0.9719
opt results,0.9707
survey aims offer,0.9718
fe broader study,0.9714
diagnosis using,0.9735
cross model,0.9717
prediction framework,0.9704
training strategy,0.9713
knowledge investigated use,0.9714
meta approach,0.9763
automated distinction,0.9729
framework employed,0.9710
model significantly,0.9703
methods fall,0.9725
approaches may,0.9725
method vent,0.9742
participants approach,0.9706
prediction require layer,0.9711
domain knowledge,1.0000
im network model,0.9733
decent classification model,0.9792
learning model,0.9890
processing bias model,0.9754
decision model,0.9763
learning model classify,0.9717
ability model,0.9705
survey model,0.9750
learning method,0.9710
train learning model,0.9853
meta model,0.9706
outcomes learning model,0.9862
weighted model,0.9708
sensitivity automated model,0.9701
emotion induction model,0.9741
correct learning model,0.9814
general ability model,0.9777
deep learning approach,0.9759
distribution model,0.9736
meta learning approach,0.9737
learning model targeted,0.9714
co learning model,0.9800
models learning approach,0.9713
tackle learning model,0.9752
meta learning model,0.9787
network model,0.9705
representation model,0.9710
bias model,0.9722
deep representation learning,0.9825
multi deep learning,0.9728
expert knowledge learning,0.9702
inner loop learning,0.9730
meta learning,0.9744
performance method,0.9750
learning method,0.9875
train learning model,0.9740
tal learning strategy,0.9703
task approach,0.9702
deep learning approach,0.9778
ng method incorporate,0.9717
tackle learning model,0.9712
minutes learning approach,0.9781
criterion,0.9752
ml approaches,0.9750
tr prospective utilization,0.9715
large data,0.9736
models considerable,0.9731
significant challenge,0.9719
ec challenges,0.9704
h wang applications,0.9743
techniques main,0.9703
within sc,0.9723
hierarchical sub cold,0.9710
im network model,0.9754
survey f,0.9714
model authors,0.9818
sub included,0.9710
signal using,0.9774
al proposed meta,0.9709
decent classification model,0.9763
models require,0.9723
data generation,0.9734
significance ee,0.9753
shared layer however,0.9709
data produce potent,0.9722
model fused,0.9748
dl models require,0.9739
often includes,0.9707
definitions make,0.9705
resource cross,0.9725
proposed method exercise,0.9758
data based,0.9808
models proposed,0.9722
capability manage,0.9727
data achieve,0.9724
various require support,0.9775
using meta,0.9708
models transfer,0.9713
properties starting,0.9739
results greatly influence,0.9715
approval seam int,0.9711
model encompassed,0.9778
data required cover,0.9706
model scale dramatically,0.9742
techniques potential,0.9732
pivotal methods metal,0.9762
category discussed,0.9764
data additionally metal,0.9736
common leading enhanced,0.9714
sections utilized algorithms,0.9730
undertaken perspectives tasks,0.9715
large data demonstrated,0.9711
sole criterion,0.9751
model several related,0.9732
summary acronym,0.9731
fusion model,0.9809
process necessitated using,0.9703
first approach,0.9713
predicting,0.9704
task concepts,0.9780
objective,0.9700
mechanisms,0.9710
general classification,0.9745
classification within,0.9729
performance comparison across,0.9762
results interpret,0.9732
setup encountered testing,0.9705
survey aims,0.9711
model second monitoring,0.9814
generally classified,0.9713
studies used,0.9750
model mit,0.9745
electro require base,0.9737
furthermore metal,0.9716
subjects devices model,0.9779
sign uses,0.9723
dl models proposed,0.9799
guidance,0.9757
requirements,0.9762
model specifically,0.9786
conclusion,0.9711
additional data,0.9737
mit effects,0.9744
data requirements,0.9701
within ml metal,0.9723
specialized vocabulary,0.9723
diagnostic criteria,0.9765
survey zero,0.9714
context,0.9746
ic setting among,0.9733
scale involve,0.9794
mechanism award,0.9775
res study proposed,0.9735
methods increasingly employed,0.9724
based meta,0.9716
algorithm summarized,0.9745
en cnn model,0.9709
prediction may significantly,0.9721
data subsequently evaluated,0.9718
regulation,0.9749
model contrast,0.9863
methods machine,0.9731
phase using,0.9772
addressed data,0.9808
automated systems ml,0.9768
models various discusses,0.9722
method,0.9789
bench strategy valid,0.9718
different subjects,0.9711
based mic classify,0.9706
workshop,0.9712
ser model,0.9815
sub objective,0.9743
problem designed,0.9755
pro model,0.9702
framework predicting,0.9826
based ad factor,0.9758
sub data integrating,0.9771
data guide,0.9785
method includes,0.9782
framework contrast,0.9817
approaches given characteristics,0.9706
optimal choice,0.9709
protocols needed,0.9747
features using,0.9711
management use metal,0.9759
particular support,0.9729
task families,0.9745
framework classify,0.9814
mechanism represented,0.9724
based breast,0.9728
approach enables,0.9725
specific task families,0.9771
ks learning performed,0.9725
multi interaction,0.9720
models primary,0.9705
distribution ek wr,0.9708
measurement,0.9729
based algorithms ml,0.9707
models indicators,0.9722
distribution model level,0.9798
using machine,0.9713
test,0.9727
wang applications,0.9740
types within sc,0.9761
within distinct sessions,0.9706
comparison early,0.9708
based sub objective,0.9763
models outlined insights,0.9793
context paper,0.9729
structures among tia,0.9703
choice,0.9717
often based,0.9712
framework specifically tailored,0.9749
automatic system weighing,0.9709
considering individual levels,0.9710
development highlights metal,0.9707
process includes,0.9793
sub val objective,0.9722
undertaken perspectives,0.9701
tasks called,0.9703
task note,0.9745
optimal zhang,0.9739
conditions constrained,0.9745
meta leverage,0.9724
objective level,0.9733
task approach enables,0.9728
gen incorporation multi,0.9724
approach involved,0.9784
methods driven human,0.9727
methods may,0.9776
ex circuits systems,0.9713
ml method,0.9756
com scheme included,0.9740
model level,0.9795
data typically,0.9716
across mit effects,0.9727
metal models diseases,0.9742
scenarios single,0.9753
survey model,0.9786
model targeted condition,0.9786
als formula precise,0.9768
models respectively libraries,0.9779
framework model,0.9892
framework con,0.9708
model el,0.9719
methods zhou,0.9709
tasks base,0.9736
model focus,0.9806
di therefore employing,0.9725
model labeled,0.9751
summary theory pivotal,0.9751
systems,0.9719
ar model,0.9757
framework utilized en,0.9740
systems ml,0.9755
interface,0.9751
performance models ml,0.9709
ann data,0.9702
nl models,0.9755
model may,0.9710
application phase,0.9781
outer objective methods,0.9812
accomplishments studies,0.9730
framework used,0.9708
data vol,0.9722
label represents,0.9718
data applies top,0.9766
addressed data del,0.9733
meta paradigm promising,0.9747
model evaluation specific,0.9706
leverage automated,0.9714
applications physicians,0.9729
automated avail opportunity,0.9700
link study,0.9777
pro used,0.9705
model level metal,0.9709
considering pre method,0.9712
learning method,0.9713
mechanism award class,0.9783
en model,0.9801
techniques potential ap,0.9750
na metal model,0.9714
ensemble model fused,0.9809
train learning model,0.9716
models outlined,0.9798
fundamental components,0.9719
based identified mode,0.9735
model several,0.9718
performance across,0.9773
model authors argued,0.9737
adapted application phase,0.9739
model addressed,0.9814
application areas,0.9757
models note,0.9707
loss metal model,0.9714
conditions represent,0.9706
approach consisted work,0.9730
meta model,0.9728
applications samples detect,0.9731
viewpoint,0.9705
estimation ee,0.9714
algorithms however,0.9735
effectiveness metal,0.9727
environments using,0.9745
techniques concept,0.9735
using na originating,0.9725
based path,0.9740
used training,0.9703
semantic,0.9724
low based data,0.9704
bias training,0.9723
profession pathogen,0.9722
given meta prevention,0.9707
predictions metal,0.9721
application metal,0.9729
objective validation,0.9706
despite progress mit,0.9702
indicators,0.9774
summarized,0.9707
via metal model,0.9740
metal hierarchical,0.9721
methods including,0.9776
instability,0.9704
weighted model,0.9793
sensitivity automated model,0.9841
implementation metal,0.9763
general model unseen,0.9713
posed metals,0.9719
models proposed virtually,0.9751
factors include,0.9712
framework utilized information,0.9726
crucial consider,0.9741
depending strategy employed,0.9718
across tasks scheme,0.9777
investigation healthcare,0.9726
ml model ml,0.9740
eh electro require,0.9715
category,0.9760
evaluation specific model,0.9811
data divide employed,0.9724
opt model,0.9772
paradigm explaining outcome,0.9726
sub objective meta,0.9732
comparison,0.9756
parameters approach,0.9782
flow,0.9746
models largely une,0.9724
h systems via,0.9721
model cross,0.9768
crucial data,0.9773
model cause,0.9749
encountered testing,0.9734
classification using two,0.9727
collected data,0.9708
methods continues,0.9773
models specifically,0.9773
applications become,0.9729
data medical,0.9705
framework heart,0.9753
model con,0.9761
using ml models,0.9819
key algorithms train,0.9756
individuals using,0.9711
data via,0.9725
paradigm big,0.9705
phase exploit sufficient,0.9700
sc data,0.9716
importance based metal,0.9745
ml field typically,0.9734
objective integrating supervision,0.9751
suitable choice,0.9749
stages model,0.9717
models often require,0.9723
major components,0.9731
baseline offer specific,0.9768
based deep,0.9711
ml models reasons,0.9736
feedback gathered,0.9708
treatment,0.9706
data ne,0.9760
application phase using,0.9755
model provide,0.9772
model model,0.9711
crucial data data,0.9779
recognition ic,0.9709
model second,0.9788
using pre models,0.9821
prediction require,0.9809
process includes utilizing,0.9761
models vary,0.9722
single problem numerous,0.9737
feedback,0.9743
classification using,0.9759
potential bias,0.9721
conditions single,0.9762
data compound scar,0.9777
processing,0.9709
usage,0.9739
capabilities area,0.9738
flow tin,0.9715
paradigm meta,0.9764
particularly domains dress,0.9700
proposed prediction evaluated,0.9735
typically leverage,0.9705
types within,0.9723
model models,0.9713
mental framework,0.9809
prediction drug,0.9727
selection metal,0.9742
adoption metal,0.9730
multiple participants approach,0.9710
task metal models,0.9708
groups using,0.9737
molecules,0.9704
structural thoroughly,0.9703
diverse multi data,0.9712
pivotal methods,0.9815
resulting data,0.9766
definition metal difficult,0.9746
network model ad,0.9745
regression,0.9715
task concepts result,0.9705
data model,0.9847
cr often characterized,0.9732
network liver automatic,0.9707
modeled using,0.9706
framework,0.9765
definition metal,0.9759
suitable choice assessing,0.9738
model based evident,0.9778
utilization metal,0.9758
approach involved considering,0.9759
model require,0.9798
task gives,0.9703
ee features cross,0.9710
supervision,0.9707
relative task,0.9752
model ann,0.9718
data scar two,0.9719
framework specifically,0.9771
upon model,0.9757
ic setting,0.9706
red develop model,0.9833
framework framework utilized,0.9763
performance models,0.9715
interaction drug,0.9728
connecting model significantly,0.9759
systems therefore addressing,0.9704
techniques single,0.9721
survey used,0.9724
general model ability,0.9703
data wear,0.9774
application,0.9765
temporal metal model,0.9738
assumptions,0.9746
model enhance,0.9706
pattern premier,0.9730
diagnostic approach,0.9803
attributed metal healthcare,0.9704
burden highlights urgent,0.9704
data systematic,0.9745
aimed address mobility,0.9722
approach gen,0.9746
based meta mo,0.9708
task sense metal,0.9723
data thirteen,0.9743
data hence,0.9729
specific model,0.9848
characteristics position,0.9733
objective methods including,0.9803
incorporating bay methods,0.9708
model connecting,0.9787
proposed strategy improves,0.9703
data terms,0.9782
response,0.9714
task approach,0.9830
mia survey zero,0.9724
outcome metal,0.9732
setup encountered,0.9712
utilized networks,0.9750
automated models,0.9705
application phases,0.9724
automated distinction strain,0.9768
treatment based,0.9706
treatment features,0.9741
summary theoretical pivotal,0.9744
data based mic,0.9725
data divide,0.9713
across areas healthcare,0.9710
task modulation,0.9746
ee data model,0.9731
data characterized,0.9770
sensor,0.9705
opt using,0.9706
based approaches,0.9736
model contrast acute,0.9704
tasks step,0.9727
model selection,0.9820
methods driven,0.9760
model classify,0.9838
ec data straightforward,0.9770
traditional models indicators,0.9790
model moreover,0.9775
back bay uses,0.9709
paradigm appropriately tackle,0.9709
using learning metal,0.9733
testing pro used,0.9728
recognition electronic jun,0.9704
framework framework,0.9715
resources required training,0.9703
se training,0.9710
phase exploit,0.9742
general across based,0.9734
models often struggle,0.9753
rep alternatively models,0.9767
approach effectively reduced,0.9779
model integrate,0.9727
based labeled,0.9712
mit combine cl,0.9720
cross model achieve,0.9706
model related,0.9799
program wear,0.9703
data metal,0.9763
model model toward,0.9837
predictions transfer,0.9792
applications ic,0.9730
structural thoroughly discussed,0.9743
integration,0.9706
using graphs proceedings,0.9717
furthermore bio,0.9707
ml method essence,0.9739
approach recommend system,0.9773
task significant,0.9741
arises differences feature,0.9756
models handle,0.9716
learning paradigm explaining,0.9760
bay methods,0.9743
objective methods,0.9762
methods unlike,0.9781
scheme mixture,0.9763
previous studies,0.9709
model ml,0.9802
survey additionally,0.9700
data considered chi,0.9747
equation cid,0.9712
database wear,0.9755
se data,0.9727
systems via metal,0.9750
model evaluated,0.9775
prediction ee,0.9722
maps using,0.9714
employs test,0.9818
method contribute,0.9719
prediction type,0.9723
classification labels,0.9785
task ks,0.9724
training task,0.9715
upon model result,0.9758
model increase,0.9740
data employed,0.9798
procedure typically,0.9743
prediction based,0.9766
bias,0.9721
additionally models,0.9726
ag setting significant,0.9764
testing,0.9705
using dia,0.9717
data cross,0.9782
spectral,0.9719
survey ec,0.9715
methods handling,0.9768
data well,0.9710
statistics reveal,0.9725
alternatively models,0.9709
application areas within,0.9710
used cannot models,0.9712
im data across,0.9701
techniques critical,0.9712
framework address diabetes,0.9743
diagnostic setting,0.9839
suitable choice mathematical,0.9742
ml techniques critical,0.9763
method incorporate,0.9784
performance may,0.9710
methods tack,0.9708
translation using,0.9729
general diagnostic,0.9762
data specific,0.9823
ref strategy methods,0.9718
como conditions represent,0.9712
data used,0.9722
model f,0.9757
constraints,0.9704
criteria models,0.9860
used representation une,0.9718
database,0.9726
based pr,0.9718
sub data,0.9799
models closely benefit,0.9753
late model require,0.9741
resulting data scar,0.9764
conditions,0.9767
data primarily focus,0.9757
practical scenarios,0.9713
data integrating,0.9749
model selection metal,0.9746
tim data,0.9712
flux elegant machine,0.9727
models therefore,0.9711
learning paradigm,0.9764
models relatively,0.9724
prospective utilization metal,0.9783
mis automatically identify,0.9730
meta method contribute,0.9743
data produce,0.9776
refined solutions,0.9712
layer models,0.9744
management use,0.9725
overview artificial,0.9722
thus interdisciplinary,0.9719
techniques,0.9739
key concept,0.9771
basis,0.9735
rule opt,0.9717
tasks model addressed,0.9852
metal algorithm respiratory,0.9746
segment framework utilized,0.9778
strategies focus,0.9701
employing meta ad,0.9724
criteria interpret,0.9712
translation models wear,0.9757
metal strategies,0.9759
characteristics,0.9751
comprehensive survey metal,0.9709
methods despite,0.9740
definitions,0.9710
pathway,0.9701
survey based,0.9783
advanced concepts,0.9721
advanced learning paradigm,0.9708
tests,0.9703
meta using,0.9753
strategies alleviate,0.9728
targeted condition,0.9781
criteria,0.9779
label predictions,0.9709
prediction evaluated approach,0.9711
nonetheless meta paradigm,0.9723
ref strategy,0.9743
models demonstrate,0.9740
constitute metal,0.9722
aims offer,0.9709
task significant challenges,0.9711
approach unlike,0.9733
systems via,0.9733
treatment te,0.9749
applications conditions provide,0.9748
data additionally models,0.9750
importance based,0.9742
evaluation protocols needed,0.9738
techniques across task,0.9717
score variant,0.9785
ward making,0.9702
lim scale involve,0.9810
using ml,0.9733
based cage,0.9711
method called,0.9739
networks use weighted,0.9703
guidelines,0.9747
framework lei,0.9775
data typically limited,0.9701
format strategy,0.9705
ee data however,0.9746
model evolutionary,0.9730
model may represent,0.9701
data addition,0.9730
precise dia designing,0.9701
cannot models,0.9747
classification model mit,0.9765
therefore using performance,0.9733
guidelines diagnostic criteria,0.9737
models,0.9730
process strategy,0.9753
method incorporate un,0.9753
results application phases,0.9700
scheme prior,0.9713
influence across wide,0.9700
data selected,0.9751
conditions therefore,0.9719
data compound,0.9773
tasks within distribution,0.9703
data approach,0.9758
constant proposed,0.9709
previous studies major,0.9708
cross ser model,0.9734
methods early,0.9739
help model focus,0.9709
bio weighted,0.9707
optimal developed using,0.9721
evidence,0.9721
se data various,0.9708
models may face,0.9724
classification tasks model,0.9811
refined solutions single,0.9711
conditions generally classified,0.9713
within ml,0.9705
toward source model,0.9775
model integrating,0.9827
data chen,0.9719
im data,0.9720
models evaluated,0.9755
may include,0.9707
subject,0.9721
data related,0.9763
thereby lever,0.9710
data scar,0.9709
usually models,0.9729
automated approaches,0.9713
ml models moreover,0.9740
model moreover metal,0.9743
module,0.9742
guided methods,0.9755
model con based,0.9765
perspectives tasks notably,0.9739
outcomes flawed,0.9769
im arise model,0.9826
especially healthcare,0.9715
models therefore using,0.9764
small data,0.9755
classification edge,0.9798
bias across,0.9729
data primary choice,0.9787
within sc data,0.9798
experimental methodology end,0.9715
meta systems,0.9772
framework utilized,0.9793
models approach,0.9756
areas facilitated applying,0.9708
gathered task loss,0.9730
specific reference,0.9723
similarity wi,0.9702
model,0.9791
therefore addressing,0.9736
da classification using,0.9701
data distinct,0.9803
training model second,0.9778
meta related,0.9719
data objective,0.9831
using tasks adapted,0.9729
model toward meaningful,0.9734
approach kw,0.9721
learning performed k,0.9703
data limited decisions,0.9709
model sophisticated,0.9711
hi largely analysis,0.9781
strategies focus addressing,0.9707
rules,0.9708
explain status current,0.9710
system,0.9758
critical data,0.9754
source model,0.9804
within context many,0.9779
using distance,0.9703
data often,0.9702
metal enable model,0.9726
source paper explores,0.9701
meta decision,0.9708
task used,0.9757
connecting model,0.9748
ad training however,0.9716
data cases,0.9708
computational models,0.9744
opt molecules,0.9714
scar data generation,0.9737
adapted parameters modeled,0.9718
algorithm respiratory,0.9708
models specifically proposed,0.9817
traditional models,0.9721
different methods pl,0.9785
usually models vary,0.9726
dia prevent,0.9717
bench strategy,0.9709
similarity label,0.9719
potential help model,0.9858
methods call,0.9741
ml considered,0.9755
approaches prevent,0.9755
evaluation specific,0.9730
metal uses l,0.9703
management treatment features,0.9738
adapted parameters,0.9766
bio metal,0.9708
paradigm explaining,0.9718
model evaluation,0.9770
ng method incorporate,0.9729
loop model authors,0.9791
assessment,0.9728
approach particularly,0.9718
models moreover,0.9739
therefore addressing bias,0.9749
level proposed strategy,0.9765
data,0.9753
meta involved strategies,0.9740
model hierarchical,0.9769
within task methods,0.9719
framework address,0.9706
listener diagnosis,0.9718
devices model,0.9732
solutions rare,0.9713
data considered,0.9744
algorithms may face,0.9706
optimal developed,0.9719
ml techniques across,0.9757
data areas,0.9770
development based decision,0.9787
models rise,0.9774
data sufficient,0.9714
model ad,0.9725
images may fa,0.9724
system diagnostic criteria,0.9814
pivotal techniques,0.9747
paradigm meta tailor,0.9742
learning model cause,0.9835
weighted model increase,0.9735
proposed method input,0.9725
pro bench strategy,0.9729
unique model,0.9709
em module,0.9755
rule opt within,0.9722
different survey,0.9719
based metal,0.9716
metal system,0.9784
beneficial multi scenarios,0.9704
posed metals model,0.9808
methods,0.9773
structure model,0.9723
framework allows,0.9729
pattern,0.9718
coupled advancement,0.9722
layer aug scheme,0.9759
cid outer optimization,0.9776
domain typically perform,0.9717
meta paradigm,0.9800
arise model level,0.9784
applications apparent,0.9735
ic based,0.9708
cl demographics medications,0.9758
based gr arises,0.9703
h systems,0.9732
data demonstrated,0.9732
within ml architecture,0.9720
possible conditions,0.9770
studies used metal,0.9709
prediction model,0.9827
use kits possess,0.9745
different survey en,0.9728
record link study,0.9763
models ic,0.9746
solutions provide,0.9723
interaction ic,0.9769
classification,0.9741
applications outcome,0.9706
based ti,0.9735
useful meta,0.9718
specifically proposed,0.9730
data enables,0.9742
model toward,0.9705
typically leverage automated,0.9711
algorithm res,0.9726
training model,0.9871
general ts model,0.9775
within may include,0.9729
survey condition exploit,0.9740
characterized foundations,0.9739
significant model,0.9803
models demonstrate superior,0.9762
tackle learning model,0.9746
algorithm outlined,0.9708
applications l,0.9708
notable meta define,0.9751
metal model,0.9706
phase using dia,0.9745
using meta advances,0.9733
models nl,0.9752
data potential,0.9792
rich data regulatory,0.9717
classification model,1.0000
approaches enables,0.9731
techniques across,0.9756
model uses,0.9806
integrating supervision,0.9742
system large machine,0.9701
af detection ha,0.9753
models promise,0.9782
given characteristics,0.9755
selected used training,0.9703
application ref strategy,0.9751
models able,0.9744
remains applications apparent,0.9709
framework multi,0.9707
applications wide,0.9731
adaptation framework based,0.9731
rich data,0.9722
using performance,0.9782
model identify,0.9805
system large,0.9731
patient cross ee,0.9705
models usually,0.9703
eh model mimic,0.9775
ml models proposed,0.9817
across subjects ph,0.9736
using medical,0.9729
practical requirements,0.9735
specialized area refined,0.9709
general diagnostic approach,0.9757
model framework,0.9725
data objective integrating,0.9816
forest automated distinction,0.9726
based wear,0.9740
models help,0.9763
model cn alleviate,0.9777
protocols needed effectively,0.9706
model classify seven,0.9767
stage comparison,0.9724
models incorporating,0.9720
data often overlooked,0.9741
control h systems,0.9742
task space,0.9724
survey widely,0.9742
concepts result single,0.9702
system metal,0.9732
data straightforward,0.9744
different data,0.9728
method input,0.9757
implementation,0.9733
phase address,0.9747
utilized en based,0.9747
parameters approach consisted,0.9809
performance developed model,0.9783
data different,0.9706
assumption often met,0.9755
domains strategy would,0.9737
ability constraints provide,0.9749
data make,0.9705
h model meta,0.9731
conditions ti,0.9745
using meta model,0.9760
overall specific,0.9709
networks use,0.9718
general data approach,0.9770
allocation sign nonetheless,0.9703
including metal,0.9703
adaptation using,0.9701
input,0.9728
selection module,0.9770
model using,0.9789
involved strategies focus,0.9732
employing automated systems,0.9727
ml often based,0.9779
case guarantees,0.9711
large application pp,0.9707
model result,0.9767
bias model zoo,0.9798
outcomes unable,0.9706
framework based,0.9736
general model,0.9706
network model,0.9846
cox loss metal,0.9733
models bo,0.9718
data often het,0.9713
objective meta,0.9703
models widely,0.9769
automated model,0.9813
process semi,0.9702
bay methods unlike,0.9763
model tends,0.9787
outlined section,0.9719
ml model,0.9809
minutes learning approach,0.9730
flux model zoo,0.9722
algorithms address,0.9702
employed incorporating critical,0.9705
limiting ability,0.9734
decisive factors,0.9739
data primary,0.9758
opt results,0.9744
several related tasks,0.9722
domains including,0.9717
survey aims offer,0.9780
methods seek,0.9719
fe broader study,0.9789
per ml model,0.9798
applications outcome metal,0.9713
examples still deliver,0.9729
across subjects devices,0.9736
models usually trained,0.9716
require techniques,0.9709
model targeted,0.9724
related text based,0.9709
based evident,0.9731
ec data,0.9746
diagnosis using,0.9724
easily addressed data,0.9749
techniques extract,0.9719
discussion compared,0.9723
cross model,0.9819
data scar identifying,0.9719
inputs usually involving,0.9730
prediction framework,0.9819
objective integrating,0.9752
type,0.9711
pattern hu,0.9703
survey metal,0.9719
predictions,0.9751
mechanisms provided,0.9754
buffer acronym,0.9709
protocols,0.9712
commonly assumes,0.9706
knowledge investigated use,0.9780
data di,0.9788
particularly useful meta,0.9705
developed methods may,0.9751
data ml,0.9809
data across range,0.9812
meta approach,0.9773
ic data arises,0.9785
cnn model evaluated,0.9721
paradigm objective,0.9789
algorithm tackle,0.9765
methods well,0.9720
commonly assumes contribute,0.9733
data additionally,0.9702
methods liz metal,0.9758
cnn model evolutionary,0.9755
model mit traumatic,0.9742
criteria interpret lim,0.9760
need model,0.9723
using performance metal,0.9720
algorithm len,0.9746
based evident dl,0.9736
loop model,0.9763
automated distinction,0.9773
task structured,0.9757
require layer,0.9706
framework employed,0.9781
model significantly,0.9813
methods fall,0.9786
paramount importance based,0.9702
bio weighted model,0.9801
data across,0.9712
loss metal,0.9712
data general,0.9735
approaches may,0.9709
methods like,0.9713
model metal system,0.9759
ec ar proposed,0.9732
syn search utilize,0.9717
general using,0.9704
method vent,0.9773
data scarce,0.9732
application pp,0.9746
prediction metal,0.9779
participants approach,0.9766
prediction require layer,0.9803
model require pt,0.9730
techniques meta involves,0.9706
using available data,0.9713
utilized algorithms,0.9746
using networks use,0.9718
clinical settings,0.9710
meta la using,0.9730
gradient descent,0.9700
applications noisy,0.9745
significant challenge,0.9700
model authors,0.9709
proposed method exercise,0.9715
category discussed,0.9739
sole criterion,0.9715
fusion model,0.9711
general classification,0.9814
classification within,0.9709
results interpret,0.9701
guidance,0.9711
requirements,0.9723
diagnostic criteria,0.9732
mechanism award,0.9733
regulation,0.9723
model contrast,0.9706
method,0.9707
sub objective,0.9718
framework contrast,0.9716
particular support,0.9726
framework classify,0.9726
types within sc,0.9705
objective level,0.9712
model level,0.9717
scenarios single,0.9717
framework model,0.9735
model focus,0.9710
result metal,0.9702
application phase,0.9710
link study,0.9736
mechanism award class,0.9758
en model,0.9715
model several,0.9704
adapted application phase,0.9714
model addressed,0.9718
application areas,0.9716
profession pathogen,0.9702
indicators,0.9716
category,0.9738
comparison,0.9701
models specifically,0.9704
suitable choice,0.9736
selection metal,0.9702
eligibility,0.9752
utilization metal,0.9712
application,0.9753
pattern premier,0.9711
specific model,0.9741
characteristics position,0.9706
outcome metal,0.9706
classified,0.9721
model selection,0.9741
model classify,0.9710
model ml,0.9700
selected,0.9718
classification labels,0.9722
diagnostic setting,0.9772
general diagnostic,0.9734
data specific,0.9708
model f,0.9715
database,0.9710
prospective utilization metal,0.9733
key concept,0.9709
characteristics,0.9710
pathway,0.9717
targeted condition,0.9738
criteria,0.9746
score variant,0.9733
guidelines,0.9720
data selected,0.9716
classification edge,0.9774
specific reference,0.9712
model,0.9705
data objective,0.9723
system,0.9708
source model,0.9728
distinction,0.9707
level proposed strategy,0.9711
system diagnostic criteria,0.9775
learning model cause,0.9704
em module,0.9706
metal system,0.9715
meta paradigm,0.9706
possible conditions,0.9702
classification,0.9750
training model,0.9702
significant model,0.9709
classification model,0.9781
stage comparison,0.9704
conference smart,0.9705
selection module,0.9721
model result,0.9703
survey aims offer,0.9709
cross model,0.9700
type,0.9704
automated distinction,0.9703
framework employed,0.9720
method vent,0.9710
application pp,0.9701
advanced learning,0.9741
models learning,0.9742
generation deep learning,0.9716
data yo learning,0.9706
process learning,0.9871
meta correct learning,0.9778
integration learning,0.9829
lever learning,0.9815
multi learning,0.9773
procedure learning,0.9763
segment learning,0.9796
sc meta learning,0.9709
learning transfer,0.9710
opt learning,0.9752
guide learning,0.9787
model learning,0.9819
self learning,0.9717
field learning,0.9778
prediction learning,0.9742
human low learning,0.9722
task ks learning,0.9774
data learning,0.9819
aimed learning,0.9720
multi deep learning,0.9715
tree interpret learning,0.9754
thickness learning based,0.9723
thickness learning,0.9770
based deep learning,0.9718
active learning,0.9720
structural learning,0.9783
momentum learning,0.9786
conventional learning,0.9751
outcomes learning,0.9704
adaptive learning,0.9740
embedded knowledge,0.9707
task learning,0.9866
supervised learning,0.9726
traditional learning,0.9719
loop learning,0.9897
knowledge learning,0.9707
meta learning,0.9841
natural learning,0.9743
single learning,0.9793
data guide learning,0.9708
im network model,0.9715
decent classification model,0.9732
learning model,0.9721
decision model,0.9719
ability model,0.9739
function help model,0.9734
survey model,0.9752
tasks model,0.9721
meta model,0.9760
evaluation specific model,0.9729
test model,0.9721
general ability model,0.9776
distribution model,0.9761
connecting model,0.9724
help model,0.9721
task distribution model,0.9709
algorithm model,0.9708
parameter model,0.9710
network model,0.9723
representation model,0.9744
loop model,0.9719
meta continual learning,0.9722
transfer learning,0.9722
gradient meta learning,0.9775
deep representation learning,0.9776
based data learning,0.9885
graph learning,0.9718
process meta learning,0.9706
domain knowledge learning,0.9795
semantic segment learning,0.9700
meta learning,0.9733
meta structural learning,0.9791
based meta learning,0.9767
integration learning,0.9725
conference learning,0.9737
feature learning,1.0000
meta learning,0.9733
performance learning,0.9705
decent classification model,0.9818
processing bias model,0.9841
survey model,0.9745
ensemble model fused,0.9701
meta model,0.9711
flux model,0.9741
weighted model,0.9737
sensitivity automated model,0.9734
contrast fusion model,0.9717
emotion induction model,0.9827
optimization model,0.9709
distribution model,0.9760
classification tasks model,0.9733
ensemble model,0.9798
im arise model,0.9702
structure model,0.9798
prediction model,0.9743
task distribution model,0.9745
algorithm model,0.9709
representation model,0.9838
bias model,0.9756
loop model,0.9716
bio weighted model,0.9723
