Word,Similarity
learning task,1.0000
factor use,0.9735
system authors,0.9718
tuning,0.9728
selection via metal,0.9736
landmark model,0.9714
numerical ones,0.9737
using taxonomy shown,0.9705
performance class,0.9713
data separated,0.9706
data whereas,0.9705
including sophisticated name,0.9712
data whose,0.9701
directions,0.9711
using data,0.9714
task,0.9709
ranking mach,0.9703
configuration,0.9752
respectively note,0.9706
essential step,0.9700
typically,0.9702
choice,0.9764
models referred,0.9710
category,0.9777
predicted leaf,0.9713
gaps,0.9712
absolute performance,0.9713
pattern,0.9725
however data range,0.9702
observe paper concerned,0.9737
based,0.9711
al weights learned,0.9721
although performance,0.9704
based leaves,0.9708
codes,0.9719
representing classification,0.9831
models,0.9742
comparison,0.9779
strictly related,0.9711
hyper important,0.9723
conclusion,0.9713
vans understanding machine,0.9720
selected framework,0.9723
model landmark,0.9708
bias,0.9723
distance,0.9712
characteristics deter,0.9716
processing,0.9724
gran organization feature,0.9708
across data,0.9707
certain data leading,0.9703
res second technique,0.9702
symmetry,0.9719
kurt decision,0.9705
besides meta ranking,0.9703
classification,1.0000
gravity,0.9709
based nodes,0.9707
power,0.9723
options,0.9711
least comparison,0.9734
characteristics,0.9757
related class kurt,0.9720
factor,0.9727
function offers,0.9700
results intelligent,0.9709
hut using,0.9728
automatic selection,0.9712
classification ellis ho,0.9729
nodes result,0.9700
data characteristic,0.9703
type,0.9710
functional several,0.9703
regardless,0.9709
algorithm among,0.9706
level category,0.9710
measures need,0.9706
hyper important research,0.9722
times selected framework,0.9707
landmark described tract,0.9701
using taxonomy,0.9728
classification mach,0.9814
perspective,0.9721
position,0.9711
measures found reason,0.9725
respective measures,0.9709
attention considering many,0.9713
among predict,0.9703
data classify,0.9732
distinction made,0.9709
models affected meta,0.9703
system,0.9731
additionally different categories,0.9707
prefix,0.9712
cluster approach,0.9702
model selection,0.9707
selection classification,0.9700
models affected,0.9713
considerations,0.9730
researcher faces using,0.9705
landmark approach,0.9706
recommendation,0.9700
issues using,0.9737
classified,0.9715
limit,0.9728
class spite,0.9718
weaknesses,0.9708
across data selection,0.9719
classify,0.9730
conditions,0.9754
feedback,0.9738
identifying,0.9714
landmark meta level,0.9729
classification ellis,0.9879
survey using,0.9714
category mapped,0.9745
perspectives measures restricted,0.9733
noting studies cite,0.9712
data use,0.9704
particular scale,0.9747
models using,0.9718
model,0.9760
procedures stance,0.9702
guidance,0.9728
developments cat regarding,0.9704
subject,0.9709
regardless technical,0.9714
measuring,0.9721
however class,0.9706
statistical assessed revealing,0.9712
influence,0.9730
certain data,0.9735
meta using,0.9718
although scenarios,0.9705
specific,0.9720
landmark meta model,0.9735
data using,0.9718
functional,0.9752
structured follows,0.9718
data based,0.9706
tool,0.9715
transforming,0.9713
acronym,0.9757
meta use,0.9724
lambda,0.9736
analyze,0.9748
native,0.9716
data linear,0.9781
tended complexity,0.9712
transformations,0.9725
system authors,0.9704
tuning,0.9731
evaluation landmark,0.9717
specific con,0.9723
suitable,0.9746
distinguish,0.9732
related characterization,0.9712
methods inform,0.9707
un problems using,0.9708
nodes,0.9701
revealing,0.9730
characteristics may,0.9733
approach,0.9710
dependence,0.9742
landmark model,0.9710
meta considering,0.9701
data besides,0.9716
based cat,0.9704
data leading,0.9720
particular learning,0.9700
scale,0.9712
induction,0.9796
information linear,0.9733
properties,0.9730
loren,0.9722
bay optimization,0.9711
instead instances,0.9739
characterized,0.9715
numerical ones,0.9706
influenced,0.9702
data anal,0.9702
meta important,0.9710
however approach,0.9701
bench hyper,0.9736
expose,0.9709
pinto,0.9709
remark,0.9712
broadly,0.9758
data separated,0.9709
om meta using,0.9720
data whereas,0.9740
data favor,0.9723
considered,0.9732
bas,0.9722
dependent,0.9760
directions,0.9714
stroke,0.9732
numerical cat,0.9724
meta,0.9766
counts,0.9723
task,0.9732
configuration,0.9770
concepts,0.9761
mach learn,0.9720
dense,0.9733
bas divide,0.9730
characterization specific,0.9720
difficult,0.9709
manipulation,0.9702
treated,0.9708
data prop,0.9708
problems,0.9714
investigating,0.9700
typically,0.9705
functions acronym,0.9716
fundamental,0.9742
precision,0.9771
version proportion,0.9711
dimensional,0.9783
logical,0.9726
splits,0.9793
data metal,0.9750
models referred,0.9719
frame,0.9702
using meta,0.9719
boost,0.9739
structural,0.9775
guidelines,0.9766
computational bin,0.9709
complementary,0.9778
er decision,0.9701
vary,0.9752
fuzzy,0.9728
category,0.9753
properties trial,0.9728
directly,0.9718
rules,0.9719
neural campos,0.9729
distortion,0.9738
gaps,0.9703
suitable ml,0.9711
pattern,0.9783
implementing,0.9724
alternatively category,0.9726
based,0.9740
strictly related taxonomy,0.9707
rarely,0.9710
generation,0.9730
codes,0.9772
corn,0.9711
transform,0.9777
models,0.9707
balanced,0.9734
comparison,0.9816
methods,0.9794
scattered,0.9714
using certain,0.9700
validation ter,0.9710
multi,0.9774
overlapping,0.9730
hyper important,0.9705
insights,0.9709
characteristic,0.9725
finally data,0.9713
process strictly,0.9705
however use,0.9724
approach considering,0.9709
selected framework,0.9706
model landmark,0.9735
filtering,0.9771
survey measuring,0.9701
data bench,0.9717
bias,0.9780
suggesting,0.9741
distance,0.9723
instead using,0.9707
characteristics deter,0.9736
meta combined,0.9716
processing,0.9798
techniques typically,0.9703
gran organization feature,0.9718
result characterization,0.9714
hyper,0.9739
similarity,0.9746
argument,0.9711
res second technique,0.9733
symmetry,0.9764
lit,0.9725
claims,0.9701
proper,0.9716
proposal,0.9717
package,0.9705
properly,0.9720
repetition,0.9739
pattern dat,0.9711
techniques,0.9762
corresponding,0.9714
weighted,0.9760
gravity,0.9715
hut hyper importance,0.9704
selection metal,0.9726
functions lin,0.9741
interests,0.9721
ac loren,0.9720
way model,0.9733
model described leaves,0.9708
survey,0.9702
task properties trial,0.9704
demand,0.9708
procedures,0.9731
filter,0.9780
pan,0.9727
analysis main,0.9719
characteristics,0.9718
kernel,0.9734
di among predict,0.9705
based metal,0.9717
suitable meta,0.9722
significance,0.9727
partition,0.9703
discussion,0.9704
scaling,0.9777
modifying,0.9722
alter,0.9710
sy,0.9717
di distance,0.9734
characterization metal,0.9704
factor,0.9740
cutting,0.9773
systems based,0.9711
problem,0.9702
median,0.9743
indicator,0.9715
clusters simple,0.9717
meta organized,0.9734
assessed,0.9728
setting,0.9718
results intelligent,0.9703
transformation,0.9793
split,0.9712
meta instead using,0.9702
sk kurt cases,0.9747
aspects number,0.9740
hut using,0.9719
transfer,0.9737
method,0.9793
using meta able,0.9708
assumption last,0.9727
divide,0.9737
avenues,0.9710
context,0.9710
data characteristic,0.9780
training,0.9706
utilities ml,0.9726
specification,0.9710
type,0.9749
functional several,0.9742
uniform extract,0.9737
sophisticated,0.9718
algorithm among,0.9726
geometric,0.9713
furthermore,0.9701
measures need,0.9732
integration,0.9721
deng prediction,0.9702
bas complexity,0.9720
multiple values former,0.9705
using,0.9718
using meta constructing,0.9742
using transfer,0.9710
methods ic,0.9761
semantic,0.9805
clusters premise,0.9701
practice,0.9713
importance,0.9708
standard,0.9735
instead instances however,0.9724
review regression,0.9725
using taxonomy,0.9767
data principal,0.9711
based intrinsic,0.9713
im fisher disc,0.9703
standalone,0.9713
hyper deter leaf,0.9706
perspective,0.9766
respective measures,0.9707
solution,0.9740
suggested,0.9718
experiment,0.9701
indicators,0.9739
strictly,0.9749
process,0.9719
interest,0.9730
using meta moreover,0.9717
hypothesis,0.9774
algorithm considering,0.9710
framework pattern,0.9717
techniques cluster,0.9724
utilities,0.9756
joint measure extraction,0.9710
functions discuss,0.9719
treatment,0.9705
resulting,0.9707
ex performance landmark,0.9704
system,0.9714
multiple,0.9713
problem tribute,0.9738
affect,0.9746
prefix,0.9749
analyses,0.9721
cluster approach,0.9758
model selection,0.9766
important,0.9712
fixed,0.9705
defining,0.9702
aligned,0.9747
structured,0.9766
formal using disc,0.9724
input,0.9716
im fisher,0.9710
res data,0.9713
validation,0.9739
meta useful,0.9744
assumptions,0.9730
definition,0.9750
particular,0.9707
considerations,0.9736
operation,0.9725
labeling,0.9769
varies,0.9721
workshop,0.9720
framework pattern anal,0.9705
decision,0.9717
initial,0.9701
subtle,0.9719
instead specific,0.9753
tech specific,0.9720
deficiency,0.9765
investigation,0.9721
case dimensional,0.9725
analysis,0.9723
landmark approach,0.9747
grain,0.9723
recommendation,0.9744
logic,0.9790
landmark meta relative,0.9704
issues using,0.9706
harmonic,0.9812
recognition ic,0.9704
relatively,0.9704
assumption,0.9770
understanding,0.9711
empirical,0.9751
limit,0.9739
class spite,0.9708
reveal,0.9714
weaknesses,0.9725
model particular,0.9742
res meta used,0.9711
im learning,0.9712
natural,0.9713
topology,0.9721
approach besides,0.9732
based meta,0.9718
valued,0.9738
classify,0.9775
summarized,0.9736
comparing,0.9738
similarities,0.9711
predicted,0.9713
conditions,0.9714
intuitive,0.9753
feedback,0.9779
identifying,0.9724
definition mari,0.9751
behavior,0.9766
classification ellis,0.9705
predicting,0.9774
faced approaches use,0.9709
hyper suggested,0.9743
numerical attributes acronym,0.9700
category mapped,0.9702
tended,0.9730
traction,0.9744
perspectives measures restricted,0.9732
useful threshold,0.9722
principles,0.9728
size,0.9700
automated,0.9730
interval,0.9709
indices could,0.9703
dependency,0.9802
also using,0.9708
cap,0.9716
lp defined,0.9700
useful,0.9749
application,0.9766
collaboration,0.9731
leaf,0.9754
particular scale,0.9724
models using,0.9731
model,0.9710
data critical,0.9738
using characterization,0.9758
restrict,0.9758
guidance,0.9744
crucial,0.9753
diversified,0.9700
purposes,0.9706
problem meta,0.9725
frequency,0.9763
performance learned procedure,0.9707
subject,0.9760
process using,0.9731
keel,0.9728
contrast,0.9753
refined,0.9755
neighbor,0.9701
additionally purity,0.9738
requires,0.9727
suitable al,0.9740
mach,0.9705
single values kurt,0.9714
measuring,0.9738
suggests,0.9712
suitable neural,0.9703
however class,0.9703
statistical assessed revealing,0.9700
influence,0.9709
focus,0.9740
combining,0.9738
regression,1.0000
compared,0.9725
al examples surveys,0.9723
capture,0.9703
stud others,0.9715
combined multiple,0.9739
distribution whereas,0.9726
however algorithm,0.9712
filter empirical,0.9703
certain,0.9732
hyper acronym,0.9705
significant,0.9708
meta using,0.9758
neural,0.9757
require,0.9728
eng predicting tuning,0.9713
compare,0.9728
problematic,0.9768
fold,0.9751
largest,0.9705
strictly related ti,0.9712
extraction,0.9750
based complexity,0.9701
suitable multi,0.9727
commonly,0.9730
tar,0.9721
trimmed,0.9728
varied,0.9721
specific,0.9773
following prediction learning,0.9739
boundary,0.9711
sampling,0.9746
data using,0.9714
prediction,0.9808
vertical,0.9731
transforms,0.9769
assessment,0.9766
functional,0.9785
consequently indicators,0.9714
recommendation vans,0.9710
purity,0.9706
meta used,0.9729
model described,0.9737
configurations landmark,0.9750
project,0.9737
sy decision,0.9734
eng c using,0.9713
framework,0.9755
definitions,0.9740
data based,0.9739
survey metal,0.9717
data regard,0.9701
al systematically test,0.9706
approach among,0.9702
pei,0.9706
psycho knowledge,0.9745
model meta features,0.9825
meta features,1.0000
meta feature,0.9809
meta distance features,0.9708
meta general,0.9700
model meta,0.9711
data meta,0.9738
sp features ci,0.9701
meta capture,0.9715
task properties,1.0000
task properties recommendation,0.9702
applied learning,0.9758
competence learning,0.9772
transfer learning,0.9757
range learning,0.9729
complex learning,0.9770
hyper learning,0.9741
prediction learning,0.9810
self learning,0.9713
meta learning,1.0000
relation learning,0.9721
argument learning,0.9721
power meta learning,0.9743
factor use,0.9746
data alternatives,0.9722
meta use,0.9741
recommend system,0.9707
data alternatives adopted,0.9755
approach considering meaningless,0.9701
alternatives adopted handle,0.9706
cardinal approach,0.9735
compact decision,0.9726
class recommendation,0.9715
conceptual function,0.9730
alternatives address,0.9702
data favor,0.9706
context algorithms recommended,0.9728
alter method,0.9754
decision boundary,0.9701
measures use specific,0.9710
conventional approach transform,0.9726
methodology used,0.9708
range characterized measure,0.9709
ml recommend systems,0.9717
method approach,0.9774
approach given importance,0.9759
techniques using,0.9705
approach considering,0.9718
selected framework,0.9708
approaches algorithm recommended,0.9705
suitable measures,0.9727
dimensional use,0.9703
automatic recommendation,0.9730
cal information model,0.9738
application scenario rossi,0.9720
reason measures indicated,0.9714
affect used,0.9715
approach reduces,0.9744
way model,0.9760
approach given,0.9714
method,0.9768
based review,0.9716
approach selecting,0.9705
specific measure,0.9749
applied measure available,0.9735
suitable techniques,0.9732
learned procedure used,0.9745
outcome meta,0.9723
information landmark model,0.9712
technique based,0.9728
specific procedure,0.9725
data measures,0.9723
framework pattern,0.9756
restrictive factor use,0.9729
strategies using,0.9701
properties trial approach,0.9716
error approach,0.9787
summary use,0.9713
cluster approach,0.9715
model selection,0.9755
evaluation recommend,0.9723
technique however,0.9709
classification tool,0.9718
relative approach,0.9738
meta procedures adopted,0.9724
computed data use,0.9721
approach besides,0.9723
support recommendation,0.9781
data model,0.9722
however approach used,0.9708
definition mari,0.9713
deficiency approach considering,0.9721
suggests meta used,0.9732
faced approaches use,0.9708
task description,0.9728
concept based,0.9734
suitable specific scenario,0.9732
application,0.9700
characterization method,0.9747
data use,0.9733
guidance,0.9731
data small alternative,0.9738
cost restrictive factor,0.9706
approach may lead,0.9747
meta relative approach,0.9726
task ideal,0.9708
data measure,0.9761
performance model,0.9793
specific scenario,0.9702
data critical success,0.9707
measures based leaves,0.9717
scenarios use,0.9716
extraction method domains,0.9735
model evaluation,0.9732
conventional approach,0.9771
process use,0.9706
recommendation method,0.9772
model described,0.9702
support choice,0.9712
recommendation system,0.9727
data based,0.9711
data treatment,0.9718
effective alter method,0.9845
approach among,0.9710
learning model,0.9890
meta model,0.9706
meta learning model,0.9787
similar learning model,0.9725
cost model,0.9701
computational cost model,0.9733
prediction learning model,0.9839
meta learning,0.9744
power meta learning,0.9726
automatic recommendation method,0.9718
effective alter method,0.9701
factor use,0.9794
respectively techniques cluster,0.9718
data furthermore,0.9734
data time series,0.9759
data alternatives,0.9822
meta use,0.9767
tribute data,0.9734
used performance several,0.9721
mt used considerations,0.9714
data linear,0.9792
specific feature,0.9711
implementation,0.9733
included learning,0.9724
system authors,0.9736
according data characteristic,0.9724
selection via metal,0.9738
data alternatives adopted,0.9771
examples surveys discuss,0.9704
evaluation landmark,0.9735
methods inform,0.9757
approach considering meaningless,0.9702
comprehensive list characterization,0.9715
characteristics deter accept,0.9741
un problems using,0.9735
hub class,0.9711
algorithms improve,0.9712
characteristics may,0.9760
ag data,0.9734
landmark model,0.9806
ce approach,0.9705
disc power whereas,0.9727
alternatives adopted handle,0.9723
data small,0.9747
data besides,0.9766
based cat,0.9728
data relevant features,0.9776
task cat,0.9726
data leading,0.9770
introduction data,0.9721
measures include,0.9770
information linear,0.9731
necessary data represent,0.9727
class recommendation,0.9747
similarly nguyen,0.9703
conceptual function,0.9773
numerical ones,0.9746
data predict,0.9787
data mean,0.9780
data anal,0.9701
symmetry table,0.9769
meta important,0.9713
using taxonomy shown,0.9794
meta importance,0.9734
studies cite,0.9722
using data complexity,0.9711
performance class,0.9756
studies con model,0.9723
measured values kurt,0.9767
alternatives address,0.9759
data separated,0.9799
om meta using,0.9752
data whereas,0.9755
data favor,0.9779
data whose,0.9715
numerical cat,0.9728
selecting cluster algorithms,0.9738
meta formal result,0.9726
using data,0.9791
attributes measures require,0.9718
data issue,0.9733
system select,0.9713
applied data,0.9754
numerical data,0.9717
information aka,0.9713
configuration,0.9745
classification supervised le,0.9706
systems table cluster,0.9730
complexity result summarized,0.9743
characterization specific,0.9764
able provide recommendation,0.9706
data prop,0.9781
group includes characterization,0.9703
essential step,0.9705
algorithms summarized,0.9735
data measures include,0.9782
maximum model,0.9753
whose scale,0.9717
choice,0.9717
functions acronym,0.9728
detailed identify,0.9731
characteristics regarding,0.9728
model performance,0.9728
context algorithms recommended,0.9765
data must,0.9754
data metal,0.9763
models referred,0.9758
model tr,0.9755
using meta,0.9708
guidelines,0.9747
associated list,0.9711
data type,0.9805
authors used performance,0.9730
category,0.9760
decision boundary,0.9734
measures use specific,0.9740
instances may influence,0.9729
computation power trial,0.9717
properties trial,0.9719
rules,0.9708
distributed center,0.9715
present data range,0.9728
classification scenario assumption,0.9711
models using transfer,0.9745
procedures used,0.9734
absolute performance,0.9735
particular algorithm,0.9719
data use requires,0.9745
meta model,0.9728
keel implementation,0.9701
pattern,0.9718
however data range,0.9746
test,0.9727
alternatively category,0.9734
observe paper concerned,0.9731
center distribution shows,0.9710
measures following,0.9751
strictly related taxonomy,0.9708
nodes result predict,0.9714
range characterized measure,0.9761
measures using,0.9746
codes,0.9725
guide classification,0.9712
metadata consisting,0.9774
important observe paper,0.9720
data including possibility,0.9746
models,0.9730
also applied un,0.9713
meta proposed,0.9700
ml recommend systems,0.9800
model using,0.9789
comparison,0.9756
functions combined,0.9707
models also used,0.9705
methods,0.9773
strictly related,0.9707
method approach,0.9781
data summarized,0.9705
data characteristics,0.9819
approach given importance,0.9775
system standard,0.9733
conclusion,0.9711
bin disc approaches,0.9744
techniques using,0.9724
although meta used,0.9746
decision boundary include,0.9774
model thee data,0.9732
measures indicated,0.9711
data shows,0.9736
task classification,0.9746
important data,0.9701
approach considering,0.9740
use requires,0.9708
detailed specification,0.9718
evaluation landmark variants,0.9759
selected framework,0.9782
model landmark,0.9715
task neighbourhoods,0.9711
function required,0.9720
discussion provided,0.9726
among different approaches,0.9745
based measures sized,0.9701
studies used,0.9750
data bench,0.9752
bias,0.9721
inc differ using,0.9724
semantic describe,0.9727
alternatively category mapped,0.9712
instead using,0.9717
characteristics deter,0.9790
fuzzy logic,0.9705
approaches use target,0.9722
metadata occur,0.9713
meta combined,0.9711
model induced using,0.9790
power trial,0.9715
meta meta choices,0.9715
processing,0.9709
implementation codes,0.9763
suitable measures,0.9729
techniques typically,0.9722
meta useful across,0.9750
dimensional use,0.9722
formal result,0.9725
gran organization feature,0.9757
automatic recommendation,0.9716
mt application depends,0.9707
cal information model,0.9889
systems proposed,0.9747
result characterization,0.9746
certain data leading,0.9714
data could generate,0.9719
hyper data,0.9725
original data range,0.9756
data range,0.9778
application scenario rossi,0.9764
role tools determine,0.9767
model induced,0.9741
res second technique,0.9710
framework multiple,0.9724
characteristics deter column,0.9749
following sub model,0.9753
reason measures indicated,0.9751
classification problem,0.9743
proposal,0.9704
definitions allow cat,0.9765
summarized list,0.9714
meta data whereas,0.9738
besides meta ranking,0.9708
classification,0.9741
properties recommend,0.9750
techniques,0.9739
affect used,0.9750
conference ind logic,0.9730
according variance,0.9700
hut hyper importance,0.9747
selection metal,0.9742
semantic concepts,0.9718
uses specific,0.9754
functions lin,0.9756
used support data,0.9701
sum main characteristics,0.9705
approach reduces,0.9773
based nodes,0.9710
way model,0.9842
model described leaves,0.9772
method domains,0.9792
task properties trial,0.9789
data numerical,0.9719
values algorithms must,0.9701
based measures among,0.9750
procedures,0.9722
meta section addresses,0.9746
analysis main,0.9706
observed extract model,0.9726
characteristics,0.9751
framework cluster,0.9733
based metal,0.9716
different data restrictive,0.9782
measured values range,0.9784
following attributes inform,0.9709
recommend systems require,0.9721
crucial role successful,0.9706
related class kurt,0.9704
data ignoring,0.9719
characterization basic,0.9713
representation could,0.9725
data variation,0.9748
data brazilian,0.9719
approach given,0.9721
based tree,0.9713
di distance,0.9718
different data,0.9728
characterization metal,0.9743
exclusively used classification,0.9730
data,0.9753
values kurt,0.9707
function offers,0.9753
wit res data,0.9710
systems based,0.9750
regardless empirical studies,0.9727
several data rep,0.9727
meta organized,0.9730
results intelligent,0.9762
meta instead using,0.9750
metadata transformed,0.9733
concerning use,0.9700
hut using,0.9709
landmark x test,0.9769
method,0.9789
importance across data,0.9751
original data,0.9713
f hut using,0.9729
using meta able,0.9741
assumption last,0.9734
searches recommend ml,0.9735
based review,0.9758
nodes result,0.9716
however detailed identify,0.9719
context,0.9746
data characteristic,0.9847
ib workshop,0.9700
kumar introduction data,0.9721
information boundary,0.9736
utilities ml,0.9753
distinguished type information,0.9707
sub model,0.9820
cat numerical data,0.9796
type,0.9711
functional several,0.9757
specific measure,0.9740
used techniques distribute,0.9725
data input,0.9724
cat data must,0.9767
algorithm among,0.9739
using knowledge data,0.9761
data evaluating,0.9704
level category,0.9707
characterization users use,0.9714
measures need,0.9759
integration,0.9706
ml algorithms guide,0.9743
measured values sk,0.9772
measure results single,0.9744
data natural choice,0.9758
multiple values former,0.9704
applied measure available,0.9729
perspective valid taxonomy,0.9706
suitable techniques,0.9731
using meta constructing,0.9786
using transfer,0.9719
automated ml,0.9716
methods ic,0.9787
techniques used,0.9716
model induced cat,0.9714
times selected framework,0.9718
semantic,0.9724
clusters premise,0.9708
conceptual function offers,0.9715
data contains,0.9735
combination methods inform,0.9701
data group,0.9781
landmark meta instead,0.9726
learned procedure used,0.9718
systems,0.9719
petra evaluation landmark,0.9720
data po explain,0.9708
outcome meta,0.9744
numerical attributes need,0.9760
data represent,0.9736
information landmark model,0.9879
using taxonomy,0.9814
boundary reported literature,0.9719
data principal,0.9743
im fisher disc,0.9704
preferred data,0.9730
classification mach,0.9827
results suitable,0.9717
perspective,0.9756
systems table complexity,0.9798
considered data data,0.9764
statistical measures need,0.9716
data many based,0.9748
respective measures,0.9739
data measures,0.9820
indicators,0.9774
data compared,0.9735
independent data leaves,0.9708
characteristics meta,0.9723
measures group used,0.9722
using meta moreover,0.9717
hypothesis,0.9719
algorithm considering,0.9706
framework pattern,0.9852
val data,0.9739
techniques cluster,0.9732
indices require,0.9708
restrictive factor use,0.9759
strategies using,0.9745
data thus related,0.9718
required inputs,0.9713
joint measure extraction,0.9713
related data,0.9717
properties trial approach,0.9719
meta comprehensive,0.9728
error approach,0.9755
functions discuss,0.9753
performance feature,0.9747
treatment,0.9706
components explain,0.9712
systems based metal,0.9715
data classify,0.9807
based metadata,0.9717
used guide,0.9714
models affected meta,0.9793
computed numerical,0.9711
summary use,0.9730
men systems proposed,0.9795
system,0.9758
additionally different categories,0.9707
important issue design,0.9710
conference pattern,0.9708
cluster approach,0.9805
model selection,0.9820
performance concept,0.9754
measures based,0.9764
based complexity sul,0.9741
information model landmark,0.9784
sampling require,0.9728
data val metal,0.9737
applications methods ic,0.9749
distribution shows,0.9740
meta characteristics,0.9715
sub model using,0.9780
input,0.9728
systems cluster,0.9717
uniform class,0.9703
data also using,0.9707
res data,0.9717
support generation,0.9739
function required proposition,0.9707
meta useful,0.9731
models affected,0.9772
different data measure,0.9738
classification tool,0.9762
model meta important,0.9713
assumptions,0.9746
using absolute decisions,0.9705
techniques distribute,0.9705
recommendation vans taxonomy,0.9730
algorithms guide,0.9768
workshop,0.9712
framework pattern anal,0.9775
relative approach,0.9745
instead specific,0.9705
relative importance,0.9708
thus studies,0.9700
tool includes,0.9702
researcher faces using,0.9725
case dimensional,0.9714
au characteristics,0.9704
authors use,0.9726
meta procedures adopted,0.9765
landmark approach,0.9758
computed data use,0.9790
recommendation,0.9720
logic,0.9753
data de,0.9753
landmark meta relative,0.9710
desired general di,0.9717
information model,0.9797
issues using,0.9706
j concept based,0.9713
recognition ic,0.9709
vans taxonomy meta,0.9774
data measure different,0.9735
algorithms use,0.9714
described mention using,0.9720
received evaluation algorithms,0.9719
properties extracted sk,0.9723
data recommend,0.9754
limit,0.9715
across data selection,0.9718
yes case base,0.9712
main characteristics deter,0.9749
model particular,0.9808
definitions allow,0.9712
res meta used,0.9718
using meta characterization,0.9740
concerning use meta,0.9704
introduction using,0.9721
main characteristics,0.9702
approach besides,0.9729
support recommendation,0.9804
based meta,0.9716
particular data,0.9779
meta comprehensive list,0.9781
summarized,0.9707
data model,0.9847
functional several meta,0.9720
however approach used,0.9713
conditions,0.9767
feedback,0.9743
useful association rules,0.9751
following data process,0.9728
definition mari,0.9805
choice argued,0.9718
landmark meta level,0.9764
classification ellis,0.9804
recommendation classification,0.9733
suggests meta used,0.9779
survey using,0.9726
predicting,0.9704
systems others,0.9733
faced approaches use,0.9794
selected framework proposed,0.9703
dimensional use features,0.9723
task description,0.9810
hyper suggested,0.9722
good results using,0.9708
numerical attributes acronym,0.9750
category mapped,0.9778
concept based,0.9751
approaches use,0.9713
hyper summary,0.9742
perspectives measures restricted,0.9815
useful threshold,0.9705
sk systems,0.9744
options handle,0.9709
related aspects,0.9702
regardless technical detail,0.9714
suitable specific scenario,0.9744
data present boundaries,0.9772
indices could,0.9719
measures require cat,0.9721
also using,0.9733
explicitly studies,0.9744
cost model,0.9717
im data,0.9720
preferred data shows,0.9736
framework included,0.9724
lp defined,0.9701
application,0.9765
performance soft,0.9741
specific procedure define,0.9730
per predict attributes,0.9712
category name,0.9735
tool use,0.9702
data use,0.9833
particular scale,0.9731
models using,0.9830
model,0.9791
data critical,0.9789
using characterization,0.9732
group used features,0.9720
additionally different,0.9719
nodes describe,0.9707
definition authors,0.9724
high ones data,0.9720
guidance,0.9757
regarding mt application,0.9705
data small alternative,0.9746
iso,0.9706
literature observed smith,0.9720
particular conditions,0.9711
measures require requires,0.9703
measures require,0.9717
performance learned procedure,0.9725
subject,0.9721
keel data software,0.9717
regardless technical,0.9701
process using,0.9745
approach may lead,0.9735
computational cost model,0.9741
additionally purity,0.9710
meta relative approach,0.9780
specific data,0.9724
fundamental question,0.9721
single values kurt,0.9720
data used,0.9722
im data brazilian,0.9712
model information data,0.9716
data although,0.9725
task ideal,0.9740
boundary include,0.9724
ml algorithm particular,0.9708
data measure,0.9836
performance model,0.9875
statistical assessed revealing,0.9730
included table validation,0.9700
proposed capture studies,0.9706
data characteristic case,0.9765
specific scenario,0.9758
regression,0.9715
concept measures,0.9738
al examples surveys,0.9755
data critical success,0.9731
using whole data,0.9745
landmark measures use,0.9717
certain data,0.9765
landmark approach character,0.9715
distribution whereas,0.9739
measures however,0.9712
technical detail,0.9722
included characterization,0.9721
multi hundreds results,0.9723
measures based leaves,0.9766
data regard target,0.9768
organized follows,0.9702
meta using,0.9753
extracted sk models,0.9751
used considerations,0.9703
necessary data,0.9736
scenarios use,0.9800
keel data,0.9750
respective measures missing,0.9733
extraction method domains,0.9799
data instead,0.9746
using different data,0.9808
increasingly used support,0.9737
strictly related ti,0.9723
mt stud data,0.9703
data restrictive,0.9771
based complexity,0.9725
corresponding data,0.9703
decision surface,0.9755
used performance,0.9719
data irregular,0.9740
tree describes,0.9717
model evaluation,0.9770
data including,0.9758
metadata recommend ml,0.9725
performance curse,0.9762
characteristics impact cite,0.9712
table complexity,0.9706
main meta classification,0.9733
data according,0.9711
requires characterization data,0.9735
non data classify,0.9708
correlation requires,0.9710
landmark meta model,0.9790
techniques data,0.9766
following prediction learning,0.9767
selection level category,0.9720
sample sk systems,0.9799
framework included learning,0.9707
works using,0.9711
additional configurations landmark,0.9709
different validation measures,0.9709
authors used,0.9712
data using,0.9800
data size label,0.9729
using characterization measures,0.9792
assessment,0.9728
applications ic,0.9730
framework con,0.9708
functional,0.9761
measures include groups,0.9773
conceptual case,0.9714
including possibility combining,0.9709
wang automatic recommendation,0.9742
based measures en,0.9711
section included characterization,0.9744
consequently indicators,0.9712
thus performance,0.9734
al authors use,0.9703
meta traditionally distinction,0.9739
meta used,0.9769
model described,0.9833
systems hm,0.9738
configurations landmark,0.9741
important research question,0.9709
data contain,0.9753
eng c using,0.9725
considered data,0.9749
impact also applied,0.9701
alternatives fix,0.9720
framework,0.9765
definitions,0.9710
values sk,0.9705
structured follows,0.9732
landmark model robust,0.9718
data based,0.9808
data treatment,0.9783
effective alter method,0.9745
survey metal,0.9719
networks also used,0.9744
data regard,0.9834
al systematically test,0.9711
approach among,0.9727
recommendations,0.9710
boundary reported,0.9705
specific feature,0.9725
meta proposed taxonomy,0.9726
selection via metal,0.9708
hub class,0.9703
landmark model,0.9716
class recommendation,0.9785
meta important,0.9701
performance class,0.9712
data separated,0.9706
restricted representing classification,0.9708
configuration,0.9701
detailed identify,0.9712
guidelines,0.9720
associated list,0.9720
data type,0.9730
category,0.9738
automatic recommendation classification,0.9707
guide classification,0.9726
comparison,0.9701
data characteristics,0.9723
task classification,0.9742
type respective,0.9704
selected framework,0.9765
characteristics deter,0.9704
gran organization feature,0.9703
automatic recommendation,0.9739
application scenario rossi,0.9707
classification,0.9750
selected,0.9718
hut hyper importance,0.9703
selection metal,0.9702
characteristics,0.9710
exclusively used classification,0.9702
results intelligent,0.9719
automatic selection,0.9745
method,0.9707
data characteristic,0.9710
sub model,0.9740
type,0.9704
level category,0.9726
classification mach,0.9763
indicators,0.9716
framework pattern,0.9743
system,0.9708
conference pattern,0.9704
cluster approach,0.9703
model selection,0.9741
uniform class,0.9711
models affected,0.9712
au characteristics,0.9731
recommendation,0.9721
distinction,0.9707
classified,0.9721
selected meta,0.9706
support recommendation,0.9759
landmark meta level,0.9702
classification ellis,0.9758
recommendation classification,0.9781
task description,0.9703
category mapped,0.9759
suitable specific scenario,0.9722
application,0.9753
category name,0.9781
data use,0.9711
model,0.9705
guidance,0.9711
regarding mt application,0.9701
performance model,0.9714
specific scenario,0.9735
scenarios use,0.9708
performance curse,0.9710
main meta classification,0.9763
selection level category,0.9739
functional,0.9703
wang automatic recommendation,0.9717
model described,0.9706
applied learning,0.9764
active learning,0.9720
fuzzy logic,0.9724
contained learning,0.9713
learned model evaluation,0.9705
irrelevant learning,0.9734
range learning,0.9733
complex learning,0.9741
meta based complexity,0.9711
hyper learning,0.9778
prediction learning,0.9742
self learning,0.9717
meta learning,0.9841
argument learning,0.9782
automatic recommendation method,0.9744
learning model,0.9721
values model,0.9710
meta model,0.9760
information model,0.9707
cost model,0.9711
recommendation method,0.9837
recommendation system,0.9761
learning task,0.9708
complexity learning task,0.9762
complexity learning,0.9721
transfer learning,0.9722
complex learning,0.9710
meta learning,0.9733
range learning,0.9713
meta learning,0.9733
meta model,0.9711
complexity model,0.9706
observed extract model,0.9725
computational cost model,0.9772
prediction learning model,0.9768
