Word,Similarity
methods focused,0.9706
addressing,0.9701
hoc explanation,0.9740
explanations global model,0.9763
models explain,0.9701
inc utilizing rule,0.9744
essential factor considering,0.9715
additionally survey,0.9725
recommendation explain agency,0.9744
barriers,0.9702
syn key ideas,0.9752
mit bias,0.9703
systems using,0.9733
explanations suggested,0.9707
data factors,0.9760
per feature importance,0.9717
domains literature seems,0.9711
power,0.9723
sul unacceptable decisions,0.9714
delivery,0.9702
models,0.9742
systems determining,0.9703
including model,0.9721
system worth,0.9739
classification desirable criteria,0.9730
abstracts decide,0.9743
tire population interest,0.9704
using gan proceedings,0.9714
work identified,0.9711
terminology,0.9729
areas explicit,0.9742
comparison widely,0.9721
liter behavior explained,0.9729
techniques need,0.9714
limit,0.9728
conclusions,0.9712
darrell toward medical,0.9706
applications benefit,0.9737
field emphasized importance,0.9735
module,0.9702
models provide,0.9702
issue fed,0.9705
survey multi,0.9742
essential factor,0.9720
data explain,0.9734
additionally results deal,0.9713
comparison,0.9779
phase,0.9702
efforts explain,0.9747
essential answer,0.9705
category combining,0.9710
systems low,0.9704
following research question,0.9717
models compared,0.9723
papers distinguish show,0.9705
methods explain,0.9712
ability,0.9706
criteria,0.9744
task,0.9709
models contrast,0.9727
methods beyond,0.9705
alpha system,0.9752
despite une uncertainty,0.9709
systems highly,0.9705
trade aware therefore,0.9722
arguments,0.9705
models decision,0.9728
identifying,0.9714
models combined,0.9709
data influenced,0.9744
data reflected,0.9706
survey contrast,0.9738
utilized models,0.9714
advantage,0.9712
communication showed,0.9705
directions,0.9711
though data,0.9711
classification,1.0000
work suggested research,0.9715
concerns discussed providing,0.9704
explanations users research,0.9726
explanations found,0.9708
research directions suggested,0.9706
research key explain,0.9745
category,0.9777
insights targeted,0.9703
testing,0.9720
measuring,0.9721
regardless components,0.9726
comparison utilizing,0.9735
systems depend,0.9701
examining,0.9738
based discussed challenges,0.9717
medical domain would,0.9707
choice,0.9764
processing,0.9724
classification desirable,0.9726
following evaluation explanations,0.9731
leverage,0.9704
criteria following study,0.9728
major trends,0.9713
influence,0.9730
fig knowledge promising,0.9709
nation explanations alone,0.9741
phase important,0.9724
perspective suggested,0.9720
reasons,0.9722
techniques help,0.9703
tan clarify data,0.9731
interface,0.9704
survey explain,0.9709
standards,0.9740
model causing,0.9747
type,0.9710
targeted audiences,0.9721
survey mach,0.9731
portable onto specifications,0.9710
criteria per included,0.9731
factor considering lots,0.9713
explanation,0.9728
researchers take,0.9705
factor,0.9727
priority,0.9758
cho control ignoring,0.9712
utilizing rule,0.9748
system cho,0.9705
classify,0.9730
based importance,0.9716
survey presented,0.9703
ai resulted,0.9703
requiring explanation,0.9710
dee judicial demand,0.9705
planning explain recommendations,0.9705
research recommended,0.9707
data using,0.9718
onto specifications,0.9702
typically,0.9702
based age,0.9722
belief,0.9723
context authors,0.9702
phase focused,0.9731
systems use,0.9739
proposed involves group,0.9722
res research needed,0.9724
res initial step,0.9727
dev ties help,0.9711
methods post explain,0.9705
needed guide evaluate,0.9706
systems need,0.9727
system authors,0.9718
based ml,0.9712
models need,0.9724
finally suggested progress,0.9704
fergus visual understanding,0.9746
sl considering inclusion,0.9703
system,0.9731
related concepts,0.9704
clarity,0.9721
phases help,0.9742
intended machines,0.9702
model however,0.9706
perspective,0.9721
models would,0.9705
explanations decision,0.9703
task showed,0.9719
data decisions,0.9715
connecting,0.9706
options,0.9711
evaluation following,0.9735
protection,0.9734
behavior explained,0.9736
ag systems depend,0.9725
systems allow,0.9709
models use,0.9734
models understand,0.9719
x utilized models,0.9718
contrasting learned,0.9716
comparison utilizing bay,0.9755
ro multi explanations,0.9722
essential reaching decision,0.9703
regarding order,0.9716
models using,0.9718
clients,0.9725
model overs,0.9703
directions promote explain,0.9705
appropriate explanations,0.9707
quan starting need,0.9726
competing terminology,0.9730
paramount explanation,0.9730
models within,0.9722
models considering,0.9733
reason area,0.9721
explanation found,0.9700
task rule,0.9711
regardless,0.9709
model,0.9760
recommendation,0.9700
directions historically need,0.9706
data based,0.9706
explanations generation di,0.9741
systems cited,0.9702
system called,0.9707
discipline,0.9727
model focus,0.9732
bias,0.9723
functionality,0.9757
though paramount explanation,0.9707
data specific,0.9735
expert systems,0.9708
team collecting,0.9701
models requires,0.9733
worthless identify research,0.9707
ali personal explain,0.9703
according needed learning,0.9708
lip,0.9713
regarding inputs,0.9710
particular output,0.9727
systems critical,0.9717
criteria must,0.9728
utilizing bay,0.9722
phase using,0.9725
feature using,0.9701
gap,0.9707
giles extraction rules,0.9730
models throughout,0.9708
examination based,0.9728
using data,0.9714
based utilize,0.9702
paramount explanation based,0.9711
weighing,0.9712
connections,0.9713
models across,0.9703
pattern,0.9725
additionally expertise,0.9715
learned features,0.9712
methods identify,0.9701
regulation,0.9747
interpreted phase focused,0.9712
needed learning recommendation,0.9706
models combining,0.9734
expertise,0.9733
system several,0.9704
using solutions,0.9708
perspective authors,0.9716
polo attention need,0.9734
problem tia step,0.9750
perspective several,0.9737
data incorporating,0.9725
data need,0.9710
tai results simulation,0.9714
efforts cited,0.9729
explanation promising area,0.9700
using survey,0.9753
specific,0.9720
based,0.9711
required understand explanation,0.9704
automatic recognition,0.9709
criteria following,0.9720
various explain,0.9712
biggest taxonomy,0.9714
using systems,0.9734
challenge post,0.9710
analyzed,0.9709
prominence,0.9733
several types explanations,0.9700
work explored explain,0.9718
ad efforts explain,0.9734
systems regard,0.9722
system using,0.9727
connection,0.9704
feedback,0.9738
distance,0.9712
insights output explain,0.9730
basics,0.9726
vary,0.9752
costly,0.9737
methods focused,0.9736
insights,0.9709
addressing,0.9752
methods tribute,0.9706
large data used,0.9703
system therefore po,0.9714
particularly developing,0.9711
instead nat,0.9716
integrated,0.9716
models explain,0.9730
lever,0.9737
dem deep neural,0.9705
inc utilizing rule,0.9703
using,0.9718
based taxonomy,0.9719
adoption,0.9702
standardization,0.9740
promptly domains science,0.9719
rarely,0.9710
automated,0.9730
essential factor considering,0.9708
therefore appealing,0.9725
additionally survey,0.9708
decision,0.9717
analysis based,0.9725
diagnostic,0.9707
influenced,0.9702
barriers,0.9702
using systems use,0.9735
claims,0.9701
forensic,0.9711
systems using,0.9715
rule,0.9740
standard,0.9735
algorithms emphasis,0.9750
purposes model reached,0.9726
market,0.9717
scattered,0.9714
system ask,0.9707
furthermore order,0.9703
delivery,0.9767
models,0.9707
hoc explanations,0.9741
pan,0.9727
explains,0.9716
powered,0.9718
additionally suggested,0.9706
ml x safety,0.9700
inherently,0.9713
crucial tailor explanations,0.9706
multi concepts,0.9714
societal,0.9737
bounds,0.9721
filter,0.9780
using genera,0.9704
system worth,0.9725
del complexity,0.9730
ml process come,0.9729
gran methods beyond,0.9722
assumption,0.9770
using gan proceedings,0.9708
discussing,0.9708
mu uncertainty,0.9720
survey,0.9702
workshop explain,0.9703
terminology,0.9807
kelley,0.9719
notion although,0.9722
gem,0.9702
comparison widely,0.9737
developmental,0.9717
limit,0.9739
purposes,0.9706
requiring,0.9733
rec solution,0.9741
defining,0.9702
request,0.9710
steer,0.9713
directions promote,0.9717
practice,0.9713
integrating,0.9786
applications benefit,0.9727
emphasis,0.9761
field emphasized importance,0.9710
module,0.9760
practically use,0.9723
motivation,0.9761
systems generally,0.9721
without interaction design,0.9714
issue fed,0.9734
biased,0.9763
survey multi,0.9765
however focusing benefits,0.9712
poses,0.9708
data explain,0.9729
systems bay,0.9724
significant,0.9708
comparison,0.9816
suitable,0.9746
phase,0.9749
architectural,0.9711
multiple,0.9713
essential answer,0.9720
therefore creating,0.9704
stressed,0.9721
fuzzy,0.9728
research therefore,0.9710
coherent,0.9733
useful,0.9749
category combining,0.9733
research di adapted,0.9720
properties,0.9730
capture,0.9703
results enhance,0.9719
initial,0.9701
along phases,0.9712
furthermore,0.9701
biased multi,0.9736
filters,0.9758
models compared,0.9705
models survey,0.9740
consolidated,0.9738
tailored,0.9715
drought,0.9752
criteria,0.9716
minimal,0.9707
altered,0.9711
tire,0.9712
task,0.9732
models contrast,0.9768
consequence,0.9770
methods working,0.9762
empirical,0.9751
qin,0.9736
methods beyond,0.9734
methods fore,0.9744
data particularly,0.9709
systems highly,0.9755
substantially,0.9701
micro,0.9712
methods tailored,0.9701
trade aware therefore,0.9715
gel,0.9727
focused,0.9710
crafted,0.9719
system make,0.9711
sequential data,0.9717
arguments,0.9767
incorporate,0.9737
models possibility,0.9740
data going,0.9700
related explain,0.9700
methods post,0.9727
models decision,0.9745
identifying,0.9724
ko explaining prediction,0.9757
compare,0.9728
models combined,0.9706
coupled,0.9755
em selection,0.9731
mach learn,0.9720
uncertainty surrounding ml,0.9722
advertisement,0.9705
techniques authors,0.9749
survey contrast,0.9739
modifying,0.9722
behaviors,0.9722
considered,0.9732
methods classification,0.9711
distortion,0.9738
model makes susceptible,0.9708
model suggested,0.9705
thriving,0.9709
interpreted phase,0.9736
incorporating,0.9746
onto phase,0.9721
grounded explanation,0.9714
fusion,0.9739
focuses,0.9702
presenting,0.9719
phase tract,0.9721
directions,0.9714
combining neural,0.9703
certain,0.9732
potential drive terminology,0.9708
upon algorithms,0.9753
ai interpreting explaining,0.9741
contrasting,0.9750
affect,0.9746
adjust,0.9750
predictions,0.9718
gao,0.9705
input,0.9716
utilized integrating,0.9729
models helpful,0.9708
resulting,0.9707
sy rule,0.9724
interacting,0.9739
ssr extract rules,0.9708
setting,0.9718
explanations users research,0.9730
expectations,0.9719
derived,0.9719
methods deep,0.9733
slippery,0.9728
answers,0.9707
using di,0.9717
filtering,0.9771
research key explain,0.9702
comprehension humans,0.9705
category,0.9753
testing,0.9763
charters sl,0.9740
metric need,0.9707
therefore explanations,0.9710
measuring,0.9738
hyper,0.9739
comprehension,0.9732
methods category deeper,0.9705
discussion,0.9704
converting,0.9757
structural,0.9775
particularly,0.9703
comparison utilizing,0.9752
models cannot,0.9703
systems depend,0.9712
essential analyze,0.9732
theories explain,0.9707
analysis explain,0.9729
examining,0.9744
additionally en,0.9722
particular,0.9707
expert,0.9727
prediction,0.9808
interest,0.9730
focus,0.9740
cycle,0.9724
proxy,0.9756
model explain,0.9719
design phase tract,0.9704
recommendation explain,0.9733
processing,0.9798
however related,0.9721
methods beyond quasi,0.9709
resolving,0.9738
algorithm adhere,0.9758
liter behavior,0.9713
classification desirable,0.9739
leverage,0.9769
cases biggest,0.9735
sy,0.9717
influence,0.9709
fig knowledge promising,0.9720
learning dl however,0.9708
phase important,0.9732
depending,0.9728
tri,0.9720
advantages,0.9720
perspective suggested,0.9706
conclusions ample,0.9713
interface,0.9765
structured,0.9766
keel,0.9728
criterion,0.9747
survey explain,0.9717
standards,0.9731
sorting,0.9740
model causing,0.9773
stump,0.9705
definition,0.9750
difficult,0.9709
supervision,0.9727
furthermore demand,0.9707
type,0.9749
survey mach,0.9704
ex properties detailed,0.9717
mn analysis explain,0.9750
causal,0.9779
techniques targeted,0.9711
response,0.9741
explanation,0.9754
require,0.9728
factor,0.9740
ratio proposing,0.9721
priority,0.9729
residual explanation,0.9777
models facilitate ri,0.9719
perspective gran,0.9727
methods paper,0.9709
local used taxonomy,0.9703
distinguish,0.9732
comparing bay reasoning,0.9710
interests,0.9721
utilizing rule,0.9730
ci template,0.9720
applications ml,0.9702
important develop,0.9703
assumptions,0.9730
predicted,0.9713
system cho,0.9726
methods,0.9794
solution,0.9740
classify,0.9775
process,0.9719
approach,0.9710
dependent,0.9760
analyses,0.9721
due digit,0.9701
facilitate,0.9725
demand,0.9708
beneficial,0.9727
methods type,0.9736
explanations,0.9730
research properties,0.9759
methods category,0.9778
predicting,0.9774
ai resulted,0.9735
reveal,0.9714
problem,0.9702
therefore research,0.9752
automated decision,0.9728
limiting,0.9755
selected ci template,0.9725
research recommended,0.9709
model decision,0.9717
data using,0.9714
approaches additionally,0.9703
onto specifications,0.9708
vis explanations pl,0.9728
system especially,0.9726
essential compare,0.9729
lip myth,0.9707
proper,0.9716
typically,0.9705
generation methods explain,0.9715
r algorithms emphasis,0.9704
flow,0.9768
samples ic,0.9712
com ic barriers,0.9718
case contrast,0.9718
belief,0.9715
inclusion,0.9707
generation intended,0.9705
effectively,0.9727
data reinforcement,0.9733
lim dependent,0.9732
understanding,0.9711
system multi,0.9713
revealing,0.9730
context authors,0.9745
privacy explanation,0.9717
phase focused,0.9747
imaging,0.9774
intuitive,0.9753
plasma,0.9739
contrast,0.9753
systems use,0.9710
model authors,0.9704
behavior,0.9766
res research needed,0.9744
methods deep explaining,0.9715
parent,0.9701
methods process,0.9748
appropriate integrating,0.9726
however use,0.9724
ge importance,0.9700
corresponding,0.9714
essential addition,0.9727
investigating,0.9700
methods post explain,0.9718
methods explanations,0.9715
project,0.9737
insight,0.9762
separating,0.9714
residual,0.9764
appealing,0.9745
ni agent explanation,0.9714
activation,0.9733
inference,0.9787
systems need,0.9703
system authors,0.9704
syn level,0.9704
diverse,0.9721
utilize,0.9766
usage,0.9720
observation,0.9740
based ml,0.9714
ratio proposing gran,0.9764
models need,0.9703
techniques model,0.9706
models synthesized,0.9712
movement,0.9751
concepts,0.9761
reinforcement,0.9727
using ml,0.9735
finally suggested progress,0.9703
including lever,0.9702
application,0.9766
effectively instance,0.9723
pot,0.9701
techniques,0.9762
sentences,0.9722
boost,0.9739
consideration,0.9731
toy,0.9702
system,0.9714
simulation,0.9750
related concepts,0.9707
comparison bay,0.9740
models expected,0.9725
engagement,0.9743
model specify,0.9704
model al,0.9752
symbol explanations,0.9721
clarity,0.9726
mach,0.9705
model however,0.9703
analyze,0.9748
bay approach explain,0.9746
standard category,0.9736
deep survey multi,0.9717
perspective,0.9766
considered regards explanations,0.9727
interpretation,0.9723
opaque,0.9721
subset utilized,0.9719
semantic,0.9805
ml decisions meanwhile,0.9719
cap,0.9716
feature importance using,0.9709
data decisions,0.9703
objective explain properties,0.9703
utilized make,0.9704
connecting,0.9712
systems promising,0.9732
therefore producing,0.9712
tests,0.9732
proved,0.9716
size,0.9700
methods use,0.9706
basis,0.9776
refined,0.9755
spec explain,0.9727
protection,0.9704
behavior explained,0.9739
ag systems depend,0.9736
multi explanations,0.9714
portable,0.9747
retrieval,0.9759
daze,0.9715
models use,0.9706
profile model causing,0.9715
methods inform,0.9707
generation,0.9730
curriculum,0.9729
survey explain ai,0.9727
gap opaque,0.9704
therefore expected,0.9710
aspect,0.9724
mechanisms,0.9804
area machine,0.9745
models understand,0.9713
varies,0.9721
exchange,0.9728
techniques considering,0.9706
comparison utilizing bay,0.9700
combining,0.9738
reporting,0.9705
analysis,0.9723
ro multi explanations,0.9727
models using,0.9731
design term,0.9734
based knowledge ml,0.9707
sentiment,0.9714
model overs,0.9749
throughout using,0.9724
model resulting,0.9729
treatment,0.9705
reaction,0.9724
transform,0.9777
ex understanding models,0.9701
crucial,0.9753
framework model suggested,0.9713
constraints,0.9766
processing zhang,0.9718
operation,0.9725
patterns,0.9746
producing,0.9700
methods parent,0.9762
acute,0.9733
models within,0.9726
deep neural,0.9743
abilities,0.9702
models considering,0.9718
solutions handle,0.9701
associated notion although,0.9711
training,0.9706
directly,0.9718
categorized,0.9754
important,0.9712
biological black,0.9731
analyses per,0.9714
encoding,0.9757
balanced,0.9734
furthermore ph,0.9709
task rule,0.9723
laws,0.9737
therefore designing,0.9721
kaplan,0.9708
ar study,0.9719
embodied,0.9716
sampling,0.9746
model,0.9710
recommendation,0.9744
typical reactive,0.9714
implementing,0.9724
workshop,0.9720
data based,0.9739
oversight,0.9723
using ad,0.9721
explanations generation di,0.9731
assessment,0.9766
ex challenges research,0.9707
sensitivity,0.9727
innovations,0.9715
techniques combining,0.9720
cycles importance,0.9710
system called,0.9724
model focus,0.9725
bias,0.9780
functionality,0.9764
enabling,0.9755
compared,0.9725
analyzing,0.9721
multi,0.9774
data specific,0.9736
expert systems,0.9707
hypothesis,0.9774
isolated,0.9741
retrieval explain,0.9742
models requires,0.9702
theories,0.9758
term explain,0.9703
requires,0.9727
explanations contrast,0.9702
approach enabling,0.9744
resulting automated ml,0.9719
dimensions,0.9730
challenges research considered,0.9701
system vol,0.9755
systems critical,0.9726
approaches handle,0.9713
phase allow,0.9727
weight,0.9702
utilizing bay,0.9730
flexible,0.9744
phase using,0.9757
methods explaining black,0.9737
models essential,0.9703
procedures,0.9731
notion,0.9753
tech addition according,0.9722
regression,1.0000
giles extraction rules,0.9746
bay networks rule,0.9710
importance,0.9708
transfer,0.9737
data explanations,0.9731
neural,0.9757
device,0.9735
transparent,0.9760
extraction,0.9750
based utilize,0.9739
logic,0.9790
suggested,0.9718
definitions,0.9740
problems,0.9714
comparing,0.9738
weighing,0.9737
connections,0.9735
system therefore,0.9709
narrative,0.9728
regards explanations,0.9705
fundamental,0.9742
meta,0.9766
giles,0.9700
pattern,0.9783
using formulas explain,0.9719
therefore use,0.9706
learned features,0.9710
context,0.9710
interpreted phase focused,0.9718
rules,0.9719
ai explain,0.9731
models combining,0.9767
algorithm considerably,0.9740
tool,0.9715
connected,0.9702
announcement,0.9707
accurately,0.9702
ml decisions,0.9716
expertise,0.9715
able methods working,0.9730
faulty,0.9710
natural,0.9713
algorithm explanations,0.9753
perspective authors,0.9738
ai planning explain,0.9713
monitoring,0.9724
scala,0.9734
situ,0.9718
principles,0.9728
addition suggested,0.9747
diagnosis,0.9738
essential factor producing,0.9704
pixels,0.9720
disclosure,0.9750
reducing,0.9707
perspective several,0.9730
guidelines,0.9766
data incorporating,0.9737
tai results simulation,0.9732
reader,0.9722
plan,0.9751
using ml life,0.9731
pressures,0.9734
steering,0.9725
therefore suggested,0.9707
systems reader,0.9712
specific,0.9773
using methods explanation,0.9731
based,0.9740
processed,0.9706
prediction using,0.9724
methods va,0.9755
upon algorithms explain,0.9734
therefore design,0.9703
specification,0.9710
methods op,0.9742
concepts translated,0.9714
method,0.9793
automatic recognition,0.9710
recognition tr,0.9712
protocol,0.9751
utilizing,0.9730
like suitable,0.9737
framework,0.9755
trained describe extract,0.9710
suggests,0.9712
exploited,0.9719
using systems,0.9706
vocabulary,0.9772
analyzed,0.9764
comparisons explanations,0.9745
commonly,0.9730
dependence,0.9742
prominence,0.9747
model arrive,0.9705
quantitative,0.9735
methods inter,0.9743
suitable explanations,0.9748
case dat,0.9718
models especially,0.9722
based explain,0.9708
interpreted,0.9716
ad efforts explain,0.9713
systems regard,0.9719
speaking,0.9745
rigorous,0.9746
de filters,0.9740
system using,0.9728
behavioral,0.9731
connection,0.9741
using visual,0.9709
feedback,0.9779
workshop explain ai,0.9705
slack,0.9701
sequence,0.9712
capability,0.9705
systems discussed,0.9708
phase using interpret,0.9716
distance,0.9723
onto ai,0.9701
domain knowledge,0.9718
human domain knowledge,0.9723
process knowledge,0.9779
explanations based knowledge,0.9713
collaborative reasoning,0.9744
neural learning,0.9719
learning deep neural,0.9705
knowledge learning,0.9820
systems learning,0.9777
dimensions learning,0.9743
applications learning,0.9778
transfer learning,0.9757
force learning,0.9762
safety user,0.9706
profile model,0.9733
vocabulary model,0.9738
recommendation explain agency,0.9715
explanations decision process,0.9755
bias using,0.9720
explanation method therefore,0.9716
trust model highlighted,0.9712
phases method publication,0.9732
classification desirable criteria,0.9707
reason area support,0.9703
broad agency,0.9713
explanation type,0.9714
field emphasized importance,0.9705
without interaction design,0.9706
explanation based range,0.9733
trade model,0.9770
role regards methodology,0.9713
thinking system,0.9726
relevant uncertain model,0.9729
collaborative model,0.9811
methodology perspective suggested,0.9755
objective measure,0.9767
accountability current included,0.9706
explanation based,0.9726
regulation helpful reasons,0.9738
generation method,0.9772
recommended research,0.9706
proxy decision,0.9747
framework model,0.9779
based explain method,0.9766
techniques authors,0.9704
towards goal model,0.9725
balanced rules,0.9714
model suggested,0.9747
agreed criteria,0.9713
trust model,0.9793
potential drive terminology,0.9709
language model,0.9732
cooperative communication model,0.9753
explanations using,0.9714
conceptual framework,0.9720
conceptual methodology,0.9708
narrative result,0.9716
ml innovations model,0.9737
expert approach,0.9824
design layer,0.9725
suitable model,0.9709
verification methods suggested,0.9715
classification desirable,0.9715
automated explain recommendation,0.9732
method show risks,0.9746
trust model focus,0.9741
expert group,0.9722
ai model,0.9747
sharing plan,0.9767
global model,0.9753
effective designs,0.9735
experts decision,0.9707
generation methodology,0.9784
residual explanation,0.9711
helpful models,0.9711
meta suggested importance,0.9707
domain expert approach,0.9769
framework measures,0.9725
survey presented,0.9713
desirable criteria,0.9703
support decision explain,0.9719
automated decision,0.9770
model decision,0.9784
targeted audience,0.9704
satisfaction recommendation,0.9716
empirical evaluate effectiveness,0.9723
performance coupled model,0.9701
expert explain methods,0.9777
model authors,0.9708
methods process,0.9726
specific design,0.9713
likely assumption,0.9715
suitable models,0.9702
explanation based taxonomy,0.9741
model may possess,0.9706
data audience intended,0.9728
communication approach,0.9739
application assumption,0.9759
techniques model,0.9729
multi approach,0.9713
model may require,0.9710
application,0.9700
recommendation system,0.9727
suggested users interpret,0.9709
meta focused discussion,0.9703
approach based,0.9766
explanation method,0.9770
bay approach explain,0.9738
models using survey,0.9724
techniques using,0.9705
goal model,0.9733
explanations decision,0.9704
experts decision importance,0.9707
feature importance using,0.9707
data decisions,0.9750
basis recommend,0.9741
significant model,0.9714
approach based pri,0.9724
evaluation following,0.9701
training model,0.9813
explanation generation intended,0.9714
profile model causing,0.9722
evaluation framework measures,0.9716
data biased,0.9705
model transparency,0.9729
reasonable models decision,0.9744
ai use,0.9701
essential reaching decision,0.9734
performance use,0.9750
explaining observed used,0.9718
model selected,0.9707
data used research,0.9709
communication model,0.9771
framework model suggested,0.9770
acceptance end experts,0.9702
approach available,0.9725
reason area,0.9716
objective evaluation,0.9735
evaluation framework,0.9776
bias specific design,0.9771
task rule,0.9787
model may result,0.9714
data based,0.9711
fe model decision,0.9754
explanations model,0.9725
data model,0.9722
model comparison,0.9707
model focus,0.9701
humans model may,0.9713
automated ml recommendations,0.9709
expert systems,0.9736
approach enabling,0.9748
general explanation,0.9711
biased data useful,0.9703
evaluation challenge need,0.9731
expert systems generally,0.9715
explanation decision,0.9739
specific policy,0.9702
perspective authors,0.9702
technique used,0.9721
theoretical framework,0.9703
algorithm unlike,0.9711
original explanation survey,0.9705
prescription recommendation,0.9714
difference explanations intended,0.9701
coherent work,0.9714
model explanations,0.9726
prediction using,0.9738
decision make,0.9734
support decision,0.9738
method,0.9768
decision system,0.9717
suitable explanations,0.9711
used recommendations explain,0.9716
insights targeted audience,0.9703
helpful models comparison,0.9709
approaches additionally survey,0.9725
level domain knowledge,0.9781
domain knowledge,1.0000
human domain knowledge,0.9882
data knowledge,0.9765
audiences domain knowledge,0.9779
methods knowledge,0.9703
data domain knowledge,0.9896
process knowledge,0.9784
external domain knowledge,0.9872
decision process knowledge,0.9715
medical domain knowledge,0.9765
knowledge methods knowledge,0.9714
learning model,0.9890
vocabulary model,0.9736
confidence model,0.9799
deep learning model,1.0000
towards goal model,0.9714
trust model,0.9773
knowledge systems model,0.9701
learned relationships model,0.9835
number vocabulary model,0.9738
systems trust model,0.9782
decision model,0.9763
goal model,0.9720
tasks learning model,0.9812
communication model,0.9739
step developing model,0.9730
innovations model,0.9725
deep learning framework,0.9700
visual deep learning,0.9755
deep neural learning,0.9729
generation method,0.9711
deep learning model,0.9809
ti communication approach,0.9708
focused knowledge methods,0.9728
dimensions learning technique,0.9778
attackers using,0.9704
techniques provide,0.9739
insights output explain,0.9764
utilizing ie conducted,0.9746
explanations performance metric,0.9757
groups objective explain,0.9707
costs domains could,0.9702
game using explanations,0.9721
methods focused,0.9764
rec noted,0.9714
essential addition need,0.9704
developmental perspective several,0.9734
regarding context,0.9744
sense targeted audience,0.9728
large data used,0.9766
system therefore po,0.9731
entitled explanation results,0.9701
recommendations,0.9710
explanations global model,0.9838
particularly developing,0.9715
model hence wide,0.9724
models used,0.9745
models explain,0.9781
different data,0.9728
data consequence,0.9781
reflect model overs,0.9763
identified knowledge methods,0.9719
methods derived,0.9749
inc utilizing rule,0.9711
profile model,0.9814
models possibility produce,0.9752
knowledge methods use,0.9756
ml model trained,0.9749
vocabulary model,0.9849
based taxonomy,0.9756
standardization,0.9706
ac workshop,0.9703
promptly domains science,0.9713
significant model without,0.9714
essential factor considering,0.9766
models predictions,0.9758
real applications suggested,0.9706
social perspectives discussed,0.9715
safety processes,0.9707
therefore appealing,0.9725
techniques provide insight,0.9712
additionally survey,0.9720
analysis based,0.9746
works using,0.9711
following models say,0.9705
tun lesson research,0.9730
recommendation explain agency,0.9766
methods suggested pot,0.9745
barriers,0.9718
interface mod need,0.9755
using systems use,0.9770
based knowledge source,0.9705
abstraction used sim,0.9724
framework razor,0.9710
context discussion,0.9709
perspectives may beneficial,0.9712
necessary ai systems,0.9726
targeted audience main,0.9703
systems user model,0.9729
syn key ideas,0.9785
data widely,0.9729
potential fu,0.9712
explanations decision process,0.9803
mit bias,0.9735
systems using,0.9768
system design term,0.9709
studies used,0.9750
algorithms emphasis,0.9781
explanations suggested,0.9704
visual methods inform,0.9714
furthermore comparing models,0.9773
data factors,0.9824
like suitable models,0.9789
important aspect systems,0.9797
per feature importance,0.9721
guest trust explaining,0.9707
domains literature seems,0.9703
perspective additionally,0.9723
purposes model reached,0.9771
order facilitate comparisons,0.9708
inclusion criteria following,0.9728
broad agency announcement,0.9720
system ask,0.9720
techniques agent,0.9701
data audience,0.9793
therefore possible using,0.9713
model methods cannot,0.9726
models comparison utilizing,0.9817
models,0.9730
hoc explanations,0.9705
possible measure visual,0.9706
systems determining,0.9787
may include,0.9707
ag systems,0.9736
active methods type,0.9703
bias using,0.9730
explanation method therefore,0.9726
additionally suggested,0.9728
concerns discussed,0.9710
systems detect prevent,0.9733
including model,0.9748
ml x safety,0.9721
crucial tailor explanations,0.9728
multi concepts,0.9731
dl models expected,0.9702
ne level models,0.9726
used peer papers,0.9707
collected data,0.9708
trust model highlighted,0.9740
using genera,0.9703
system worth,0.9733
data helpful,0.9735
explanations authors discussed,0.9710
applications suggested,0.9731
phases method publication,0.9763
context systems,0.9706
classification desirable criteria,0.9820
abstracts decide,0.9743
reason area support,0.9751
plan investigated,0.9746
ml process come,0.9786
data models sons,0.9700
gran methods beyond,0.9744
narrative challenge explaining,0.9727
models expected genera,0.9707
thus meeting,0.9703
system identifies,0.9778
using gan proceedings,0.9716
work identified,0.9747
models requires human,0.9727
workshop explain,0.9714
terminology,0.9825
utilization examples case,0.9732
areas explicit,0.9744
comparison widely,0.9735
systems typically,0.9709
liter behavior explained,0.9707
approaches likely conduct,0.9713
techniques need,0.9766
scenarios using,0.9793
limit,0.9715
systems incorrect,0.9712
broad agency,0.9753
come innovations model,0.9755
methods finally,0.9742
rec solution,0.9737
conclusions,0.9717
hand data,0.9742
symbol explanations stressed,0.9723
model models,0.9713
explanation type,0.9703
also suggested,0.9719
nl systems,0.9762
models concepts would,0.9746
techniques need addressed,0.9710
showed method methods,0.9720
gi support explain,0.9748
confidence model,0.9715
systems available ml,0.9702
research directions models,0.9746
applications benefit,0.9779
field emphasized importance,0.9760
venues vague language,0.9708
module,0.9742
importance based,0.9742
hc model,0.9794
systems generally,0.9785
according model methods,0.9821
models provide,0.9787
without interaction design,0.9772
comparison challenges research,0.9745
issue fed,0.9701
data influenced multi,0.9727
users explain,0.9714
post explain models,0.9804
survey multi,0.9760
essential factor,0.9740
used experts need,0.9718
explanation based range,0.9781
data explain,0.9803
systems bay,0.9740
trade model,0.9774
comparison,0.9756
role regards methodology,0.9769
competing terminology design,0.9767
phase discussed,0.9716
framework also,0.9734
following questions inspired,0.9712
category combining,0.9794
research di adapted,0.9720
results enhance,0.9708
systems low,0.9745
models within contractual,0.9726
methods focused explaining,0.9738
following research question,0.9741
filters,0.9715
point meta suggested,0.9732
models compared,0.9791
models survey,0.9809
support explain systems,0.9763
human methods identify,0.9735
guidelines responsible,0.9723
relevant uncertain model,0.9818
enabling efficient explain,0.9705
behavior explained abstract,0.9770
models often use,0.9749
hub survey,0.9755
collaborative model,0.9814
methods explain,0.9725
methodology perspective suggested,0.9791
recommendation models use,0.9749
type table measuring,0.9724
research needed guide,0.9720
objective measure,0.9742
work suggested,0.9718
models developmental,0.9701
systems help contribute,0.9700
models essential especially,0.9706
criteria,0.9779
fig organization meta,0.9759
proposed perspectives,0.9701
data particular,0.9789
accountability current included,0.9734
deco challenges research,0.9721
perspectives following,0.9704
hub survey explain,0.9722
applicable ml model,0.9748
use models requires,0.9706
directions models,0.9750
properties detailed,0.9701
models contrast,0.9819
researchers also use,0.9701
consequence,0.9735
explanation based,0.9727
model resulting automated,0.9746
methods working,0.9768
regulation helpful reasons,0.9736
ml recommendations,0.9734
uncertain model,0.9754
x explanations system,0.9778
methods beyond,0.9743
data recommended,0.9742
models say,0.9733
methods fore,0.9728
various explanations goals,0.9758
data particularly,0.9747
safety machine,0.9715
unified framework,0.9743
according model,0.9732
alpha system,0.9756
ai therefore,0.9720
recommended research,0.9724
model see suggested,0.9794
users explain education,0.9719
related explanation,0.9727
systems highly,0.9721
require examining,0.9700
predictions blind,0.9736
methods tailored,0.9705
trade aware therefore,0.9719
majority challenges research,0.9706
ml model may,0.9754
op automated ml,0.9741
framework model,0.9892
data brief,0.9776
uncertain model explanations,0.9715
methods suggested,0.9753
sequential data,0.9781
arguments,0.9728
models possibility,0.9786
data going,0.9723
explain recommendation survey,0.9718
extracts rules,0.9726
models needed,0.9737
using x explain,0.9707
methods post,0.9730
models decision,0.9799
suggested importance,0.9717
systems table selected,0.9785
systems aa,0.9701
comparisons explanations ea,0.9752
understood time series,0.9724
methods need visual,0.9719
analyzing assumption provided,0.9718
models combined,0.9746
data influenced,0.9771
uncertainty surrounding ml,0.9758
lime explain model,0.9721
based explain method,0.9772
techniques authors,0.9764
towards goal model,0.9749
data reflected,0.9781
survey contrast,0.9753
explanations visual methods,0.9718
utilized models,0.9751
possible using,0.9718
balanced rules,0.9734
nos effectiveness systems,0.9791
methods classification,0.9738
model makes susceptible,0.9716
model suggested,0.9820
regarding context authors,0.9789
model hence,0.9732
data,0.9753
interpreted phase,0.9736
grounded explanation,0.9711
agreed criteria,0.9737
trust model,0.9784
using ml models,0.9819
explanations literature explain,0.9753
example importance,0.9709
phase tract,0.9726
searching primary studies,0.9725
models relevant,0.9757
methods researchers,0.9729
studies used toy,0.9780
measures help,0.9740
classification,0.9741
aims selected,0.9739
interaction system,0.9724
methods needed useful,0.9713
knowledge significant challenge,0.9707
mod data,0.9744
potential drive terminology,0.9762
upon algorithms,0.9704
filter network reasons,0.9742
ai interpreting explaining,0.9735
language model,0.9861
cooperative communication model,0.9828
design owing close,0.9706
data sufficient,0.9714
systems elsa varies,0.9758
cap survey deep,0.9700
work suggested research,0.9748
discussed exist elements,0.9713
predictions,0.9751
input,0.9728
techniques targeted audience,0.9712
explanations using,0.9751
utilized integrating,0.9711
models helpful,0.9771
sy rule,0.9705
models comparison,0.9792
ssr extract rules,0.9760
confidential concern several,0.9721
explanations users research,0.9777
systems model,0.9814
conceptual framework,0.9797
theme focuses,0.9712
section need,0.9734
methods deep,0.9719
data explanations reflect,0.9781
data provide,0.9778
individual utilized data,0.9765
extraction historically need,0.9716
systems interpret,0.9731
system cho control,0.9741
using di,0.9709
research directions suggested,0.9752
auto explanation step,0.9721
research key explain,0.9768
conceptual methodology,0.9726
system must,0.9754
comprehension humans,0.9702
models post explain,0.9742
category,0.9760
insights targeted,0.9714
testing,0.9705
insights explain methods,0.9702
large data,0.9736
insights may handle,0.9723
charters sl,0.9739
approaches layers identify,0.9715
metric need,0.9765
given types methods,0.9722
therefore explanations,0.9715
background la explanations,0.9716
ac utilizing,0.9702
domains criteria must,0.9741
model models synthesized,0.9723
regardless components,0.9726
methods category deeper,0.9802
future system ask,0.9706
enabling technology provide,0.9705
targeted audiences domain,0.9726
data describe,0.9766
according information leverage,0.9745
broad conceptual framework,0.9726
comparison utilizing,0.9740
systems developed using,0.9747
models cannot,0.9752
systems depend,0.9731
essential analyze,0.9716
theories explain,0.9743
model selected subset,0.9728
insights useful og,0.9724
approaches supporting explaining,0.9726
analysis explain,0.9702
systems promising plan,0.9716
decisions following models,0.9788
local model,0.9729
narrative result,0.9715
area explain,0.9718
based discussed challenges,0.9714
rep explanation interface,0.9706
targeted audiences ensured,0.9729
ml innovations model,0.9857
explained abstract,0.9709
systems think,0.9719
design term explain,0.9708
performance harris,0.9751
di adapted depending,0.9728
expert approach,0.9748
choice,0.9717
data collected,0.9710
design layer,0.9769
model explain,0.9788
therefore research needed,0.9732
design phase tract,0.9772
data used,0.9722
recommendation explain,0.9738
additionally survey included,0.9726
scenarios requiring understand,0.9720
arise ai planning,0.9724
processing,0.9709
explanations system must,0.9709
ml research,0.9749
components may,0.9721
suitable model,0.9752
scenarios requiring,0.9738
r alpha system,0.9732
ea explanations nature,0.9717
algorithm adhere,0.9749
using methods,0.9732
count research,0.9709
implementation,0.9733
verification methods suggested,0.9761
model de,0.9723
explanations different levels,0.9717
classification desirable,0.9808
series data specific,0.9794
directions models understand,0.9790
data lead,0.9752
efforts explain data,0.9728
proxy regulations however,0.9701
data imperative,0.9714
following evaluation explanations,0.9748
model explanation,0.9748
small data,0.9755
criteria following study,0.9753
models vary,0.9722
significant challenge,0.9719
automated explain recommendation,0.9751
fig knowledge promising,0.9712
training therefore discover,0.9712
learning dl however,0.9710
model x,0.9739
phase important,0.9738
reasoning explanations suggested,0.9731
research focus,0.9725
trust model focus,0.9768
perspective suggested,0.9764
search directions,0.9725
data required understand,0.9758
data contain,0.9753
techniques help,0.9749
therefore requested explanations,0.9703
tan clarify data,0.9710
fig challenges research,0.9748
model may,0.9710
expert group,0.9725
overview field,0.9732
interface,0.9751
ai model,0.9812
objective performance,0.9700
ml mod research,0.9707
known competing terminology,0.9754
specific aspects,0.9729
priority research,0.9733
model explain focused,0.9700
linear models explain,0.9723
criterion,0.9752
sharing plan,0.9750
standards,0.9743
model causing,0.9771
global model,0.9834
model methods need,0.9779
methods explain entire,0.9720
effective designs,0.9723
supervision,0.9707
furthermore demand,0.9724
methods handle,0.9762
derived explanations educated,0.9731
type,0.9711
targeted audiences,0.9724
industrial model,0.9703
survey mach,0.9703
ml models compared,0.9722
comprehensive overview field,0.9771
ex properties detailed,0.9708
mn analysis explain,0.9805
portable onto specifications,0.9737
work explored,0.9700
research focuses following,0.9723
users model came,0.9736
techniques targeted,0.9720
essential dimensions,0.9728
criteria per included,0.9726
miller explanation artificial,0.9748
response,0.9714
explanation,0.9705
background ai therefore,0.9753
perspectives discussed,0.9709
generation methodology,0.9814
ml model resulting,0.9798
thus advance,0.9705
purposes model,0.9714
using low data,0.9755
different definitions,0.9704
users af explain,0.9723
residual explanation,0.9748
models facilitate ri,0.9754
employing ai,0.9705
surrounding ml models,0.9803
methods paper,0.9714
local used taxonomy,0.9780
automated ml,0.9716
helpful models,0.9803
meta suggested importance,0.9789
utilizing rule,0.9725
end considered medicine,0.9701
furthermore comparing,0.9707
unified framework model,0.9757
applications ml,0.9772
redundant thor suggested,0.9719
trust produced,0.9703
variable importance using,0.9773
classification explanations,0.9716
additionally lack,0.9704
assumptions,0.9746
system serves designed,0.9719
system cho,0.9741
model model,0.9711
methods,0.9773
domain expert approach,0.9716
learning used,0.9725
data according,0.9711
paper included peer,0.9704
framework performance,0.9741
outcomes og,0.9706
results acting enable,0.9706
based importance,0.9718
theo used,0.9715
framework measures,0.9769
data sufficient generate,0.9702
detailed problem,0.9770
quan challenges research,0.9749
judicial demand explain,0.9731
risks research sara,0.9718
explanations feature importance,0.9708
key research dire,0.9733
communication model x,0.9723
visual activated weight,0.9709
survey presented,0.9749
verification techniques need,0.9737
uncertainty areas,0.9719
methods cannot,0.9724
desirable criteria,0.9748
methods type,0.9758
usage ml,0.9747
including end model,0.9770
research properties,0.9765
quan uncertain models,0.9752
support decision explain,0.9705
methods category,0.9784
predicting,0.9704
ml research become,0.9743
ai resulted,0.9717
methods need,0.9762
pro framework,0.9704
dee judicial demand,0.9747
therefore research,0.9734
uncertainty important,0.9712
based wide,0.9703
automated decision,0.9800
selected ci template,0.9740
planning explain recommendations,0.9747
research recommended,0.9738
generated results within,0.9710
model decision,0.9837
data using,0.9800
targeted audience,0.9712
derived based wide,0.9776
data may exhibit,0.9744
approaches additionally,0.9764
spat data challenges,0.9711
onto specifications,0.9752
vis explanations pl,0.9707
system especially,0.9730
generated results,0.9716
methods separately investigate,0.9700
targeted audience fulfill,0.9733
data reflected ai,0.9781
generation methods explain,0.9768
models synthesized ti,0.9753
r algorithms emphasis,0.9772
measures often leads,0.9701
data helpful understanding,0.9753
therefore considering,0.9702
flow,0.9746
samples ic,0.9721
comparison clinical,0.9704
teaming provided explanations,0.9736
com ic barriers,0.9763
case contrast,0.9731
based age,0.9720
un learning used,0.9736
ml solutions,0.9705
additional explanation quality,0.9725
ml models using,0.9785
generation intended,0.9713
ml models understand,0.9733
empirical evaluate effectiveness,0.9763
data reinforcement,0.9738
lim dependent,0.9769
ml model,0.9809
ml models therefore,0.9708
essential role scenarios,0.9703
context explanations would,0.9731
performance coupled model,0.9749
context authors,0.9785
survey ni recommended,0.9709
ai systems need,0.9729
privacy explanation,0.9738
pe approaches layers,0.9712
phase focused,0.9715
hc model specify,0.9790
authors discussed identifying,0.9714
data causal,0.9795
techniques perspectives highlight,0.9700
systems use,0.9757
expert explain methods,0.9781
model authors,0.9818
explanation results enhance,0.9708
methods different,0.9751
proposed involves group,0.9772
objective,0.9700
res research needed,0.9737
bias need several,0.9738
methods process,0.9815
uncertain ml models,0.9807
specific design,0.9753
performance coupled,0.9747
using raw data,0.9770
inclusion criteria,0.9760
likely assumption,0.9737
suitable models,0.9768
fig distribution selected,0.9710
particularly cases,0.9700
affect results discussed,0.9715
useful ex data,0.9749
research directions area,0.9712
analyze features,0.9726
term explain systems,0.9807
ml considering situation,0.9720
systems,0.9719
explanation based taxonomy,0.9797
methods post explain,0.9752
methods explanations,0.9748
ist including model,0.9704
using interpret models,0.9794
taxonomy based interpret,0.9701
agent explanation,0.9709
explanations data,0.9747
disc decisions provide,0.9710
models relevant easy,0.9723
needed guide evaluate,0.9706
research directions,0.9743
systems g mu,0.9738
ni agent explanation,0.9730
ali features relevant,0.9738
methods derived explanations,0.9758
using noticed distinctions,0.9708
model may possess,0.9794
decisions provide however,0.9711
sampling per,0.9704
data audience intended,0.9791
sl specify following,0.9716
methods might provide,0.9731
communication approach,0.9704
based seen using,0.9731
systems need,0.9723
data e utilizing,0.9700
used knowledge source,0.9705
system authors,0.9736
application assumption,0.9785
syn level,0.9711
usage,0.9739
researchers use,0.9722
based ml,0.9736
overview vision,0.9742
multi based importance,0.9732
models predict,0.9730
ratio proposing gran,0.9720
underlying uncertain model,0.9708
models need,0.9760
techniques model,0.9854
planning provided,0.9755
multi approach,0.9752
models synthesized,0.9727
plan explanations contrast,0.9734
techniques including thus,0.9727
ml models maintaining,0.9718
focused knowledge methods,0.9718
using ml,0.9733
finally suggested progress,0.9710
explanation proposed,0.9751
however possible measure,0.9717
based ml life,0.9703
data contain bias,0.9740
es phases help,0.9705
suggested aware risk,0.9717
implications tutor keel,0.9717
model may require,0.9796
models important establish,0.9707
previous explanation cost,0.9722
application,0.9765
work discusses,0.9725
systems need explain,0.9708
explanations survey,0.9731
systems provide explanations,0.9707
techniques,0.9739
users understand test,0.9725
review methods,0.9705
framework help,0.9751
methods sr,0.9712
current focus plan,0.9723
arguments may,0.9716
applications stand contribution,0.9719
hence model working,0.9710
models also suggested,0.9725
models help,0.9763
variable importance based,0.9749
comparison challenges,0.9705
users understand,0.9705
works researchers use,0.9710
critical domains,0.9721
suggested users interpret,0.9764
predictions help,0.9726
ai models use,0.9727
model reached,0.9700
recommendation explain recommend,0.9701
methods complement,0.9725
meta focused discussion,0.9738
system,0.9758
using data americans,0.9734
approach based,0.9749
related concepts,0.9744
comparison bay,0.9722
model given,0.9725
models expected,0.9827
ml model help,0.9819
components may differ,0.9777
model specify,0.9752
model al,0.9727
dia training,0.9720
foster explanation testing,0.9730
explanation provides,0.9732
symbol explanations,0.9733
models understand improve,0.9732
factor systems,0.9776
models expected complement,0.9744
system identify,0.9710
clarity,0.9710
models therefore,0.9711
phases help,0.9721
essential analyze features,0.9718
intended machines,0.9705
model however,0.9769
dilemma models need,0.9729
systems use models,0.9807
bay approach explain,0.9807
standard category,0.9779
methods applications interpret,0.9753
additionally hc model,0.9751
sense targeted audiences,0.9714
explanations feature,0.9754
deep survey multi,0.9747
data len,0.9718
specific purpose audience,0.9706
perspective,0.9756
interaction dl systems,0.9717
models using survey,0.9837
taxonomy based evaluating,0.9723
bio discussed including,0.9716
systems ex plan,0.9725
methods maintain,0.9750
essential conduct several,0.9742
subset utilized,0.9705
techniques using,0.9724
meta suggested,0.9724
semantic,0.9724
autonomy plain,0.9715
pl structures beyond,0.9712
ml decisions meanwhile,0.9740
goal model,0.9744
data classification,0.9759
model using,0.9789
hypothesis users,0.9705
cotton explanation justification,0.9714
explanations decision,0.9727
data explain methods,0.9787
feature importance using,0.9807
data decisions,0.9825
objective explain properties,0.9750
included may include,0.9735
basis recommend,0.9753
model comparison choose,0.9708
models interpreted phase,0.9723
utilized make,0.9703
systems promising,0.9719
data len plan,0.9766
plan models cannot,0.9724
possible understand terms,0.9742
visual methods might,0.9707
tests,0.9703
significant model,0.9803
algorithms recent survey,0.9711
approach based pri,0.9734
methods use,0.9763
basis,0.9735
evaluation following,0.9752
training model,0.9871
aspect systems,0.9785
behavior explained,0.9772
among suitable values,0.9718
explanation generation intended,0.9769
ag systems depend,0.9777
historically need explanations,0.9704
systems allow,0.9717
models use,0.9775
profile model causing,0.9798
methods inform,0.9757
modeling methods maintain,0.9725
researchers help,0.9709
framework multi,0.9707
survey explain ai,0.9727
systems provide,0.9746
therefore expected,0.9726
observation exploited general,0.9709
evaluation framework measures,0.9750
inputs observing men,0.9710
mechanisms,0.9710
area machine,0.9752
intelligent sur model,0.9722
models decisions,0.9718
thus need consolidated,0.9728
features using,0.9711
models understand,0.9769
x utilized models,0.9713
vary based utilize,0.9714
techniques considering,0.9724
comparison utilizing bay,0.9777
explanations however,0.9708
surrounding ml,0.9706
techniques used,0.9716
well challenges research,0.9714
data biased,0.9758
implications tutor,0.9722
model transparency,0.9776
reasonable models decision,0.9709
based systematic literature,0.9720
systems help,0.9756
ai use,0.9722
ro multi explanations,0.9725
expert systems bay,0.9706
essential reaching decision,0.9730
therefore figuring,0.9705
models using,0.9830
design term,0.9765
teaming provided,0.9711
reflect model,0.9742
based knowledge ml,0.9783
report generation medical,0.9717
useful sound,0.9700
model overs,0.9724
survey included,0.9712
methods second,0.9711
performance use,0.9773
suitable models help,0.9772
wide range end,0.9723
model resulting,0.9769
phase discussed pay,0.9721
appropriate explanations,0.9704
treatment,0.9706
explain included human,0.9741
quan starting need,0.9708
layers identify,0.9714
competing terminology,0.9775
ic workshop automated,0.9728
proposed model provide,0.9745
explaining observed used,0.9733
model selected,0.9786
insights provided targeted,0.9717
survey explain machine,0.9706
data incorporating domain,0.9706
ex understanding models,0.9810
data used research,0.9791
techniques used provided,0.9711
communication model,0.9863
specific data model,0.9808
framework model suggested,0.9855
example investigate explanations,0.9730
essential consider,0.9736
constraints,0.9704
pe approaches,0.9710
definitions insights explain,0.9704
predictions hypothesis,0.9738
methods parent,0.9785
models within,0.9788
ml techniques including,0.9706
models considering,0.9755
reason area,0.9774
objective evaluation,0.9756
solutions handle,0.9769
associated notion although,0.9759
factor considering,0.9723
evaluation framework,0.9832
extraction task rule,0.9721
used models,0.9745
systems backgrounds,0.9716
analyses per,0.9741
different data types,0.9738
phase research,0.9727
bias specific design,0.9805
system proposed,0.9723
ml model model,0.9784
bu hub survey,0.9705
model provide,0.9772
models throughout using,0.9793
quality vary based,0.9712
task rule,0.9816
explanations aware explain,0.9709
explanation stage,0.9763
evidence,0.9721
spat data,0.9784
reg challenges research,0.9717
compete research,0.9701
solution trade suggested,0.9736
model follows,0.9784
costs explanations design,0.9705
three different definitions,0.9724
procedures testing,0.9742
systems per,0.9721
algorithm may regulations,0.9703
level fusion according,0.9706
authors need,0.9732
model may result,0.9764
applications researchers help,0.9726
model,0.9791
ai used,0.9737
models predictions explain,0.9757
recommendation,0.9720
users research,0.9700
impact specific,0.9718
directions historically need,0.9730
models considered,0.9789
method therefore,0.9719
workshop,0.9712
framework measures help,0.9725
data based,0.9808
derived explanations,0.9732
models combining reported,0.9742
using ad,0.9703
explanations generation di,0.9770
fe model decision,0.9846
using x methods,0.9706
used taxonomy,0.9702
definition explain,0.9710
using dl models,0.9773
assessment,0.9728
explanations model,0.9825
furthermore challenges,0.9717
ex challenges research,0.9714
using explanations based,0.9728
data model,0.9847
techniques combining,0.9731
comparison bay approach,0.9769
explanations ai algorithms,0.9721
systems use various,0.9708
interest utilizing rule,0.9745
ex data incorporating,0.9721
model comparison,0.9776
scala authors proposed,0.9705
directions suggested,0.9731
system called,0.9734
model focus,0.9806
bias,0.9721
functionality,0.9723
humans model may,0.9803
algorithm perspective additionally,0.9772
ex techniques provide,0.9729
topic adequately humans,0.9711
automated ml recommendations,0.9768
data specific,0.9823
fig performance use,0.9760
recommendations explain,0.9732
expert systems,0.9818
data may,0.9774
definition explain list,0.9718
method current explain,0.9755
models usually,0.9703
hypothesis,0.9719
key ideas,0.9724
ing system,0.9702
retrieval explain,0.9707
models requires,0.9752
regarding inputs corresponding,0.9713
worthless identify research,0.9730
support explain,0.9718
literature x suggested,0.9730
term explain,0.9715
concepts called,0.9731
explanations contrast,0.9745
arguments may show,0.9713
useful sound complete,0.9717
regarding inputs,0.9720
systems simulate clinic,0.9772
approach enabling,0.9759
resulting automated ml,0.9750
fuzzy logic,0.9705
particular output,0.9734
challenges research considered,0.9758
test,0.9727
importance using,0.9765
system vol,0.9734
relies user studies,0.9779
systems critical,0.9773
approaches handle,0.9713
using model,0.9730
phase allow,0.9722
findings suggests,0.9711
criteria must,0.9745
require examining many,0.9718
principles practice explain,0.9709
utilizing bay,0.9716
using model play,0.9759
phase using,0.9772
methods explaining black,0.9771
models essential,0.9706
general explanation,0.9790
confidence using,0.9717
procedures,0.9722
tech addition according,0.9707
explanations com,0.9706
regression,0.9715
explanations model comparison,0.9750
giles extraction rules,0.9778
bay networks rule,0.9773
global methods explain,0.9702
models throughout,0.9708
regardless components may,0.9709
examination based,0.9721
audience targeted,0.9708
data explanations,0.9816
using data,0.9791
effective interaction,0.9713
device,0.9711
het data explain,0.9778
based utilize,0.9728
logic,0.9753
evaluation challenge need,0.9746
tudor onto engineering,0.9726
exploited general framework,0.9707
utilized data,0.9768
data particularly cases,0.9712
definitions,0.9710
hybrid data used,0.9723
model see,0.9801
paramount explanation based,0.9756
targeted audience targeted,0.9704
framework nic,0.9733
taxonomy based two,0.9744
explanations additionally expertise,0.9726
connections,0.9727
system therefore,0.9761
main perspectives need,0.9740
models considering agreement,0.9757
using genera models,0.9755
specific data,0.9724
explanations provide human,0.9704
tract data using,0.9700
pattern,0.9718
analyzed titles,0.9711
dl systems,0.9731
using formulas explain,0.9765
standard category combining,0.9726
likely assumption ing,0.9713
innovations model come,0.9710
additionally expertise,0.9709
methods identify,0.9751
expert systems generally,0.9781
context,0.9746
regarding formal quan,0.9701
onto phase research,0.9717
used critical domains,0.9743
solutions usually choose,0.9717
regulation,0.9749
model without indicating,0.9727
models needed considered,0.9724
interpreted phase focused,0.9729
rules,0.9708
data useful,0.9726
ai explain,0.9704
limit predictions,0.9705
research dire defined,0.9754
models combining,0.9793
algorithm considerably,0.9729
perspectives need,0.9720
including model assertion,0.9745
utilizing x models,0.9705
assumption provided explanations,0.9715
included peer,0.9738
model without,0.9749
ml decisions,0.9802
system several,0.9709
able methods working,0.9729
explanation decision,0.9728
using solutions,0.9756
historically need,0.9707
selected databases,0.9703
models analyzing assumption,0.9748
models lack transparency,0.9733
algorithm explanations,0.9778
explanations ai models,0.9735
achieved state models,0.9734
definitions must,0.9727
perspective authors,0.9759
theoretical framework,0.9795
predictions explain,0.9720
ai planning explain,0.9764
algorithm unlike,0.9719
problem tia step,0.9723
explanations reflect,0.9752
addition suggested,0.9756
limitations associated estimate,0.9747
models review,0.9759
supporting explaining training,0.9703
len delivery methods,0.9705
training data influenced,0.9732
models need explained,0.9750
perspective several,0.9763
algorithm perspective,0.9761
models comparison direction,0.9784
note utilization examples,0.9717
guidelines,0.9747
data incorporating,0.9782
data need,0.9775
tai results simulation,0.9784
original explanation survey,0.9751
difference explanations intended,0.9736
explaining black model,0.9723
explanation promising area,0.9703
ref efforts developers,0.9711
mit bias categorized,0.9705
using survey,0.9769
coherent work,0.9734
using ml life,0.9729
model explanations,0.9812
results understanding,0.9741
therefore suggested,0.9726
directions section need,0.9742
systems reader,0.9714
using methods explanation,0.9753
prediction using,0.9808
systems interpret explain,0.9714
methods va,0.9758
required understand explanation,0.9727
regardless example,0.9714
upon algorithms explain,0.9775
knowledge source undertaken,0.9739
utilized models comparison,0.9782
applications benefit pre,0.9702
ai planning provided,0.9763
methods op,0.9742
applications stand,0.9720
systems represent,0.9749
method,0.9789
recognition tr,0.9711
explanations consider trees,0.9717
importance therefore considering,0.9742
framework,0.9765
ha perspectives may,0.9702
models analyzing,0.9770
explanations related concepts,0.9760
models tai results,0.9753
using systems,0.9769
hot research,0.9721
uncertain models important,0.9730
using survey papers,0.9729
explains ml models,0.9721
comparisons explanations,0.9748
decision system,0.9732
quan uncertainty areas,0.9786
model arrive,0.9705
explanations design pro,0.9753
lip myth model,0.9752
methods inter,0.9736
suitable explanations,0.9765
several types explanations,0.9710
fin comprehensive taxonomy,0.9746
models comparison nation,0.9709
data systematic,0.9745
framework performance harris,0.9755
framework furthermore,0.9750
models especially,0.9755
based explain,0.9733
dl architecture explaining,0.9706
purposes provide,0.9718
discussion section model,0.9765
systems well explain,0.9712
used recommendations explain,0.9726
ad efforts explain,0.9749
specific output,0.9726
models cannot applied,0.9745
systems regard,0.9779
innovations model,0.9706
ty ad approach,0.9701
per algorithm unlike,0.9719
explanation approximate,0.9756
fore data,0.9741
de filters,0.9703
insights targeted audience,0.9757
helpful models comparison,0.9804
related explain needed,0.9719
model help,0.9714
system using,0.9771
methods explanation,0.9704
approaches additionally survey,0.9777
feedback,0.9743
methods form,0.9756
workshop explain ai,0.9723
computational problem need,0.9702
essential factor determine,0.9705
systems discussed,0.9762
using visual explanations,0.9724
models important,0.9792
directions plan explanations,0.9706
agency communication showed,0.9714
described training must,0.9709
different definitions insights,0.9707
explanations related,0.9768
existing solutions handle,0.9726
types useful several,0.9720
charters sl used,0.9722
models used,0.9703
profile model,0.9709
distinctions,0.9708
recommendation explain agency,0.9702
selected ci,0.9716
data factors,0.9713
inclusion criteria following,0.9729
ml x safety,0.9705
classification desirable criteria,0.9779
terminology,0.9719
entitled request,0.9702
selected,0.9718
survey multi,0.9700
comparison,0.9701
category combining,0.9765
research di adapted,0.9706
criteria,0.9746
alpha system,0.9732
recommended research,0.9703
related explanation,0.9703
framework model,0.9735
fig proposed organization,0.9705
em selection,0.9703
balanced rules,0.9700
model suggested,0.9732
grounded explanation,0.9705
agreed criteria,0.9751
classification,0.9750
aims selected,0.9733
theme focuses,0.9706
research directions suggested,0.9706
category,0.9738
methods category deeper,0.9702
type mentioned,0.9730
directions received,0.9710
recommendation explain,0.9702
r alpha system,0.9724
classification desirable,0.9741
significant challenge,0.9700
overview field,0.9711
ai model,0.9712
type,0.9704
comprehensive overview field,0.9704
residual explanation,0.9701
local used taxonomy,0.9741
meta suggested importance,0.9702
detailed problem,0.9709
survey presented,0.9718
desirable criteria,0.9739
automated decision,0.9705
selected ci template,0.9734
recommendation cross,0.9715
distinction,0.9707
model authors,0.9709
proposed involves group,0.9702
inclusion criteria,0.9763
suitable models,0.9715
research directions area,0.9705
last phase explanation,0.9733
agent explanation,0.9720
research directions,0.9703
ni agent explanation,0.9745
model may possess,0.9702
application,0.9753
suggested users interpret,0.9708
system,0.9708
models expected,0.9720
dia training,0.9706
bay approach explain,0.9707
standard category,0.9762
explanations decision,0.9706
significant model,0.9709
training model,0.9702
competing terminology,0.9743
model selected,0.9732
framework model suggested,0.9752
reason area,0.9733
task rule,0.9768
explanation stage,0.9726
model,0.9705
recommendation,0.9721
fe model decision,0.9715
model focus,0.9710
data specific,0.9708
criteria must,0.9711
general explanation,0.9721
giles extraction rules,0.9704
bay networks rule,0.9706
data explanations,0.9710
evaluation challenge need,0.9731
regulation,0.9723
included peer,0.9702
selected databases,0.9701
addition suggested,0.9704
guidelines,0.9720
tai results simulation,0.9726
method,0.9707
suitable explanations,0.9723
supervised learning,0.9726
collaborative reasoning,0.9724
knowledge learning,0.9707
systems learning,0.9787
learning used,0.9722
generation goal recognition,0.9701
directions learning,0.9719
dimensions learning,0.9789
fuzzy logic,0.9724
force learning,0.9867
learning model,0.9721
vocabulary model,0.9773
systems user model,0.9725
confidence model,0.9756
user model,0.9721
explanation evaluation framework,0.9700
deep learning model,0.9714
trust model,0.9719
language model,0.9701
number vocabulary model,0.9740
decision model,0.9719
recommendation system,0.9761
goal model,0.9744
recommendation models,0.9848
ad data model,0.9703
address model,0.9710
based machine learning,0.9708
domain knowledge learning,0.9795
transfer learning,0.9722
applications learning,0.9767
conference learning,0.9737
confidence model,0.9758
various subset model,0.9711
risk genera models,0.9737
language model,0.9723
interpretation ml models,0.9716
number vocabulary model,0.9756
decomposition models,0.9707
adaptive explain models,0.9726
achieved state models,0.9741
ad data model,0.9701
