Word,Similarity
feedback task,0.9714
conclusions,0.9712
aggregation would,0.9707
results motivation,0.9733
research https z,0.9726
although analyses summary,0.9709
affected problems,0.9725
power,0.9723
performance specific,0.9716
instruction,0.9728
following analyses,0.9711
whereas publications,0.9707
competition regarded particularly,0.9739
comparison explanations,0.9733
competition collaboration showed,0.9728
aspect affected problems,0.9720
performing subsp included,0.9711
conditions,0.9754
certain circumstances factor,0.9706
although effects,0.9720
calculation,0.9750
attitudes game,0.9726
indicating power,0.9706
viewed caution outcome,0.9717
comparison,0.9779
specifically focusing educational,0.9735
prince broader context,0.9703
targeting,0.9702
competition regarded,0.9743
coding,0.9744
sizes walker,0.9715
comparisons contained,0.9708
characteristics,0.9757
typically,0.9702
interest used,0.9707
learning bu however,0.9713
explanations ruled wo,0.9709
requirements,0.9741
conclusion,0.9713
elements affecting,0.9730
depending research,0.9742
feedback,0.9738
results motivation io,0.9711
motivation see,0.9712
factors could,0.9705
criteria,0.9744
analyses affected problem,0.9701
power set,0.9727
including specific,0.9704
elements claim,0.9728
sizes game,0.9711
included studies high,0.9714
eligibility,0.9737
reasons,0.9722
based,0.9711
method factors included,0.9709
method factors,0.9712
especially competitive,0.9708
among studies explained,0.9731
model important,0.9729
models,0.9742
among studies,0.9706
search criteria,0.9714
employing inter competition,0.9714
including choices,0.9735
factor,0.9727
jurisdiction,0.9710
motivation however,0.9730
participants considering,0.9700
inspecting,0.9709
destructive competition,0.9709
motivation rig ryan,0.9702
whereas experiments,0.9705
additionally differences,0.9715
subject,0.9709
focusing educational,0.9725
intended studies provide,0.9708
characteristics introduce game,0.9725
conditions ruled,0.9703
circumstances factor,0.9764
perspective,0.9721
elements affecting specific,0.9703
competition however,0.9718
evidence using,0.9721
studies explained moderator,0.9713
scholar used,0.9721
studies included meta,0.9713
model,0.9760
bias explored,0.9708
directions,0.9711
particularly effective,0.9703
whereas publications using,0.9715
including studies high,0.9716
specific,0.9720
results emphasizing need,0.9719
instructions,0.9708
type,0.9710
condition see,0.9720
sail,0.9708
system,0.9731
designs allow,0.9723
task,0.9709
including high method,0.9735
participants assigned experimental,0.9745
viewed caution,0.9712
significant summary,0.9704
related including choices,0.9741
depends competition,0.9717
skill,0.9707
included method factors,0.9740
condition,0.9700
additional factors,0.9729
competition multi,0.9746
influence,0.9730
examining,0.9738
advantage,0.9712
several mode factors,0.9702
aspects could investigated,0.9739
analyses affected,0.9721
remarkable see,0.9712
instructional afford provided,0.9748
synth research findings,0.9703
bias,0.9723
bias caused,0.9700
model yielded,0.9714
criterion,0.9747
training,0.9706
focuses,0.9702
environments solely,0.9719
investigation factors,0.9707
especially apply,0.9712
prompting,0.9716
narrative,0.9728
based cognitive,0.9745
using,0.9718
though factors,0.9715
refined,0.9755
method ol,0.9776
treated,0.9708
limits,0.9746
plot cognitive,0.9708
performance specific,0.9724
instruction,0.9706
analysis,0.9723
characteristics introduce,0.9741
vary,0.9752
en learning,0.9727
particular,0.9707
methods,0.9794
setting,0.9718
directly,0.9718
comparison explanations,0.9773
behaviors,0.9722
assessed,0.9728
aligned,0.9747
ic study,0.9715
biased,0.9763
depending,0.9728
answers,0.9707
using meta,0.9719
therefore learning,0.9715
problematic,0.9768
conditions,0.9714
certain circumstances factor,0.9709
although effects,0.9700
calculation,0.9770
high method rig,0.9715
analysis however,0.9714
designs cannot,0.9727
ex motivation classic,0.9708
comparison,0.9816
empirical,0.9751
novelty,0.9727
correlated using,0.9706
flow,0.9768
contrary initial,0.9717
analysis described,0.9703
corresponding,0.9714
behavior michael sail,0.9710
due limitations meta,0.9704
quasi designs used,0.9729
techniques,0.9762
motivation classic,0.9710
het using,0.9706
definition,0.9750
basis,0.9776
properly,0.9720
mechanisms,0.9804
compare,0.9728
mode analyses,0.9748
applied method factors,0.9712
interacting,0.9739
techniques combine,0.9740
residual,0.9764
using quasi designs,0.9753
high method ol,0.9722
coding,0.9793
sizes walker,0.9731
oriented,0.9762
retrieve,0.9733
feedback addressed,0.9701
contrast,0.9753
characteristics,0.9718
typically,0.9705
analysis see,0.9715
experimentation,0.9749
definitions,0.9740
influenced,0.9702
interval,0.9709
hedges,0.9733
collaborating,0.9712
problems,0.9714
aspect,0.9724
settings,0.9755
alter,0.9710
humane,0.9708
elements affecting,0.9725
involving,0.9712
reporting,0.9705
feedback,0.9779
tests,0.9732
analyses,0.9721
behavioral,0.9731
behavior,0.9766
criteria,0.9716
obvious,0.9711
comparing,0.9738
discussion,0.9704
characteristic,0.9725
context,0.9710
context significantly,0.9707
validity,0.9762
research specifically invest,0.9702
experiment,0.9701
effectively,0.9727
meta addressed,0.9710
combining,0.9738
wharton,0.9731
power set,0.9702
tool,0.9715
elements claim,0.9733
classic,0.9710
crucial,0.9753
method,0.9793
comprehensive meta,0.9712
destructive,0.9757
emphasizing,0.9701
based,0.9740
funnel,0.9702
metaphor,0.9756
understanding,0.9711
method factors,0.9707
guidelines,0.9766
finally data,0.9713
difficult,0.9709
variance educational,0.9701
suggests,0.9712
analysis leaving partly,0.9720
fine coding,0.9701
administered,0.9712
therefore focus,0.9752
meta aimed,0.9709
importance,0.9708
namely design,0.9704
rigorous,0.9746
devoid,0.9715
er calculation,0.9702
defining,0.9702
al substantial meta,0.9732
model important,0.9733
suggested,0.9718
removing,0.9731
guidelines based,0.9713
models,0.9707
framework,0.9755
initial,0.9701
viewed,0.9718
thus included type,0.9707
linking,0.9756
frame,0.9702
interest,0.9730
hoc explanations,0.9741
investigating,0.9700
whereas experimental,0.9704
considered,0.9732
factor,0.9740
sizes quasi studies,0.9711
size,0.9700
ic needs,0.9719
jurisdiction,0.9740
measurement,0.9807
engagement,0.9743
incorporating,0.9746
academia,0.9711
avenues,0.9710
patterns,0.9746
coded,0.9724
inspecting,0.9716
application,0.9766
dec self theory,0.9706
whereas experiments,0.9709
investigation,0.9721
concord,0.9706
dependent,0.9760
method ic,0.9721
emphasis,0.9761
claims,0.9701
rule,0.9740
analysis also bed,0.9707
subject,0.9760
process,0.9719
differing,0.9721
problem,0.9702
focusing educational,0.9700
compared,0.9725
significance,0.9727
theories,0.9758
circumstances factor,0.9751
survey,0.9702
connected,0.9702
native,0.9716
collaboration particularly,0.9705
motivation,0.9761
focus,0.9740
significantly,0.9725
quantitative,0.9735
affect,0.9746
research therefore,0.9710
mere,0.9715
cases hedges,0.9712
perspective,0.9766
overcome,0.9707
method rig,0.9745
concepts,0.9761
transfer,0.9737
analyze,0.9748
package,0.9705
intervention,0.9727
diverse,0.9721
suitable,0.9746
multi,0.9774
glued,0.9705
excluded analyses,0.9701
particularly relevant,0.9715
model,0.9710
bias explored,0.9726
directions,0.9714
suggesting,0.9741
simulation,0.9750
encompass,0.9700
particularly,0.9703
setup,0.9754
specific,0.9773
accordingly studies,0.9743
furthermore studies,0.9718
principles,0.9728
interpreted,0.9716
oppression,0.9716
using entertain,0.9703
blended,0.9718
type,0.9749
practice,0.9713
inclusion,0.9707
simulations,0.9706
ic effect,0.9709
parallels,0.9756
variance remained,0.9703
precise,0.9720
system,0.9714
designs allow,0.9714
analysis concerning,0.9717
task,0.9732
including high method,0.9718
di resulted,0.9703
computed cognitive,0.9716
transparent,0.9760
significant mode,0.9703
timing,0.9713
situ,0.9718
resulting,0.9707
implementing,0.9724
certain,0.9732
standard,0.9735
rule alter,0.9716
beneficial,0.9727
explanations,0.9730
using post designs,0.9711
proto,0.9722
mode factors account,0.9705
limitation,0.9726
overlapping,0.9730
weighted,0.9760
instructional,0.9780
meta,0.9766
competition multi,0.9708
approach,0.9710
influence,0.9709
thus investigated,0.9705
examining,0.9744
market,0.9717
thus design,0.9732
diagram,0.9730
sensitivity,0.9727
assessment,0.9766
collaboration showed,0.9704
multiple,0.9713
grain,0.9723
typically measured,0.9713
corporate,0.9715
depends design,0.9709
scale,0.9712
bias,0.9780
included analysis,0.9706
logical,0.9726
bias caused,0.9724
differentiate,0.9742
fe terms,0.9705
furthermore,0.9701
significant,0.9708
model yielded,0.9727
self emphasizing,0.9716
collaboration,0.9731
important,0.9712
properties,0.9730
theoretically,0.9733
meta possibility,0.9720
model meta,0.9711
specific design learning,0.9703
competition learning,0.9734
interactions learning,0.9726
central learning,0.9702
meta learning,1.0000
term motivation learning,0.9703
context learning,0.9832
applied learning,0.9758
presence learning,0.9705
data learning,0.9768
behavioral c learning,0.9701
interaction learning,0.9825
outcome learning,0.9744
reliability learning,0.9741
behavioral learning,0.9787
design learning,0.9739
form learning,0.9748
meta ga learning,0.9716
action learning,0.9728
pilot study influence,0.9735
selection model indicated,0.9722
studies required use,0.9737
method ol,0.9720
performance specific,0.9702
primary studies use,0.9717
based theory,0.9740
design use,0.9708
effective method,0.9849
interaction results,0.9707
effective ga primary,0.9745
bias however,0.9705
applied high method,0.9743
model important identify,0.9710
high method rig,0.9720
design effect,0.9714
promising method,0.9759
analysis possible across,0.9705
possible differences method,0.9731
promising method instructional,0.9708
applied method factors,0.9784
techniques combine,0.9721
guidelines based cognitive,0.9730
possible influence,0.9707
high method ol,0.9738
employing high method,0.9719
specific design,0.9713
approach used wo,0.9712
excluded analysis reported,0.9704
task theoretical,0.9714
emphasis active,0.9719
required use design,0.9742
method,0.9768
method factors,0.9733
evaluation method moderator,0.9727
theoretical framework,0.9703
model important,0.9712
guidelines based,0.9713
due method,0.9729
problem concerns,0.9720
limitation study,0.9733
application,0.9700
comparison explanations women,0.9713
destructive competition,0.9708
stability summary,0.9754
method ic,0.9714
suitable framework,0.9712
research effects,0.9705
evidence using method,0.9710
selection model,0.9727
degree method,0.9775
method rig,0.9722
destructive function,0.9732
task process,0.9756
instructional approach,0.9751
evaluation method,0.9824
context method,0.9751
designs used,0.9712
design element,0.9712
differences method,0.9774
weighted method,0.9770
indicating method rig,0.9728
study designs allow,0.9712
design mode,0.9702
context method moderator,0.9746
process intervention,0.9721
factors well method,0.9787
method limited,0.9733
intended studies,0.9711
settings likely use,0.9719
outcome interest used,0.9711
moderator analysis however,0.9706
bias explored using,0.9728
model yielded,0.9707
excluded analysis avoid,0.9700
application knowledge,0.9818
situation knowledge,0.9711
application oriented knowledge,0.9709
procedural knowledge,0.9707
random effects model,0.9745
bias selection model,0.9744
selection model,0.9722
meta learning,0.9744
effective method,0.9712
degree method,0.9724
evaluation method,0.9723
ryan findings context,0.9705
criterion,0.9752
comparison group include,0.9799
collaboration mere competition,0.9723
data well,0.9710
pilot study influence,0.9764
environments solely,0.9741
designs elaborated controls,0.9736
selection model indicated,0.9812
stability effects,0.9735
conclusions,0.9717
allow studies included,0.9716
studies required use,0.9785
resulted reports,0.9708
investigation factors,0.9725
activities crucial ryan,0.9709
analyses regarding,0.9730
research https z,0.9711
based cognitive,0.9702
following analyses studies,0.9747
summary effects motivation,0.9705
thereby suggests,0.9703
although analyses summary,0.9702
following practical implications,0.9756
affected problems,0.9733
method ol,0.9767
required assess least,0.9713
application exclusion criteria,0.9753
laboratory experiments see,0.9728
performance specific,0.9791
results ensure,0.9715
instruction,0.9737
following analyses,0.9736
primary studies use,0.9749
designs using,0.9738
characteristics introduce,0.9780
oriented knowledge conceptual,0.9728
based theory,0.9791
research mode factor,0.9719
interventions see young,0.9744
concepts whereas,0.9705
small see table,0.9707
methods,0.9773
applied designs cognitive,0.9702
effective method,0.9722
supported analysis,0.9713
comparison explanations,0.9779
studies use,0.9767
levels understanding see,0.9746
conclusions endurance,0.9729
competition collaboration showed,0.9764
aspect affected problems,0.9746
skills together see,0.9711
levels see,0.9717
outcomes result behavioral,0.9709
database,0.9726
measures compare control,0.9738
performing subsp included,0.9741
interaction results,0.9792
design elements claim,0.9762
context depending research,0.9716
augmented aspects,0.9732
using meta,0.9708
effective ga primary,0.9741
bias however,0.9749
applied high method,0.9751
majority experiments,0.9704
thus following analyses,0.9710
case findings,0.9707
method rig vary,0.9718
experimental quasi design,0.9765
conditions,0.9767
review series,0.9728
however important note,0.9710
studies use humane,0.9736
certain circumstances factor,0.9727
model important identify,0.9714
calculation,0.9712
control groups,0.9702
high method rig,0.9715
attitudes game,0.9729
effects model,0.9745
analysis however,0.9723
designs cannot,0.9740
ex motivation classic,0.9701
review levels see,0.9711
viewed caution outcome,0.9710
comparison,0.9756
methods examine,0.9702
operational literature mean,0.9733
search terms would,0.9732
ol rig studies,0.9719
standardized whereas studies,0.9703
data allow studies,0.9732
correlated using,0.9738
flow,0.9746
framework see,0.9776
promising method,0.9703
di resulted reports,0.9720
system allows,0.9704
analysis possible across,0.9722
context rig,0.9703
analysis described,0.9702
possible differences method,0.9742
ec level,0.9737
prince broader context,0.9711
behavior michael sail,0.9724
types see,0.9747
designs included,0.9727
possible bias,0.9707
included comparison group,0.9737
quasi designs used,0.9770
indicating studies,0.9727
context leader,0.9729
needs related competence,0.9745
techniques,0.9739
motivation classic,0.9752
meta supports claim,0.9714
basis,0.9735
framework empirical tested,0.9710
mechanisms,0.9710
research findings,0.9703
random ti design,0.9715
mode analyses,0.9755
applied method factors,0.9852
effects attempt include,0.9711
analyses using,0.9762
data therefore,0.9712
techniques combine,0.9754
model showed,0.9751
guidelines based cognitive,0.9739
issue addressed,0.9715
calculation mean,0.9729
aggregation would lead,0.9749
al issue addressed,0.9704
using quasi designs,0.9740
possible influence,0.9718
thus included,0.9719
high method ol,0.9740
especially effects,0.9713
analysis thus included,0.9760
within ga ev,0.9703
feedback addressed,0.9727
specific design,0.9753
designers researchers see,0.9705
comparisons contained,0.9751
characteristics,0.9751
included studies scale,0.9742
analysis see,0.9787
interest used,0.9737
duplicate literature,0.9725
result behavioral,0.9731
analyses included,0.9718
results meta weaken,0.9703
fig furthermore studies,0.9750
definitions,0.9710
cases aggregation would,0.9742
effectively findings could,0.9726
publications using non,0.9710
applying ga following,0.9711
excluded analysis reported,0.9766
experimental conditions allows,0.9718
requirements,0.9762
variety criteria,0.9755
conclusion,0.9711
task theoretical,0.9743
elements affecting,0.9732
analysis reported experiments,0.9729
h architecture game,0.9723
depending research,0.9722
feedback,0.9743
results motivation io,0.9722
tests,0.9703
motivation see,0.9743
effects attempt,0.9724
methods mode factors,0.9706
data allow,0.9741
criteria,0.9779
studies allow alternative,0.9717
context,0.9746
adapted self gp,0.9709
included studies,0.9711
analyses affected problem,0.9761
context significantly,0.9753
emphasis active,0.9707
studies included respective,0.9712
results analyses,0.9749
conditions allows,0.9735
comparison group cognitive,0.9733
results analysis suggested,0.9740
ie competition aimed,0.9715
outcomes line,0.9753
feedback central,0.9720
meta addressed,0.9718
analyses however,0.9705
properties therefore needed,0.9754
cognitive framework,0.9788
processes see,0.9769
power set,0.9717
required use design,0.9756
interactions issues resolved,0.9703
elements claim,0.9762
outcomes regarding,0.9720
studies use game,0.9752
rig studies,0.9727
informal settings reference,0.9739
method,0.9789
included studies high,0.9710
comparison group,0.9734
comprehensive meta,0.9701
designs allow alternative,0.9743
method factors included,0.9726
evidence welles,0.9705
method factors,0.9805
guidelines,0.9747
occur studies use,0.9710
participants across,0.9706
interaction showed,0.9743
besides random design,0.9712
included comparison,0.9737
involving studies,0.9703
meta includes,0.9708
however missing data,0.9700
reference criteria,0.9795
methods allow,0.9712
difference school,0.9724
theoretical framework,0.9795
research fact shown,0.9715
therefore focus,0.9727
meta aimed,0.9711
interventions see,0.9719
using active comparison,0.9752
among studies explained,0.9738
design elements used,0.9731
model important,0.9823
detailed excluding studies,0.9715
guidelines based,0.9775
data base,0.9727
outcomes indicate,0.9727
meta therefore investigated,0.9701
models,0.9730
framework,0.9765
search criteria,0.9764
methods comparison group,0.9765
methods comparison,0.9722
implementation,0.9733
conceptual proto implementation,0.9729
method factors account,0.9755
particularly targeting behavioral,0.9721
data double,0.9736
practical implications first,0.9704
outcomes noted,0.9727
including choices,0.9714
hoc explanations,0.9705
data different,0.9706
contexts using,0.9729
coded school,0.9732
problem concerns,0.9761
sizes quasi studies,0.9718
matrix including,0.9716
across studies number,0.9743
comparison meta,0.9702
ic needs,0.9729
measurement,0.9729
ga attempted include,0.9704
data collected,0.9710
limitation study,0.9732
test,0.9727
using standardized adapted,0.9739
participants considering,0.9708
systems already contain,0.9723
evidence,0.9721
theory proposes,0.9741
application,0.9765
comparison explanations women,0.9798
destructive competition,0.9748
evaluation funnel,0.9711
dec self theory,0.9737
models review guidelines,0.9707
motivation rig ryan,0.9718
models showed,0.9738
stability summary,0.9794
z visual simulation,0.9702
method ic,0.9762
meta conducted context,0.9721
uncertain https di,0.9723
study included competitive,0.9720
suitable framework,0.9751
additionally differences,0.9715
research effects,0.9719
patterns respective research,0.9752
included matrix,0.9729
methods see,0.9710
al similar approach,0.9705
comparison condition,0.9718
glued games,0.9728
analysis also bed,0.9730
processes allow investigations,0.9711
competing teams help,0.9740
subject,0.9721
research findings effects,0.9742
elements claim exhaust,0.9701
intended studies provide,0.9771
characteristics introduce game,0.9749
processes allow,0.9706
conditions ruled,0.9720
circumstances factor,0.9777
learning line,0.9724
selection model,0.9799
need related foster,0.9702
combined evidence welles,0.9729
included method,0.9718
degree method,0.9719
analysis uses,0.9723
competition aimed improving,0.9707
perspective,0.9756
elements affecting specific,0.9718
arrangement condition see,0.9755
results cognitive,0.9739
method rig,0.9752
destructive function,0.9722
task process,0.9753
regarding research context,0.9712
environment see young,0.9722
interpreted goals suggesting,0.9705
post designs cannot,0.9721
settings see,0.9764
theories provide,0.9736
evidence using,0.9720
comparisons groups,0.9735
excluded analyses,0.9727
aggregate analyses affected,0.9756
studies explained moderator,0.9725
al informal settings,0.9720
particularly relevant,0.9708
therefore needed,0.9706
scholar used,0.9707
context rig ryan,0.9715
studies included meta,0.9708
model,0.9791
conditions could presumed,0.9718
bias explored,0.9757
context method,0.9734
models review,0.9759
outcomes see,0.9786
whereas publications using,0.9727
designs used,0.9767
findings context,0.9703
systems individual characteristics,0.9812
competence rig ryan,0.9710
accordingly studies,0.9725
results emphasizing need,0.9719
possible bias caused,0.9734
furthermore studies,0.9744
systems,0.9719
analysis see table,0.9762
suitable framework see,0.9743
thus included different,0.9728
significant results analyses,0.9703
biased toward specific,0.9710
method differences,0.9702
type,0.9711
additionally mere,0.9721
condition see,0.9766
included correlation,0.9731
ga environment specific,0.9706
al studies included,0.9715
studies subgroup allow,0.9708
theory see,0.9783
effects models showed,0.9749
outcomes included mode,0.9705
context depending,0.9717
meta include,0.9727
variance remained,0.9701
system,0.9758
designs allow,0.9773
environment see chi,0.9710
analysis concerning,0.9730
context school,0.9720
including high method,0.9754
findings effects,0.9740
rouse model,0.9721
experiments see,0.9746
computed cognitive,0.9760
applications diverse,0.9719
participants assigned experimental,0.9720
weighted method,0.9744
indicating method rig,0.9755
study designs allow,0.9767
analyses similar,0.9702
design elements,0.9702
context method moderator,0.9733
related including choices,0.9758
agreement research,0.9727
ic framework,0.9765
included method factors,0.9797
characteristics often referred,0.9709
settings see di,0.9729
process intervention,0.9702
using search strategies,0.9731
computed significant summary,0.9729
mode factors account,0.9774
contexts see,0.9749
motivation see wo,0.9730
additional factors,0.9739
prep designs included,0.9711
therefore important differentiate,0.9712
factors well method,0.9762
search subject areas,0.9722
discussed factors participant,0.9703
instructional,0.9700
level overview,0.9702
method limited,0.9762
competition multi,0.9723
criterion missing data,0.9715
perspective meta addressed,0.9766
scholar used publish,0.9744
thus investigated,0.9723
outcomes except,0.9720
designs cannot account,0.9707
effective within ga,0.9731
thus design,0.9731
fig study flow,0.9721
outcomes however,0.9719
several mode factors,0.9753
ga environments solely,0.9719
diagram,0.9759
studies using adapted,0.9719
assessment,0.9728
collaboration showed,0.9752
aspects could investigated,0.9740
analyses affected,0.9737
intended studies,0.9748
depends design,0.9740
settings likely use,0.9735
instructional afford provided,0.9737
synth research findings,0.9719
experimental conditions,0.9737
conclusions enduring obtained,0.9708
bias,0.9721
data,0.9753
included analysis,0.9779
narrative characteristics,0.9701
criteria detailed,0.9779
cognitive table,0.9705
outcome interest used,0.9761
environment see,0.9719
bias caused,0.9766
settings significantly,0.9720
bias explored using,0.9775
outcomes opposed cognitive,0.9738
experimental conditions could,0.9723
model yielded,0.9830
means experimental control,0.9705
publications using,0.9737
sizes studies,0.9733
criteria detailed resulted,0.9726
excluded analysis avoid,0.9743
autonomy related including,0.9775
outcomes nature included,0.9788
meta include aspects,0.9754
theoretically,0.9702
w empirical study,0.9755
pilot study influence,0.9722
selection model indicated,0.9728
studies required use,0.9704
eligibility finally,0.9702
affected problems,0.9705
application exclusion criteria,0.9719
performance specific,0.9702
comparison explanations,0.9703
competition collaboration showed,0.9710
database,0.9710
case findings,0.9701
review series,0.9701
comparison,0.9701
research findings,0.9704
applied method factors,0.9741
issue addressed,0.9709
characteristics,0.9710
requirements,0.9723
variety criteria,0.9760
criteria,0.9746
adapted self gp,0.9711
ie competition aimed,0.9724
competition promising,0.9721
method,0.9707
eligibility,0.9752
method factors,0.9716
guidelines,0.9720
reference criteria,0.9768
model important,0.9716
competition aimed,0.9734
search criteria,0.9710
problem concerns,0.9714
application,0.9753
comparison explanations women,0.9728
destructive competition,0.9748
suitable framework,0.9717
competition interesting,0.9734
model,0.9705
designs used,0.9704
type,0.9704
system,0.9708
collaboration competition,0.9705
competition,0.9720
competition multi,0.9762
diagram,0.9706
criteria detailed,0.9715
competition collaboration particularly,0.9708
criteria detailed resulted,0.9707
competition learning,0.9769
opt learning,0.9752
active learning,0.9720
specific learning,0.9708
central learning,0.9834
meta learning,0.9841
learning situ anchors,0.9703
term motivation learning,0.9727
context learning,0.9784
applied learning,0.9764
data learning,0.9819
interaction learning,0.9708
subsp cognitive learning,0.9731
outcomes learning,0.9704
outcome learning,0.9810
intervention learning,0.9760
form learning,0.9711
selection model,0.9769
meta learning,0.9733
context learning,0.9739
work oriented learning,0.9741
oriented learning,0.9738
multi design learning,0.9734
competition learning,0.9724
meta learning,0.9733
form learning,0.9701
blended learning,0.9732
action learning,0.9727
random effects model,0.9770
plot selection model,0.9718
bias selection model,0.9758
selection model,0.9729
