Word,Similarity
learning task,1.0000
conditions,0.9754
feedback,0.9738
system first,0.9714
identifying,0.9714
framework considering,0.9733
classification ellis,0.9879
tuning,0.9728
advantage,0.9712
al technically problem,0.9716
selection via metal,0.9736
terminology,0.9729
data presenting,0.9737
bias,0.9723
distance,0.9712
gap,0.9707
expert systems,0.9708
consideration known,0.9711
regardless problem,0.9708
including selection operating,0.9750
sk kurt tests,0.9719
processing,0.9724
classification beyond,0.9834
concerned comparison,0.9726
considering general learning,0.9721
al demonstrated approach,0.9716
performance classification,0.9774
data use,0.9704
interested classification problems,0.9722
technically problem,0.9704
models using,0.9718
model,0.9760
perspective,0.9721
knowledge adapted,0.9741
onto approach,0.9708
examining,0.9738
guidance,0.9728
project concerned comparison,0.9727
metadata noted rather,0.9701
algorithms suited largest,0.9711
competition hi,0.9768
classification,1.0000
developments direction however,0.9732
efforts related ideas,0.9701
criteria,0.9744
phase requires,0.9733
basic trend,0.9715
community previous,0.9704
directions,0.9711
selection beyond,0.9717
gravity,0.9709
noted terminology evolved,0.9724
analyzed,0.9709
inspecting,0.9709
task,0.9709
community decision,0.9720
problem sol,0.9701
measuring,0.9721
system,0.9731
problem rice noted,0.9718
discipline,0.9727
contenders adoption,0.9760
power,0.9723
characteristics market,0.9743
model selection,0.9707
characteristics,0.9757
typically,0.9702
test set,0.9724
choice,0.9764
used competition namely,0.9717
connection,0.9704
metadata resulted,0.9717
transitions,0.9713
task early,0.9715
selection classification,0.9700
amongst performance criterion,0.9721
conclusions,0.9712
previous expert systems,0.9732
concerned comparison machine,0.9727
prices,0.9741
pattern,0.9725
notation rice studied,0.9709
results intelligent,0.9709
specific,0.9720
beyond classification problems,0.9732
based,0.9711
selection need,0.9703
selection presented,0.9701
ability,0.9706
criteria set,0.9734
recommendation,0.9700
requirements,0.9741
within cluster series,0.9717
addressing,0.9701
race comprising mix,0.9703
conditions see,0.9705
phase,0.9702
particularly focusing identifying,0.9722
feature using,0.9701
al problems undergo,0.9726
classification task,0.9741
models,0.9742
classification ellis ho,0.9729
considering general,0.9715
series using,0.9713
definitions metal,0.9744
amongst performance,0.9721
comparison,0.9779
las using,0.9721
beyond classification,0.9809
relatively studies,0.9713
metadata comprising,0.9714
noted terminology,0.9716
weaknesses,0.9708
ex tended methodology,0.9708
type,0.9710
regardless,0.9709
heavily information,0.9709
classification con,0.9704
data based,0.9706
competition described,0.9755
selection gag sc,0.9713
testing,0.9720
similarities,0.9711
gag,0.9718
macro,0.9710
reinforcement,0.9727
predicted,0.9713
conditions,0.9714
feedback,0.9779
flow,0.9768
insights problem,0.9723
identifying,0.9724
tool,0.9715
using,0.9718
pear,0.9733
al tasks called,0.9700
rice model al,0.9706
selection mach,0.9754
framework considering,0.9708
dominance,0.9701
behavior,0.9766
smith complexity bore,0.9701
cascade general,0.9728
problem binary,0.9713
classification ellis,0.9705
rigorous,0.9746
error lin,0.9704
function concept,0.9708
depending,0.9728
predicting,0.9774
scala,0.9734
method cross,0.9739
transition,0.9810
tuning,0.9731
synthetic,0.9750
model al,0.9752
tended,0.9730
importance,0.9708
terminology,0.9807
data presenting,0.9720
evaluation landmark,0.9717
undergo,0.9714
opt using,0.9716
compression,0.9821
filtering,0.9771
suitable,0.9746
standard,0.9735
principles,0.9728
size,0.9700
bias,0.9780
automated,0.9730
suggesting,0.9741
including bio,0.9722
distance,0.9723
methods interested reader,0.9701
inversion,0.9753
instead using,0.9707
problem recognizing,0.9707
nodes,0.9701
anand,0.9711
expert systems,0.9707
consideration known,0.9746
concept extended,0.9738
approach,0.9710
dependence,0.9742
regardless problem,0.9713
power statistical,0.9701
hardness,0.9713
market,0.9717
insight,0.9762
minimal,0.9707
sk kurt tests,0.9708
keen,0.9701
related ideas,0.9708
reader,0.9722
presenting,0.9719
whereby problem,0.9721
processing,0.9798
proliferation,0.9758
useful,0.9749
problem devi suitable,0.9700
application,0.9766
induction,0.9796
al demonstrated approach,0.9707
rule based induction,0.9715
properties,0.9730
broad problem,0.9709
validity,0.9762
interested classification problems,0.9715
treating,0.9706
characterized,0.9715
technically problem,0.9716
models using,0.9731
memory,0.9722
hyper,0.9739
related size,0.9701
model,0.9710
universally,0.9707
similarity,0.9746
similar principles design,0.9714
project consider,0.9707
perspective,0.9766
selection ari,0.9711
sorting,0.9740
data anal,0.9702
including combining,0.9716
seeking,0.9702
methods including,0.9721
weight,0.9702
mechanisms,0.9804
argument,0.9711
pseudo,0.9712
lit,0.9725
stud learned mapping,0.9736
solution,0.9740
knowledge adapted,0.9715
constraints,0.9766
onto approach,0.9720
general concepts,0.9702
stat project acknowledged,0.9717
examining,0.9744
guidance,0.9744
proper,0.9716
process,0.9719
stat project consider,0.9712
project concerned comparison,0.9742
problem devi,0.9765
need adapted regression,0.9753
broadly,0.9758
sequence,0.9712
problem meta,0.9725
determination,0.9705
criteria,0.9716
idea use,0.9735
phase requires generation,0.9722
techniques,0.9762
basic trend,0.9711
essentially,0.9736
discussing,0.9708
problem norms,0.9712
sorts,0.9726
considered,0.9732
patterns,0.9746
directions,0.9714
weighted,0.9760
behavior used,0.9715
selection beyond,0.9723
gravity,0.9715
cascade general mach,0.9729
refined,0.9755
resulting,0.9707
meta,0.9766
analyzed,0.9764
neighbor,0.9701
inspecting,0.9716
approach resulting,0.9745
slack,0.9701
phase transition,0.9718
problem nude,0.9702
problem metal,0.9746
suitable measures instance,0.9714
methods combining,0.9735
traveling,0.9727
task,0.9732
requires,0.9727
branch,0.9721
mach,0.9705
theory seen,0.9728
problem sol,0.9702
measuring,0.9738
concepts,0.9761
mach learn,0.9720
suggests,0.9712
system,0.9714
multiple,0.9713
contenders adoption,0.9736
general concept extended,0.9704
survey,0.9702
yards algorithms,0.9706
models ne,0.9715
difficult,0.9709
hi algorithms,0.9729
characteristics market,0.9722
focus,0.9740
literal,0.9754
procedures,0.9731
model selection,0.9766
important,0.9712
problems,0.9714
investigating,0.9700
combining,0.9738
fixed,0.9705
adjusting,0.9748
defining,0.9702
problem seminal,0.9728
characteristics,0.9718
producing,0.9700
kernel,0.9734
selection gag,0.9718
regression,1.0000
compared,0.9725
typically,0.9705
focuses,0.9702
con strained optimization,0.9735
cluster approaches,0.9711
significance,0.9727
onto approach costs,0.9716
instances tract,0.9710
input,0.9716
connection,0.9741
capture,0.9703
consideration,0.9731
transitions,0.9809
performance using,0.9717
hi algorithms divided,0.9719
basis,0.9776
argument rice,0.9721
dimensional,0.9783
logical,0.9726
certain,0.9732
selection tel,0.9701
crafted,0.9719
significant,0.9708
static fashion,0.9740
using meta,0.9719
boost,0.9739
structural,0.9775
neural,0.9757
require,0.9728
alter,0.9710
advantages,0.9720
response,0.9741
fuzzy,0.9728
sy,0.9717
using framework rice,0.9716
definition,0.9750
characterization metal,0.9704
particular,0.9707
proved,0.9716
largest,0.9705
rules,0.9719
data focused,0.9735
focused,0.9710
extraction,0.9750
cascade,0.9727
extend,0.9711
rec using,0.9710
problems metal,0.9721
focused algorithms,0.9774
program,0.9703
problem useful,0.9766
varies,0.9721
workshop,0.9720
problem considered,0.9703
algorithm tackle,0.9750
potential combining,0.9730
concerned comparison machine,0.9727
decision,0.9717
initial,0.9701
winters method,0.9719
cid,0.9704
prices,0.9733
ti problem,0.9752
metadata finally,0.9707
pattern,0.9783
problem,0.9702
method based,0.9701
criterion,0.9747
extensions,0.9723
definition metal,0.9733
indicator,0.9715
crypt,0.9744
setting,0.9718
results intelligent,0.9703
specific,0.9773
beyond classification problems,0.9718
based,0.9740
arguably,0.9759
confirming,0.9730
recognizing,0.9709
analysis,0.9723
characteristic sit,0.9705
h winters method,0.9707
metric need,0.9707
stocks,0.9706
selection need,0.9723
based induction,0.9732
problem specific,0.9736
rarely,0.9710
recommendation,0.9744
logic,0.9790
application domains slowed,0.9716
generation,0.9730
terminology evolved,0.9727
exploited,0.9719
addressing,0.9752
series second neural,0.9702
adoption,0.9702
sampling,0.9746
using approach ka,0.9720
des single,0.9700
rule,0.9740
towards insight algorithm,0.9719
al combining models,0.9703
algorithms focused,0.9718
phase,0.9749
algorithm around,0.9723
corn,0.9711
algorithm elevated,0.9733
al problems undergo,0.9703
models,0.9707
method,0.9793
prediction,0.9808
series using,0.9747
crypt emerging,0.9734
colleagues,0.9704
characteristics using,0.9734
operating,0.9702
constrained,0.9744
relatively,0.9704
inference,0.9787
grouped,0.9762
definitions metal,0.9733
settings,0.9755
particularly,0.9703
however dependence al,0.9708
pronounced,0.9727
particularly dynamic,0.9738
comparison,0.9816
las using,0.9749
understanding,0.9711
using approach,0.9701
flair,0.9718
methods moving,0.9743
methods,0.9794
empirical,0.9751
relatively studies,0.9719
derived,0.9719
als approach,0.9728
diameter,0.9702
context,0.9710
expert,0.9727
problem tackled,0.9700
reveal,0.9714
weaknesses,0.9725
multi,0.9774
etc need,0.9725
training,0.9706
ex tended methodology,0.9714
relating trend,0.9719
tackled,0.9716
vocabulary,0.9772
project,0.9737
case comb,0.9709
combination ben,0.9731
tackle,0.9713
type,0.9749
squared,0.9722
problem wider,0.9748
tests,0.9732
linking,0.9756
closest,0.9706
derivation,0.9710
sophisticated,0.9718
hence use,0.9725
connected,0.9702
holt exponential smoothing,0.9774
following stat approach,0.9713
framework,0.9755
integrating,0.9786
beyond classification regression,0.9766
definitions,0.9740
insights,0.9709
models ld,0.9740
similar ideas learning,0.9702
selected useful,0.9714
natural,0.9713
geometric,0.9713
data based,0.9739
behaviors,0.9722
design extended authors,0.9710
approach tackle,0.9718
rely,0.9709
problem formally,0.9704
diverse,0.9721
stat project mic,0.9713
characteristic,0.9725
summarized,0.9736
flexible,0.9744
micro,0.9712
comparing,0.9738
testing,0.9763
data meta,0.9738
class feature,0.9708
subset features,0.9729
choice features,0.9743
context features,0.9706
task properties,1.0000
logical learning,0.9839
based learning,0.9701
rule learning,0.9811
idea learning,0.9710
problem learning,0.9733
methods learning,0.9788
meta learning,1.0000
domains learning,0.9776
focus learning,0.9728
empirical learning,0.9776
general learning,0.9729
data learning,0.9768
set learning,0.9722
test data based,0.9727
automatic advice,0.9720
experimental approach,0.9705
method cross,0.9732
problem based,0.9753
expert systems,0.9736
using knowledge system,0.9726
suitable measures,0.9727
application,0.9700
common approach,0.9776
data use,0.9733
intelligent approach,0.9791
system provides recommendation,0.9712
selection tool trained,0.9727
problem used,0.9727
approach developed,0.9704
guidance,0.9731
tended methodology consider,0.9714
solution using,0.9728
model mapping,0.9728
idea use,0.9702
fact choice,0.9751
performance based,0.9732
approach reference,0.9716
approach resulting,0.9722
task model,0.9766
community decision,0.9742
method selecting,0.9731
performance model,0.9793
classification task used,0.9720
model selection,0.9755
selection method,0.9760
selection gag,0.9704
model selection method,0.9729
test set,0.9711
performance using,0.9749
methodology consider,0.9701
problem focus,0.9706
rice model,0.9713
winning approach sat,0.9705
experimental approach could,0.9719
selection using,0.9712
method selection,0.9742
meta decision,0.9722
previous expert systems,0.9715
als approach consider,0.9714
problem useful,0.9717
problem considered,0.9707
approach reference term,0.9728
approach focused,0.9718
method based,0.9727
practical problem,0.9729
selection used,0.9712
selection need,0.9703
problem specific,0.9749
task automated,0.9732
aims proposed approach,0.9714
method,0.9768
solution bay approach,0.9747
tack problem performance,0.9705
approach selecting,0.9705
course choice,0.9718
interesting approach,0.9746
general concept,0.9740
approach adopted,0.9719
selection framework,0.9732
approach focus,0.9716
following stat approach,0.9700
reference term,0.9717
approach include,0.9720
generalized approach,0.9720
data based,0.9711
proposed approach tackle,0.9706
demonstrated approach,0.9740
approach sat,0.9705
selection gag sc,0.9708
selection model,0.9727
meta learning approach,0.9737
advice strategies model,0.9845
general learning approach,0.9739
bias learning model,0.9779
learning model,0.9890
task model,0.9774
model selection method,0.9724
algorithm performance model,0.9733
algorithm selection model,0.9769
intelligent model,0.9729
combining learning models,0.9727
domains learning approach,0.9773
strategies model,0.9753
selection model,0.9722
meta learning,0.9744
general learning approach,0.9720
using learning approach,0.9780
selection method,0.9701
model selection method,0.9779
domains learning approach,0.9781
function discussed,0.9760
conditions,0.9767
series rules,0.9704
feedback,0.9743
flow,0.9746
insights problem,0.9745
test data based,0.9753
metadata noted,0.9750
al tasks called,0.9735
data time series,0.9759
rice model al,0.9719
selection mach,0.9717
based problems fe,0.9703
framework considering,0.9811
features essentially combines,0.9703
classification using,0.9759
certain algorithms suited,0.9748
cascade general,0.9729
application domains beyond,0.9702
classification ellis,0.9804
error lin,0.9705
method predict,0.9711
terminology overlooking,0.9779
stance measures,0.9707
function concept,0.9828
study summarized,0.9741
evaluation landmark variants,0.9759
predicting,0.9704
strategies help,0.9735
theoretical perspective,0.9745
features require algorithms,0.9750
method cross,0.9759
minimum path,0.9723
implementation,0.9733
characteristics relating trend,0.9744
kernel within,0.9702
require algorithms,0.9711
model al,0.9727
validity using,0.9718
data grouped,0.9778
selection via metal,0.9738
data contains,0.9735
terminology,0.9825
algorithm rankings require,0.9707
application metal,0.9729
data presenting,0.9808
evaluation landmark,0.9735
review methods,0.9705
concept extended similar,0.9718
opt using,0.9706
common framework,0.9779
algorithms analyzed,0.9715
measured features,0.9703
bias,0.9721
systems,0.9719
problem based,0.9764
features require,0.9724
including bio,0.9732
aimed develop model,0.9757
methods interested reader,0.9739
extended similar approach,0.9710
classification using rice,0.9737
instead using,0.9717
data closest test,0.9713
fuzzy logic,0.9705
context discussing series,0.9760
expert systems,0.9818
data considered,0.9744
including support,0.9718
consideration known,0.9734
project results mic,0.9704
concept extended,0.9774
regardless problem,0.9700
data addition,0.9730
classification data based,0.9720
including selection operating,0.9767
stat extended include,0.9702
application domains including,0.9700
database,0.9726
related ideas,0.9754
metadata resulted un,0.9740
algorithms beyond rule,0.9725
landmark concept,0.9716
using knowledge system,0.9767
whereby problem,0.9715
processing,0.9709
rankings require,0.9721
model ranking,0.9701
suitable measures,0.9729
classification beyond,0.9718
limited metadata resulted,0.9741
criteria set features,0.9777
literature using,0.9739
different algorithms exposed,0.9708
similarities landmark concept,0.9708
problem devi suitable,0.9702
considering general learning,0.9714
unified framework,0.9743
selected range,0.9705
application,0.9765
include model,0.9748
single feature using,0.9721
al demonstrated approach,0.9738
classification data described,0.9739
common approach,0.9720
market conditions see,0.9776
problem mention however,0.9728
data use,0.9833
models predicting,0.9701
broad problem,0.9726
ari gran data,0.9748
interested classification problems,0.9749
technically problem,0.9738
including combining algorithms,0.9703
smith table features,0.9731
adopted application domains,0.9709
using features,0.9705
models using,0.9830
model,0.9791
data range,0.9778
ari studies,0.9708
similar principles design,0.9723
project consider,0.9717
perspective,0.9756
performance criterion,0.9732
related features,0.9720
intelligent approach,0.9762
data anal,0.9701
system provides recommendation,0.9755
framework shown,0.9704
selection tool trained,0.9746
problem used,0.9755
methods including,0.9776
landmark concept developed,0.9730
mechanisms,0.9710
sat competition described,0.9766
combination approaches provided,0.9730
metadata using,0.9744
knowledge adapted,0.9762
constraints,0.9704
onto approach,0.9756
general concepts,0.9771
based performance neighboring,0.9741
selection features,0.9713
stat project acknowledged,0.9715
guidance,0.9757
task used similar,0.9705
models using rule,0.9736
series data uc,0.9726
stat project consider,0.9722
project concerned comparison,0.9765
approaches suitable see,0.9723
problem devi,0.9737
metadata noted rather,0.9741
need adapted regression,0.9783
tended methodology consider,0.9769
argument rice also,0.9702
problems include,0.9709
areas framework,0.9764
competition hi,0.9725
solution using,0.9743
objective value fraction,0.9702
hybrid algorithms evaluated,0.9703
classification,0.9741
project concerned,0.9740
model mapping,0.9830
efforts related ideas,0.9754
criteria,0.9779
idea use,0.9741
phase requires generation,0.9717
phase requires,0.9736
search directions,0.9725
techniques,0.9739
model used explore,0.9725
data frey,0.9736
useful consider,0.9735
problem norms,0.9711
progress use,0.9700
behavior used,0.9781
performance based,0.9770
selection beyond,0.9702
cascade general mach,0.9738
fig proposed framework,0.9732
task used,0.9757
lists use,0.9733
modeling see,0.9718
approach reference,0.9733
noted terminology evolved,0.9763
previous studies,0.9709
processes include,0.9737
model demonstrated,0.9721
approach resulting,0.9747
problems involve finding,0.9705
hybrid methods moving,0.9725
perspectives metal algorithm,0.9731
context discussing,0.9739
task model,0.9833
devi suitable features,0.9749
problem metal,0.9724
bra colleagues,0.9713
relationship rice summarized,0.9764
suitable measures instance,0.9736
methods combining,0.9753
directions related metal,0.9711
problems term metal,0.9748
community decision,0.9732
theory seen,0.9743
objective,0.9700
several measures based,0.9769
system,0.9758
performance another class,0.9757
problem rice noted,0.9706
concepts recognized rice,0.9730
general concept extended,0.9766
method selecting,0.9704
kernel using,0.9709
performance model,0.9875
classification task used,0.9785
model used,0.9764
suitable features,0.9739
extended ideas consider,0.9732
models ne,0.9730
cluster series,0.9731
based tests,0.9748
characteristics market,0.9791
framework general across,0.9774
procedures,0.9722
tack problem,0.9731
model selection,0.9820
measures based,0.9764
data far,0.9727
facility,0.9708
characteristics decision,0.9736
models predict,0.9730
tasks called,0.9703
seen classification problems,0.9716
empirical particularly focusing,0.9713
selection operating,0.9712
model phase,0.9774
characteristics,0.9751
comparison machine,0.9775
th definition metal,0.9707
selection gag,0.9738
regression,0.9715
ranking predict cluster,0.9721
algorithms suited,0.9715
project provided,0.9718
test set,0.9793
cluster approaches,0.9720
scope nonetheless demonstrated,0.9701
problem examine impact,0.9750
choice,0.9717
onto approach costs,0.9747
evidence,0.9721
used competition namely,0.9722
investigated metal,0.9720
input,0.9728
metadata resulted,0.9729
given data characteristics,0.9771
metadata however,0.9722
transitions,0.9712
performance using,0.9823
problem formally stated,0.9733
selection model phase,0.9789
hi algorithms divided,0.9720
basis,0.9735
argument rice,0.9723
using metadata ali,0.9743
selection tel,0.9708
methodology consider,0.9707
organized follows,0.9702
model well second,0.9712
static fashion,0.9727
instead using features,0.9736
using meta,0.9708
problem focus,0.9716
general meta community,0.9705
metal adopted researchers,0.9719
data certain,0.9738
rice model,0.9808
amongst performance criterion,0.9714
selection problem wider,0.9742
response,0.9714
data use metal,0.9748
expensive solution sat,0.9703
using common framework,0.9728
cluster series rules,0.9775
experimental approach could,0.9725
using framework rice,0.9742
data well,0.9710
domains including,0.9717
characterization metal,0.9743
per form measures,0.9707
rules,0.9708
yards algorithms concept,0.9733
data,0.9753
sorted single feature,0.9711
framework general,0.9708
data focused,0.9752
characteristics times series,0.9720
selection using,0.9744
method selection,0.9733
landmark instead using,0.9707
le ut framework,0.9731
conclusions,0.9717
fi data presenting,0.9805
rec using,0.9701
meta decision,0.9708
previous expert systems,0.9788
als approach consider,0.9754
focused algorithms,0.9724
problem useful,0.9771
workshop,0.9712
particular algorithm,0.9719
problem considered,0.9745
algorithm tackle,0.9765
particular problem,0.9721
approach reference term,0.9719
extended idea use,0.9716
potential combining,0.9717
concerned comparison machine,0.9759
performance based ten,0.9766
function lap,0.9713
performance results based,0.9731
selected algorithms,0.9716
ti problem,0.9709
network used,0.9701
metadata finally,0.9720
pattern,0.9718
procedures well,0.9732
optimal policies,0.9706
based classification,0.9744
method based,0.9779
criterion,0.9752
models solve,0.9725
test,0.9727
statistics using,0.9760
based performance although,0.9713
definition metal,0.9759
practical problem,0.9744
gran data,0.9740
framework using,0.9754
results intelligent,0.9762
selection used,0.9708
algorithms knowledge adapted,0.9718
beyond classification problems,0.9723
different terminology,0.9737
metric need,0.9765
selection need,0.9753
prep see,0.9726
selection presented,0.9725
approach hence,0.9708
acc ra include,0.9721
criteria set,0.9781
problem specific,0.9784
recommendation,0.9720
logic,0.9753
application domains slowed,0.9770
like given data,0.9736
requirements,0.9762
framework measuring,0.9735
ai community could,0.9711
terminology evolved,0.9764
within cluster series,0.9709
classification beyond algorithm,0.9754
instances see,0.9752
methods determining,0.9714
sub las using,0.9711
communities focused algorithms,0.9708
conditions see,0.9813
using approach ka,0.9769
following approach,0.9711
based classification acc,0.9735
al combining models,0.9800
recognized rice,0.9701
algorithms focused,0.9747
essential components model,0.9741
particularly focusing identifying,0.9701
generic landmark features,0.9717
figure proposes empirical,0.9729
papers disciplines difficult,0.9701
task automated,0.9749
system provides,0.9713
aims proposed approach,0.9741
algorithm elevated,0.9729
design via empirical,0.9706
al problems undergo,0.9706
classification task,0.9777
models,0.9730
method,0.9789
suitable see,0.9729
applied solve classification,0.9741
requires generation metadata,0.9737
series using,0.9769
additional data,0.9737
characteristics using,0.9837
systems approach,0.9733
solution bay approach,0.9790
definitions metal,0.9751
mer one framework,0.9702
es project concerned,0.9700
using features related,0.9731
comparison,0.9756
las using,0.9712
using approach,0.9711
sizes instance training,0.9726
using metadata,0.9745
methods moving,0.9739
methods,0.9773
tack problem performance,0.9757
metadata smith,0.9763
problem structure,0.9757
behavior using,0.9715
relatively studies,0.9703
course choice,0.9729
metadata comprising,0.9761
als approach,0.9770
f features measuring,0.9712
metal searching model,0.9781
several application domains,0.9722
context,0.9746
analysis knowles corn,0.9708
learning first used,0.9734
strategies model,0.9723
noted terminology,0.9716
internal structures exploited,0.9741
based ten,0.9701
data characteristics,0.9819
metal ideas model,0.9805
interesting approach,0.9742
general concept,0.9778
unified framework considering,0.9704
ex tended methodology,0.9706
relating trend,0.9732
framework measuring characteristics,0.9761
knowledge system,0.9712
empirical results metal,0.9717
data defined characteristics,0.9758
using framework,0.9725
contenders adoption ap,0.9707
including support vector,0.9733
concepts recently extended,0.9724
type,0.9711
problem wider,0.9737
selection framework,0.9800
performance neighboring,0.9745
tests,0.9703
metadata characterization,0.9758
using ridge,0.9719
bra colleagues see,0.9734
theoretical insights,0.9701
data described,0.9759
hence use,0.9730
different terminology overlooking,0.9742
stat stated book,0.9711
classification con,0.9761
context ah,0.9702
holt exponential smoothing,0.9745
following stat approach,0.9804
framework,0.9765
reference term,0.9777
definitions,0.9710
models ld,0.9768
data based,0.9808
design extended authors,0.9710
approaches provided,0.9763
analysis results,0.9748
proposed approach tackle,0.9704
metadata widely,0.9741
algorithm tie,0.9706
demonstrated approach,0.9767
classification meta,0.9748
computational feature,0.9740
strands summary studies,0.9759
sequence progress use,0.9713
approach sat,0.9718
study also used,0.9762
many domains measuring,0.9709
classification problems include,0.9713
selection gag sc,0.9784
symposium series using,0.9703
stat project mic,0.9720
research stat project,0.9720
chosen algorithms,0.9710
summarized,0.9707
selection model,0.9799
basic trend recent,0.9708
problems involve,0.9704
testing,0.9705
classification ellis,0.9758
method cross,0.9701
selection via metal,0.9708
terminology,0.9719
discipline developed,0.9707
database,0.9710
model ranking,0.9716
classification beyond,0.9737
selected range,0.9704
application,0.9753
performance classification,0.9758
data use,0.9711
adopted application domains,0.9715
closest test,0.9713
model,0.9705
sat competition described,0.9749
guidance,0.9711
project concerned comparison,0.9704
competition hi,0.9756
classification,0.9750
criteria,0.9746
interested classification,0.9706
selected,0.9718
system,0.9708
performance model,0.9714
cluster series,0.9704
characteristics market,0.9731
model selection,0.9741
characteristics,0.9710
selection gag,0.9717
test set,0.9712
selection tel,0.9713
cluster series rules,0.9743
series competition hi,0.9728
results intelligent,0.9719
selection presented,0.9740
criteria set,0.9713
problem specific,0.9720
recommendation,0.9721
application domains slowed,0.9705
requirements,0.9723
recognized rice,0.9704
competition entry,0.9738
method,0.9707
comparison,0.9701
course choice,0.9724
data characteristics,0.9723
general concept,0.9711
competition,0.9720
type,0.9704
performance neighboring,0.9700
reference term,0.9705
selection gag sc,0.9735
logical learning,0.9802
rule learning,0.9804
idea learning,0.9703
sat treating learning,0.9737
fuzzy logic,0.9724
supervised learning,0.9726
methods learning,0.9759
meta learning,0.9841
domains learning,0.9794
standard learning,0.9766
domain interested learning,0.9762
bay approach learning,0.9785
focus learning,0.9776
empirical learning,0.9812
focused learning,0.9701
general learning,0.9878
data learning,0.9819
set learning,0.9734
advice strategies model,0.9731
learning model,0.9721
task model,0.9823
algorithm performance model,0.9721
selection models,0.9735
algorithm model,0.9708
selection model,0.9769
learning classification task,0.9706
problem learning task,0.9807
learning task,0.9708
meta matching task,0.9785
based learning,0.9801
meta learning,0.9733
basis based learning,0.9816
meta learning,0.9733
advice strategies model,0.9735
task model,0.9735
model selection method,0.9743
algorithm performance model,0.9730
algorithm selection model,0.9770
regression model,0.9713
algorithm model,0.9709
data characterization model,0.9734
selection model,0.9729
