Word,Similarity
conclusions,0.9712
preference,0.9754
including meta needs,0.9703
including using designs,0.9740
power,0.9723
instruction,0.9728
ability,0.9706
consultation,0.9703
effective mall,0.9717
category ignored interventions,0.9703
arguments,0.9705
category,0.9777
eta using,0.9715
comparison,0.9779
among components,0.9747
significantly various,0.9701
among components proposing,0.9722
example research took,0.9718
characteristics call research,0.9720
coding,0.9744
needed findings provide,0.9704
characteristics call,0.9724
characteristics,0.9757
major components,0.9702
among effect,0.9733
delivery,0.9702
feedback,0.9738
category ignored,0.9785
evidence regarding,0.9722
criteria,0.9744
processing,0.9724
functional,0.9752
overall beneficial,0.9717
analyzed,0.9709
research addressed,0.9704
reasons,0.9722
based,0.9711
counterparts learned languages,0.9715
respectively conference,0.9715
school combined young,0.9706
certain research,0.9726
especially teaching,0.9705
connecting,0.9706
including using,0.9702
systems along,0.9741
system sub,0.9701
regarding target,0.9706
specifically using educational,0.9713
evidence regarding overall,0.9726
subject,0.9709
research addressed questions,0.9711
eric respectively conference,0.9711
perspective,0.9721
studies involved sung,0.9727
significantly different categories,0.9725
studies included meta,0.9713
thereof target,0.9701
studies would required,0.9703
especially mobile,0.9701
screened second stage,0.9712
specific,0.9720
interface,0.9704
h comprehensive meta,0.9706
system,0.9731
codes,0.9719
skill,0.9707
methods focused,0.9706
responses,0.9718
significantly categories,0.9743
significantly categories effect,0.9708
system el,0.9701
however complicated skills,0.9701
influence,0.9730
advantage,0.9712
bias,0.9723
researching,0.9707
testing,0.9720
criterion,0.9747
training,0.9706
repetitive,0.9711
insights,0.9709
bowl,0.9733
preference,0.9708
narrative,0.9728
distinctive,0.9731
handheld,0.9718
largest,0.9705
using,0.9718
solution,0.9740
spelling,0.9748
methods mono,0.9725
including using designs,0.9726
methods setting,0.9743
instruction,0.9706
analysis,0.9723
sizes learning,0.9726
require,0.9728
methods thereof,0.9727
particular,0.9707
methods,0.9794
setting,0.9718
pads,0.9706
directly,0.9718
effective mall,0.9740
behaviors,0.9722
evident,0.9754
arguments,0.9767
category,0.9753
fails z studies,0.9708
methods focused self,0.9714
tome,0.9708
eta using,0.9716
tri,0.9720
practices use,0.9727
comparison,0.9816
device,0.9735
cycle,0.9724
significantly various,0.9708
independently,0.9753
empirical,0.9751
novelty,0.9727
speaking,0.9745
essence,0.9703
spreads,0.9716
corresponding,0.9714
consideration,0.9731
inquiry oriented,0.9704
example research took,0.9709
definition,0.9750
mechanisms,0.9804
characteristics call research,0.9701
approached,0.9714
frequency,0.9763
cid,0.9704
sampling,0.9746
coding,0.9793
screening,0.9785
oriented,0.9762
retrieve,0.9733
reveal,0.9714
characteristics call,0.9736
memory,0.9722
contrast,0.9753
characteristics,0.9718
coupled,0.9755
practicing,0.9701
influenced,0.9702
interval,0.9709
issue grammar,0.9723
treatment,0.9705
furthermore features,0.9710
hedges,0.9733
facilitated,0.9742
problems,0.9714
using tailored,0.9715
settings,0.9755
socio,0.9701
delivery,0.9767
feedback,0.9779
tests,0.9732
analyses,0.9721
behavioral,0.9731
exploited,0.9719
category ignored,0.9709
behavior,0.9766
context maya,0.9715
criteria,0.9716
processing,0.9798
feedback important,0.9712
obvious,0.9711
comparing,0.9738
discussion,0.9704
context,0.9710
functional,0.9785
monitoring,0.9724
validity,0.9762
usage,0.9720
analyzed,0.9764
effectively,0.9727
tool,0.9715
classic,0.9710
research addressed,0.9706
method,0.9793
treatments,0.9736
comprehensive meta,0.9712
based,0.9740
gin observed studies,0.9716
understanding,0.9711
dimensions,0.9730
frequent,0.9706
intensive,0.9739
difficult,0.9709
incorporated strategies,0.9715
importance,0.9708
based eng original,0.9700
implementations,0.9715
furthermore analyses,0.9738
instead equipped,0.9725
suggested,0.9718
certain research,0.9755
framework,0.9755
interests,0.9721
initial,0.9701
strengthening,0.9735
locating,0.9750
targeted dependent,0.9702
method cooperative,0.9730
assessment exploited domain,0.9704
program,0.9703
especially teaching,0.9722
discussing,0.9708
interest,0.9730
investigating,0.9700
considered,0.9732
size,0.9700
connecting,0.9712
including using,0.9705
facilitate,0.9725
capability,0.9705
systems along,0.9738
inquiry,0.9730
engagement,0.9743
meta organize,0.9732
burst proposed,0.9704
incorporating,0.9746
coded,0.9724
advantages,0.9720
system sub,0.9710
embedded,0.9767
unusually,0.9708
based framework mall,0.9708
application,0.9766
appropriately incorporating,0.9704
elaborate,0.9718
approach th,0.9720
slots,0.9701
investigation,0.9721
tolerance,0.9731
dependent,0.9760
transform,0.9777
analysis using,0.9741
integrating,0.9786
claims,0.9701
pan,0.9727
subject,0.9760
process,0.9719
problem,0.9702
project,0.9737
innovations,0.9715
indifferent,0.9712
portable,0.9747
compared,0.9725
significance,0.9727
theories,0.9758
expanding,0.9708
survey,0.9702
motivation,0.9761
focus,0.9740
significantly,0.9725
quantitative,0.9735
methods mall,0.9729
affect,0.9746
integrated,0.9716
circulation,0.9719
response,0.9741
perspective,0.9766
overcome,0.9707
transfer,0.9737
analyze,0.9748
intervention,0.9727
evolution use,0.9729
diverse,0.9721
readings,0.9731
multi,0.9774
capture,0.9703
significantly different categories,0.9706
purposes,0.9706
frequency using,0.9716
therefore instructional,0.9709
particularly,0.9703
specific,0.9773
furthermore studies,0.9718
wire,0.9718
interface,0.9765
practice,0.9713
inclusion,0.9707
structured,0.9766
useful,0.9749
rules,0.9719
h comprehensive meta,0.9722
system,0.9714
codes,0.9772
integration,0.9721
compensated,0.9707
null studies,0.9761
focused,0.9710
seam,0.9739
pet therefore instructional,0.9702
situ,0.9718
resulting,0.9707
implementing,0.9724
extend,0.9711
certain,0.9732
vocabulary,0.9772
beneficial,0.9727
pens,0.9720
methods focused,0.9736
responses,0.9731
analyzing,0.9721
contrast portable,0.9737
customized,0.9778
limitation,0.9726
intelligent call,0.9700
instructional,0.9780
system el,0.9776
effects mall firstly,0.9704
meta,0.9766
approach,0.9710
however complicated skills,0.9701
influence,0.9709
integration mo,0.9702
call research,0.9703
research incorporated strategies,0.9717
sensitivity,0.9727
deliver,0.9708
assessment,0.9766
multiple,0.9713
tailored,0.9715
fingertips,0.9701
assessment exploited,0.9701
using designs,0.9748
treatments corresponding,0.9744
logistical,0.9706
bias,0.9780
initiation,0.9762
mid interventions,0.9714
researching,0.9747
incorporate,0.9737
curriculum,0.9729
testing,0.9763
fixed,0.9705
furthermore,0.9701
producing,0.9700
significant,0.9708
important,0.9712
properties,0.9730
meta knowledge,1.0000
designing learning,0.9715
size learning,0.9732
inquiry learning,0.9721
devices learning,0.9717
ubiquitous learning,0.9730
software learning,0.9763
self learning,0.9713
interactions learning,0.9726
formal learning,0.9725
meta learning,1.0000
e learning,0.9723
context learning,0.9832
system learning,0.9838
effects learning,0.9789
general learning,0.9729
category learning,0.9822
consultation,0.9703
theory uses,0.9712
research may incorporate,0.9705
intervention used,0.9717
teaching method,0.9778
methods focused self,0.9731
practices use,0.9733
response system,0.9706
intervention involved,0.9718
characteristics call research,0.9715
meta steps recommended,0.9731
potential tool cooperative,0.9706
conceptual framework,0.9720
study used,0.9768
feedback important,0.9742
assessment methods mall,0.9710
method,0.9768
cr software used,0.9710
method intervention,0.9778
compared control,0.9727
non research design,0.9725
importance practice,0.9711
method cooperative,0.9763
assessment exploited domain,0.9719
communication features,0.9708
research method,0.9800
application,0.9700
technology use,0.9735
analysis using,0.9711
comparing use,0.9747
investigation key,0.9706
research practices use,0.9730
investigation key variables,0.9700
meta step approach,0.9833
using problem project,0.9713
evidence advantages,0.9715
subject characteristics,0.9706
conceptual framework based,0.9720
method effect,0.9742
used intervention setting,0.9701
evidence feasibility,0.9701
used study using,0.9702
method interaction,0.9729
review subject characteristics,0.9714
meta knowledge,0.9718
meta learning,0.9744
teaching method,0.9715
meta step approach,0.9741
criterion,0.9752
research outcome,0.9722
related using mobile,0.9702
conclusions,0.9717
overall effectiveness mall,0.9708
fixed criterion,0.9711
including meta needs,0.9752
fig hardware used,0.9731
selected studies suggested,0.9728
methods mono,0.9709
bias results discussion,0.9708
including using designs,0.9747
methods setting,0.9748
instruction,0.9737
effect researchers tried,0.9746
useful describe media,0.9728
framework one used,0.9715
lecture language,0.9726
methods thereof,0.9702
methods,0.9773
consultation,0.9711
effective mall,0.9733
framework described research,0.9779
implications appropriately,0.9705
theory uses,0.9761
research may incorporate,0.9734
category ignored interventions,0.9754
general software,0.9713
arguments,0.9728
proposed cooper used,0.9725
category,0.9760
methods focused self,0.9739
eta using,0.9751
practices use,0.9777
control groups,0.9702
programs involve,0.9700
comparison,0.9756
device,0.9711
among components,0.9718
researchers used designing,0.9732
fig software,0.9705
key variables study,0.9743
among components proposing,0.9728
inquiry oriented,0.9736
example research took,0.9795
intervention involved,0.9743
useful extending,0.9705
review subject,0.9712
specifically using,0.9714
mechanisms,0.9710
characteristics call research,0.9791
meta steps recommended,0.9733
including teaching,0.9726
control groups used,0.9748
potential tool cooperative,0.9734
studies used,0.9750
conceptual framework,0.9797
characteristics call,0.9769
operators,0.9777
characteristics,0.9751
purposes provide,0.9718
major components,0.9731
suggested data,0.9711
activity involve,0.9717
demi research,0.9710
treatment,0.9706
furthermore features,0.9711
study used,0.9807
effects collaborative mall,0.9708
learning noted,0.9714
framework selecting,0.9772
feedback,0.9743
tests,0.9703
category ignored,0.9738
context maya,0.9759
criteria,0.9779
studies excluded stage,0.9703
processing,0.9709
feedback important,0.9749
context,0.9746
advantages using,0.9702
functional,0.9761
usage,0.9739
software encompassed general,0.9720
components useful describe,0.9731
integration participants largest,0.9743
resulting integration,0.9718
devices may called,0.9702
research addressed,0.9738
using quality research,0.9707
assessment methods mall,0.9771
method,0.9789
comprehensive meta,0.9701
different subjects,0.9711
related features emphasized,0.9718
cr software used,0.9774
limitation authors,0.9715
devices influenced,0.9704
method intervention,0.9762
gin observed studies,0.9723
compared control,0.9769
intensive practice required,0.9703
operators cooper specifically,0.9720
among six components,0.9708
specific chen classroom,0.9737
incorporated strategies,0.9710
specific scenarios,0.9742
claims advantages using,0.9743
components proposing visual,0.9758
furthermore analyses,0.9736
non research design,0.9715
certain research,0.9747
behaviors researchers used,0.9709
framework,0.9765
implementation,0.9733
real assessment exploited,0.9746
importance practice,0.9705
targeted dependent,0.9708
method cooperative,0.9744
assessment exploited domain,0.9808
achievement using,0.9758
especially teaching,0.9718
furthermore short,0.9700
designs regarding target,0.9724
functions allow offer,0.9703
communication features,0.9712
including using,0.9722
systems along,0.9736
performance example,0.9711
meta organize,0.9713
tor used,0.9704
test,0.9727
system sub,0.9714
effects mall,0.9731
evidence advantages using,0.9709
regarding target,0.9708
specifically using educational,0.9701
based framework mall,0.9765
evidence,0.9721
application,0.9765
technology use,0.9749
analysis using,0.9774
comparing use,0.9749
subject tools,0.9701
included study,0.9763
using test,0.9742
subject,0.9721
devices furthermore analyses,0.9727
method mentioned cid,0.9719
investigation key,0.9732
thereof target languages,0.9755
framework based activity,0.9703
practice elaborated implications,0.9701
research practices use,0.9767
environments however,0.9712
framework based,0.9736
devices may used,0.9728
visual system,0.9714
methods mall,0.9765
investigation key variables,0.9755
analysis using test,0.9701
meta step approach,0.9811
based framework,0.9732
researchers used study,0.9712
framework described,0.9733
response,0.9714
devices particularly roles,0.9709
perspective,0.9756
using problem project,0.9750
studies involved sung,0.9711
evolution use,0.9724
research participants treatments,0.9711
strategy reference,0.9706
significantly different categories,0.9733
researchers may use,0.9710
studies included meta,0.9708
liu context ubiquitous,0.9718
thereof target,0.9735
evidence advantages,0.9753
subject characteristics,0.9753
frequency using,0.9728
screened second stage,0.9702
chen inquiry oriented,0.9704
conceptual framework based,0.9777
furthermore studies,0.9744
systems,0.9719
methods context,0.9749
interface,0.9751
analyses include,0.9746
related features,0.9720
nu conceptual framework,0.9707
rules,0.9708
h comprehensive meta,0.9751
integration participants,0.9765
system,0.9758
approaches thus conducted,0.9707
programs go,0.9715
useful describe,0.9703
evidence feasibility,0.9745
methods effective producing,0.9703
codes,0.9725
integration,0.9706
devices help,0.9718
null studies,0.9737
following meta steps,0.9723
pet therefore instructional,0.9704
learning paper,0.9726
beneficial effects mall,0.9715
previous studies,0.9709
methods focused,0.9764
responses,0.9743
la among components,0.9704
conceptual framework mall,0.9753
contrast portable,0.9701
used study using,0.9732
cid software used,0.9703
code included,0.9733
review used,0.9726
significantly categories effect,0.9709
instructional,0.9700
system el,0.9780
effects mall firstly,0.9733
system sharp,0.9729
method interaction,0.9761
methods intervention,0.9700
integration mo,0.9736
fig software used,0.9754
research incorporated strategies,0.9733
included study used,0.9780
assessment,0.9728
assessment exploited,0.9737
studies used term,0.9717
using designs,0.9727
specific scenarios involved,0.9763
activity based,0.9709
critical role mall,0.9709
bias,0.9721
data,0.9753
included meta fails,0.9709
review subject characteristics,0.9793
higgins roth used,0.9705
intervention results,0.9700
researchers used,0.9737
particular group influenced,0.9721
testing,0.9705
participants treatments,0.9700
research outcome,0.9704
category,0.9738
comparison,0.9701
potential tool cooperative,0.9709
characteristics call,0.9708
characteristics,0.9710
framework selecting,0.9732
criteria,0.9746
functional,0.9703
integration participants largest,0.9706
method,0.9707
first category,0.9702
regarding target,0.9702
application,0.9753
investigation key,0.9719
significantly different categories,0.9709
integration participants,0.9711
system,0.9708
selected,0.9718
review subject characteristics,0.9734
designing learning,0.9733
size learning,0.9756
sizes learning,0.9741
traditional learning,0.9719
learning using,0.9722
self learning,0.9717
coded learning,0.9811
informal learning,0.9705
formal learning,0.9820
active learning,0.9720
seam learning,0.9710
specific learning,0.9708
meta learning,0.9841
used learning,0.9739
context learning,0.9784
system learning,0.9824
effects learning,0.9723
general learning,0.9878
category learning,0.9746
inquiry oriented learning,0.9795
ubiquitous learning,0.9736
meta learning,0.9733
context learning,0.9739
system learning,0.9703
oriented learning,0.9738
software learning,0.9722
meta learning,0.9733
e learning,0.9723
system learning,0.9704
