Word,Similarity
learning task,1.0000
meta learning task,0.9708
subject,0.9709
task related,0.9735
task solely,0.9730
thereby improving,0.9702
classification task,0.9741
scar training,0.9707
despite tasks related,0.9721
survey negative,0.9719
strategy required,0.9724
due information,0.9709
calculations,0.9719
models,0.9742
classified,0.9715
bearings,0.9719
terminology,0.9729
task however,0.9701
conditions making,0.9724
em using,0.9711
concepts across,0.9702
module,0.9702
comparison,0.9779
task significance,0.9774
phase,0.9702
setting despite,0.9713
methods suffer,0.9712
recognition also incorporated,0.9703
performance across,0.9714
ability,0.9706
data divided,0.9716
hind performance,0.9738
task,0.9709
based deep,0.9701
absorption,0.9704
automatically resort,0.9736
classification sequence,0.9703
task handing,0.9745
domain using,0.9714
data kenneth marek,0.9701
identifying,0.9714
data wherein,0.9721
substantial het work,0.9705
advantage,0.9712
requirements,0.9741
two distinct data,0.9700
data diverse,0.9724
directions,0.9711
brain task,0.9723
classification,1.0000
additionally learning,0.9725
according definitions learning,0.9728
task explained detail,0.9709
functional,0.9752
category,0.9777
testing,0.9720
measuring,0.9721
classification considered,0.9811
test set,0.9724
choice,0.9764
model accordance,0.9752
systems z,0.9708
processing,0.9724
mt explained,0.9701
labeled data wherein,0.9728
concept focusing,0.9716
leverage,0.9704
case recognizing,0.9702
task aids,0.9701
condition,0.9700
reasons,0.9722
techniques help,0.9703
survey distinct,0.9701
utilized combine,0.9702
due meta learning,0.9711
cox using,0.9744
todd task therefore,0.9706
type,0.9710
explanation,0.9728
factor,0.9727
coding,0.9744
task involves,0.9700
model leverage,0.9770
task balancing,0.9756
classify,0.9730
survey describes,0.9732
data divided development,0.9732
classification mini,0.9773
data using,0.9718
weakness,0.9721
typically,0.9702
values across,0.9703
classified follows,0.9715
knowledge used,0.9746
including need,0.9714
tasks involved transfer,0.9758
bearing data,0.9756
additionally data,0.9708
strategy required task,0.9704
including need extensive,0.9712
several tasks trained,0.9709
database critical,0.9718
conditions,0.9754
despite tasks,0.9702
data contrast,0.9709
tasks need,0.9710
models need,0.9724
task divided,0.9730
aimed estimate virus,0.9711
viewed mechanism facilitate,0.9711
particularly combination,0.9704
system,0.9731
study involves utilization,0.9717
due scar training,0.9727
model compared,0.9715
method consists,0.9707
model however,0.9706
model second,0.9756
depending labels source,0.9711
classification objective,0.9720
task identifying,0.9710
perspective,0.9721
balancing,0.9712
mit respective limitations,0.9719
source task trained,0.9703
task illustrated,0.9713
source task handing,0.9728
data overcome,0.9727
models overcame lack,0.9709
results multi,0.9700
models using,0.9718
task discussing,0.9732
comprehensive survey distinct,0.9715
classification cats,0.9709
task divided smaller,0.9702
task explained,0.9751
required task communication,0.9750
model,0.9760
tasks research examines,0.9708
conclusion,0.9713
inference need,0.9733
characteristics,0.9757
style,0.9725
bias,0.9723
distinctly combined results,0.9709
depending labels,0.9714
lip,0.9713
discussion inspired,0.9727
responses,0.9718
classification nail,0.9840
considerations,0.9730
using data,0.9714
additionally study,0.9701
phase helpful,0.9734
pattern,0.9725
functions across,0.9719
task sequence,0.9710
learned features,0.9712
data employed,0.9710
data drift,0.9763
model called,0.9707
classification nail murray,0.9729
seam adaptation,0.9721
task classify,0.9749
diseases second stage,0.9772
even setting,0.9704
classification comic,0.9753
applications due,0.9739
specific,0.9720
based,0.9711
analyzed,0.9709
shifts explained,0.9716
weaknesses,0.9708
task transferring,0.9717
test classification,0.9795
distance,0.9712
data require,0.9711
significant di,0.9702
subject,0.9760
anomaly transfer,0.9720
viewed,0.9718
assessed,0.9728
transferring,0.9727
insights,0.9709
additionally reinforcement,0.9728
approach meta,0.9737
paradigm way,0.9708
accordance,0.9729
integrated,0.9716
lever,0.9737
context multi,0.9729
using,0.9718
based taxonomy,0.9719
claiming,0.9724
ked,0.9706
decision,0.9717
meta utilizing,0.9716
diagnostic,0.9707
linking,0.9756
standard,0.9735
concept distributed,0.9718
deep transfer,0.9734
logical,0.9726
estimation van,0.9706
calculations,0.9747
models,0.9707
survey metal,0.9717
pan,0.9727
trait,0.9768
vanishing,0.9710
data large,0.9713
comparatively,0.9701
database ba,0.9704
seam,0.9739
bearings,0.9707
deco multi,0.9735
assumption,0.9770
models particularly,0.9759
discussing,0.9708
survey,0.9702
characteristic meta,0.9729
terminology,0.9807
similarity,0.9746
degradation,0.9718
defining,0.9702
conditions making,0.9729
merging,0.9731
structure mini,0.9734
data mat,0.9708
em using,0.9711
multi including,0.9705
paradigm discussed,0.9716
concepts across,0.9710
tar,0.9721
practice,0.9713
recognition ic,0.9704
integrating,0.9786
emphasis,0.9761
module,0.9760
simultaneous,0.9704
techniques combined solve,0.9707
literal,0.9754
motivation,0.9761
proficient,0.9718
data due meta,0.9700
modular,0.9722
biased,0.9763
method many,0.9708
poses,0.9708
demonstrates,0.9703
significant,0.9708
comparison,0.9816
suitable,0.9746
task significance,0.9722
phase,0.9749
multiple,0.9713
sid,0.9708
effective adaptation,0.9728
induction,0.9796
em layer,0.9710
paradigm described sec,0.9715
useful,0.9749
claim combine meta,0.9721
methods suffer,0.9780
properties,0.9730
capture,0.9703
initial,0.9701
furthermore,0.9701
detection yu,0.9723
plastic,0.9755
tailored,0.9715
via adaptation,0.9708
performance across,0.9719
according considered limiting,0.9714
similarities,0.9711
bearing data extreme,0.9707
application aimed estimate,0.9704
hind performance,0.9704
minimal,0.9707
altered,0.9711
fig plausible approach,0.9718
task,0.9732
sequence deep,0.9715
based deep,0.9713
consequence,0.9770
viewpoint,0.9750
absorption,0.9782
plate,0.9708
empirical,0.9751
qin,0.9736
intention,0.9715
model increases,0.9712
substantially,0.9701
bipolar,0.9763
crucial extract,0.9758
characteristic,0.9725
method integrating,0.9749
gel,0.9727
work enabled separation,0.9731
focused,0.9710
models transfer,0.9701
domain using,0.9704
data kenneth marek,0.9705
profound,0.9728
identifying,0.9724
treated,0.9708
coupled,0.9755
mil,0.9703
mach learn,0.9720
considered,0.9732
access david,0.9707
data wherein,0.9738
aims use,0.9716
architecture using,0.9706
data steven,0.9707
fusion,0.9739
data diverse,0.9701
focuses,0.9702
presenting,0.9719
directions,0.9714
certain,0.9732
additionally learning,0.9712
based meta,0.9718
termed,0.9753
predictions,0.9718
gao,0.9705
input,0.9716
resulting,0.9707
according definitions learning,0.9740
setting,0.9718
learning paradigm,0.9745
recognition para,0.9753
allowing,0.9746
derived,0.9719
functional,0.9785
answers,0.9707
ind explanation multi,0.9701
category,0.9753
testing,0.9763
significance utilization,0.9732
problem meta,0.9725
measuring,0.9738
hyper,0.9739
comprehension,0.9732
model method highly,0.9736
discussion,0.9704
structural,0.9775
particularly,0.9703
batch,0.9702
extend,0.9711
significantly,0.9725
recognition th,0.9713
large data answer,0.9725
particular,0.9707
case transfer,0.9758
junk,0.9710
prediction,0.9808
anomaly,0.9749
catastrophic,0.9715
important analyze combine,0.9714
interest,0.9730
viewing,0.9724
focus,0.9740
alter,0.9710
structure using,0.9768
model accordance,0.9770
continental,0.9720
processing,0.9798
labeled data wherein,0.9721
concept focusing,0.9734
system nl,0.9746
binding,0.9759
leverage,0.9769
conditions transfer,0.9731
sy,0.9717
scan,0.9754
utilizing meta,0.9749
framework leverage,0.9723
depending,0.9728
tri,0.9720
advantages,0.9720
survey distinct,0.9705
structured,0.9766
due meta learning,0.9739
dominance,0.9701
dependency,0.9802
mechanism facilitate,0.9716
method based,0.9701
data sinn jia,0.9703
definition,0.9750
difficult,0.9709
cox using,0.9711
jimenez,0.9708
supervision,0.9727
bailey,0.9708
type,0.9749
prevalent,0.9703
labeled,0.9759
wire,0.9718
response,0.9741
explanation,0.9754
require,0.9728
factor,0.9740
coding,0.9793
hook,0.9722
spark,0.9706
learning paradigm although,0.9720
integrating considerable,0.9764
distinguish,0.9732
definition transfer,0.9716
data mini,0.9719
furthermore task,0.9705
recognizing,0.9709
model leverage,0.9775
validation,0.9739
assumptions,0.9730
predicted,0.9713
task balancing,0.9749
classic,0.9710
indeed related,0.9704
methods,0.9794
deep model,0.9718
classify,0.9775
process,0.9719
approach,0.9710
distinct heading,0.9704
dependent,0.9760
grouped,0.9762
facilitate,0.9725
settings,0.9755
beneficial,0.9727
using model trained,0.9705
therefore leverage similarities,0.9726
paradigm,0.9754
drug,0.9708
termed multi,0.9706
method highly,0.9775
fused,0.9737
predicting,0.9774
shifting,0.9711
problem,0.9702
limiting,0.9755
data using,0.9714
integration,0.9721
task transfer,0.9717
showcase methodology,0.9705
typically,0.9705
meta used,0.9729
flow,0.9768
revision rich,0.9705
effectively,0.9727
knowledge used,0.9739
understanding,0.9711
paradigm continuous,0.9738
techniques ml,0.9743
problem transfer,0.9746
structures using,0.9746
imaging,0.9774
usually transfer,0.9713
plasma,0.9739
contrast,0.9753
encompasses,0.9730
tasks involved transfer,0.9724
performance using,0.9717
behavior,0.9766
vibration,0.9700
heading,0.9730
corresponding,0.9714
moody,0.9712
elaborate,0.9718
project,0.9737
insight,0.9762
modules,0.9740
conditions,0.9714
residual,0.9764
activation,0.9733
inference,0.9787
data contrast,0.9772
diverse,0.9721
utilize,0.9766
thus merging,0.9719
tasks need,0.9703
models need,0.9703
concepts,0.9761
reinforcement,0.9727
aimed estimate virus,0.9727
combined solve,0.9705
viewed mechanism facilitate,0.9728
neighbor,0.9701
application,0.9766
techniques,0.9762
attempting,0.9739
stern,0.9702
sentences,0.9722
dense,0.9733
boost,0.9739
examination single,0.9736
system,0.9714
scenarios single,0.9713
engagement,0.9743
method several,0.9744
cid,0.9704
enabled,0.9716
memory,0.9722
study involves utilization,0.9729
model compared,0.9740
mach,0.9705
model however,0.9703
analyze,0.9748
adi,0.9714
model second,0.9730
perspective,0.9766
balancing,0.9766
temperature,0.9732
data multi,0.9733
semantic,0.9805
weighted,0.9760
method sharing,0.9716
mechanism numerous,0.9725
proved,0.9716
size,0.9700
etc pre,0.9701
deep residual learning,0.9707
basis,0.9776
separation,0.9750
factor barbara,0.9705
showcase methodology applying,0.9708
retrieval,0.9759
generation,0.9730
data overcome,0.9726
mechanisms,0.9804
overcome,0.9707
varies,0.9721
exchange,0.9728
bas,0.9722
case fig,0.9721
combining,0.9738
analysis,0.9723
therefore attention,0.9707
models using,0.9731
considered meta training,0.9700
sentiment,0.9714
objective multiple,0.9709
model un,0.9716
survey meta,0.9702
knowledge introduced,0.9718
due meta,0.9714
comprehensive survey distinct,0.9702
crucial,0.9753
heath,0.9705
using algorithms isolation,0.9731
essentially para,0.9702
nuclei,0.9717
constraints,0.9766
patterns,0.9746
deep neural,0.9743
maha,0.9704
training,0.9706
categorized,0.9754
equation exclusively,0.9743
important,0.9712
balanced,0.9734
integration transfer,0.9720
isolation,0.9737
though knowledge algorithms,0.9742
sampling,0.9746
model,0.9710
algorithm strengths,0.9707
essentially,0.9736
workshop,0.9720
scaling,0.9777
malik,0.9705
assessment,0.9766
inference need,0.9768
technique transfer,0.9731
significance,0.9727
etc deep,0.9704
therefore leverage,0.9729
characteristics,0.9718
style,0.9734
essential algorithm,0.9703
using con,0.9709
bias,0.9780
compared,0.9725
multi,0.9774
marker,0.9720
mechanism,0.9777
vale activation,0.9778
meta utilized,0.9730
hypothesis,0.9774
phase classic,0.9721
isolated,0.9741
accordingly multi,0.9740
pricing,0.9804
problems di,0.9724
persona,0.9707
case multi,0.9743
weight,0.9702
methods achieving,0.9711
paradigm basis,0.9732
drift,0.9751
objective ml,0.9703
case treated,0.9717
responses,0.9731
techniques combined,0.9741
classification nail,0.9724
regression,1.0000
importance,0.9708
destructive,0.9757
transfer,0.9737
considerations,0.9736
characteristics using,0.9734
paradigm focusing,0.9744
neural,0.9757
facial,0.9740
additionally study,0.9742
paradigm although,0.9715
extraction,0.9750
phase helpful,0.9702
suggested,0.9718
approach classified,0.9708
definitions,0.9740
problems,0.9714
comparing,0.9738
techniques low,0.9713
data absorption,0.9761
method combining,0.9744
fundamental,0.9742
meta,0.9766
viable,0.9703
kernel,0.9734
pattern,0.9783
broadly,0.9758
bearing fault diagnosis,0.9715
learned features,0.9710
context,0.9710
data drift,0.9730
model called,0.9737
using sketch,0.9703
outline,0.9738
algorithm res,0.9774
connected,0.9702
seam adaptation,0.9727
accurately,0.9702
faulty,0.9710
natural,0.9713
contrast multi,0.9750
analysis via,0.9736
theoretically,0.9733
methods proficient,0.9754
scala,0.9734
acids,0.9726
showcase,0.9717
task trained,0.9702
diagnosis,0.9738
baxter,0.9706
howard,0.9702
transforms,0.9769
expanding,0.9708
comparable,0.9719
approach exploits,0.9709
data kenneth,0.9728
compression,0.9821
large data mini,0.9709
specific,0.9773
based,0.9740
processed,0.9706
fixed,0.9705
approach ph,0.9760
integrated multi,0.9703
method,0.9793
task equation exclusively,0.9702
transformations,0.9725
complementary,0.9778
due marine,0.9707
utilizing,0.9730
using transfer,0.9710
framework,0.9755
suggests,0.9712
exploited,0.9719
analysis named,0.9771
grounds,0.9728
furthermore transfer,0.9715
scans,0.9731
analyzed,0.9764
therefore meta training,0.9701
commonly,0.9730
using meta,0.9719
task multi bearing,0.9703
quantitative,0.9735
weaknesses,0.9725
concepts due,0.9701
theoretically approach,0.9717
like gradient meta,0.9705
variant meta,0.9747
harness,0.9730
interpreted,0.9716
novelty,0.9727
behavioral,0.9731
sequence,0.9712
capability,0.9705
fault diagnosis,0.9701
summarized,0.9736
distance,0.9723
meta knowledge,1.0000
meta knowledge semantic,0.9706
knowledge meta,0.9724
integration knowledge,0.9723
representation knowledge,0.9763
features target,0.9732
md feature,0.9710
knowledge features,0.9760
data meta,0.9738
data learning,0.9768
general learning,0.9729
meta meta learning,0.9796
meta learning train,0.9706
meta learning,1.0000
multi learning via,0.9705
multi learning,0.9757
simultaneous learning,0.9738
task learning,0.9801
learning deep neural,0.9705
knowledge learning,0.9820
generic learning,0.9705
learning transfer,0.9728
task meta learning,0.9774
sc meta learning,0.9793
feature learning,0.9733
pt meta learning,0.9705
performance learning,0.9715
meta multi learning,0.9711
modular learning,0.9725
self learning,0.9713
focus learning,0.9728
learning insights,0.9703
stable learning,0.9727
single task learning,0.9720
isolated learning,0.9705
case meta learning,0.9828
transfer learning,0.9757
prior meta learning,0.9731
approach meta,0.9703
approach considered derived,0.9730
suggested method,0.9769
focus work,0.9717
strategy required,0.9723
methodology employed,0.9744
task response,0.9759
model proposed,0.9714
technique demonstrated,0.9720
methodology state method,0.9718
approach classified hard,0.9702
proposed method interpreted,0.9716
approach domain source,0.9727
method highly beneficial,0.9707
method many,0.9733
transferred methodology employed,0.9724
methods suffer,0.9707
detection yu,0.9706
information proposed method,0.9759
nl proposed approach,0.9741
enhanced general model,0.9752
application aimed estimate,0.9741
fig plausible approach,0.9722
learning paradigm essential,0.9736
sharing method,0.9807
method integrating,0.9709
work enabled separation,0.9709
information sharing method,0.9701
learning paradigm focusing,0.9724
communication strategy required,0.9780
using deep model,0.9715
suggested method computational,0.9715
task given substantial,0.9726
aims use,0.9704
language model,0.9732
adaptive policies,0.9707
shared model,0.9739
model method highly,0.9761
based approach,0.9781
multi classification method,0.9706
case transfer,0.9705
test set,0.9711
structure using,0.9708
context approach,0.9729
task aids,0.9728
viable approach,0.9709
di tore system,0.9701
transfer proposed methodology,0.9716
task objective,0.9717
method based,0.9727
task involves,0.9706
learning paradigm although,0.9741
required task,0.9707
task balancing,0.9712
approach considered,0.9752
plausible approach,0.9764
method highly,0.9749
techniques summary,0.9703
task transfer,0.9737
using pre model,0.9700
knowledge used,0.9724
performance using,0.9749
task model,0.9766
plausible approach fuse,0.9773
learning mechanism,0.9701
strategy required task,0.9738
approach potential,0.9703
paradigm focusing strengths,0.9714
stage approach therefore,0.9751
sharing model,0.9747
application,0.9700
evaluated study include,0.9744
modelling used,0.9714
method several,0.9748
study involves utilization,0.9707
model compared,0.9716
method involves,0.9713
proposed method uses,0.9723
classification objective,0.9720
approach allows,0.9708
classification method based,0.9716
specified attention technique,0.9739
showcase methodology applying,0.9713
performance model,0.9793
central purpose work,0.9701
approach enhanced general,0.9739
approach prior,0.9714
leverage concept,0.9745
tasks related use,0.9726
training technique,0.9732
required task communication,0.9711
task dependent,0.9714
settings employed,0.9707
multi context approach,0.9730
model may helpful,0.9742
alternative approach,0.9723
technique transfer,0.9730
data model,0.9722
classification method,0.9716
promising approach,0.9730
approach potential address,0.9741
paradigm basis,0.9716
techniques combined,0.9711
based approach novelty,0.9716
approach employed,0.9729
approach classified,0.9737
approach known,0.9728
techniques low,0.9703
method combining,0.9716
prior knowledge source,0.9706
task sequence,0.9736
learning method,0.9803
approach proposed,0.9766
generic approach,0.9799
approach enhanced,0.9744
approach addresses,0.9724
approach usually referred,0.9735
analysis via,0.9701
approach exploits,0.9726
task balancing help,0.9717
proposed method several,0.9705
data answer,0.9712
method,0.9768
context approach implemented,0.9715
data knowledge,0.9765
meta knowledge,0.9718
scenario knowledge,0.9708
functional knowledge,0.9737
integration knowledge,0.9726
representation knowledge,0.9771
learning model,0.9890
knowledge model,0.9798
meta learning approach,0.9737
fundamental learning paradigm,0.9717
transfer source model,0.9736
learning leverage concept,0.9747
fine source model,0.9701
recognition task model,0.9749
task model,0.9774
sharing model,0.9728
ep learning approach,0.9709
multi learning approach,0.9727
knowledge learning paradigm,0.9704
aim learning model,0.9747
single learning approach,0.9707
learning shared model,0.9821
learning method,0.9710
multi deep model,0.9747
meta learning model,0.9787
meta learning,0.9744
multi meta learning,0.9755
deep representation learning,0.9825
deep transfer learning,0.9823
task learning method,0.9764
learning paradigm way,0.9713
fundamental learning paradigm,0.9710
sharing method,0.9763
information sharing method,0.9765
multi classification method,0.9730
model method,0.9718
ep learning approach,0.9707
multi learning approach,0.9726
learning shared model,0.9756
learning method,0.9875
subject,0.9721
classification multi,0.9747
anomaly transfer,0.9739
nic strategies,0.9703
task related,0.9738
task involves classify,0.9736
database nuclei,0.9701
knowledge model,0.9801
additionally reinforcement,0.9704
diagnosis rolling element,0.9775
multi setting despite,0.9716
current task network,0.9723
function model,0.9725
approach meta,0.9726
paradigm way,0.9730
model po,0.9711
approach considered derived,0.9730
application aimed,0.9741
models used,0.9745
tasks training despite,0.9728
different data,0.9728
meta stage uses,0.9723
ic page,0.9761
context multi,0.9757
di data diverse,0.9774
data different,0.9706
rude overview multi,0.9717
based taxonomy,0.9756
paradigm essential,0.9718
layers model,0.9726
task identifies,0.9701
tasks seam related,0.9771
focus work,0.9740
mt application observed,0.9719
classification task,0.9777
despite tasks related,0.9722
tasks survey,0.9739
album classification comic,0.9729
learning classified follows,0.9759
underlying concept,0.9722
based categories,0.9728
paradigm aims,0.9738
concept distributed,0.9705
survey negative,0.9718
strategy required,0.9749
methodology employed,0.9728
calculations,0.9726
task response,0.9757
models,0.9730
survey metal,0.9719
required review algorithms,0.9732
data large,0.9746
based conditions transfer,0.9714
model proposed,0.9765
database ba,0.9720
multi scenarios vittorio,0.9741
technique demonstrated,0.9754
resulting information,0.9720
performance across cited,0.9737
deco multi,0.9703
fig two types,0.9705
module uses,0.9738
approach classified hard,0.9726
learning paradigm along,0.9710
sec note terms,0.9701
models particularly,0.9795
target conditions must,0.9733
data multi setting,0.9746
knowledge features performance,0.9722
terminology,0.9825
tasks task balancing,0.9713
show proposed approach,0.9752
data general,0.9735
performance trained,0.9713
data case,0.9736
proposed method interpreted,0.9742
performance models,0.9715
approach domain source,0.9759
conditions making,0.9715
using data general,0.9732
structure mini,0.9781
using algorithms,0.9727
data mat,0.9743
em using,0.9723
limiting case multi,0.9721
paradigm discussed,0.9766
concepts across,0.9710
recognition ic,0.9709
data scar,0.9709
module,0.9742
techniques combined solve,0.9717
data due meta,0.9728
fig multi source,0.9718
method many,0.9736
proposed method tasks,0.9710
transferred methodology employed,0.9711
comparison,0.9756
task significance,0.9771
authors evaluate proposed,0.9702
several data although,0.9714
em layer,0.9709
labeled data overcome,0.9701
models monitored,0.9725
paradigm described sec,0.9746
size model,0.9760
possible diverse tasks,0.9737
tasks automatically resort,0.9701
setting despite,0.9727
methods suffer,0.9793
case un data,0.9736
detection yu,0.9759
ml models work,0.9712
resources cross,0.9702
information proposed method,0.9741
nl proposed approach,0.9776
generic approach field,0.9706
mt discussed consider,0.9730
enhanced general model,0.9820
paradigm aims improve,0.9711
performance across,0.9773
cat task classification,0.9705
task contrast,0.9752
excluded study,0.9717
data divided,0.9768
data although,0.9725
bearing data extreme,0.9779
application aimed estimate,0.9778
meta multi stage,0.9704
crucial extract data,0.9768
fig plausible approach,0.9809
diverse tasks hand,0.9715
prediction results,0.9751
based deep,0.9711
consequence,0.9735
viewpoint,0.9705
networks comprehensive survey,0.9711
comprehensive overview however,0.9729
fall category meta,0.9732
learning paradigm essential,0.9772
model increases,0.9751
data label,0.9811
crucial extract,0.9701
method integrating,0.9769
classification sequence,0.9760
work enabled separation,0.9784
models transfer,0.9713
broadly categorized,0.9729
performance tasks suffers,0.9705
task segment,0.9713
learning paradigm focusing,0.9761
leverage concept metal,0.9727
task handing,0.9708
data kenneth marek,0.9702
communication strategy required,0.9799
using deep model,0.9776
systems aa,0.9701
approaches depend,0.9733
limitations suggested learning,0.9728
suggested method computational,0.9739
features approach uses,0.9705
data help,0.9747
standard data combined,0.9760
task given substantial,0.9739
several baseline methods,0.9761
access david,0.9709
data wherein,0.9735
aims use,0.9774
requirements knowledge setting,0.9700
algorithms head,0.9707
stage stage uses,0.9714
using data target,0.9718
architecture using,0.9764
data grouped standard,0.9739
data,0.9753
requirements,0.9762
data steven,0.9735
task address,0.9765
two distinct data,0.9725
ml algorithms experiences,0.9740
data diverse,0.9802
separation features various,0.9701
transfer source model,0.9763
initial layers,0.9714
brain task,0.9754
classification,0.9741
multiple tasks case,0.9712
additionally learning,0.9706
mod data,0.9744
language model,0.9861
based framework authors,0.9739
based meta,0.9716
computational viable,0.9705
predictions,0.9751
framework authors,0.9752
input,0.9728
according definitions learning,0.9718
shared testing stage,0.9703
directions proposed,0.9713
learning paradigm,0.9764
recognition para,0.9718
task order,0.9756
adaptive policies,0.9809
functional,0.9761
mis terminology,0.9714
systems christopher,0.9700
category,0.9760
testing,0.9705
significance utilization,0.9787
yang overview multi,0.9753
shared model,0.9776
data sequence,0.9750
large data,0.9736
models particularly combination,0.9705
work utilized,0.9723
model method highly,0.9805
suggested learning,0.9729
based approach,0.9767
classification considered,0.9758
multi classification method,0.9715
assessed meta utilized,0.9738
baxter theoretical models,0.9786
large data answer,0.9759
limitations suggested,0.9701
case transfer,0.9758
corresponding data,0.9703
important analyze combine,0.9751
task classification cats,0.9723
task leads computational,0.9716
test set,0.9793
structure using,0.9823
choice,0.9717
data collected,0.9710
authors used,0.9712
context approach,0.9735
model accordance,0.9800
theoretical models,0.9716
systems z,0.9772
data used,0.9722
data therefore,0.9712
excluded study although,0.9726
conditions must,0.9732
processing,0.9709
labeled data wherein,0.9755
learning paradigm handle,0.9752
learning train model,0.9750
meta subsequently applied,0.9703
tasks required train,0.9701
concept focusing,0.9747
model aimed predict,0.9720
limitations associated using,0.9735
representation uses,0.9737
implementation,0.9733
system nl,0.9789
conditions transfer,0.9744
utilizing meta,0.9707
framework leverage,0.9784
significant challenge,0.9719
tasks list,0.9719
task aids,0.9762
layer differ required,0.9713
task domain however,0.9729
model seen,0.9715
techniques help,0.9749
model may,0.9710
di tore system,0.9750
em used,0.9721
learning paradigm aims,0.9724
learning paradigm detailed,0.9761
task objective,0.9754
data mt explained,0.9761
mechanism facilitate,0.9735
method based,0.9779
data sinn jia,0.9705
data discuss,0.9769
theoretical concepts,0.9735
cox using,0.9716
domains throughout,0.9704
using images,0.9720
supervision,0.9707
potential address many,0.9759
type,0.9711
data authors propose,0.9737
combined use additionally,0.9706
despite similarity many,0.9704
bowen du,0.9704
response,0.9714
explanation,0.9705
classification mini ci,0.9757
learning proposed work,0.9701
task involves,0.9762
aimed predict ph,0.9704
learning paradigm although,0.9793
overview transfer,0.9753
integrating considerable,0.9718
along multi architecture,0.9719
overview multi,0.9746
definition transfer,0.9773
framework learning,0.9712
required task,0.9727
data mini,0.9770
data manga,0.9741
furthermore task,0.9723
model leverage,0.9806
prediction diverse,0.9732
assumptions,0.9746
task balancing,0.9794
methods,0.9773
deep model,0.9712
learning used,0.9725
data according,0.9711
survey describes,0.9721
framework performance,0.9741
approach considered,0.9709
plausible approach,0.9726
recognition wi,0.9713
data divided development,0.9780
using model trained,0.9747
tasks enable,0.9701
therefore leverage similarities,0.9774
method highly,0.9785
function level,0.9742
techniques summary,0.9771
method uses,0.9705
framework performance proposed,0.9786
predicting,0.9704
summary comparison,0.9743
classification mini,0.9736
news classification,0.9706
data using,0.9800
con test classification,0.9750
lake evaluating model,0.9735
integration,0.9706
task transfer,0.9789
showcase methodology,0.9730
training source task,0.9735
using limited data,0.9704
meta used,0.9769
values across,0.9715
flow,0.9746
data used define,0.9759
using pre model,0.9773
knowledge used,0.9782
recognition task model,0.9703
techniques ml,0.9775
problem transfer,0.9777
structures using,0.9806
learning models need,0.9747
across task expressed,0.9746
model f,0.9757
data assimilation,0.9738
tasks respective domains,0.9714
tasks involved transfer,0.9736
performance using,0.9823
grounds intends classify,0.9711
bearing data,0.9741
objective,0.9700
task identifying bearing,0.9710
application domains follows,0.9722
task model,0.9833
conference pattern,0.9708
data consists,0.9776
plausible approach fuse,0.9750
additionally data,0.9751
learning mechanism,0.9742
task hand,0.9701
strategy required task,0.9753
mit limitations,0.9715
successful training source,0.9713
selective features past,0.9736
data employed feature,0.9778
systems,0.9719
approach potential,0.9733
metal however system,0.9702
lake compared transfer,0.9732
several tasks trained,0.9731
learning objective ml,0.9712
issue negative transfer,0.9709
database,0.9726
conditions,0.9767
several tasks enable,0.9726
research directions,0.9743
tasks encourage model,0.9720
data contrast,0.9824
stage approach therefore,0.9741
heading corresponding,0.9725
generalized concepts across,0.9757
data target,0.9743
thus merging,0.9714
tasks need,0.9755
models need,0.9760
users study,0.9724
data data model,0.9801
task divided,0.9709
task introduced findings,0.9731
aimed estimate virus,0.9772
comparative view,0.9715
algorithms motivation behind,0.9728
data similarly discusses,0.9712
case classification task,0.9747
mt design provided,0.9752
sharing model,0.9766
objective source,0.9721
viewed mechanism facilitate,0.9746
application,0.9765
work discusses,0.9725
techniques,0.9739
source models,0.9777
source model,0.9804
testing involves training,0.9710
comparison transfer,0.9716
table comparison transfer,0.9704
super data,0.9717
data sinn,0.9734
definitions learning paradigm,0.9734
approach data,0.9756
evaluated study include,0.9728
examination single,0.9722
models monitored lakes,0.9727
modelling used,0.9770
system,0.9758
weaknesses learning paradigm,0.9743
scenarios single,0.9753
data additionally,0.9702
larger data,0.9748
training allowing model,0.9706
method several,0.9787
study involves utilization,0.9768
data related,0.9763
data study,0.9741
domains follows,0.9701
model compared,0.9821
data consider,0.9727
method consists,0.9750
model however,0.9769
data combined ye,0.9725
model second,0.9788
classification objective,0.9822
task space,0.9724
task identifying,0.9729
perspective,0.9756
data help overcome,0.9736
data multi,0.9721
approach allows,0.9703
mechanism identify,0.9720
potential address,0.9745
semantic,0.9724
data classification,0.9759
classification method based,0.9786
previous studies,0.9709
method sharing,0.9722
data features,0.9702
mechanism numerous,0.9741
methods order,0.9736
task conventional,0.9703
mit respective limitations,0.9735
fine using data,0.9718
classification node,0.9719
basis,0.9735
kernel metal,0.9712
system nl utilizing,0.9739
showcase methodology applying,0.9765
multi model however,0.9711
data required review,0.9723
performance using proposed,0.9708
fig integrated multi,0.9718
performance model,0.9875
central purpose work,0.9755
task illustrated,0.9760
source task handing,0.9702
data overcome,0.9797
models overcame lack,0.9715
approach enhanced general,0.9734
mechanisms,0.9710
features using,0.9711
survey describes techniques,0.9774
meta objective,0.9727
results multi,0.9728
task set,0.9753
main objective leverage,0.9711
general model,0.9706
researchers interchange use,0.9722
similar presented backbone,0.9702
models using,0.9830
considered meta training,0.9740
model un,0.9719
paradigm may require,0.9737
task discussing,0.9716
leverage concept,0.9759
survey meta,0.9715
stage uses,0.9755
tasks related use,0.9723
recognition page,0.9711
knowledge introduced,0.9702
comprehensive survey distinct,0.9752
need train model,0.9752
using algorithms isolation,0.9784
classification cats,0.9736
constraints,0.9704
recognition ne chinese,0.9707
considerations make predictions,0.9744
task divided smaller,0.9708
task main,0.9737
applications however,0.9745
learning paradigm target,0.9738
equation exclusively,0.9742
task explained,0.9727
better model,0.9713
data brain,0.9726
integration transfer,0.9756
overview survey recent,0.9750
systems christopher fifty,0.9715
required task communication,0.9784
task dependent,0.9755
settings employed,0.9765
model used,0.9764
multi context approach,0.9764
ad nets gan,0.9705
result modules,0.9763
sc data,0.9716
paradigm discussed multi,0.9737
paradigm sharing,0.9713
approach domain,0.9728
using fewer data,0.9708
paradigm may,0.9700
task identify,0.9702
model,0.9791
ni workshop,0.9704
algorithm strengths,0.9732
articles integrate mt,0.9707
tasks research examines,0.9717
workshop,0.9712
model may helpful,0.9814
model predictions,0.9736
overview survey,0.9719
paradigm transfer,0.9769
conclusion,0.9711
stage uses meta,0.9764
assessment,0.9728
based explanation many,0.9758
inference need,0.9774
technique transfer,0.9736
data model,0.9847
therefore leverage,0.9713
characteristics,0.9751
task may,0.9717
essential algorithm,0.9735
bias,0.9721
limited data multi,0.9701
learning paradigm described,0.9767
depending labels,0.9700
different data similar,0.9713
meta utilized,0.9704
characteristics using two,0.9744
hypothesis,0.9719
phase classic,0.9700
data rare,0.9714
accordingly multi,0.9708
techniques found,0.9715
data difficult,0.9781
domains essential feature,0.9736
data single,0.9724
case multi,0.9709
similar sense involve,0.9707
approach potential address,0.9785
test,0.9727
selective features,0.9714
using model,0.9730
metal viewed mechanism,0.9732
methods achieving,0.9722
paradigm basis,0.9826
objective ml,0.9760
case treated,0.9722
utilizing meta gained,0.9713
responses,0.9743
techniques combined,0.9761
task supervised,0.9709
classification nail,0.9816
regression,0.9715
characteristics using,0.9837
paradigm focusing,0.9732
using data,0.9791
distinct algorithms discuss,0.9702
additionally study,0.9735
design considerations make,0.9726
paradigm although,0.9705
depicts summary,0.9727
different models using,0.9735
phase helpful,0.9724
approach classified,0.9732
learning also used,0.9738
approach known,0.9719
definitions,0.9710
network modified,0.9722
persona information proposed,0.9724
training data require,0.9748
data knowledge used,0.9793
techniques low,0.9752
important characteristics using,0.9810
data absorption,0.9820
method combining,0.9763
semantic corpus,0.9718
learning shared model,0.9713
prior knowledge source,0.9703
pattern,0.9718
al language models,0.9724
functions across,0.9750
task sequence,0.9804
learning method,0.9713
data employed,0.9798
context,0.9746
data drift,0.9807
model called,0.9791
using sketch,0.9730
input multi including,0.9703
algorithm res,0.9726
application metal,0.9729
approach proposed,0.9743
generic approach,0.9785
different data article,0.9742
seam adaptation,0.9703
task classify,0.9743
systems page,0.9717
approach enhanced,0.9729
learning paradigm highlighted,0.9706
contrast multi,0.9701
model leverage address,0.9703
approach addresses,0.9731
approach usually referred,0.9702
analysis via,0.9746
theoretically,0.9702
methods proficient,0.9740
architecture used,0.9719
data require source,0.9706
learning paradigm discussed,0.9749
classification comic,0.9807
tasks domains throughout,0.9771
task identifies dog,0.9714
task trained,0.9711
learning paradigm basis,0.9719
leverage address,0.9715
learning target,0.9723
approach exploits,0.9741
applications due,0.9711
proposed work enabled,0.9723
task balancing help,0.9756
architecture model accordance,0.9701
general using,0.9704
data kenneth,0.9715
pre source model,0.9742
large data mini,0.9742
prediction results show,0.9774
systems volume curran,0.9720
image using,0.9707
classification performance using,0.9769
particular source subjected,0.9716
task objective opt,0.9722
extracts representative disc,0.9710
require source data,0.9700
model performance,0.9728
proposed method several,0.9719
based relevance current,0.9706
data answer,0.9743
approach ph,0.9743
method,0.9789
task equation exclusively,0.9763
lac tad task,0.9704
similarly discusses,0.9700
task classification,0.9746
based framework,0.9732
using transfer,0.9719
framework,0.9765
images using model,0.9762
network used,0.9701
analysis named,0.9741
stage allows,0.9714
detail sec note,0.9702
therefore meta training,0.9736
models achieved balanced,0.9765
using meta,0.9708
domains drone ground,0.9708
task multi bearing,0.9710
many different data,0.9740
definition task explained,0.9762
data large training,0.9722
data essentially,0.9739
theoretically approach,0.9769
variant meta,0.9717
respective limitations suggested,0.9763
model must,0.9735
share proposed hypothesis,0.9731
allowing model,0.9722
enabled separation,0.9731
meta information solely,0.9702
data sampled,0.9740
distinct data,0.9793
based conditions,0.9726
concepts across many,0.9716
data article,0.9710
test classification,0.9789
data grouped,0.9778
fault diagnosis,0.9734
summarized,0.9707
data require,0.9743
models used,0.9703
album classification comic,0.9701
category contribution,0.9700
task response,0.9701
classified,0.9721
database ba,0.9702
terminology,0.9719
data case,0.9700
selected,0.9718
comparison,0.9701
task significance,0.9716
enhanced general model,0.9713
excluded study,0.9710
bearing data extreme,0.9702
application aimed estimate,0.9704
fall category meta,0.9758
data label,0.9753
classification sequence,0.9741
task given substantial,0.9715
requirements,0.9723
task address,0.9705
classification,0.9750
directions proposed,0.9710
task order,0.9715
functional,0.9703
category,0.9738
model method highly,0.9701
classification considered,0.9734
case transfer,0.9703
test set,0.9712
model accordance,0.9725
excluded study although,0.9726
significant challenge,0.9700
task aids,0.9726
di tore system,0.9702
task objective,0.9732
type,0.9704
classification mini ci,0.9728
overview transfer,0.9708
required task,0.9704
classification mini,0.9740
news classification,0.9740
con test classification,0.9745
task transfer,0.9710
distinction,0.9707
model f,0.9715
conference pattern,0.9704
successful training source,0.9730
selective features past,0.9721
database,0.9710
research directions,0.9703
heading corresponding,0.9702
task introduced findings,0.9704
aimed estimate virus,0.9700
application,0.9753
source model,0.9727
examination single,0.9700
system,0.9708
scenarios single,0.9717
classification objective,0.9758
performance model,0.9714
results multi,0.9706
stage uses,0.9707
comprehensive survey distinct,0.9705
required task communication,0.9717
model,0.9705
characteristics,0.9710
inc fall category,0.9714
objective ml,0.9702
classification nail,0.9741
data absorption,0.9706
task sequence,0.9724
data drift,0.9706
classification comic,0.9751
particular source subjected,0.9714
method,0.9707
task classification,0.9742
test classification,0.9792
data learning,0.9819
general learning,0.9878
sequential knowledge transfer,0.9748
supervised learning,0.9726
model learning,0.9819
meta learning,0.9841
useful learning,0.9704
multi learning according,0.9724
multi learning,0.9773
simultaneous learning,0.9844
task learning,0.9866
focused learning,0.9701
phase ensemble learning,0.9712
knowledge learning,0.9707
learning learning paradigm,0.9713
learning details,0.9705
ml deep learning,0.9716
learning transfer,0.9710
sc meta learning,0.9709
task model learning,0.9771
open learning,0.9752
framework learning,0.9719
learning used,0.9722
modular learning,0.9812
data single learning,0.9718
self learning,0.9717
focus learning paradigm,0.9725
field deep learning,0.9727
focus learning,0.9776
learning kernel,0.9714
stable learning,0.9753
single task learning,0.9810
residual learning,0.9774
isolated learning,0.9795
definitions learning paradigm,0.9745
weaknesses learning paradigm,0.9716
case multi learning,0.9786
continuous learning,0.9812
progressive learning,0.9706
used learning,0.9739
employing learning,0.9746
related learning,0.9702
referred learning,0.9763
task address learning,0.9757
sequential knowledge,0.9723
distinct learning,0.9753
labels meta learning,0.9728
learning using,0.9722
integration knowledge,0.9701
concept focusing learning,0.9715
single learning,0.9793
case meta learning,0.9746
learning target,0.9702
combinations learning paradigm,0.9730
comparison learning,0.9744
data faster learning,0.9704
fundamental learning,0.9821
based deep learning,0.9718
models learning,0.9742
learning model,0.9721
knowledge model,0.9713
function model,0.9748
parameter sharing model,0.9714
share model,0.9768
transfer source model,0.9731
language model,0.9701
universal language model,0.9711
recognition task model,0.9710
task model,0.9823
sharing model,0.9772
tasks share model,0.9726
learning task,0.9708
supervised learning task,0.9707
meta learning task,1.0000
cross transfer learning,0.9728
meta meta learning,0.9785
meta learning,0.9733
data data learning,0.9732
multi meta learning,0.9779
paradigm transfer learning,0.9739
multi representation learning,0.9705
deep representation learning,0.9776
multi transfer learning,0.9778
generic learning,0.9737
meta transfer learning,0.9758
meta multi learning,0.9830
data meta learning,0.9779
based meta learning,0.9767
gradient meta learning,0.9775
case meta learning,0.9725
deep transfer learning,0.9782
transfer learning,0.9722
meta learning,0.9733
feature learning,1.0000
performance learning,0.9705
conference learning,0.9737
knowledge model,0.9716
function model,0.9711
optimization model,0.9709
meta multi model,0.9702
transfer source model,0.9798
language model,0.9723
universal language model,0.9735
model method,0.9717
fine source model,0.9727
recognition task model,0.9717
task model,0.9735
