Word,Similarity
learning task,1.0000
range learning task,0.9741
learning relationship task,0.9763
prior learning task,0.9759
sv classification task,0.9808
hierarchical bay,0.9710
tuning,0.9728
vans understanding machine,0.9720
bias,0.9723
configuration tried,0.9711
landmark variant,0.9703
gravity,0.9709
model yielding,0.9738
per classification,0.9725
ability,0.9706
even access,0.9714
test set,0.9724
task decide,0.9713
proceeding pak,0.9718
model trained ranking,0.9701
landmark systematically test,0.9722
selection classification,0.9700
per task training,0.9740
leverage,0.9704
ranking model,0.9727
especially large,0.9704
functional,0.9752
classification given many,0.9760
classification task,0.9741
including ranking,0.9735
task described,0.9745
per factor,0.9742
multi ranking including,0.9722
application joaquin vans,0.9703
perspective,0.9721
given classification al,0.9776
category,0.9777
model including,0.9705
task including,0.9711
typically,0.9702
recommended given classification,0.9799
using ib metal,0.9709
classification,1.0000
rank lin,0.9702
choice,0.9764
training sur model,0.9729
meta per classification,0.9760
ranking ie ordered,0.9738
model include,0.9720
divide training,0.9702
network using,0.9725
landmark weight,0.9733
task related,0.9735
ml task lecture,0.9707
across data,0.9707
task leverage,0.9703
data based,0.9706
skill,0.9707
system david,0.9730
bias success story,0.9752
factor,0.9727
al different approach,0.9710
task allowing,0.9725
model,0.9760
model specific,0.9741
comparison abdul,0.9734
classify,0.9730
performance specific,0.9716
specific,0.9720
task,0.9709
model landmark,0.9708
selection via metal,0.9736
task recommended,0.9755
landmark evaluated,0.9703
selected evaluated included,0.9720
task weight,0.9736
feedback,0.9738
comparison,0.9779
hut using,0.9728
pont learning,0.9713
across task recommended,0.9735
task recommendation,0.9740
mayo towards framework,0.9705
configuration,0.9752
metal system,0.9708
rule single,0.9756
hut evaluated,0.9703
survey joaquin vans,0.9729
per factor usually,0.9721
based factor,0.9744
survey joaquin,0.9736
method lin,0.9704
pattern,0.9725
using training,0.9761
prediction warm guide,0.9710
data characteristic,0.9703
al propose approach,0.9712
system involve,0.9706
factor requires,0.9732
classification al,0.9771
system,0.9731
model selection,0.9707
connection,0.9704
vans importance tuning,0.9716
conclusion,0.9713
automatic selection,0.9712
per task look,0.9705
recommendation,0.9700
structurally,0.9703
testing see,0.9717
predicting rank,0.9729
testing,0.9720
power,0.9723
processing,0.9724
per form feature,0.9724
distance,0.9712
influence,0.9730
given classification,0.9807
pratt take model,0.9710
bas concept,0.9706
based,0.9711
based hand,0.9708
standardized overcome problem,0.9727
based promising,0.9701
survey starting,0.9726
robbins aspect sequential,0.9702
performance class,0.9713
al task hand,0.9713
type,0.9710
hen discovering hierarchy,0.9780
vans selecting classification,0.9729
stern,0.9702
multiple,0.9713
spectrum,0.9736
task dee,0.9725
model rep,0.9750
selection tod,0.9717
similarity,0.9746
hierarchical bay,0.9724
configuration yielding,0.9721
al approach hyper,0.9734
tuning,0.9731
technique joaquin vans,0.9707
cycle,0.9724
cb approach,0.9759
approach meta,0.9737
proto,0.9722
bias,0.9780
infinite,0.9725
configuration tried,0.9714
data joaquin,0.9711
multi,0.9774
opt proceeding pri,0.9757
landmark variant,0.9721
gravity,0.9715
using bay neural,0.9705
approach semi,0.9740
model yielding,0.9784
defining,0.9702
using genetic,0.9701
sampling,0.9746
corresponding,0.9714
based empirical,0.9706
hut hyper importance,0.9704
neighbor,0.9701
model combine,0.9740
particular,0.9707
observation,0.9740
baxter,0.9706
useful meta warm,0.9722
measurement,0.9807
method lin stud,0.9746
residual,0.9764
proceeding pak,0.9706
considered,0.9732
important,0.9712
approach ic,0.9775
approach,0.9710
selection metal,0.9726
practical comparison,0.9747
landmark systematically test,0.9728
capability,0.9705
opt using,0.9716
focused,0.9710
collaboration,0.9731
deep neural,0.9743
operation,0.9725
indication,0.9709
kernel,0.9734
structured,0.9766
method wire,0.9724
synthetic,0.9750
perspective cold,0.9701
tome,0.9708
regression landmark within,0.9743
leverage,0.9769
freeze,0.9727
sur model based,0.9744
al many application,0.9701
functional,0.9785
method somewhat,0.9762
survey mana,0.9726
probing,0.9722
scala,0.9734
beam,0.9720
pro le using,0.9712
using ib,0.9713
factor propose,0.9735
using,0.9718
tune,0.9714
tuna,0.9706
task meta trained,0.9707
application joaquin vans,0.9709
suitable,0.9746
neural,0.9757
activation,0.9733
perspective,0.9766
model prior,0.9727
survey mart,0.9710
category,0.9753
model kn,0.9709
malik,0.9705
task trained,0.9702
sanjay,0.9701
typically,0.9705
shifting,0.9711
warm sur model,0.9705
task transfer,0.9717
experiment,0.9701
leaf,0.9754
regression,1.0000
fusion,0.9739
combination bay,0.9712
including hyper,0.9714
deng prediction,0.9702
mechanism,0.9777
proceeding ib,0.9709
model rosen,0.9765
method,0.9793
setting,0.9718
bas concept variation,0.9727
complementary,0.9778
training sur model,0.9720
landmark vector,0.9720
sorting,0.9740
application joaquin,0.9732
workshop,0.9720
mutation,0.9739
initial,0.9701
task case,0.9716
application ph,0.9741
meta proceeding pak,0.9717
model generally,0.9736
particularly,0.9703
empirical,0.9751
factor technique,0.9731
algorithm brazilian,0.9726
certain,0.9732
rule,0.9740
proper,0.9716
solution,0.9740
al extend approach,0.9708
discussion,0.9704
unrelated,0.9737
principle,0.9763
requiring,0.9733
allowing,0.9746
optimization joaquin vans,0.9712
importance,0.9708
stump,0.9705
retrieve,0.9733
soy,0.9718
labelled,0.9705
relatively,0.9704
response,0.9741
task leverage,0.9729
weight,0.9702
data based,0.9739
system david,0.9763
leaf agreement,0.9745
predicting,0.9774
approach density,0.9730
factor,0.9740
decision,0.9717
model,0.9710
prediction,0.9808
comparing,0.9738
model specific,0.9765
comparison abdul,0.9764
pan,0.9727
reinforcement,0.9727
dependent,0.9760
configuration sc bard,0.9730
factor automated,0.9743
effectively,0.9727
however method,0.9717
mach,0.9705
using bay,0.9711
process,0.9719
yielding,0.9709
dimensional,0.9783
classify,0.9775
natural,0.9713
performance specific,0.9724
opt synthetic,0.9715
task tune,0.9701
specific,0.9773
significant,0.9708
difficult,0.9709
tackle,0.9713
task,0.9732
opt performance davis,0.9704
model landmark,0.9735
using meta,0.9719
model sur,0.9722
algorithm guided,0.9716
dimensional mic,0.9707
task important,0.9704
derivation,0.9710
meta used,0.9729
resolution,0.9740
application bi,0.9743
task weight,0.9712
lever,0.9737
survey metal,0.9717
standard,0.9735
behavior,0.9766
modeled,0.9745
feedback,0.9779
loren,0.9722
via model sur,0.9716
via sampling,0.9719
comparison,0.9816
focus,0.9740
hut using,0.9719
al use experiment,0.9718
integrating,0.9786
tool,0.9715
accurately,0.9702
feedback manuscript metal,0.9721
instead learning,0.9713
integration,0.9721
pont learning,0.9712
modified multi,0.9704
feature need,0.9709
al weight predict,0.9711
algorithm across,0.9718
predicted,0.9713
case optimal,0.9738
interval,0.9709
configuration,0.9770
causal,0.9779
scaling,0.9777
al sur model,0.9711
descent,0.9731
thru reinforcement,0.9710
analogy,0.9743
fixed,0.9705
malik learning opt,0.9709
aspect,0.9724
utilizing regression,0.9721
technique multi,0.9754
problem,0.9702
commonly,0.9730
independently,0.9753
varied,0.9721
branch,0.9721
memory,0.9722
understanding,0.9711
sequence,0.9712
groundbreaking,0.9752
evaluation landmark,0.9717
inference,0.9787
directly,0.9718
batch,0.9702
extend,0.9711
allowing neural,0.9717
characteristic,0.9725
per factor usually,0.9715
based factor,0.9707
procedure fe,0.9707
flexible,0.9744
framework,0.9755
induction,0.9796
utilizing,0.9730
opt e using,0.9721
particular fertile,0.9735
factor multi,0.9762
survey,0.9702
method lin,0.9777
useful,0.9749
recipe,0.9751
pattern,0.9783
using training,0.9720
factor approach,0.9723
data characteristic,0.9780
al propose approach,0.9728
system involve,0.9732
transferring,0.9727
semi learning,0.9761
learning proceeding ic,0.9734
process using,0.9731
conditioned,0.9709
factor requires,0.9724
system de,0.9714
tri,0.9720
understood inference,0.9714
system,0.9714
mach learn,0.9720
significantly,0.9725
lever prior,0.9713
model selection,0.9766
combining,0.9738
instead manually,0.9708
connection,0.9741
factor propose deep,0.9717
model including hyper,0.9704
hyper,0.9739
analysis,0.9723
recommendation,0.9744
meta,0.9766
structurally,0.9749
producing,0.9700
algorithm novel,0.9758
generation,0.9730
testing see,0.9722
application,0.9766
adjust,0.9750
testing,0.9763
pinto,0.9709
size,0.9700
processing,0.9798
similarity take,0.9705
bas,0.9722
process specific,0.9746
meta use,0.9724
suitable transfer,0.9703
al recommend initial,0.9704
filter,0.9780
training,0.9706
ri using,0.9713
useful meta,0.9713
distance,0.9723
limitation,0.9726
influence,0.9709
model comprise,0.9745
radically,0.9710
weighted,0.9760
expert,0.9727
survey jurgen,0.9704
cha utilizing regression,0.9818
sy,0.9717
estimation de,0.9702
model transfer,0.9743
based metal,0.9717
framework distance,0.9739
based,0.9740
inherently,0.9713
method machine,0.9771
transfer,0.9737
based promising,0.9710
divide,0.9737
instead prediction,0.9712
certain concept,0.9707
phased,0.9751
overcome,0.9707
wire,0.9718
bay optimization,0.9711
scale,0.9712
model factor,0.9723
automated,0.9730
input,0.9716
bas complexity,0.9720
filtering,0.9771
requires,0.9727
robbins aspect sequential,0.9712
via relative,0.9707
type,0.9749
adaptive levin,0.9737
hut evaluated technique,0.9716
resulting,0.9707
opt proceeding ec,0.9775
task sur,0.9705
rarely,0.9710
knowledge empirical,0.9707
discovery database,0.9712
experiment database,0.9718
knowledge discovery database,0.9877
performance experiment database,0.9729
focus component,0.9702
data meta,0.9738
meta feature,0.9809
power meta feature,0.9779
data meta loren,0.9715
meta learning,1.0000
transfer learning,0.9757
performance learning,0.9715
evolution learning,0.9779
network learning,0.9773
auto learning,0.9782
range learning,0.9729
goal learning,0.9809
task learning,0.9801
cross learning,0.9846
learning transfer,0.9728
multi learning,0.9757
type learning,0.9727
step learning,0.9712
set learning,0.9722
