Word,Similarity
bay program,0.9705
feedback,0.9738
themed,0.9717
bias,0.9723
leverage,0.9704
regulation,0.9747
perspective address,0.9709
framework showing,0.9750
processing,0.9724
roots within educational,0.9717
model,0.9760
perspective,0.9721
due practical benefits,0.9722
models therefore driving,0.9709
classification,1.0000
orders,0.9712
responses,0.9718
evolution compelling demonstrated,0.9704
directions,0.9711
scales via,0.9736
task,0.9709
measuring,0.9721
system,0.9731
metal using deep,0.9702
principles metal,0.9701
typically,0.9702
connection,0.9704
work demonstrated,0.9716
hierarchical bay,0.9710
community however,0.9711
factor,0.9727
biological plausible model,0.9732
therefore driving,0.9702
specific,0.9720
given sufficient training,0.9724
based,0.9711
ability,0.9706
data using,0.9718
models,0.9742
models understand,0.9719
level involves,0.9708
classify,0.9730
testing,0.9720
aspect,0.9724
basal,0.9747
process recent,0.9751
reinforcement,0.9727
since structure afford,0.9717
mechanisms span,0.9720
intuitive,0.9753
feedback,0.9779
using,0.9718
behavior,0.9766
melt,0.9711
cortex,0.9787
via evolution,0.9716
simulation,0.9750
indeed bias,0.9712
fruit avenues research,0.9711
themed,0.9717
jj using,0.9721
deep neural,0.9743
principles,0.9728
particular sub,0.9713
bias,0.9780
suggesting,0.9741
leverage,0.9769
approach,0.9710
early account biological,0.9700
process termed,0.9735
framework recent,0.9711
processing,0.9798
effectively tracks,0.9704
useful,0.9749
accordance,0.9729
scale,0.9712
circle,0.9721
induction,0.9796
precise,0.9720
momentum,0.9736
properties,0.9730
metal implemented ai,0.9712
core,0.9722
characterized,0.9715
memory,0.9722
hyper,0.9739
proto,0.9722
model,0.9710
perspective,0.9766
weight,0.9702
mechanisms,0.9804
solution,0.9740
suggested,0.9718
paradigm,0.9754
crucial,0.9753
strictly,0.9749
process,0.9719
baxter,0.9706
broadly,0.9758
interest,0.9730
hypothesis,0.9774
syn learning,0.9715
determination,0.9705
essentially,0.9736
responses,0.9731
corresponding,0.9714
evolution compelling demonstrated,0.9700
dependent,0.9760
directions,0.9714
origins,0.9724
contrast,0.9753
meta,0.9766
prevalent,0.9703
approach cid,0.9737
task,0.9732
implementations,0.9715
measuring,0.9738
concepts,0.9761
methods metal,0.9707
bay inference combined,0.9713
system,0.9714
al optimal behavioral,0.9730
multiple,0.9713
survey,0.9702
parallels,0.9756
affect,0.9746
baldwin evolution,0.9703
binding,0.9759
al task neural,0.9707
principles metal,0.9771
focus,0.9740
integrated,0.9716
important,0.9712
problems,0.9714
routine,0.9728
compared,0.9725
typically,0.9705
structured,0.9766
particular mental,0.9707
implementations metal,0.9772
input,0.9716
connection,0.9741
fundamental,0.9742
factor also,0.9723
capture,0.9703
basis,0.9776
certain,0.9732
influential,0.9731
neural,0.9757
require,0.9728
hierarchical bay,0.9724
allowing,0.9746
roots,0.9725
sy,0.9717
factor,0.9740
particular,0.9707
directly,0.9718
rules,0.9719
focused,0.9710
program,0.9703
pursuit,0.9733
decision,0.9717
initial,0.9701
mental sc described,0.9731
cid,0.9704
retrieval,0.9759
implementing,0.9724
problem,0.9702
combined hypothesis,0.9732
spontaneously,0.9723
system specifically,0.9706
metal implemented,0.9721
therefore driving,0.9701
specific,0.9773
based,0.9740
system scratch,0.9713
scales,0.9754
generation,0.9730
al simple neural,0.9706
rule,0.9740
novelty,0.9727
transfer,0.9737
data using,0.9714
models,0.9707
method,0.9793
prediction,0.9808
colleagues,0.9704
cid neuroscience metal,0.9704
developmental,0.9717
relatively,0.9704
inference,0.9787
settings,0.9755
particularly,0.9703
crucial dependent,0.9705
pre st systems,0.9703
understanding,0.9711
symbols,0.9732
methods,0.9794
adjust,0.9750
nest learning,0.9721
avenues,0.9710
context,0.9710
network cid weight,0.9730
multi,0.9774
models understand,0.9713
termed,0.9753
training,0.9706
theories,0.9758
strong implications,0.9712
inference combined,0.9758
incorporating,0.9746
strong implications task,0.9701
effectively,0.9727
memory metal,0.9704
framework,0.9755
integrating,0.9786
insights,0.9709
descent,0.9731
natural,0.9713
behaviors,0.9722
carving,0.9736
furthermore,0.9701
flex,0.9718
classify,0.9775
metal cid proposed,0.9701
presumably,0.9715
lobes,0.9722
behavioral,0.9731
integration,0.9721
flexible,0.9744
testing,0.9763
consolidation,0.9704
simple principles metal,0.9716
conceptual knowledge humans,0.9703
based learning,0.9701
error learning,0.9767
rule learning,0.9811
idea learning,0.9710
transfer learning,0.9757
range learning,0.9729
level learning,0.9749
meta learning,1.0000
scales learning,0.9743
structure learning,0.9775
evidence meta learning,0.9704
formation learning,0.9734
concept learning,0.9879
task learning,0.9801
inference learning,0.9788
inner scale learning,0.9802
efficient learning,0.9704
solution learning,0.9810
self learning,0.9713
scale learning,0.9780
drive learning,0.9755
human concept learning,0.9775
computational model,0.9720
perspective address,0.9716
approach whereby,0.9723
method model,0.9779
optimal policy,0.9708
plausible model,0.9736
theoretical approach,0.9700
hierarchical bay model,0.9717
general focus,0.9712
approach whereby initial,0.9709
common framework recent,0.9700
combined hypothesis,0.9707
useful prior ind,0.9706
inference decision,0.9742
useful prior,0.9702
task design,0.9782
method,0.9768
framework model,0.9779
learning model,0.9890
learning framework model,0.9742
deep learning framework,0.9700
structure learning model,0.9757
meta learning,0.9744
bay program,0.9731
mechanisms span,0.9700
feedback,0.9743
lifetime see evidence,0.9702
paradigm cognition,0.9701
parallels general,0.9722
review processes suggested,0.9729
within bay framework,0.9747
systems see,0.9797
computational model,0.9856
ar model,0.9757
implications task,0.9742
bay framework showing,0.9724
implementation,0.9733
indeed bias,0.9714
fruit avenues research,0.9710
common framework,0.9779
outcome trial,0.9725
bias,0.9721
systems,0.9719
also suggested,0.9719
metal hierarchical,0.9721
process termed,0.9714
regulation,0.9749
perspective address,0.9769
framework recent,0.9739
framework showing,0.9755
processing,0.9709
metal implemented ai,0.9747
multiple scales terms,0.9720
model,0.9791
perspective,0.9756
cid proposed,0.9719
mechanisms,0.9710
convergence nak,0.9703
models therefore driving,0.9719
cid see comprehensive,0.9724
classification,0.9741
hypothesis,0.9719
trial metal,0.9719
metal robust history,0.9726
method model,0.9875
responses,0.9743
metal systems,0.9709
evolution compelling demonstrated,0.9701
scales via,0.9715
direct relevance metal,0.9733
gradient descent,0.9700
approach cid,0.9728
lifetime see,0.9710
bay inference combined,0.9718
system,0.9758
al optimal behavioral,0.9716
optimal policy,0.9728
single lifetime see,0.9719
al task neural,0.9701
principles metal,0.9746
plausible model,0.9790
model k,0.9767
metal method model,0.9774
detailed complex,0.9728
scales see,0.9707
evidence,0.9721
implementations metal,0.9713
input,0.9728
factor also,0.9760
hierarchical bay models,0.9823
gradient metal hierarchical,0.9701
basis,0.9735
perspective address deep,0.9760
bay framework,0.9712
ne data using,0.9785
theories basal,0.9730
pro program,0.9711
work demonstrated,0.9738
hierarchical bay,0.9747
implementation metal,0.9763
science hierarchical bay,0.9722
hierarchical bay model,0.9875
classification labels,0.9785
rules,0.9708
data,0.9753
evidence meta,0.9729
general focus,0.9743
scales see figure,0.9717
reason detailed complex,0.9717
biological plausible model,0.9762
mental sc described,0.9749
common framework recent,0.9797
key quality,0.9701
framework learning,0.9712
theoretical models,0.9716
optimal policies,0.9706
closely related grid,0.9706
influential bay framework,0.9713
combined hypothesis,0.9744
sufficient statistics,0.9719
system specifically,0.9708
systems behavioral,0.9706
data recent,0.9728
training task,0.9715
useful prior ind,0.9723
inference decision,0.9737
perspective see,0.9724
case shown neural,0.9723
useful prior,0.9740
task design,0.9818
metal hierarchical bay,0.9702
data using,0.9800
implementation metal within,0.9731
models,0.9730
method,0.9789
ro organization frontal,0.9724
model model,0.9711
framework model,0.9892
pre st systems,0.9769
companion implements evolutionary,0.9700
methods,0.9773
context,0.9746
network cid weight,0.9728
scientific models,0.9728
models understand,0.9769
inference combined,0.9742
level involves,0.9737
policies near,0.9701
strong implications task,0.9753
framework,0.9765
networks typically trained,0.9704
framework neuroscience,0.9703
integration,0.9706
testing,0.9705
therefore recognized need,0.9706
models therefore,0.9711
outcome trial,0.9718
regulation,0.9723
model,0.9705
classification,0.9750
selected,0.9718
system,0.9708
pro program,0.9726
hierarchical bay model,0.9703
classification labels,0.9722
common framework recent,0.9717
combined hypothesis,0.9706
task design,0.9700
distinction,0.9707
method,0.9707
framework model,0.9735
competition,0.9720
first trial metal,0.9709
error learning,0.9743
rule learning,0.9804
idea learning,0.9703
ai deep learning,0.9735
fast adapt learning,0.9700
range learning,0.9733
overview learning,0.9787
level learning,0.9846
meta learning,0.9841
models learning,0.9742
scales learning,0.9791
period learning,0.9742
concept learning,0.9811
framework learning,0.9719
task learning,0.9866
inference learning,0.9777
inner scale learning,0.9776
efficient learning,0.9755
model learning,0.9819
solution learning,0.9740
self learning,0.9717
learning using,0.9722
scale learning,0.9826
drive learning,0.9771
useful learning,0.9704
learning model,0.9721
method model,0.9708
based learning,0.9801
transfer learning,0.9722
meta learning,0.9733
structure learning,0.9717
solution learning,0.9737
reward based learning,0.9754
range learning,0.9713
meta learning,0.9733
concept learning,0.9714
conference learning,0.9737
arbitration model,0.9718
method model,0.9757
metal method model,0.9710
optimization model,0.9709
