Word,Similarity
conclusions,0.9712
regardless whether research,0.9720
synth crucial understanding,0.9718
methods regardless research,0.9711
methods classified,0.9742
including research purpose,0.9712
advances findings described,0.9709
category,0.9777
classification,1.0000
coding,0.9744
criteria included,0.9744
characteristics,0.9757
typically,0.9702
criteria inclusion,0.9715
based classifications fig,0.9728
qu studies excluded,0.9721
criteria,0.9744
methods purpose,0.9718
studies based higher,0.9707
criteria study,0.9767
analyzed,0.9709
discussion h ts,0.9706
researchers take,0.9705
system large,0.9702
database selecting,0.9740
based,0.9711
system thornton,0.9712
significantly ku,0.9705
based classifications,0.9751
among studies,0.9706
regardless,0.9709
distance,0.9712
methods dominated,0.9702
classifications,0.9827
regardless research purpose,0.9701
willingness researchers trial,0.9713
methods among,0.9717
subject,0.9709
particularly access,0.9741
methods regardless,0.9704
systems evaluate,0.9712
classified,0.9715
studies included meta,0.9713
methods case,0.9711
directions,0.9711
importantly,0.9706
categorized investigating,0.9767
categorized investigating affect,0.9718
including research,0.9717
type,0.9710
system,0.9731
alfa surveyed attitudes,0.9723
regardless research,0.9727
influence,0.9730
examining,0.9738
advantage,0.9712
based criterion,0.9713
respectively categorized designing,0.9723
discipline,0.9727
criterion,0.9747
focuses,0.9702
often studies,0.9703
synth crucial understanding,0.9732
insights,0.9709
methods regardless research,0.9750
methods preferred,0.9708
methods classified,0.9758
handheld,0.9718
using,0.9718
etc believe,0.9711
counts,0.9723
methods tri,0.9766
particular learning,0.9700
analysis,0.9723
observation,0.9740
prevalent,0.9703
predicted,0.9713
particular,0.9707
methods,0.9794
setting,0.9718
data communicating,0.9703
natural,0.9713
furthermore informal,0.9711
system zur,0.9757
category,0.9753
methods authorship,0.9720
commonly,0.9730
tri,0.9720
device,0.9735
cycle,0.9724
independently,0.9753
productivity,0.9747
valuable synth,0.9712
corresponding,0.9714
poses,0.9708
techniques,0.9762
system sc,0.9718
definition,0.9750
delivering,0.9733
frequency,0.9763
cid,0.9704
relatively,0.9704
coding,0.9793
memory,0.9722
stressed,0.9721
characteristics,0.9718
typically,0.9705
method examining,0.9721
gesture,0.9701
analyses,0.9721
qu studies excluded,0.9701
behavior,0.9766
criteria,0.9716
methods purpose,0.9745
discussion,0.9704
context,0.9710
usage,0.9720
hyper,0.9739
criteria study,0.9704
horizon,0.9712
analyzed,0.9764
experiment,0.9701
tool,0.9715
system large,0.9711
crucial,0.9753
method,0.9793
based,0.9740
understanding,0.9711
branch,0.9721
system thornton,0.9736
alfa,0.9703
suggested,0.9718
prefer,0.9717
framework,0.9755
etc use,0.9732
textbook,0.9755
investigating,0.9700
size,0.9700
distance,0.9723
methods dominated,0.9729
classifications,0.9781
inquiry,0.9730
academia,0.9711
patterns,0.9746
coded,0.9724
system ml,0.9763
technological,0.9725
application,0.9766
methods among,0.9737
pan,0.9727
subject,0.9760
process,0.9719
project,0.9737
innovations,0.9715
di purposes,0.9704
portable,0.9747
significance,0.9727
survey,0.9702
motivation,0.9761
focus,0.9740
significantly,0.9725
quantitative,0.9735
affect,0.9746
response,0.9741
plan,0.9751
methods regardless,0.9762
analyze,0.9748
suitable,0.9746
coded including research,0.9727
purposes,0.9706
origin,0.9725
methods case,0.9771
directions,0.9714
importantly,0.9740
particularly,0.9703
type,0.9749
practice,0.9713
predictions,0.9718
inclusion,0.9707
useful,0.9749
gateway,0.9716
system,0.9714
recreation,0.9720
focused,0.9710
categorized,0.9754
scales,0.9754
vocabulary,0.9772
alfa surveyed attitudes,0.9703
regardless research,0.9722
rely,0.9709
logic,0.9790
instructional,0.9780
initials,0.9726
meta,0.9766
used analyses,0.9703
approach,0.9710
including duplicate,0.9707
influence,0.9709
examining,0.9744
specifically present study,0.9716
based criterion,0.9708
disagreements,0.9713
insight,0.9762
curriculum,0.9729
fixed,0.9705
furthermore,0.9701
significant,0.9708
important,0.9712
organization knowledge,0.9708
initials learning database,0.9732
learning database,0.9817
system large learning,0.9735
advantage learning,0.9740
devices learning,0.9717
tool learning,0.9854
ubiquitous learning,0.9730
formal learning,0.9725
system learning,0.9838
applied learning,0.9758
favored studies,0.9714
methods regardless research,0.9717
methods preferred,0.9742
meta guide research,0.9704
methodology coded including,0.9706
strategies framework,0.9722
meta guide,0.9705
systems evaluate effectiveness,0.9705
method examining,0.9718
inclusion criteria study,0.9735
preferred research,0.9777
low studies,0.9703
criteria study,0.9740
method,0.9768
methods preferred research,0.9759
research method,0.9800
application,0.9700
common focus,0.9704
primary research method,0.9801
evaluation method,0.9824
meta approach,0.9763
method pe,0.9711
used analyses,0.9703
focus group,0.9742
experimental methods preferred,0.9723
survey focus,0.9721
organization knowledge,0.9733
evaluation method,0.9723
tri methods,0.9747
criterion,0.9752
classifications fig,0.9767
devices mainly used,0.9709
favored studies,0.9705
conclusions,0.9717
regardless whether research,0.9721
often studies,0.9711
findings included,0.9745
based three research,0.9741
methods regardless research,0.9776
methods preferred,0.9769
methods classified,0.9793
methods tri,0.9782
meta guide research,0.9749
systems evaluate latter,0.9731
methods,0.9773
including research purpose,0.9714
needs examined directions,0.9712
data communicating,0.9713
furthermore informal,0.9705
met used surveys,0.9726
system zur,0.9735
database,0.9726
terms see,0.9740
category,0.9760
methodology coded including,0.9767
strategies framework,0.9781
cu inclusion criteria,0.9723
current study,0.9724
device,0.9711
institutions followed,0.9704
characteristics mobile,0.9750
methods purpose evaluating,0.9737
results provide practical,0.9739
approaches favored qu,0.9715
meta guide,0.9724
techniques,0.9739
classification,0.9741
methods trends,0.9715
system sc,0.9767
net information suggested,0.9756
systems evaluate effectiveness,0.9765
ml users,0.9721
following volume research,0.9746
criteria included,0.9749
characteristics,0.9751
method examining,0.9763
readers refer descriptions,0.9706
based classifications fig,0.9804
courses use,0.9764
systems assist,0.9708
reference base,0.9721
followed effectiveness table,0.9743
pd may useful,0.9705
inclusion criteria study,0.9806
qu studies excluded,0.9720
research directions,0.9743
research directions regarding,0.9705
effectiveness followed,0.9716
criteria,0.9779
methods purpose,0.9777
context,0.9746
preferred research,0.9766
usage,0.9739
low studies,0.9740
studies based higher,0.9705
criteria study,0.9813
methods used,0.9726
framework likely,0.9727
discussion h ts,0.9727
surveys importantly result,0.9720
system large,0.9731
method,0.9789
origin findings included,0.9702
based criterion count,0.9753
al presented application,0.9701
system thornton,0.9755
terms included,0.9732
criteria data,0.9741
research focus,0.9725
based classifications,0.9771
methods preferred research,0.9734
framework,0.9765
methods dominated distance,0.9747
methods dominated,0.9757
classifications,0.9804
studies identify broader,0.9707
qu studies,0.9711
grounded meta guide,0.9721
major subject domains,0.9718
system ml,0.9792
application,0.9765
willingness researchers trial,0.9708
methods among,0.9738
meta comprehensive,0.9728
subject,0.9721
disciplines findings partially,0.9713
particularly access,0.9748
common focus,0.9712
importantly present study,0.9709
methodology coded,0.9719
response,0.9714
researchers designed,0.9735
methods regardless,0.9756
articles fall categories,0.9714
systems evaluate,0.9782
devices used,0.9749
primary research method,0.9706
studies included meta,0.9708
discussion h,0.9728
coded including research,0.9746
inclusion criteria used,0.9710
methods case,0.9781
system chen,0.9732
categorized investigating,0.9707
major findings include,0.9725
systems,0.9719
inclusion criteria included,0.9755
including research,0.9726
type,0.9711
predictions,0.9751
system h,0.9732
system,0.9758
meta based three,0.9739
system ml developed,0.9709
meta approach,0.9773
study indicates,0.9701
previous studies,0.9709
expectation results,0.9726
fig classification mobile,0.9714
method pe,0.9704
regardless research,0.9730
logic,0.9753
used courses,0.9700
purposes chen,0.9702
qu methods tri,0.9739
instructional,0.9700
used analyses,0.9773
studies excluded failed,0.9711
ts example studies,0.9741
focus group,0.9784
experimental methods preferred,0.9709
suggested pd regarded,0.9720
specifically present study,0.9735
inclusion criteria,0.9760
present study provides,0.9743
findings include,0.9733
based criterion,0.9754
data,0.9753
survey focus,0.9754
distance wiley,0.9700
environments using,0.9745
favored studies,0.9711
major findings,0.9707
fig classification,0.9710
database,0.9710
category,0.9738
cu inclusion criteria,0.9732
classification,0.9750
course subject,0.9701
criteria included,0.9702
characteristics,0.9710
criteria inclusion,0.9703
based classifications fig,0.9702
inclusion criteria study,0.9704
research directions,0.9703
criteria,0.9746
preferred research,0.9752
criteria study,0.9718
method,0.9707
classifications,0.9775
application,0.9753
major categories,0.9709
classified,0.9721
inclusion criteria included,0.9703
type,0.9704
system,0.9708
selected,0.9718
studies excluded failed,0.9706
focus group,0.9706
specifically present study,0.9703
inclusion criteria,0.9763
survey focus,0.9703
system large learning,0.9796
advantage learning,0.9820
tool learning,0.9827
informal learning,0.9705
formal learning,0.9820
natural learning,0.9743
textbook learning,0.9736
system learning,0.9824
applied learning,0.9764
large learning,0.9768
non formal learning,0.9706
situated learning,0.9714
initials learning database,0.9722
learning database,0.9776
role ubiquitous learning,0.9717
ubiquitous learning,0.9736
system learning,0.9703
tool learning,0.9813
system learning,0.9704
video learning,0.9759
