Word,Similarity
rates,0.9704
results training,0.9734
families used specific,0.9719
methods prevent,0.9702
relatively model,0.9705
methods across,0.9713
cyber advantages,0.9716
advantage,0.9712
network near,0.9710
among layer focuses,0.9731
model combines,0.9721
functionality,0.9757
selected evaluation,0.9730
distance,0.9712
higher software,0.9709
ro towards poisoning,0.9708
lee multi classification,0.9741
selected overview,0.9731
processing,0.9724
including congestion,0.9714
significantly collaborative,0.9705
research edge,0.9702
data explained,0.9747
systems using,0.9733
related concepts,0.9704
model,0.9760
based reaches,0.9726
perspective,0.9721
results multi,0.9700
significantly order,0.9719
method divide,0.9721
effective classification,0.9776
deep sc lin,0.9706
families used,0.9727
divides metal model,0.9703
components including model,0.9704
classification,1.0000
principles used,0.9715
protection,0.9734
module,0.9702
attacks results training,0.9712
directions,0.9711
techniques based,0.9713
analyzed,0.9709
classification show,0.9748
divided research,0.9711
connections,0.9713
task,0.9709
models goal,0.9714
system,0.9731
calculation,0.9750
power,0.9723
samples using,0.9701
task proposed,0.9730
principles metal,0.9701
methods based,0.9720
characteristics,0.9757
clients,0.9725
model initial,0.9705
systems showed,0.9702
including model,0.9721
per category,0.9750
classification based performance,0.9709
category,0.9777
classification based,0.9748
kind system,0.9705
system newest,0.9709
pattern,0.9725
classification model,0.9741
attack experimental results,0.9713
specific,0.9720
based,0.9711
following introduction preliminary,0.9702
mal classification,0.9705
ability,0.9706
tasks metal achieved,0.9703
recommendation,0.9700
requirements,0.9741
category given,0.9714
models,0.9742
based methods classification,0.9720
model enthusiasm,0.9731
comparison,0.9779
metal advantage,0.9711
comparison extensive,0.9700
classification stacked,0.9712
payment,0.9718
type,0.9710
conclusion,0.9713
classification show costs,0.9718
modification,0.9710
systems utilize,0.9720
data classification show,0.9728
data based,0.9706
neural named,0.9718
metal system,0.9708
models require,0.9709
classification problem lin,0.9726
classify,0.9730
model widely,0.9739
based considered metal,0.9716
testing,0.9720
categorized,0.9754
multi using,0.9726
aspect,0.9724
macro,0.9710
problem transfer,0.9746
reinforcement,0.9727
metal strategies verified,0.9731
behavior finger,0.9725
rates,0.9757
forensic,0.9711
device,0.9735
tool,0.9715
using,0.9718
pali,0.9753
methods prevent,0.9702
behavior,0.9766
frequent,0.9706
meta use,0.9724
analyze,0.9748
problem ol,0.9744
significantly,0.9725
methods however,0.9710
cyber using,0.9720
relatively model,0.9711
methods across,0.9718
innovations,0.9715
scala,0.9734
simulation,0.9750
model zhou,0.9718
embedded,0.9767
kind system effectively,0.9740
importance,0.9708
model combines,0.9771
functionality,0.9764
deep neural,0.9743
filtering,0.9771
principles,0.9728
transaction data explained,0.9706
size,0.9700
ignorance,0.9703
anomaly metal,0.9706
hybrid attention,0.9724
methods transfer,0.9747
distance,0.9723
required processing,0.9702
evolution scala,0.9730
therefore research,0.9752
approach,0.9710
metal uses,0.9713
dependence,0.9742
based sub,0.9700
therefore application,0.9730
reducing,0.9707
breakthrough,0.9758
asa extracts learning,0.9723
obvious,0.9711
higher software,0.9740
speaking,0.9745
carrier,0.9722
dire algorithms,0.9722
metal strategies,0.9743
wills,0.9730
management need,0.9759
processing,0.9798
conceptual dividing,0.9737
useful,0.9749
application,0.9766
including congestion,0.9708
induction,0.9796
due dependence,0.9754
especially simulate,0.9709
properties,0.9730
core,0.9722
integrated deep,0.9711
research edge,0.9723
explained meta uses,0.9723
data explained,0.9711
systems using,0.9715
integrated evaluated meta,0.9702
related concepts,0.9707
memory,0.9722
hyper,0.9739
proto,0.9722
model,0.9710
application deep,0.9710
similarity,0.9746
perspective,0.9766
model overcome,0.9769
algorithm novel,0.9758
systems including,0.9705
methods type,0.9736
continuous mann,0.9734
significantly order,0.9716
spec application,0.9750
solution,0.9740
application therefore,0.9707
method lead significant,0.9727
performance proposed metal,0.9713
system effectively recommend,0.9704
experiment,0.9701
method divide,0.9768
samples smart,0.9717
due dependence yang,0.9705
process,0.9719
deep sc lin,0.9736
iron,0.9725
families used,0.9711
principle,0.9763
effectively extract,0.9704
using mann,0.9734
metal naive,0.9716
integrated evaluated,0.9709
interest,0.9730
model cyber,0.9717
principles used,0.9746
including intrusion,0.9715
protection,0.9704
techniques,0.9762
module,0.9760
metal uses va,0.9701
corresponding,0.9714
considered,0.9732
bas,0.9722
patterns,0.9746
directions,0.9714
based natural,0.9705
exchange,0.9728
anomaly,0.9749
techniques based,0.9746
meta,0.9766
analyzed,0.9764
neighbor,0.9701
however due dependence,0.9700
systems significantly,0.9760
problem metal,0.9746
connections,0.9735
based principle deep,0.9723
task,0.9732
energy,0.9705
models goal,0.9742
mature classify mal,0.9741
requires,0.9727
branch,0.9721
mach,0.9705
principle deep neural,0.9715
concepts,0.9761
system,0.9714
utilize,0.9766
multiple,0.9713
survey,0.9702
calculation,0.9770
diagram,0.9730
opt integrated,0.9716
samples using,0.9710
principles metal,0.9771
difficult,0.9709
demand,0.9708
treated,0.9708
integrated,0.9716
analysis using,0.9741
filter,0.9780
micro data,0.9706
methods based,0.9715
important,0.9712
problems,0.9714
investigating,0.9700
pan,0.9727
combining,0.9738
progress core,0.9712
defining,0.9702
methods pattern,0.9762
characteristics,0.9718
kernel,0.9734
regression,1.0000
based metal,0.9717
runaway,0.9747
compared,0.9725
focuses,0.9702
neural tai,0.9724
significance,0.9727
meta typical,0.9710
input,0.9716
capture,0.9703
consideration,0.9731
methods selects,0.9710
basis,0.9776
analyzed advantages,0.9706
system needs,0.9704
model based principle,0.9721
certain,0.9732
data metal,0.9750
model discovering,0.9736
spectrum,0.9736
significant,0.9708
specifically research,0.9713
data based metal,0.9717
using meta,0.9719
model initial,0.9726
neural,0.9757
require,0.9728
decline,0.9717
classification method divide,0.9710
advantages,0.9720
unable,0.9712
requiring,0.9733
powered,0.9718
enhancing machine,0.9710
characteristics subdivided problem,0.9703
compare,0.9728
category,0.9753
sy,0.9717
proved,0.9716
largest,0.9705
system newest,0.9731
directly,0.9718
rules,0.9719
overcome,0.9707
ref metal,0.9716
mal include,0.9714
posed deep neural,0.9703
extraction,0.9750
involving,0.9712
connections leading,0.9700
cutting,0.9773
varies,0.9721
workshop,0.9720
rates metal,0.9733
data explained meta,0.9700
decision,0.9717
initial,0.9701
cid,0.9704
pattern,0.9783
classification model,0.9715
problem,0.9702
method based,0.9701
important dynamic,0.9703
across domains opt,0.9712
based meta proposed,0.9724
continuous mann allows,0.9723
research edge discrete,0.9708
crypt,0.9744
etc popularity,0.9700
kind model used,0.9725
algorithm greatly,0.9705
combining stacked,0.9738
investigation,0.9721
methods framework,0.9706
specific,0.9773
opt effective,0.9726
based,0.9740
meta proposed detection,0.9700
analysis,0.9723
mechanism,0.9777
rarely,0.9710
recommendation,0.9744
thermal,0.9758
methods classification,0.9711
bp need,0.9711
accurately,0.9702
isolation,0.9737
transfer,0.9737
predictions,0.9718
models,0.9707
based methods classification,0.9724
method,0.9793
prediction,0.9808
screening,0.9785
model enthusiasm,0.9769
operating,0.9702
relatively,0.9704
inference,0.9787
processed,0.9706
method accurately,0.9708
based stacked,0.9701
poses,0.9708
divide,0.9737
comparison,0.9816
understanding,0.9711
according need,0.9730
methods,0.9794
adjust,0.9750
organic,0.9700
comparison extensive,0.9737
empirical,0.9751
based smart,0.9700
dissemination,0.9735
meta advantage,0.9700
derived,0.9719
exponential mel,0.9767
mature,0.9705
higher software humans,0.9703
multi,0.9774
edge important,0.9711
meta used,0.9729
based considered,0.9711
training,0.9706
payment,0.9746
system vu,0.9733
method metal,0.9711
gao,0.9705
cutting exploration,0.9732
method lead,0.9700
characteristics subdivided,0.9725
type,0.9749
method achieve,0.9722
divides,0.9705
intrusion te,0.9719
labeled,0.9759
effectively,0.9727
limits,0.9746
worms,0.9733
connected,0.9702
based principle,0.9750
modification,0.9742
sensor,0.9742
framework,0.9755
activation,0.9733
integrating,0.9786
based characteristics,0.9701
descent,0.9731
vulnerability,0.9722
em based,0.9705
natural,0.9713
data based,0.9739
behaviors,0.9722
rely,0.9709
problem cu,0.9707
neural named,0.9754
furthermore,0.9701
based meta,0.9718
classification problem lin,0.9744
classify,0.9775
rate involving,0.9702
model widely,0.9758
integration,0.9721
characteristic,0.9725
summarized,0.9736
micro,0.9712
testing,0.9763
process based knowledge,0.9729
fields feature meta,0.9758
fields feature,0.9712
kinds feature,0.9702
based learning,0.9701
transfer learning,0.9757
intelligent learning,0.9814
e learning,0.9723
meta learning,1.0000
advantage learning,0.9740
properties learning,0.9766
perspective learning,0.9754
multi learning,0.9757
meta ina learning,0.9838
network learning,0.9773
knowledge learning,0.9820
data deep learning,0.9731
data learning,0.9768
set learning,0.9722
model discussed,0.9722
em model,0.9703
posed framework,0.9745
meta use,0.9741
research directions model,0.9739
detection method,0.9776
integrated model,0.9749
selected evaluation,0.9712
management need,0.9713
application,0.9700
visual model,0.9720
based use certain,0.9711
methods based traditional,0.9710
stacked proposed method,0.9707
effective framework,0.9776
anomaly high model,0.9705
framework eliminate,0.9709
method lead significant,0.9739
system effectively recommend,0.9711
method divide,0.9701
effective classification,0.9705
task outer layer,0.9703
principles used,0.9771
process step,0.9701
research framework,0.9705
techniques based,0.9704
based principle deep,0.9710
network method accurately,0.9743
ci use model,0.9710
method trained,0.9709
performance model,0.9793
network model,0.9759
classification model based,0.9732
analysis using,0.9711
language model,0.9732
fi method,0.9753
advantage method,0.9752
model proposed,0.9714
decision rules,0.9704
optimization key model,0.9721
model based principle,0.9790
prediction model,0.9720
advantage related model,0.9758
classification method divide,0.9787
traditional training model,0.9748
kind system,0.9711
advantage related work,0.9703
kn system,0.9722
learning basis principle,0.9702
classification model,0.9800
method based,0.9727
based meta proposed,0.9713
kind model used,0.9728
performance method,0.9724
useful processes,0.9713
training model,0.9813
step use,0.9729
ci advantage method,0.9797
method,0.9768
method accurately,0.9756
analysis available,0.9704
method based three,0.9719
detection based considered,0.9748
method network,0.9718
management need accurately,0.9709
basis principle,0.9716
defense method,0.9844
classification method,0.9716
method lead,0.9764
recommendation system,0.9727
method achieve,0.9726
selection framework,0.9732
based principle,0.9724
effective methods,0.9747
data based,0.9711
metal system,0.9706
requirements principles used,0.9703
model widely,0.9704
metal language model,0.9706
proposed method tested,0.9709
process based knowledge,0.9753
learning work model,0.9720
supervised learning model,0.9818
metal learning model,0.9812
learning model,0.9890
network model,0.9705
node classification model,0.9753
robust learning model,0.9785
characteristic model,0.9710
spa learning model,0.9768
traditional training model,0.9754
deep learning model,1.0000
network activities model,0.9760
good solving model,0.9706
mining model,0.9724
accurate prediction model,0.9738
transfer tasks model,0.9740
meta learning,0.9744
data deep learning,0.9715
network method,0.9717
model defense method,0.9715
metal learning model,0.9714
fi method,0.9704
traditional training model,0.9763
deep learning model,0.9809
performance method,0.9750
problem transfer,0.9777
using machine,0.9713
metal strategies verified,0.9756
behavior finger,0.9717
model yang,0.9733
device,0.9711
model discussed,0.9830
em model,0.9809
posed framework,0.9802
families used specific,0.9763
methods prevent,0.9751
model anomaly,0.9709
meta use,0.9767
following requirements principles,0.9743
language model uses,0.9782
problem ol,0.9704
methods however,0.9760
per spec application,0.9729
research directions model,0.9856
relatively model,0.9729
methods across,0.9762
implementation,0.9733
mann classification stacked,0.9750
framework via,0.9721
model zhou,0.9786
using un data,0.9727
method uses,0.9705
kind system effectively,0.9757
data contains,0.9735
classification models,0.9852
application metal,0.9729
ml mm uses,0.9702
model combines,0.9807
protection anomaly,0.9731
industry therefore kn,0.9700
functionality,0.9723
seen experiments model,0.9768
historically term,0.9703
ci system,0.9710
transaction data explained,0.9741
data classification,0.9759
integrated model,0.9781
systems,0.9719
selected evaluation,0.9733
anomaly metal,0.9720
usually divided research,0.9761
methods transfer,0.9765
table critical infrastructure,0.9776
task set,0.9753
metal model,0.9706
required processing,0.9748
derived knowledge extracted,0.9704
data usually divided,0.9741
therefore research,0.9734
key network characteristics,0.9702
methods techniques based,0.9708
known samples using,0.9724
therefore application,0.9715
higher software,0.9734
framework network based,0.9716
data small,0.9747
algorithms resist,0.9706
stacked proposed,0.9707
model integrate,0.9727
metal strategies,0.9759
network characteristics,0.9785
efficiency calculation difficult,0.9717
included research,0.9747
database,0.9726
management need,0.9771
selected overview,0.9749
metadata ob,0.9776
mit meta used,0.9753
processing,0.9709
comprehensive performance,0.9711
control models,0.9788
ist detection mal,0.9703
vulnerability samples show,0.9710
conceptual dividing,0.9726
effectiveness metal,0.9727
data collected,0.9710
model overcome lack,0.9743
code uses,0.9731
application,0.9765
including congestion,0.9718
predictions metal,0.9721
technology allows,0.9701
fig data contains,0.9702
etc includes,0.9711
data study,0.9741
visual model,0.9781
model two categories,0.9702
research edge,0.9703
explained meta uses,0.9792
data explained,0.9764
systems using,0.9768
integrated evaluated meta,0.9723
related concepts,0.9744
model,0.9791
metal learning model,0.9752
based opt model,0.9702
perspective,0.9756
un model,0.9736
framework combining stacked,0.9716
model overcome,0.9787
based use certain,0.9755
experiments model overcome,0.9718
methods based traditional,0.9736
stacked proposed method,0.9727
algorithm novel,0.9747
systems including,0.9760
framework shown,0.9704
methods type,0.9758
rates metal model,0.9741
vu proposed,0.9705
effective framework,0.9768
anomaly high model,0.9799
results multi,0.9728
framework eliminate,0.9766
spec application,0.9762
application therefore,0.9725
method lead significant,0.9756
performance proposed metal,0.9790
system effectively recommend,0.9766
method divide,0.9776
framework uses,0.9736
integrated model outstanding,0.9708
samples smart,0.9712
effective classification,0.9791
mann model allows,0.9782
classification problem,0.9743
general metal model,0.9764
meta uses,0.9755
function step,0.9730
methods data introduced,0.9716
data compared,0.9735
class predictions metal,0.9747
families used,0.9729
principle,0.9731
divides metal model,0.9717
using mann,0.9721
like technologies support,0.9753
components including model,0.9807
integrated evaluated,0.9704
classification,0.9741
ensemble methods based,0.9764
module projects,0.9727
task outer layer,0.9747
brain theory,0.9725
model cyber,0.9720
large data,0.9736
principles used,0.9821
automatic en based,0.9725
process step,0.9708
rn stacked proposed,0.9730
techniques,0.9739
module,0.9742
related model,0.9820
samples show using,0.9739
ac workshop,0.9703
metal uses va,0.9703
models therefore research,0.9703
data structure,0.9768
test contains,0.9721
based methods,0.9706
derived data,0.9817
attacks results training,0.9746
related data,0.9717
single task outer,0.9706
methods integration,0.9723
fig research framework,0.9803
classification models however,0.9809
gradient descent,0.9700
data related,0.9763
related model work,0.9702
research framework,0.9754
techniques based,0.9771
classification show,0.9721
divided research,0.9740
data visual model,0.9759
practical posed model,0.9713
rom framework adapted,0.9766
systems significantly,0.9765
based metadata,0.9717
problem metal,0.9724
connections,0.9727
based principle deep,0.9760
proposed method achieve,0.9703
using ones algorithm,0.9700
models goal,0.9761
operational concept like,0.9735
hi data related,0.9767
network method accurately,0.9746
data compared traditional,0.9709
system,0.9758
physical layer,0.9718
ci use model,0.9821
model uses,0.9806
original data central,0.9725
calculation,0.9712
framework based,0.9736
theory proposed,0.9715
diagram,0.9759
performance model,0.9875
network model,0.9846
classification model based,0.9884
model used,0.9764
samples using,0.9769
task proposed,0.9751
also include,0.9709
principles metal,0.9746
analysis using,0.9774
micro data,0.9793
methods based,0.9748
language model,0.9861
optimal training,0.9718
progress core,0.9747
metric metal model,0.9717
methods pattern,0.9790
characteristics,0.9751
security issue,0.9711
model ad,0.9725
regression,0.9715
based metal,0.9716
network bp need,0.9727
function models require,0.9756
vehicle systems showed,0.9721
input,0.9728
framework detecting,0.9727
methods limited,0.9740
users cid research,0.9706
branch proposed,0.9720
se data contains,0.9731
problem areas,0.9748
model proposed,0.9765
methods selects,0.9771
stack integrated,0.9742
automation may used,0.9746
basis,0.9735
optimization key model,0.9828
analyzed advantages,0.9736
system needs,0.9749
basic model,0.9776
model based principle,0.9812
cyber includes,0.9734
effectiveness metal framework,0.9750
performance model initial,0.9782
characteristic model,0.9785
data metal,0.9763
model discovering,0.9764
prediction model,0.9827
specifically research,0.9723
data based metal,0.9743
research directions,0.9743
using meta,0.9708
model initial,0.9763
directions model,0.9793
advantage related model,0.9844
model allows,0.9749
classification method divide,0.9835
including model,0.9748
enhancing machine,0.9726
framework used,0.9708
mm uses,0.9724
classification based performance,0.9723
characteristics subdivided problem,0.9753
experiments show method,0.9715
category,0.9760
classification based,0.9731
se data,0.9727
data shortage,0.9786
application north,0.9751
traditional training model,0.9719
kind system,0.9734
advantage related work,0.9740
effective distance,0.9729
system newest,0.9747
hi data,0.9755
rules,0.9708
data,0.9753
ad uses,0.9731
kn system,0.9781
application problem areas,0.9789
model results,0.9797
need model high,0.9706
per ml regression,0.9716
io devices proposed,0.9702
extent lin,0.9713
learning basis principle,0.9726
en systems utilize,0.9721
data treated,0.9797
con metal model,0.9720
used performance,0.9719
data often,0.9702
workshop,0.9712
parameters model enthusiasm,0.9751
metal automatic learning,0.9701
sense en systems,0.9732
data explained meta,0.9743
network activities model,0.9736
pattern,0.9718
classification model,1.0000
algorithm mann first,0.9703
method based,0.9779
methods constructed using,0.9717
test,0.9727
across domains opt,0.9747
based meta proposed,0.9805
continuous mann allows,0.9734
framework adapted,0.9759
advantage metric,0.9734
kind model used,0.9798
knowledge methods across,0.9737
attack experimental results,0.9708
methods type metal,0.9720
methods framework,0.9798
lim application,0.9719
opt model,0.9772
sure historically term,0.9706
using gradient descent,0.9722
model opt,0.9733
meta proposed detection,0.9726
transmitted lu,0.9720
following introduction preliminary,0.9707
useful processes,0.9771
mal classification,0.9715
training model,0.9871
framework traditional,0.9723
model integrate five,0.9726
lot data,0.9714
recommendation,0.9720
requirements,0.9762
comparison network,0.9705
concept like,0.9701
model cyber difficult,0.9700
systems using meta,0.9726
task outer,0.9712
problems areas fig,0.9730
methods classification,0.9738
step use,0.9751
ci advantage method,0.9754
model proposed system,0.9725
predictions,0.9751
scenarios adopt,0.9715
models,0.9730
based methods classification,0.9783
meta proposed,0.9700
used researchers solve,0.9727
method,0.9789
treated data,0.9718
stack model,0.9774
model enthusiasm,0.9753
framework network,0.9713
original data,0.9713
data different,0.9706
method accurately,0.9756
based stacked,0.9714
analysis available,0.9717
tasks relatively model,0.9702
methods across domains,0.9751
need model,0.9723
metal view,0.9703
comparison,0.9756
previous prototype networks,0.9712
detection collaborative recommend,0.9701
method based three,0.9767
detection based considered,0.9778
methods,0.9773
comparison extensive,0.9779
method network,0.9752
integrated machine,0.9700
tasks use,0.9758
category con,0.9709
exponential mel,0.9730
data small part,0.9749
management need accurately,0.9749
following requirements,0.9722
classification stacked,0.9721
basis principle,0.9769
proposed using,0.9707
meta used,0.9769
defense method,0.9715
based considered,0.9710
network mann used,0.9740
system vu,0.9746
method metal,0.9718
method lead,0.9745
used performance model,0.9726
characteristics subdivided,0.9770
type,0.9711
method achieve,0.9748
system maintains,0.9702
selection framework,0.9800
framework combining,0.9742
simulation results show,0.9763
grid emerging,0.9748
dynamic selected overview,0.9715
conclusion,0.9711
classification show costs,0.9708
characteristics select,0.9706
based principle,0.9769
effective methods,0.9718
systems utilize,0.9717
sensor,0.9705
framework,0.9765
based characteristics,0.9770
data classification show,0.9849
em based,0.9734
data based,0.9808
neural named,0.9714
metal system,0.9784
data introduced,0.9708
stack integrated model,0.9761
study current status,0.9704
based meta,0.9716
models require,0.9723
screening found,0.9719
classification problem lin,0.9782
model defense,0.9708
requirements principles used,0.9744
useful data,0.9723
rate involving,0.9702
model widely,0.9805
integration,0.9706
model based stacked,0.9711
metal language model,0.9825
summarized,0.9707
investigation acknowledge experiment,0.9727
based considered metal,0.9717
proposed method tested,0.9740
components including,0.9744
testing,0.9705
models therefore,0.9711
techniques based opt,0.9718
em model,0.9709
research directions model,0.9728
mann classification stacked,0.9702
selected evaluation,0.9744
network characteristics,0.9705
database,0.9710
selected overview,0.9764
application,0.9753
model,0.9705
interested field,0.9731
results multi,0.9706
performance proposed metal,0.9713
effective classification,0.9866
class predictions metal,0.9730
classification,0.9750
principles used,0.9711
selected,0.9718
fig research framework,0.9725
system,0.9708
diagram,0.9706
performance model,0.9714
task proposed,0.9704
progress core,0.9718
characteristics,0.9710
security issue,0.9705
research directions,0.9703
classification method divide,0.9734
category,0.9738
data shortage,0.9709
application north,0.9720
kn system,0.9712
data treated,0.9713
classification model,0.9781
based meta proposed,0.9711
framework adapted,0.9702
mal classification,0.9752
training model,0.9702
recommendation,0.9721
requirements,0.9723
category given,0.9715
method,0.9707
comparison,0.9701
following requirements,0.9704
classification stacked,0.9719
method lead,0.9700
type,0.9704
grid emerging,0.9710
dynamic selected overview,0.9715
data classification show,0.9725
metal system,0.9715
basic learning,0.9813
intelligent learning,0.9715
supervised learning,0.9726
meta learning,0.9841
internal basic learning,0.9747
directions learning,0.9719
advantage learning,0.9820
related learning,0.9702
optimal training,0.9726
perspective learning,0.9726
multi learning,0.9773
internal learning,0.9785
meta ina learning,0.9774
automatic learning,0.9715
knowledge learning,0.9707
model learning,0.9819
dividing learning,0.9708
data learning,0.9819
continuous learning,0.9812
conceptual dividing learning,0.9726
set learning,0.9734
tasks model,0.9721
learning model,0.9721
ci use model,0.9774
network model,0.9723
language model,0.9701
node classification model,0.9720
characteristic model,0.9701
deep learning model,0.9714
network activities model,0.9769
stack model,0.9704
recommendation system,0.9761
transfer tasks model,0.9746
based learning,0.9801
transfer learning,0.9722
meta learning,0.9733
robust learning,0.9735
based transfer learning,0.9710
techniques based learning,0.9823
network learning,0.9760
stream data learning,0.9710
meta transfer learning,0.9758
data deep learning,0.9793
meta robust learning,0.9710
e learning,0.9723
meta learning,0.9733
cyber learning,0.9730
conference learning,0.9737
classification models,0.9721
language model,0.9723
node classification model,0.9845
characteristic model,0.9815
prediction model,0.9743
network activities model,0.9704
ensemble model,0.9798
optimization model,0.9709
accurate prediction model,0.9754
transfer tasks model,0.9720
grid continuous model,0.9723
