Word,Similarity
distance,0.9712
influence,0.9730
processing,0.9724
task tuning,0.9712
tuning,0.9728
model,0.9760
model initial,0.9705
data intent,0.9709
configuration,0.9752
based,0.9711
task sentiment,0.9731
task consideration,0.9745
data han,0.9716
sampled training,0.9706
task figure,0.9733
choice,0.9764
interface,0.9704
classification,1.0000
network weight,0.9710
type,0.9710
category,0.9777
stud tended system,0.9702
classification task,0.9741
algorithm despite,0.9710
task accompanied,0.9706
classification yi,0.9769
tended system developed,0.9727
task related,0.9735
test set,0.9724
task bert,0.9705
data comprised,0.9706
network using,0.9725
validation following,0.9714
survey wen,0.9701
task significantly,0.9708
including training task,0.9711
classification label,0.9729
milestone transfer,0.9700
task thru pratt,0.9703
task cola,0.9723
classification model,0.9741
model expected,0.9734
task,0.9709
tended system,0.9736
sampled training task,0.9730
task ata,0.9724
system,0.9731
specific,0.9720
testing,0.9720
class intent,0.9750
gao,0.9705
pot,0.9701
essentially para,0.9702
strict,0.9706
distance,0.9723
ric learning,0.9751
interpreted,0.9716
glue,0.9766
survey,0.9702
rely,0.9709
problem contrast,0.9767
influence,0.9709
meta,0.9766
processing,0.9798
task tuning,0.9735
resolution,0.9740
understanding,0.9711
tuning,0.9731
routine,0.9728
model,0.9710
training,0.9706
comparing,0.9738
scala,0.9734
labeled,0.9759
essentially problem,0.9721
method,0.9793
model initial,0.9726
bert generalized,0.9732
data intent,0.9738
instead opt,0.9732
configuration,0.9770
based,0.9740
recognition ic,0.9704
neighbor,0.9701
transform,0.9777
neural,0.9757
specific nl,0.9735
task sentiment,0.9726
essentially,0.9736
model maximal,0.9708
cal optimization,0.9761
problem,0.9702
task consideration,0.9705
cid,0.9704
data han,0.9713
definition,0.9750
survey metal,0.9717
task leopard,0.9711
novelty,0.9727
transfer,0.9737
task figure,0.9725
tri,0.9720
similarity,0.9746
contrast,0.9753
interface,0.9765
instead strict siam,0.9718
standard,0.9735
particularly,0.9703
network weight,0.9747
consideration,0.9731
type,0.9749
problem essentially,0.9735
metadata di,0.9707
treating,0.9706
process newly,0.9716
category,0.9753
opt need,0.9738
survey meta,0.9702
derived,0.9719
algorithm despite,0.9702
task accompanied,0.9707
multiple,0.9713
split,0.9712
tended,0.9730
type john,0.9728
weighted,0.9760
ample ic,0.9701
analysis,0.9723
tended system developed,0.9705
input,0.9716
generation bert,0.9736
compare,0.9728
detection han,0.9720
recognition ic deep,0.9704
weight,0.9702
problem cat,0.9702
algorithm nic,0.9747
proposed learning,0.9701
vary,0.9752
using,0.9718
inference,0.9787
embedded spoken,0.9721
induction,0.9796
gel,0.9727
opt efficiency,0.9733
separation,0.9750
requires,0.9727
specification,0.9710
framework,0.9755
core,0.9722
initial,0.9701
diverse,0.9721
compared,0.9725
embedded,0.9767
differs sg,0.9723
approach,0.9710
significantly,0.9725
natural,0.9713
realistic bench,0.9738
validation,0.9739
process,0.9719
data trained,0.9718
task significantly,0.9713
focus,0.9740
deep neural,0.9743
sentiment,0.9714
contrast rep,0.9742
classification label,0.9704
task trained,0.9702
rus,0.9704
framed,0.9700
task cola,0.9701
classification model,0.9715
data cl mainly,0.9710
model expected,0.9751
workshop,0.9720
generation,0.9730
claimed,0.9710
task,0.9732
investigating,0.9700
si multiple,0.9717
especially application,0.9734
descent,0.9731
proto,0.9722
treated,0.9708
multi,0.9774
flow,0.9768
essentially addition,0.9710
batch,0.9702
application,0.9766
res learning,0.9726
milestone,0.9728
prediction,0.9808
task ata,0.9703
system,0.9714
specific,0.9773
testing,0.9763
class intent,0.9715
useful,0.9749
model meta,0.9711
task learning,0.9801
performance learning,0.9715
efficient learning,0.9704
metric learning,0.9741
domain learning,0.9812
meta learning,1.0000
multi learning,0.9757
data learning,0.9768
transfer learning,0.9757
network learning,0.9773
